1,-1,617.49,74.06,41.50,57.91,0.5922,-1,-1,-1
1,-1,691.51,419.67,75.68,139.05,0.5786,-1,-1,-1
1,-1,714.58,80.77,51.55,55.50,0.5406,-1,-1,-1
1,-1,766.86,79.46,48.24,57.25,0.5058,-1,-1,-1
1,0,440.26,267.62,117.08,170.19,0.9419,-1,-1,-1
1,1,974.06,388.81,77.45,217.01,0.8981,-1,-1,-1
1,2,668.94,272.61,89.67,154.04,0.8668,-1,-1,-1
1,3,1167.05,564.36,62.90,155.45,0.8636,-1,-1,-1
1,4,634.14,430.85,96.32,197.95,0.8027,-1,-1,-1
1,5,996.07,290.65,56.19,171.35,0.7959,-1,-1,-1
1,6,584.69,368.71,59.88,181.23,0.7943,-1,-1,-1
1,-1,69.20,94.38,74.23,168.61,0.6649,-1,-1,-1
1,-1,621.33,271.49,74.39,180.56,0.6198,-1,-1,-1
2,0,434.33,269.20,124.38,168.46,0.9453,-1,-1,-1
2,1,976.71,388.32,76.64,217.01,0.8967,-1,-1,-1
2,2,665.31,272.40,94.93,152.59,0.8240,-1,-1,-1
2,3,1167.94,563.71,62.58,156.10,0.8681,-1,-1,-1
2,4,636.62,414.70,100.81,212.90,0.8118,-1,-1,-1
2,5,996.04,291.05,57.68,171.37,0.8175,-1,-1,-1
2,6,589.20,371.72,56.51,179.04,0.8136,-1,-1,-1
2,-1,619.10,73.97,41.58,57.61,0.5900,-1,-1,-1
2,-1,624.40,277.07,65.93,156.34,0.5192,-1,-1,-1
2,-1,768.42,79.05,49.18,58.05,0.5168,-1,-1,-1
2,-1,714.86,80.65,52.14,55.43,0.5051,-1,-1,-1
2,-1,72.22,94.89,75.08,167.75,0.6854,-1,-1,-1
2,-1,699.89,416.60,77.42,141.62,0.6360,-1,-1,-1
3,0,431.14,270.21,128.94,167.34,0.9441,-1,-1,-1
3,1,979.85,388.82,74.76,216.84,0.8919,-1,-1,-1
3,3,1168.25,563.47,62.65,156.32,0.8665,-1,-1,-1
3,4,638.62,429.92,104.86,196.29,0.7753,-1,-1,-1
3,5,996.46,291.49,58.58,168.44,0.7942,-1,-1,-1
3,6,592.81,372.91,53.85,182.02,0.8181,-1,-1,-1
3,2,664.65,272.67,95.85,150.80,0.5883,-1,-1,-1
3,-1,608.85,277.39,84.63,171.21,0.5898,-1,-1,-1
3,-1,653.19,272.45,108.41,153.88,0.5775,-1,-1,-1
3,-1,620.37,74.41,42.14,57.84,0.5699,-1,-1,-1
3,-1,769.78,79.62,48.68,58.03,0.5524,-1,-1,-1
3,-1,702.27,413.50,87.11,152.61,0.8147,-1,-1,-1
3,-1,70.78,96.29,78.88,165.93,0.7187,-1,-1,-1
4,0,431.47,271.06,131.38,166.66,0.9454,-1,-1,-1
4,1,982.76,390.51,72.90,216.87,0.8960,-1,-1,-1
4,2,663.77,273.02,95.09,139.93,0.8575,-1,-1,-1
4,3,1168.38,563.02,63.00,156.77,0.8709,-1,-1,-1
4,4,640.00,435.89,109.85,190.65,0.8255,-1,-1,-1
4,5,997.42,292.15,58.68,141.32,0.7972,-1,-1,-1
4,6,596.17,372.72,54.44,184.37,0.7790,-1,-1,-1
4,-1,771.99,80.23,47.90,57.96,0.5463,-1,-1,-1
4,7,707.53,409.36,92.96,159.71,0.8115,-1,-1,-1
4,8,74.98,96.55,75.41,165.27,0.6748,-1,-1,-1
4,-1,628.69,296.34,64.48,167.57,0.6751,-1,-1,-1
4,-1,622.40,75.24,41.52,56.79,0.6037,-1,-1,-1
5,0,433.26,271.48,130.90,166.22,0.9446,-1,-1,-1
5,1,985.27,393.13,71.26,215.06,0.8905,-1,-1,-1
5,2,664.87,273.27,98.11,144.08,0.8587,-1,-1,-1
5,3,1168.01,562.73,63.61,157.18,0.8681,-1,-1,-1
5,4,640.60,438.56,115.51,187.11,0.8005,-1,-1,-1
5,5,998.56,292.02,58.92,171.10,0.8123,-1,-1,-1
5,6,598.33,373.45,58.56,184.46,0.7495,-1,-1,-1
5,7,713.54,404.43,98.16,160.27,0.8177,-1,-1,-1
5,8,80.00,97.70,71.88,164.79,0.6354,-1,-1,-1
5,-1,623.89,75.65,42.08,57.23,0.5977,-1,-1,-1
5,-1,576.91,277.32,91.35,93.80,0.5836,-1,-1,-1
5,-1,772.67,80.72,48.46,57.99,0.5100,-1,-1,-1
5,-1,621.47,305.38,74.96,162.10,0.6964,-1,-1,-1
6,0,436.71,270.00,128.28,166.20,0.9460,-1,-1,-1
6,1,989.36,397.76,69.17,208.06,0.8762,-1,-1,-1
6,2,671.28,274.65,100.86,154.87,0.8723,-1,-1,-1
6,3,1166.74,561.29,64.48,158.57,0.8644,-1,-1,-1
6,4,643.90,438.16,117.49,185.18,0.8598,-1,-1,-1
6,5,1002.18,291.89,56.63,169.67,0.7920,-1,-1,-1
6,6,603.11,370.82,53.90,188.99,0.7091,-1,-1,-1
6,7,741.92,398.63,106.44,164.77,0.8414,-1,-1,-1
6,8,87.99,96.83,72.62,165.00,0.7112,-1,-1,-1
6,-1,626.68,75.76,43.16,57.67,0.5982,-1,-1,-1
6,-1,776.61,80.57,48.03,58.09,0.5363,-1,-1,-1
6,-1,645.34,329.45,55.02,195.90,0.7040,-1,-1,-1
6,-1,589.79,274.38,84.97,126.65,0.6207,-1,-1,-1
7,0,438.31,269.55,120.58,165.20,0.9413,-1,-1,-1
7,1,990.03,398.90,70.46,205.84,0.8904,-1,-1,-1
7,2,672.10,275.32,103.15,156.45,0.8876,-1,-1,-1
7,3,1166.16,560.16,64.97,159.75,0.8530,-1,-1,-1
7,4,645.37,436.95,118.32,185.27,0.8703,-1,-1,-1
7,5,1004.06,291.89,55.68,164.47,0.8070,-1,-1,-1
7,6,603.61,354.74,58.61,203.39,0.7219,-1,-1,-1
7,7,750.52,397.43,113.46,167.55,0.7828,-1,-1,-1
7,8,90.01,96.76,72.95,164.61,0.7050,-1,-1,-1
7,-1,628.80,75.52,43.06,57.18,0.5638,-1,-1,-1
7,9,646.72,339.32,55.71,196.75,0.6859,-1,-1,-1
7,-1,593.29,272.71,85.99,139.07,0.7522,-1,-1,-1
8,0,435.79,267.56,115.52,166.38,0.9301,-1,-1,-1
8,1,991.24,398.15,70.94,205.35,0.8909,-1,-1,-1
8,2,676.33,275.94,102.58,157.80,0.8780,-1,-1,-1
8,3,1165.73,559.30,65.49,160.61,0.8609,-1,-1,-1
8,4,647.57,435.83,117.86,184.50,0.8172,-1,-1,-1
8,5,1007.54,291.38,52.83,161.80,0.7894,-1,-1,-1
8,6,602.72,361.02,60.67,196.57,0.6899,-1,-1,-1
8,7,757.41,397.75,116.81,167.10,0.7414,-1,-1,-1
8,8,94.02,97.61,69.34,162.95,0.6663,-1,-1,-1
8,9,649.23,339.25,51.41,196.52,0.5931,-1,-1,-1
8,-1,630.80,75.77,42.24,55.96,0.5550,-1,-1,-1
8,10,607.73,272.34,76.21,105.71,0.6102,-1,-1,-1
9,0,433.55,266.57,109.51,166.16,0.9361,-1,-1,-1
9,1,991.92,395.94,72.55,206.19,0.8868,-1,-1,-1
9,2,676.73,276.34,102.71,159.32,0.8869,-1,-1,-1
9,3,1164.72,558.59,66.79,161.31,0.8430,-1,-1,-1
9,4,650.87,428.38,122.05,191.14,0.8769,-1,-1,-1
9,5,1009.91,291.65,51.97,153.55,0.7538,-1,-1,-1
9,6,594.05,369.52,70.72,186.96,0.6974,-1,-1,-1
9,7,783.03,398.97,95.37,165.73,0.8511,-1,-1,-1
9,8,97.63,97.91,67.94,162.21,0.6397,-1,-1,-1
9,10,606.71,271.53,82.65,115.92,0.8050,-1,-1,-1
9,9,654.48,356.53,51.58,177.06,0.5742,-1,-1,-1
9,-1,633.60,75.79,40.67,55.46,0.5333,-1,-1,-1
10,0,432.58,265.03,99.77,166.56,0.9356,-1,-1,-1
10,1,992.76,394.01,73.98,206.96,0.8876,-1,-1,-1
10,2,684.84,276.07,94.03,159.51,0.8750,-1,-1,-1
10,3,1164.33,558.44,66.67,161.45,0.8430,-1,-1,-1
10,4,659.61,425.53,123.34,193.51,0.8756,-1,-1,-1
10,5,1012.66,291.75,49.91,149.91,0.7560,-1,-1,-1
10,6,589.28,365.16,94.99,187.47,0.6777,-1,-1,-1
10,7,796.71,398.48,85.21,165.70,0.8440,-1,-1,-1
10,8,102.81,97.71,71.16,161.40,0.6916,-1,-1,-1
10,10,610.27,271.31,83.67,118.30,0.8351,-1,-1,-1
10,-1,635.40,76.07,40.76,56.04,0.5589,-1,-1,-1
11,0,430.92,263.55,94.17,166.23,0.9378,-1,-1,-1
11,1,993.93,389.72,79.07,208.24,0.8528,-1,-1,-1
11,2,701.72,274.01,85.41,160.45,0.8737,-1,-1,-1
11,3,1150.53,558.29,79.88,162.11,0.8166,-1,-1,-1
11,4,689.71,419.83,110.00,195.42,0.8676,-1,-1,-1
11,5,1016.86,292.30,48.84,138.96,0.7328,-1,-1,-1
11,6,604.93,365.45,66.78,186.67,0.7326,-1,-1,-1
11,7,826.59,394.02,73.22,173.43,0.8579,-1,-1,-1
11,8,109.83,98.67,69.89,159.38,0.7035,-1,-1,-1
11,10,617.62,272.26,89.74,120.49,0.8439,-1,-1,-1
11,9,661.12,360.21,53.00,169.37,0.6575,-1,-1,-1
11,-1,638.50,76.49,41.12,56.50,0.5567,-1,-1,-1
12,0,431.25,263.52,92.04,164.33,0.9363,-1,-1,-1
12,1,995.60,388.39,80.57,207.68,0.8589,-1,-1,-1
12,2,707.58,272.69,87.34,152.30,0.8751,-1,-1,-1
12,3,1151.46,557.96,78.52,162.24,0.7941,-1,-1,-1
12,4,705.53,414.69,106.69,197.22,0.7926,-1,-1,-1
12,5,1016.80,292.10,49.24,134.22,0.7248,-1,-1,-1
12,6,608.88,364.29,62.58,186.49,0.7739,-1,-1,-1
12,7,837.42,390.03,72.08,175.50,0.8395,-1,-1,-1
12,8,115.28,98.31,71.10,158.10,0.7105,-1,-1,-1
12,9,662.36,356.52,59.69,171.37,0.7475,-1,-1,-1
12,10,622.22,272.91,94.00,121.75,0.8407,-1,-1,-1
12,-1,641.43,76.36,40.71,55.42,0.5645,-1,-1,-1
13,0,431.40,265.19,89.92,161.63,0.9354,-1,-1,-1
13,1,996.12,388.15,83.53,206.53,0.8454,-1,-1,-1
13,2,713.98,270.43,89.61,162.83,0.8851,-1,-1,-1
13,3,1160.15,557.86,69.20,162.11,0.7939,-1,-1,-1
13,4,724.07,409.99,94.12,198.75,0.7964,-1,-1,-1
13,5,1017.64,292.10,48.60,133.64,0.6837,-1,-1,-1
13,6,614.54,366.36,58.61,183.13,0.7650,-1,-1,-1
13,7,846.66,386.70,71.60,178.50,0.8456,-1,-1,-1
13,8,119.47,99.52,70.33,157.52,0.6863,-1,-1,-1
13,9,661.51,351.23,65.11,175.03,0.7377,-1,-1,-1
13,10,627.86,273.52,95.74,110.92,0.8235,-1,-1,-1
13,-1,643.10,76.18,41.60,56.58,0.5823,-1,-1,-1
13,-1,-0.60,344.68,53.95,124.10,0.5021,-1,-1,-1
14,0,431.13,267.42,87.89,162.61,0.9310,-1,-1,-1
14,1,998.55,388.71,83.53,204.74,0.8495,-1,-1,-1
14,2,723.53,268.17,87.73,161.67,0.8525,-1,-1,-1
14,3,1161.71,557.76,68.25,162.30,0.7923,-1,-1,-1
14,4,742.43,406.53,81.25,200.46,0.8426,-1,-1,-1
14,5,1019.76,292.29,46.77,123.08,0.7309,-1,-1,-1
14,6,615.39,365.17,62.24,182.03,0.7849,-1,-1,-1
14,7,857.56,385.19,71.86,179.96,0.8489,-1,-1,-1
14,8,124.53,101.16,68.99,154.63,0.6644,-1,-1,-1
14,9,664.72,345.43,67.70,178.89,0.8049,-1,-1,-1
14,10,633.65,273.92,97.70,117.08,0.8006,-1,-1,-1
14,-1,-0.21,344.69,58.21,132.24,0.5875,-1,-1,-1
14,-1,644.59,76.16,41.17,56.26,0.5544,-1,-1,-1
15,0,430.01,269.97,85.02,164.78,0.9319,-1,-1,-1
15,1,999.53,384.46,84.05,208.82,0.8426,-1,-1,-1
15,2,728.64,264.81,91.29,164.18,0.8645,-1,-1,-1
15,3,1163.85,557.72,66.34,162.23,0.8144,-1,-1,-1
15,4,754.07,403.77,74.78,200.57,0.8391,-1,-1,-1
15,5,1018.12,292.22,48.24,124.85,0.7179,-1,-1,-1
15,6,617.65,365.30,60.22,183.06,0.7693,-1,-1,-1
15,7,866.46,385.15,75.75,177.81,0.8471,-1,-1,-1
15,8,126.93,101.03,68.75,153.98,0.6420,-1,-1,-1
15,9,668.94,340.04,66.67,183.12,0.8048,-1,-1,-1
15,10,642.10,273.78,95.87,119.68,0.7947,-1,-1,-1
15,-1,-0.18,345.74,62.97,135.25,0.5637,-1,-1,-1
15,-1,646.51,76.38,40.85,56.58,0.5511,-1,-1,-1
16,0,410.96,276.31,95.17,166.04,0.9210,-1,-1,-1
16,1,999.37,387.84,92.69,203.27,0.8366,-1,-1,-1
16,2,738.13,257.32,96.34,169.07,0.8646,-1,-1,-1
16,3,1161.25,557.46,70.46,162.41,0.8378,-1,-1,-1
16,4,771.95,401.00,71.16,198.39,0.7399,-1,-1,-1
16,5,1014.32,292.34,52.57,166.45,0.7300,-1,-1,-1
16,6,618.68,357.74,63.53,188.61,0.7983,-1,-1,-1
16,7,884.60,388.31,84.12,174.73,0.8101,-1,-1,-1
16,8,134.32,101.08,71.73,152.98,0.7086,-1,-1,-1
16,9,675.25,329.72,69.27,190.37,0.8204,-1,-1,-1
16,10,658.59,272.14,87.07,86.37,0.6142,-1,-1,-1
16,-1,649.61,76.45,40.21,55.40,0.5335,-1,-1,-1
16,-1,3.50,349.43,71.42,145.53,0.7938,-1,-1,-1
17,0,404.71,279.30,96.83,164.68,0.9243,-1,-1,-1
17,1,999.27,386.97,98.35,201.90,0.8690,-1,-1,-1
17,2,752.10,252.83,88.99,171.45,0.8775,-1,-1,-1
17,3,1158.52,557.21,73.76,162.70,0.8324,-1,-1,-1
17,4,779.39,401.03,67.88,195.78,0.8118,-1,-1,-1
17,5,1014.49,292.26,52.64,164.93,0.7896,-1,-1,-1
17,6,618.25,362.80,64.39,183.04,0.7934,-1,-1,-1
17,7,892.62,391.42,87.69,173.73,0.8313,-1,-1,-1
17,8,139.46,103.37,70.82,149.72,0.6462,-1,-1,-1
17,9,678.35,326.44,70.08,189.50,0.8364,-1,-1,-1
17,10,666.69,270.20,80.62,83.79,0.7015,-1,-1,-1
17,-1,651.23,76.28,39.36,55.04,0.5166,-1,-1,-1
17,11,14.40,351.74,70.79,142.28,0.7803,-1,-1,-1
18,0,405.27,282.59,93.01,163.27,0.9226,-1,-1,-1
18,1,999.20,385.89,101.15,201.71,0.8672,-1,-1,-1
18,2,767.75,249.34,79.32,174.30,0.8442,-1,-1,-1
18,3,1157.02,556.93,77.05,162.71,0.8279,-1,-1,-1
18,4,788.44,402.61,66.12,193.57,0.7726,-1,-1,-1
18,5,1013.28,292.44,54.26,162.82,0.8099,-1,-1,-1
18,6,619.01,362.46,63.99,181.51,0.7837,-1,-1,-1
18,7,901.26,394.76,90.20,171.64,0.8255,-1,-1,-1
18,8,143.24,103.77,71.65,149.14,0.6548,-1,-1,-1
18,9,680.25,324.60,73.80,188.15,0.8459,-1,-1,-1
18,10,673.36,267.12,75.92,79.96,0.7516,-1,-1,-1
18,11,21.70,352.92,72.87,139.19,0.8441,-1,-1,-1
18,-1,652.22,76.50,39.88,54.04,0.5176,-1,-1,-1
19,0,407.87,285.43,88.66,158.86,0.9105,-1,-1,-1
19,1,999.45,383.64,102.51,201.93,0.8562,-1,-1,-1
19,2,777.99,247.85,75.54,173.07,0.8615,-1,-1,-1
19,3,1157.23,556.74,79.91,163.01,0.8136,-1,-1,-1
19,4,790.89,404.32,84.52,191.49,0.8192,-1,-1,-1
19,5,1011.70,292.40,56.33,160.73,0.8272,-1,-1,-1
19,6,620.03,360.07,64.98,182.18,0.7388,-1,-1,-1
19,7,909.56,396.43,90.51,171.35,0.8563,-1,-1,-1
19,8,147.13,103.95,74.46,149.36,0.6134,-1,-1,-1
19,9,683.26,322.55,74.67,187.02,0.8483,-1,-1,-1
19,10,680.23,263.42,70.85,85.51,0.6804,-1,-1,-1
19,11,35.78,353.03,66.99,137.10,0.7717,-1,-1,-1
19,-1,640.18,310.18,60.35,165.40,0.5786,-1,-1,-1
19,-1,654.03,76.40,39.44,54.78,0.5217,-1,-1,-1
20,0,410.51,287.56,85.39,155.26,0.9079,-1,-1,-1
20,1,1001.96,380.76,99.90,202.14,0.8746,-1,-1,-1
20,2,789.51,245.59,71.11,174.66,0.8514,-1,-1,-1
20,3,1158.54,556.60,81.67,163.05,0.8298,-1,-1,-1
20,4,792.96,404.91,81.91,188.34,0.8199,-1,-1,-1
20,5,1009.92,292.25,58.72,163.10,0.8281,-1,-1,-1
20,6,622.90,358.61,60.10,181.97,0.7611,-1,-1,-1
20,7,917.31,397.59,90.99,171.75,0.8112,-1,-1,-1
20,9,686.13,322.08,76.19,185.95,0.8450,-1,-1,-1
20,10,686.47,259.09,65.22,105.29,0.7279,-1,-1,-1
20,11,43.43,352.16,69.19,135.83,0.7152,-1,-1,-1
20,8,150.01,104.48,75.35,149.78,0.5946,-1,-1,-1
20,-1,655.11,76.28,39.78,54.51,0.5526,-1,-1,-1
20,-1,641.23,308.32,61.66,160.60,0.6871,-1,-1,-1
21,0,416.47,289.02,82.50,150.09,0.9141,-1,-1,-1
21,1,1008.62,374.34,105.28,201.34,0.8669,-1,-1,-1
21,2,805.73,245.59,65.43,179.00,0.8685,-1,-1,-1
21,3,1160.53,555.68,88.46,164.12,0.8303,-1,-1,-1
21,4,795.92,402.51,90.46,182.05,0.8447,-1,-1,-1
21,5,1008.27,291.67,60.77,168.97,0.8219,-1,-1,-1
21,6,619.43,356.83,67.30,179.67,0.7409,-1,-1,-1
21,7,920.57,395.89,97.56,170.76,0.8351,-1,-1,-1
21,8,158.88,105.79,76.29,146.18,0.6293,-1,-1,-1
21,9,697.24,321.69,76.93,189.03,0.8383,-1,-1,-1
21,10,697.79,252.20,60.77,144.52,0.6463,-1,-1,-1
21,11,51.88,350.45,81.55,147.07,0.8350,-1,-1,-1
21,-1,659.62,76.02,39.83,53.17,0.5838,-1,-1,-1
21,-1,634.39,307.11,82.40,185.95,0.6550,-1,-1,-1
22,0,419.17,289.09,81.77,148.28,0.9221,-1,-1,-1
22,1,1020.28,369.65,99.65,204.01,0.8665,-1,-1,-1
22,2,811.71,247.32,63.79,178.25,0.8822,-1,-1,-1
22,3,1162.27,554.60,91.95,165.02,0.8375,-1,-1,-1
22,4,797.39,400.36,103.11,179.10,0.8515,-1,-1,-1
22,5,1007.49,291.77,61.38,171.46,0.8653,-1,-1,-1
22,6,619.93,356.11,66.83,177.71,0.7816,-1,-1,-1
22,7,924.42,395.29,98.12,169.42,0.8375,-1,-1,-1
22,8,162.32,104.65,77.83,144.81,0.6177,-1,-1,-1
22,9,695.06,325.61,86.21,184.26,0.8298,-1,-1,-1
22,10,704.88,249.71,58.25,113.90,0.6595,-1,-1,-1
22,11,53.73,350.24,91.63,156.96,0.8600,-1,-1,-1
22,-1,661.56,75.81,39.01,52.71,0.5479,-1,-1,-1
22,-1,637.40,309.24,81.00,161.92,0.6758,-1,-1,-1
23,0,421.62,289.05,82.13,146.66,0.9321,-1,-1,-1
23,1,1035.40,365.58,90.61,205.10,0.8576,-1,-1,-1
23,2,816.92,249.82,62.66,176.63,0.8659,-1,-1,-1
23,3,1156.15,553.11,104.67,166.79,0.8207,-1,-1,-1
23,4,801.88,398.58,111.90,174.94,0.8318,-1,-1,-1
23,5,1007.34,291.71,61.02,169.89,0.8564,-1,-1,-1
23,6,619.51,352.41,70.37,179.82,0.6913,-1,-1,-1
23,7,933.92,394.17,89.91,168.85,0.7966,-1,-1,-1
23,8,167.03,102.14,77.76,147.17,0.6013,-1,-1,-1
23,9,697.38,330.02,94.74,179.61,0.8239,-1,-1,-1
23,10,712.98,247.31,56.84,111.13,0.6518,-1,-1,-1
23,11,60.01,350.49,95.64,163.15,0.8641,-1,-1,-1
23,-1,663.11,75.71,39.35,53.36,0.5512,-1,-1,-1
23,-1,639.91,311.50,84.56,188.81,0.5374,-1,-1,-1
24,0,424.57,288.33,82.77,145.56,0.9325,-1,-1,-1
24,1,1048.90,360.62,85.61,206.34,0.8180,-1,-1,-1
24,2,822.99,252.83,60.32,175.99,0.8880,-1,-1,-1
24,3,1159.48,551.35,109.51,168.73,0.8210,-1,-1,-1
24,4,808.52,398.40,113.06,171.88,0.8463,-1,-1,-1
24,5,1007.93,291.95,59.94,167.60,0.8232,-1,-1,-1
24,6,622.37,351.28,98.64,179.35,0.7767,-1,-1,-1
24,7,948.39,392.33,84.01,168.21,0.8026,-1,-1,-1
24,8,170.21,103.35,78.47,144.74,0.6237,-1,-1,-1
24,9,702.15,331.28,95.48,179.02,0.7906,-1,-1,-1
24,11,69.80,351.28,94.53,163.85,0.8537,-1,-1,-1
24,10,717.41,247.12,59.36,126.70,0.5218,-1,-1,-1
25,0,426.45,287.41,85.15,145.00,0.9271,-1,-1,-1
25,1,1040.20,355.63,101.38,207.69,0.8439,-1,-1,-1
25,2,827.49,255.50,61.56,173.00,0.8420,-1,-1,-1
25,3,1155.73,549.06,120.79,171.15,0.8232,-1,-1,-1
25,4,816.78,398.05,107.79,170.30,0.8337,-1,-1,-1
25,5,1011.45,292.57,55.22,165.89,0.7855,-1,-1,-1
25,6,622.82,352.28,99.02,176.19,0.7335,-1,-1,-1
25,7,960.95,389.57,74.58,168.52,0.7503,-1,-1,-1
25,8,175.52,103.18,76.26,144.58,0.6429,-1,-1,-1
25,9,714.16,333.46,85.46,175.46,0.7720,-1,-1,-1
25,10,727.19,247.09,57.39,108.60,0.6451,-1,-1,-1
25,11,80.01,352.76,96.81,166.55,0.8691,-1,-1,-1
25,-1,665.44,314.76,61.31,99.35,0.5342,-1,-1,-1
26,0,430.11,285.28,91.11,144.30,0.9341,-1,-1,-1
26,1,1065.40,348.57,89.13,206.57,0.8997,-1,-1,-1
26,2,833.58,258.99,78.85,162.71,0.8329,-1,-1,-1
26,3,1153.99,545.65,125.14,174.18,0.8177,-1,-1,-1
26,4,837.98,398.39,103.02,164.69,0.8720,-1,-1,-1
26,5,1005.32,293.28,56.52,125.09,0.6717,-1,-1,-1
26,6,625.85,350.19,69.30,173.87,0.8064,-1,-1,-1
26,7,983.85,384.01,73.42,169.28,0.8526,-1,-1,-1
26,8,193.86,101.37,68.70,146.12,0.6606,-1,-1,-1
26,9,702.83,335.11,102.37,175.05,0.8152,-1,-1,-1
26,10,736.76,250.84,59.79,104.47,0.6652,-1,-1,-1
26,11,107.26,356.82,89.58,166.98,0.8990,-1,-1,-1
26,-1,678.88,309.86,74.44,139.28,0.6663,-1,-1,-1
27,0,431.91,283.47,96.29,143.71,0.9377,-1,-1,-1
27,1,1071.37,345.61,86.07,204.19,0.9192,-1,-1,-1
27,2,835.21,258.66,86.96,154.32,0.8659,-1,-1,-1
27,3,1153.13,543.39,126.29,176.70,0.8379,-1,-1,-1
27,4,852.85,397.49,95.71,162.16,0.8480,-1,-1,-1
27,5,989.81,293.24,69.22,171.79,0.8038,-1,-1,-1
27,6,628.20,347.97,66.53,172.75,0.8070,-1,-1,-1
27,7,988.69,383.02,73.66,171.25,0.8383,-1,-1,-1
27,8,205.47,98.69,63.97,160.28,0.6787,-1,-1,-1
27,9,708.69,333.44,95.32,173.83,0.8012,-1,-1,-1
27,10,745.16,252.51,56.77,102.13,0.6520,-1,-1,-1
27,11,129.93,356.45,78.35,164.27,0.8725,-1,-1,-1
27,-1,686.71,305.73,69.93,148.28,0.7230,-1,-1,-1
28,0,432.45,280.57,102.87,144.41,0.9351,-1,-1,-1
28,1,1078.19,343.86,80.39,203.25,0.9177,-1,-1,-1
28,2,837.65,257.59,92.39,150.84,0.8767,-1,-1,-1
28,3,1174.58,541.24,104.67,178.23,0.8486,-1,-1,-1
28,4,867.07,395.40,90.27,160.87,0.8516,-1,-1,-1
28,5,988.27,292.52,66.49,170.19,0.8491,-1,-1,-1
28,6,634.18,345.48,61.46,172.06,0.7685,-1,-1,-1
28,7,997.91,383.39,69.13,171.80,0.8221,-1,-1,-1
28,8,209.97,98.76,64.64,158.16,0.6490,-1,-1,-1
28,9,708.44,330.21,101.61,172.48,0.8056,-1,-1,-1
28,10,748.50,253.24,63.54,104.14,0.6365,-1,-1,-1
28,11,146.48,354.19,70.95,163.68,0.8839,-1,-1,-1
28,12,688.91,301.82,77.82,150.39,0.6586,-1,-1,-1
29,0,432.93,277.16,110.73,145.31,0.9367,-1,-1,-1
29,1,1084.56,342.35,75.20,201.91,0.9125,-1,-1,-1
29,2,836.99,256.06,98.63,149.91,0.8573,-1,-1,-1
29,3,1182.46,538.90,96.83,179.68,0.8024,-1,-1,-1
29,4,881.06,392.33,83.51,160.04,0.8334,-1,-1,-1
29,5,985.36,291.72,66.37,168.83,0.8824,-1,-1,-1
29,6,640.02,343.76,55.14,169.48,0.8197,-1,-1,-1
29,7,1005.38,382.34,67.54,173.55,0.8383,-1,-1,-1
29,9,713.14,325.91,103.29,173.13,0.7921,-1,-1,-1
29,10,752.21,252.26,70.31,106.46,0.6177,-1,-1,-1
29,11,161.05,351.71,64.33,162.24,0.8711,-1,-1,-1
29,12,690.08,296.86,80.60,152.58,0.7155,-1,-1,-1
29,8,223.31,96.47,63.31,146.26,0.5509,-1,-1,-1
30,0,433.59,273.11,117.45,146.79,0.9391,-1,-1,-1
30,1,1090.93,342.04,69.80,199.47,0.9113,-1,-1,-1
30,2,836.35,255.71,106.29,152.50,0.8923,-1,-1,-1
30,3,1205.26,535.74,74.38,178.36,0.6848,-1,-1,-1
30,4,882.37,387.45,89.25,161.49,0.8339,-1,-1,-1
30,5,982.79,290.34,66.56,168.30,0.8874,-1,-1,-1
30,6,639.43,341.16,56.82,169.20,0.8367,-1,-1,-1
30,7,1011.23,383.20,65.75,172.01,0.8405,-1,-1,-1
30,9,720.29,319.39,98.55,175.96,0.8091,-1,-1,-1
30,11,170.36,348.54,64.36,162.14,0.8732,-1,-1,-1
30,12,696.04,290.23,78.53,155.50,0.7534,-1,-1,-1
30,8,232.72,97.33,54.42,141.28,0.5692,-1,-1,-1
30,10,757.72,250.56,72.80,104.10,0.5959,-1,-1,-1
31,0,437.17,264.92,131.38,148.61,0.9088,-1,-1,-1
31,1,1102.04,342.30,70.95,193.50,0.8955,-1,-1,-1
31,2,845.28,257.28,99.40,144.25,0.8913,-1,-1,-1
31,3,1201.29,526.01,78.56,178.95,0.7024,-1,-1,-1
31,4,883.81,380.22,100.79,160.79,0.8716,-1,-1,-1
31,5,980.28,288.70,65.05,161.91,0.8839,-1,-1,-1
31,6,638.35,335.64,56.88,167.10,0.8513,-1,-1,-1
31,7,1013.18,385.20,77.63,170.26,0.8550,-1,-1,-1
31,8,240.96,97.07,51.71,139.16,0.6110,-1,-1,-1
31,9,758.16,307.42,65.98,180.15,0.8157,-1,-1,-1
31,11,174.84,343.54,78.66,167.72,0.9026,-1,-1,-1
31,12,681.35,276.38,107.13,162.30,0.7425,-1,-1,-1
31,10,761.52,244.76,74.07,96.18,0.5447,-1,-1,-1
32,0,446.09,260.86,129.05,150.11,0.9312,-1,-1,-1
32,1,1099.71,341.94,83.20,190.49,0.8780,-1,-1,-1
32,2,855.85,257.77,85.24,140.95,0.8997,-1,-1,-1
32,3,1199.26,520.68,80.59,177.89,0.6663,-1,-1,-1
32,4,886.72,376.96,100.57,161.04,0.8415,-1,-1,-1
32,5,976.63,287.94,68.14,156.34,0.8791,-1,-1,-1
32,6,637.72,332.54,56.80,166.61,0.8649,-1,-1,-1
32,7,1009.46,388.21,93.97,165.69,0.8657,-1,-1,-1
32,8,242.44,94.61,58.55,139.78,0.6867,-1,-1,-1
32,9,766.01,302.42,63.74,181.38,0.7945,-1,-1,-1
32,11,178.46,342.97,81.87,170.14,0.8971,-1,-1,-1
32,12,692.64,271.12,102.10,163.73,0.7874,-1,-1,-1
32,10,784.99,241.84,51.69,87.74,0.5545,-1,-1,-1
32,-1,664.22,65.50,36.93,53.01,0.5064,-1,-1,-1
33,0,455.66,256.51,123.97,151.36,0.9312,-1,-1,-1
33,1,1100.26,339.79,89.26,188.20,0.8752,-1,-1,-1
33,2,864.84,258.27,74.31,137.70,0.8855,-1,-1,-1
33,4,890.76,375.71,102.55,159.54,0.8358,-1,-1,-1
33,5,972.04,287.11,73.10,154.25,0.9052,-1,-1,-1
33,6,635.21,330.07,59.67,166.21,0.8853,-1,-1,-1
33,7,1007.37,388.72,108.72,162.13,0.8758,-1,-1,-1
33,8,243.56,94.84,71.02,136.09,0.7135,-1,-1,-1
33,9,773.41,297.27,61.33,183.63,0.7828,-1,-1,-1
33,11,179.00,342.89,89.03,171.27,0.9041,-1,-1,-1
33,12,707.02,266.13,93.43,164.33,0.8027,-1,-1,-1
33,3,1198.17,516.72,82.18,175.68,0.5742,-1,-1,-1
33,10,787.13,239.49,55.04,84.71,0.5350,-1,-1,-1
33,-1,663.48,64.69,36.57,52.31,0.5648,-1,-1,-1
34,0,467.60,252.09,115.55,153.73,0.9351,-1,-1,-1
34,1,1105.22,336.53,89.32,189.03,0.9032,-1,-1,-1
34,2,876.69,258.30,62.55,135.14,0.8912,-1,-1,-1
34,4,897.26,374.46,103.06,160.27,0.8445,-1,-1,-1
34,5,968.20,287.37,76.65,155.43,0.9193,-1,-1,-1
34,6,631.82,327.70,61.34,165.22,0.8886,-1,-1,-1
34,7,1005.31,389.31,117.78,160.18,0.8808,-1,-1,-1
34,8,243.84,99.24,81.31,128.21,0.7653,-1,-1,-1
34,9,772.53,288.80,67.83,186.36,0.7693,-1,-1,-1
34,11,177.75,337.44,98.62,178.78,0.9110,-1,-1,-1
34,12,720.52,263.17,89.84,163.76,0.8183,-1,-1,-1
34,3,1204.27,529.08,75.93,159.90,0.5251,-1,-1,-1
34,-1,661.82,63.17,36.92,52.00,0.5629,-1,-1,-1
35,0,476.89,247.58,109.13,157.32,0.9314,-1,-1,-1
35,1,1106.97,332.27,86.97,189.32,0.8817,-1,-1,-1
35,2,886.36,257.21,53.51,132.94,0.8928,-1,-1,-1
35,4,903.93,389.48,98.43,143.77,0.7524,-1,-1,-1
35,5,964.23,287.94,80.23,157.57,0.9002,-1,-1,-1
35,6,628.69,325.22,61.00,164.71,0.8864,-1,-1,-1
35,7,1005.06,389.19,119.23,159.90,0.8456,-1,-1,-1
35,8,242.89,97.22,89.59,129.47,0.7131,-1,-1,-1
35,9,781.88,287.41,64.73,184.70,0.7030,-1,-1,-1
35,11,179.20,331.59,103.63,187.90,0.9148,-1,-1,-1
35,12,734.09,260.49,78.20,165.31,0.7244,-1,-1,-1
35,-1,659.92,61.41,37.21,51.03,0.5480,-1,-1,-1
36,0,493.84,240.25,96.69,157.76,0.9071,-1,-1,-1
36,1,1114.96,323.56,72.53,174.84,0.7741,-1,-1,-1
36,2,894.77,252.98,47.18,145.53,0.8813,-1,-1,-1
36,4,926.20,376.37,96.20,150.81,0.7895,-1,-1,-1
36,5,958.85,286.98,83.58,151.41,0.8353,-1,-1,-1
36,6,623.42,320.02,60.66,164.01,0.8769,-1,-1,-1
36,7,1014.46,389.07,132.20,154.85,0.8106,-1,-1,-1
36,8,245.19,96.26,94.49,126.45,0.7347,-1,-1,-1
36,9,796.14,292.57,61.91,180.94,0.6970,-1,-1,-1
36,11,193.06,322.74,97.76,191.32,0.9291,-1,-1,-1
36,12,752.26,259.33,71.98,165.71,0.7317,-1,-1,-1
36,-1,821.27,226.41,45.58,88.87,0.5989,-1,-1,-1
36,-1,655.87,58.41,36.67,49.65,0.5363,-1,-1,-1
37,0,503.58,237.97,88.98,156.28,0.8896,-1,-1,-1
37,1,1119.22,318.43,68.03,178.70,0.7510,-1,-1,-1
37,2,895.50,251.24,47.81,151.37,0.8596,-1,-1,-1
37,4,939.31,375.64,85.37,148.83,0.7084,-1,-1,-1
37,5,956.64,285.99,84.89,144.41,0.8796,-1,-1,-1
37,6,623.88,317.78,56.27,163.79,0.8481,-1,-1,-1
37,7,1027.54,388.75,125.25,152.44,0.8211,-1,-1,-1
37,8,249.78,94.31,89.05,127.64,0.7151,-1,-1,-1
37,9,800.43,293.39,75.43,179.69,0.7993,-1,-1,-1
37,11,201.75,317.62,87.35,193.75,0.9105,-1,-1,-1
37,12,761.28,260.32,68.46,164.41,0.8251,-1,-1,-1
37,-1,826.03,221.95,47.73,88.82,0.5723,-1,-1,-1
37,-1,653.38,56.33,37.06,50.55,0.5241,-1,-1,-1
38,0,508.90,236.47,84.92,164.48,0.9030,-1,-1,-1
38,1,1123.36,312.72,70.11,186.64,0.7850,-1,-1,-1
38,2,896.86,249.94,48.50,155.94,0.8540,-1,-1,-1
38,4,950.99,372.55,72.80,149.06,0.6791,-1,-1,-1
38,5,954.10,283.30,85.48,144.01,0.8825,-1,-1,-1
38,6,625.55,315.57,51.30,163.40,0.8602,-1,-1,-1
38,7,1042.43,386.08,113.49,152.60,0.8127,-1,-1,-1
38,8,250.81,89.65,85.72,129.87,0.6682,-1,-1,-1
38,9,801.77,290.93,84.14,178.99,0.7865,-1,-1,-1
38,11,212.53,314.06,74.42,194.33,0.9042,-1,-1,-1
38,12,764.90,263.06,72.15,161.74,0.8252,-1,-1,-1
38,10,830.65,216.87,48.83,101.31,0.6094,-1,-1,-1
38,-1,651.29,54.39,36.43,50.18,0.5322,-1,-1,-1
39,0,514.07,235.92,81.00,165.82,0.9138,-1,-1,-1
39,1,1132.46,305.66,65.51,183.54,0.7662,-1,-1,-1
39,2,898.40,249.63,50.55,158.47,0.8590,-1,-1,-1
39,4,949.63,367.11,85.98,151.57,0.7262,-1,-1,-1
39,5,951.03,281.04,86.78,143.42,0.8978,-1,-1,-1
39,6,623.82,312.97,48.71,163.00,0.8699,-1,-1,-1
39,7,1060.07,382.80,104.60,153.29,0.7285,-1,-1,-1
39,9,800.50,283.30,94.66,185.14,0.7216,-1,-1,-1
39,11,223.35,311.64,62.11,195.21,0.8708,-1,-1,-1
39,12,762.52,266.48,76.89,155.79,0.7574,-1,-1,-1
39,8,253.96,63.00,81.55,154.38,0.5862,-1,-1,-1
39,10,833.23,212.66,51.46,107.74,0.5281,-1,-1,-1
39,-1,647.69,51.77,37.22,51.16,0.5470,-1,-1,-1
40,0,517.22,236.57,77.63,163.44,0.9164,-1,-1,-1
40,1,1132.38,300.08,68.60,189.86,0.6495,-1,-1,-1
40,2,901.13,250.04,50.00,158.50,0.8933,-1,-1,-1
40,4,948.35,364.80,109.62,158.35,0.7922,-1,-1,-1
40,5,949.51,279.01,86.62,140.36,0.8939,-1,-1,-1
40,6,619.20,310.71,48.76,162.68,0.8656,-1,-1,-1
40,9,799.02,291.81,103.54,173.55,0.8600,-1,-1,-1
40,10,830.85,208.83,61.15,88.69,0.6502,-1,-1,-1
40,11,227.14,310.78,58.50,198.90,0.8741,-1,-1,-1
40,12,758.52,267.67,93.70,152.53,0.7318,-1,-1,-1
40,7,1074.15,299.30,121.38,234.21,0.5839,-1,-1,-1
40,8,258.66,57.17,76.83,157.86,0.5724,-1,-1,-1
40,-1,644.94,49.33,37.29,49.91,0.5842,-1,-1,-1
41,0,514.28,241.18,77.34,155.44,0.9244,-1,-1,-1
41,1,1145.49,289.65,61.90,183.87,0.6715,-1,-1,-1
41,2,897.83,250.91,54.77,154.39,0.8754,-1,-1,-1
41,4,951.63,359.98,117.32,166.25,0.8877,-1,-1,-1
41,5,954.20,276.31,82.19,154.32,0.8434,-1,-1,-1
41,6,606.81,306.25,52.44,159.38,0.8433,-1,-1,-1
41,7,1079.36,370.00,110.94,168.17,0.7640,-1,-1,-1
41,8,278.25,81.64,68.80,128.01,0.6323,-1,-1,-1
41,9,791.41,286.75,116.09,173.82,0.8796,-1,-1,-1
41,11,224.46,314.25,61.09,193.68,0.8806,-1,-1,-1
41,12,754.02,265.40,104.72,150.32,0.7260,-1,-1,-1
41,10,844.18,204.96,58.89,86.97,0.5246,-1,-1,-1
41,-1,639.37,44.60,36.42,49.12,0.5377,-1,-1,-1
42,0,512.34,243.52,83.15,151.09,0.8923,-1,-1,-1
42,1,1147.55,285.73,63.28,172.86,0.6330,-1,-1,-1
42,2,896.12,250.14,58.40,153.17,0.8886,-1,-1,-1
42,4,955.64,358.26,118.00,168.73,0.8973,-1,-1,-1
42,5,953.00,275.62,82.89,157.34,0.8723,-1,-1,-1
42,6,601.47,303.43,52.18,160.31,0.8398,-1,-1,-1
42,7,1083.34,367.21,117.74,172.06,0.8317,-1,-1,-1
42,8,291.91,75.04,56.54,132.32,0.6236,-1,-1,-1
42,9,810.69,285.08,94.99,171.27,0.7987,-1,-1,-1
42,11,223.14,318.96,64.13,187.88,0.8671,-1,-1,-1
42,12,754.88,262.29,112.96,149.67,0.7451,-1,-1,-1
42,10,853.76,203.37,55.30,87.09,0.5036,-1,-1,-1
42,-1,636.12,42.76,37.25,50.08,0.5069,-1,-1,-1
43,0,509.02,244.44,92.46,147.32,0.9074,-1,-1,-1
43,2,894.76,248.86,60.28,152.02,0.8857,-1,-1,-1
43,4,961.94,358.19,114.26,168.35,0.8960,-1,-1,-1
43,5,960.78,275.03,73.87,158.06,0.8543,-1,-1,-1
43,6,599.17,301.50,51.02,159.40,0.8415,-1,-1,-1
43,7,1088.10,362.52,119.32,176.01,0.8248,-1,-1,-1
43,9,796.53,278.85,106.32,172.97,0.8442,-1,-1,-1
43,10,865.67,202.15,49.23,103.56,0.6220,-1,-1,-1
43,11,224.39,325.83,66.15,180.29,0.8343,-1,-1,-1
43,12,757.70,257.91,115.07,148.90,0.8119,-1,-1,-1
43,1,1150.42,282.22,61.79,184.22,0.5671,-1,-1,-1
43,8,293.55,77.26,53.25,127.99,0.5564,-1,-1,-1
43,-1,633.35,39.18,35.80,53.35,0.5478,-1,-1,-1
44,0,507.61,243.82,93.63,145.51,0.8998,-1,-1,-1
44,1,1153.17,279.64,60.04,183.33,0.6020,-1,-1,-1
44,2,901.57,246.45,54.61,151.24,0.8483,-1,-1,-1
44,4,970.74,358.88,109.21,166.91,0.8932,-1,-1,-1
44,5,970.08,273.88,63.68,156.71,0.8709,-1,-1,-1
44,6,595.33,299.27,51.09,157.84,0.8218,-1,-1,-1
44,7,1092.79,362.51,124.18,173.99,0.8002,-1,-1,-1
44,9,808.11,259.68,94.86,191.50,0.8329,-1,-1,-1
44,11,229.25,333.72,68.69,173.08,0.8067,-1,-1,-1
44,12,762.74,254.56,118.14,141.79,0.7238,-1,-1,-1
44,8,290.51,77.90,55.34,125.19,0.5909,-1,-1,-1
44,-1,629.75,36.97,36.67,51.41,0.6191,-1,-1,-1
45,0,507.59,242.66,96.01,144.52,0.8462,-1,-1,-1
45,2,905.19,245.33,51.74,151.25,0.8464,-1,-1,-1
45,4,980.66,359.24,104.50,163.58,0.8675,-1,-1,-1
45,5,967.57,271.59,65.51,156.69,0.8912,-1,-1,-1
45,6,587.55,297.19,55.82,157.41,0.8665,-1,-1,-1
45,7,1098.16,360.66,125.04,175.39,0.7109,-1,-1,-1
45,8,287.01,68.84,65.50,131.58,0.6719,-1,-1,-1
45,9,821.33,253.42,86.72,194.28,0.8604,-1,-1,-1
45,11,242.27,335.03,62.37,175.39,0.7775,-1,-1,-1
45,1,1155.83,278.29,57.96,137.98,0.5717,-1,-1,-1
45,12,771.72,200.58,152.80,187.19,0.5847,-1,-1,-1
45,-1,754.96,38.17,41.39,50.74,0.5027,-1,-1,-1
45,-1,626.90,34.54,35.73,50.43,0.6409,-1,-1,-1
46,1,1160.67,276.71,56.45,156.00,0.7893,-1,-1,-1
46,2,907.93,245.36,49.69,155.04,0.8422,-1,-1,-1
46,4,1012.03,358.08,87.16,160.01,0.8773,-1,-1,-1
46,5,960.83,262.28,75.38,160.98,0.8991,-1,-1,-1
46,6,572.88,291.71,62.58,157.79,0.8249,-1,-1,-1
46,7,1120.19,360.90,118.40,171.86,0.8419,-1,-1,-1
46,8,281.64,68.07,81.44,128.82,0.6207,-1,-1,-1
46,9,849.79,247.66,66.73,193.17,0.8352,-1,-1,-1
46,11,246.59,341.79,60.05,167.37,0.8990,-1,-1,-1
46,-1,619.48,30.13,36.20,50.63,0.5997,-1,-1,-1
46,-1,547.09,239.76,65.23,101.75,0.5399,-1,-1,-1
46,-1,888.78,193.30,50.39,60.83,0.5326,-1,-1,-1
47,1,1156.00,275.23,62.74,178.53,0.7673,-1,-1,-1
47,2,906.69,247.49,52.83,158.65,0.8417,-1,-1,-1
47,4,1018.53,353.83,93.21,161.43,0.8942,-1,-1,-1
47,5,957.42,256.33,84.68,164.03,0.9259,-1,-1,-1
47,6,563.21,289.51,68.53,156.70,0.8858,-1,-1,-1
47,7,1170.12,361.65,77.73,169.18,0.6948,-1,-1,-1
47,8,278.37,67.70,92.47,126.90,0.6779,-1,-1,-1
47,9,856.59,240.67,66.26,195.79,0.7847,-1,-1,-1
47,11,246.97,342.14,65.42,164.47,0.8865,-1,-1,-1
47,-1,839.46,190.30,115.96,197.82,0.5344,-1,-1,-1
47,-1,515.27,237.88,99.95,137.53,0.5316,-1,-1,-1
47,-1,615.41,27.71,36.62,53.19,0.6138,-1,-1,-1
48,1,1152.03,273.41,67.35,180.15,0.8450,-1,-1,-1
48,2,901.61,246.64,63.17,162.24,0.8583,-1,-1,-1
48,4,1015.02,348.74,104.69,163.81,0.9107,-1,-1,-1
48,5,960.29,251.48,86.57,161.43,0.9177,-1,-1,-1
48,6,554.77,236.08,73.97,209.40,0.8500,-1,-1,-1
48,7,1155.28,362.72,102.12,165.18,0.7742,-1,-1,-1
48,8,278.20,67.55,90.02,125.16,0.6801,-1,-1,-1
48,9,855.91,248.15,62.08,185.27,0.8211,-1,-1,-1
48,11,246.23,341.26,68.06,163.33,0.8931,-1,-1,-1
48,-1,611.69,25.43,35.82,50.50,0.6511,-1,-1,-1
49,1,1147.75,270.92,74.05,180.15,0.8429,-1,-1,-1
49,2,898.97,250.71,73.27,162.13,0.8349,-1,-1,-1
49,4,1013.34,344.17,115.09,165.74,0.9046,-1,-1,-1
49,5,968.78,247.86,82.13,158.08,0.9162,-1,-1,-1
49,6,537.61,287.67,87.36,154.11,0.8150,-1,-1,-1
49,7,1169.87,357.62,97.64,167.33,0.6877,-1,-1,-1
49,8,281.53,63.47,89.58,127.28,0.6637,-1,-1,-1
49,9,859.42,246.07,60.06,185.19,0.8018,-1,-1,-1
49,11,244.87,338.96,62.64,163.19,0.8614,-1,-1,-1
49,-1,607.22,23.55,36.86,50.17,0.5933,-1,-1,-1
49,-1,905.65,181.45,56.23,92.50,0.5754,-1,-1,-1
49,-1,578.93,234.30,47.75,84.40,0.5095,-1,-1,-1
50,1,1142.98,267.75,81.28,183.88,0.8561,-1,-1,-1
50,2,898.13,248.82,68.50,164.43,0.7399,-1,-1,-1
50,4,1013.92,340.40,120.25,166.63,0.9198,-1,-1,-1
50,5,976.68,245.32,77.59,157.76,0.9240,-1,-1,-1
50,6,546.26,286.01,73.27,154.83,0.8753,-1,-1,-1
50,7,1167.78,354.36,111.20,168.53,0.8535,-1,-1,-1
50,8,285.56,65.11,88.09,123.36,0.6605,-1,-1,-1
50,9,860.80,244.33,60.10,183.40,0.7059,-1,-1,-1
50,11,244.09,335.67,65.81,165.08,0.8816,-1,-1,-1
50,0,583.88,231.92,49.45,101.36,0.6882,-1,-1,-1
50,10,917.03,180.15,52.52,126.40,0.6433,-1,-1,-1
50,-1,603.28,21.84,36.90,51.18,0.5521,-1,-1,-1
51,0,587.09,225.82,62.95,128.12,0.7764,-1,-1,-1
51,1,1138.00,262.19,93.40,180.70,0.8041,-1,-1,-1
51,2,904.00,247.86,53.01,160.54,0.6062,-1,-1,-1
51,4,1019.68,335.71,124.97,164.20,0.8899,-1,-1,-1
51,5,985.43,240.38,74.51,156.64,0.9196,-1,-1,-1
51,6,537.42,284.70,74.13,153.02,0.8319,-1,-1,-1
51,7,1170.69,344.55,108.60,175.28,0.8523,-1,-1,-1
51,9,842.05,245.37,91.63,180.99,0.7430,-1,-1,-1
51,10,934.99,179.38,41.11,127.92,0.6029,-1,-1,-1
51,11,240.39,327.62,59.80,169.04,0.8570,-1,-1,-1
51,8,320.66,64.38,61.94,121.21,0.5931,-1,-1,-1
51,-1,594.48,19.35,36.66,50.57,0.5676,-1,-1,-1
52,0,585.39,222.69,71.06,163.22,0.7655,-1,-1,-1
52,1,1139.46,258.82,100.56,180.52,0.8191,-1,-1,-1
52,4,1024.47,334.61,140.44,165.30,0.8873,-1,-1,-1
52,5,984.77,237.00,76.89,158.17,0.9106,-1,-1,-1
52,6,528.90,283.71,79.18,152.08,0.8357,-1,-1,-1
52,7,1174.81,341.32,105.52,177.63,0.7711,-1,-1,-1
52,8,319.83,61.42,66.38,122.71,0.6498,-1,-1,-1
52,9,851.60,246.34,93.10,179.27,0.7646,-1,-1,-1
52,11,237.80,323.90,59.75,171.44,0.8954,-1,-1,-1
52,2,916.84,217.77,51.99,187.89,0.5278,-1,-1,-1
52,-1,589.66,18.61,36.94,48.91,0.5573,-1,-1,-1
53,0,571.45,220.49,90.66,159.32,0.8398,-1,-1,-1
53,1,1148.69,255.35,88.60,179.67,0.8144,-1,-1,-1
53,4,1030.85,335.37,135.47,163.34,0.8823,-1,-1,-1
53,5,981.20,233.83,80.16,160.16,0.9108,-1,-1,-1
53,6,524.95,283.01,78.42,149.86,0.8502,-1,-1,-1
53,7,1181.58,335.91,98.71,172.89,0.7120,-1,-1,-1
53,8,317.54,55.02,67.84,128.62,0.6905,-1,-1,-1
53,9,855.65,245.21,95.30,181.83,0.8725,-1,-1,-1
53,11,234.83,321.72,58.72,172.17,0.8886,-1,-1,-1
53,2,920.04,217.84,52.26,130.37,0.5305,-1,-1,-1
53,-1,585.39,18.21,36.93,49.84,0.5581,-1,-1,-1
54,0,565.91,218.82,100.61,160.92,0.8758,-1,-1,-1
54,1,1164.56,250.79,68.50,175.40,0.7523,-1,-1,-1
54,4,1040.24,335.92,127.88,160.84,0.8558,-1,-1,-1
54,5,977.42,230.16,83.34,161.33,0.9179,-1,-1,-1
54,6,520.39,282.01,74.48,148.39,0.8724,-1,-1,-1
54,8,312.80,53.33,74.22,128.78,0.7119,-1,-1,-1
54,9,867.43,243.41,91.83,184.24,0.8915,-1,-1,-1
54,11,231.91,320.39,58.90,171.78,0.9070,-1,-1,-1
54,7,1190.18,363.37,89.62,132.04,0.5896,-1,-1,-1
54,-1,580.27,16.80,37.37,49.72,0.5926,-1,-1,-1
55,0,566.30,218.38,104.82,161.16,0.8877,-1,-1,-1
55,1,1160.16,247.00,74.19,181.63,0.8155,-1,-1,-1
55,4,1054.40,335.09,110.10,161.12,0.8312,-1,-1,-1
55,5,973.78,226.78,86.69,160.98,0.9152,-1,-1,-1
55,6,514.54,281.44,73.41,146.76,0.8504,-1,-1,-1
55,8,316.19,52.86,73.97,129.32,0.6141,-1,-1,-1
55,9,874.09,244.00,92.66,183.04,0.8582,-1,-1,-1
55,11,229.34,319.99,57.84,171.02,0.9104,-1,-1,-1
55,7,1201.27,367.96,78.28,119.99,0.5126,-1,-1,-1
55,-1,575.26,16.45,37.58,48.84,0.5855,-1,-1,-1
56,0,573.19,220.49,103.87,160.57,0.9041,-1,-1,-1
56,1,1176.42,239.55,60.22,182.88,0.7960,-1,-1,-1
56,4,1088.41,330.46,91.84,163.05,0.7565,-1,-1,-1
56,5,977.32,221.23,83.35,154.34,0.8948,-1,-1,-1
56,6,499.95,280.27,64.89,147.10,0.8819,-1,-1,-1
56,9,865.35,249.69,108.21,174.43,0.8773,-1,-1,-1
56,11,224.01,322.06,56.47,167.79,0.9190,-1,-1,-1
56,-1,566.88,16.09,35.58,49.41,0.5674,-1,-1,-1
56,-1,932.99,207.83,66.51,124.30,0.5298,-1,-1,-1
56,-1,867.36,245.74,60.03,163.17,0.6843,-1,-1,-1
57,0,580.53,222.75,100.28,157.87,0.9249,-1,-1,-1
57,1,1171.52,237.61,65.50,180.30,0.7984,-1,-1,-1
57,4,1093.04,327.21,88.26,164.74,0.7788,-1,-1,-1
57,5,982.66,219.54,80.16,149.07,0.8911,-1,-1,-1
57,6,492.40,279.65,60.98,148.34,0.8659,-1,-1,-1
57,9,861.95,237.07,109.38,187.61,0.8671,-1,-1,-1
57,11,220.42,324.54,56.90,165.94,0.9006,-1,-1,-1
57,-1,562.26,16.04,36.03,48.72,0.5631,-1,-1,-1
57,-1,942.01,159.56,78.19,164.43,0.5107,-1,-1,-1
57,-1,863.12,247.82,60.56,161.71,0.7478,-1,-1,-1
58,0,590.83,224.98,90.92,155.72,0.9056,-1,-1,-1
58,1,1171.11,236.61,70.78,180.11,0.8432,-1,-1,-1
58,4,1089.95,323.98,102.89,166.40,0.7972,-1,-1,-1
58,5,992.71,218.08,71.87,143.72,0.9092,-1,-1,-1
58,6,486.71,279.38,53.08,148.42,0.8289,-1,-1,-1
58,9,858.14,249.38,108.81,175.76,0.8752,-1,-1,-1
58,11,214.70,327.13,59.38,163.71,0.8693,-1,-1,-1
58,2,945.80,208.30,62.00,137.03,0.6121,-1,-1,-1
58,-1,364.22,53.03,42.12,127.69,0.5657,-1,-1,-1
58,-1,973.71,174.73,52.29,137.32,0.5285,-1,-1,-1
58,-1,557.72,16.44,36.49,48.89,0.5174,-1,-1,-1
58,13,857.26,250.48,61.00,162.34,0.7878,-1,-1,-1
59,0,603.86,226.61,76.63,153.77,0.8739,-1,-1,-1
59,1,1168.23,236.78,82.00,176.56,0.8303,-1,-1,-1
59,4,1089.34,320.92,110.30,169.39,0.8012,-1,-1,-1
59,5,1003.10,218.02,63.13,139.10,0.8703,-1,-1,-1
59,6,480.85,278.68,47.79,149.28,0.8223,-1,-1,-1
59,9,862.23,215.02,148.26,211.75,0.7684,-1,-1,-1
59,11,211.12,328.43,58.85,162.30,0.8568,-1,-1,-1
59,13,853.36,252.54,59.80,162.55,0.8536,-1,-1,-1
59,8,364.95,52.14,42.70,129.43,0.6442,-1,-1,-1
59,2,955.83,176.48,76.83,171.44,0.5122,-1,-1,-1
59,-1,553.43,16.51,35.21,48.53,0.5400,-1,-1,-1
60,0,619.26,227.00,62.15,153.40,0.8886,-1,-1,-1
60,1,1165.37,237.19,91.48,173.72,0.8220,-1,-1,-1
60,4,1091.67,319.37,111.81,170.95,0.7432,-1,-1,-1
60,5,1003.28,217.45,65.88,138.60,0.8545,-1,-1,-1
60,6,473.04,278.56,47.67,148.85,0.8235,-1,-1,-1
60,8,370.33,46.66,46.07,134.67,0.6304,-1,-1,-1
60,9,884.50,247.07,73.57,178.15,0.8329,-1,-1,-1
60,11,210.34,328.44,56.94,162.29,0.8716,-1,-1,-1
60,13,844.73,254.43,67.83,161.98,0.9015,-1,-1,-1
60,2,951.14,205.18,74.24,146.64,0.5675,-1,-1,-1
60,-1,548.36,16.81,36.18,48.70,0.5574,-1,-1,-1
61,0,619.86,224.71,77.29,154.67,0.8739,-1,-1,-1
61,1,1159.42,240.00,108.77,163.17,0.6871,-1,-1,-1
61,2,966.33,207.67,73.73,147.73,0.7350,-1,-1,-1
61,4,1097.98,316.43,168.74,173.85,0.8389,-1,-1,-1
61,5,993.54,213.37,81.01,143.34,0.8270,-1,-1,-1
61,6,457.76,279.42,53.98,148.42,0.8432,-1,-1,-1
61,8,366.28,53.64,55.59,129.30,0.7174,-1,-1,-1
61,9,890.61,242.13,73.13,179.45,0.8901,-1,-1,-1
61,11,204.64,325.09,56.27,164.82,0.8662,-1,-1,-1
61,13,829.91,256.32,85.38,159.65,0.9298,-1,-1,-1
61,-1,539.89,18.67,35.76,48.04,0.5312,-1,-1,-1
62,0,618.34,222.67,85.36,158.52,0.9097,-1,-1,-1
62,1,1156.94,241.84,115.97,159.35,0.7127,-1,-1,-1
62,2,963.85,205.42,79.35,151.55,0.8083,-1,-1,-1
62,4,1104.53,318.07,160.02,172.91,0.7163,-1,-1,-1
62,5,996.45,209.68,84.86,140.63,0.8156,-1,-1,-1
62,6,448.40,280.35,59.23,147.64,0.7976,-1,-1,-1
62,9,903.04,239.43,65.82,181.19,0.9008,-1,-1,-1
62,11,200.50,323.34,57.31,166.03,0.8449,-1,-1,-1
62,13,826.13,257.30,87.53,157.98,0.9237,-1,-1,-1
62,8,361.09,52.77,64.65,131.02,0.5960,-1,-1,-1
62,-1,536.02,19.55,35.08,48.71,0.5449,-1,-1,-1
63,0,619.76,221.48,89.22,155.06,0.8665,-1,-1,-1
63,1,1156.03,242.45,117.46,158.92,0.6829,-1,-1,-1
63,2,961.38,201.57,91.25,153.17,0.8009,-1,-1,-1
63,5,996.44,207.25,92.70,140.57,0.7896,-1,-1,-1
63,6,428.35,280.85,75.69,146.44,0.8212,-1,-1,-1
63,9,912.12,237.49,59.72,181.48,0.8954,-1,-1,-1
63,11,197.30,322.26,56.84,166.33,0.8313,-1,-1,-1
63,13,824.19,258.04,86.50,157.74,0.9215,-1,-1,-1
63,4,1156.82,317.89,102.45,172.99,0.5992,-1,-1,-1
63,-1,531.83,20.01,35.31,49.98,0.5627,-1,-1,-1
64,0,621.73,222.12,92.37,153.79,0.8937,-1,-1,-1
64,2,959.23,208.24,102.35,146.19,0.7767,-1,-1,-1
64,5,1021.95,205.34,73.38,139.23,0.7313,-1,-1,-1
64,6,419.24,281.85,81.52,146.40,0.8791,-1,-1,-1
64,9,914.73,236.80,57.62,180.50,0.9054,-1,-1,-1
64,11,195.03,322.04,56.11,166.21,0.8483,-1,-1,-1
64,13,821.17,258.81,84.50,157.08,0.9318,-1,-1,-1
64,4,1133.88,242.00,136.21,248.92,0.5894,-1,-1,-1
64,-1,527.68,21.07,35.09,49.75,0.5355,-1,-1,-1
65,0,624.08,222.74,106.40,155.08,0.9240,-1,-1,-1
65,2,958.62,209.19,110.47,146.12,0.6741,-1,-1,-1
65,4,1148.23,325.43,119.79,164.90,0.7260,-1,-1,-1
65,5,1006.59,204.92,97.24,143.08,0.7706,-1,-1,-1
65,6,408.85,282.95,87.40,145.41,0.9033,-1,-1,-1
65,9,915.61,236.64,58.50,178.46,0.9092,-1,-1,-1
65,11,192.03,322.31,56.33,165.78,0.8749,-1,-1,-1
65,13,820.00,259.80,80.22,156.25,0.9356,-1,-1,-1
65,-1,523.58,22.54,35.45,51.01,0.5280,-1,-1,-1
65,-1,961.62,184.73,113.74,166.50,0.5143,-1,-1,-1
66,0,637.12,226.89,94.21,155.12,0.9138,-1,-1,-1
66,2,964.95,214.63,114.94,148.08,0.6637,-1,-1,-1
66,6,396.56,284.66,92.43,142.21,0.8327,-1,-1,-1
66,9,919.58,238.44,59.51,175.82,0.8846,-1,-1,-1
66,11,183.65,325.81,60.15,163.19,0.8707,-1,-1,-1
66,13,816.87,262.93,71.48,161.47,0.9275,-1,-1,-1
66,4,1169.17,319.86,94.25,169.26,0.5147,-1,-1,-1
66,5,1054.81,205.39,64.21,137.52,0.5240,-1,-1,-1
66,-1,516.03,24.21,35.01,48.81,0.5361,-1,-1,-1
67,0,674.86,229.09,55.65,152.87,0.8411,-1,-1,-1
67,4,1166.88,318.46,97.99,170.19,0.7093,-1,-1,-1
67,6,391.85,285.12,93.41,140.55,0.8290,-1,-1,-1
67,9,921.66,240.76,66.05,173.75,0.8964,-1,-1,-1
67,11,179.47,326.91,62.88,162.42,0.8784,-1,-1,-1
67,13,814.28,264.82,67.42,164.54,0.9202,-1,-1,-1
67,2,969.97,217.11,116.79,149.41,0.5790,-1,-1,-1
67,5,970.01,217.35,113.36,125.77,0.5132,-1,-1,-1
67,-1,1158.54,240.53,89.76,158.29,0.5376,-1,-1,-1
67,-1,512.45,25.19,35.16,48.06,0.5250,-1,-1,-1
67,-1,1159.08,240.58,88.98,111.01,0.5148,-1,-1,-1
68,0,670.56,230.23,65.06,151.86,0.8144,-1,-1,-1
68,4,1166.34,314.90,101.76,173.53,0.7398,-1,-1,-1
68,6,388.03,285.16,93.58,140.39,0.8152,-1,-1,-1
68,9,923.14,243.60,72.93,172.56,0.9045,-1,-1,-1
68,11,177.00,327.52,62.93,161.92,0.8875,-1,-1,-1
68,13,811.27,266.79,63.58,167.03,0.9133,-1,-1,-1
68,1,1157.16,237.62,90.43,161.08,0.7696,-1,-1,-1
69,0,675.80,230.62,70.04,151.34,0.8616,-1,-1,-1
69,1,1165.94,234.88,79.22,161.14,0.8413,-1,-1,-1
69,4,1167.66,312.31,101.12,174.22,0.8597,-1,-1,-1
69,6,384.99,285.20,89.99,140.72,0.8723,-1,-1,-1
69,9,924.13,245.51,80.86,170.82,0.9094,-1,-1,-1
69,11,175.67,326.89,62.53,161.85,0.8812,-1,-1,-1
69,13,807.92,269.45,61.29,166.48,0.9193,-1,-1,-1
69,-1,435.40,53.01,43.58,133.18,0.5484,-1,-1,-1
69,-1,991.77,222.16,103.97,145.35,0.5117,-1,-1,-1
70,0,689.72,229.43,63.57,152.60,0.8420,-1,-1,-1
70,1,1173.37,231.58,71.74,164.98,0.8562,-1,-1,-1
70,4,1170.29,309.55,107.47,170.40,0.8631,-1,-1,-1
70,6,381.55,284.97,86.04,140.75,0.8419,-1,-1,-1
70,9,923.39,247.55,86.90,168.54,0.9118,-1,-1,-1
70,11,172.31,325.81,64.71,162.47,0.8929,-1,-1,-1
70,13,804.46,272.13,61.91,163.24,0.9142,-1,-1,-1
70,-1,1064.74,193.00,77.29,131.07,0.5684,-1,-1,-1
70,-1,434.07,60.96,46.03,125.96,0.5684,-1,-1,-1
70,-1,502.59,27.88,35.28,49.45,0.5129,-1,-1,-1
71,0,689.23,226.33,74.89,159.46,0.8625,-1,-1,-1
71,1,1187.96,228.33,57.52,166.14,0.7900,-1,-1,-1
71,4,1184.51,308.56,95.81,165.14,0.6862,-1,-1,-1
71,6,373.16,284.06,73.75,142.07,0.8727,-1,-1,-1
71,9,916.26,248.87,101.73,167.59,0.9260,-1,-1,-1
71,11,168.06,324.01,68.04,161.38,0.9082,-1,-1,-1
71,13,797.94,276.25,60.19,158.88,0.9058,-1,-1,-1
71,2,1038.42,219.22,101.57,148.95,0.7513,-1,-1,-1
71,-1,431.45,61.87,62.02,125.45,0.5319,-1,-1,-1
72,0,690.01,225.84,87.51,160.04,0.8849,-1,-1,-1
72,1,1191.98,227.82,53.62,169.71,0.8205,-1,-1,-1
72,4,1234.66,308.88,45.00,165.77,0.6928,-1,-1,-1
72,6,367.63,283.75,66.22,142.26,0.8739,-1,-1,-1
72,9,912.66,248.77,103.13,166.47,0.9273,-1,-1,-1
72,11,166.08,323.91,70.57,157.85,0.9096,-1,-1,-1
72,13,795.29,277.37,59.73,157.77,0.9058,-1,-1,-1
72,2,1040.24,218.48,92.54,148.04,0.5770,-1,-1,-1
73,0,692.12,226.37,95.69,158.11,0.9206,-1,-1,-1
73,1,1192.52,228.22,53.04,168.26,0.8231,-1,-1,-1
73,2,1044.84,245.97,96.06,115.76,0.6056,-1,-1,-1
73,4,1240.29,309.57,39.66,164.22,0.6299,-1,-1,-1
73,6,359.82,283.74,59.67,141.27,0.8195,-1,-1,-1
73,9,912.41,248.59,101.65,164.65,0.9264,-1,-1,-1
73,11,163.83,324.18,74.31,155.43,0.9150,-1,-1,-1
73,13,793.40,279.01,59.88,155.79,0.9016,-1,-1,-1
73,-1,435.20,60.11,77.96,123.51,0.5049,-1,-1,-1
74,0,694.15,227.32,103.63,156.30,0.9295,-1,-1,-1
74,1,1188.77,229.69,61.57,169.29,0.8173,-1,-1,-1
74,2,1057.72,247.33,93.10,110.33,0.6904,-1,-1,-1
74,6,353.97,283.82,49.45,139.55,0.8193,-1,-1,-1
74,9,916.04,247.24,94.50,162.39,0.9208,-1,-1,-1
74,11,161.80,324.96,73.54,152.75,0.8942,-1,-1,-1
74,13,792.91,279.11,58.22,155.46,0.8894,-1,-1,-1
74,4,1234.83,308.80,45.26,164.42,0.5944,-1,-1,-1
74,-1,1094.96,194.97,58.79,86.69,0.6083,-1,-1,-1
75,0,701.25,229.25,102.81,155.61,0.9219,-1,-1,-1
75,1,1187.25,231.23,71.31,168.08,0.8508,-1,-1,-1
75,6,346.82,284.16,47.50,143.01,0.8427,-1,-1,-1
75,9,925.80,245.24,80.91,164.74,0.9085,-1,-1,-1
75,11,160.79,325.62,74.82,150.86,0.9187,-1,-1,-1
75,13,793.72,279.29,55.63,155.10,0.8748,-1,-1,-1
75,2,1049.60,231.52,112.87,125.49,0.5305,-1,-1,-1
75,-1,1100.56,194.02,54.88,89.23,0.5135,-1,-1,-1
76,0,719.46,235.24,82.41,151.66,0.8941,-1,-1,-1
76,1,1179.48,233.71,90.96,165.48,0.8688,-1,-1,-1
76,6,334.76,286.12,57.40,140.42,0.7975,-1,-1,-1
76,9,951.70,239.61,52.62,167.04,0.8765,-1,-1,-1
76,11,157.34,326.90,89.08,147.59,0.9262,-1,-1,-1
76,13,792.23,276.95,53.59,157.26,0.8117,-1,-1,-1
76,-1,498.62,62.47,41.33,129.27,0.6226,-1,-1,-1
77,0,733.07,236.69,69.64,150.45,0.8627,-1,-1,-1
77,1,1175.89,232.98,98.10,165.96,0.8707,-1,-1,-1
77,6,311.90,287.14,76.39,141.58,0.8374,-1,-1,-1
77,9,954.91,236.92,52.22,168.98,0.8796,-1,-1,-1
77,11,155.76,327.42,93.35,146.94,0.9186,-1,-1,-1
77,13,792.94,279.61,50.79,154.61,0.7978,-1,-1,-1
77,2,1117.90,220.70,73.54,141.10,0.6078,-1,-1,-1
77,5,1087.58,195.90,86.20,122.49,0.6132,-1,-1,-1
77,-1,507.17,66.12,35.96,125.84,0.5887,-1,-1,-1
78,0,745.93,237.28,60.69,149.67,0.8033,-1,-1,-1
78,1,1169.98,231.86,101.89,166.70,0.8625,-1,-1,-1
78,2,1128.19,222.67,71.53,139.18,0.6764,-1,-1,-1
78,5,1096.66,197.82,80.67,124.32,0.6812,-1,-1,-1
78,6,298.27,288.61,87.70,138.03,0.8636,-1,-1,-1
78,9,958.90,235.79,51.72,167.57,0.8774,-1,-1,-1
78,11,154.05,328.02,93.94,145.57,0.9206,-1,-1,-1
78,13,793.32,280.66,48.96,153.19,0.7928,-1,-1,-1
78,-1,512.46,66.72,37.28,125.88,0.5226,-1,-1,-1
79,0,762.09,236.50,50.06,150.22,0.7175,-1,-1,-1
79,1,1171.56,231.39,99.25,166.85,0.8414,-1,-1,-1
79,2,1148.17,223.74,57.61,137.96,0.6448,-1,-1,-1
79,5,1110.36,202.39,70.26,117.70,0.6268,-1,-1,-1
79,6,291.30,289.83,90.44,137.43,0.8733,-1,-1,-1
79,9,963.58,235.14,51.47,167.49,0.8648,-1,-1,-1
79,11,152.68,328.54,93.86,144.51,0.9179,-1,-1,-1
79,13,790.06,282.37,49.87,151.26,0.7725,-1,-1,-1
79,-1,507.77,70.28,50.81,122.48,0.5186,-1,-1,-1
80,1,1172.47,229.68,96.24,167.20,0.8446,-1,-1,-1
80,5,1117.05,203.04,71.76,154.13,0.6167,-1,-1,-1
80,6,286.12,291.04,90.84,137.02,0.9006,-1,-1,-1
80,9,968.80,234.90,53.66,161.98,0.8413,-1,-1,-1
80,11,151.74,328.29,92.27,143.98,0.9273,-1,-1,-1
80,13,767.95,281.32,69.96,152.84,0.7359,-1,-1,-1
80,2,1155.31,224.93,55.96,135.96,0.5532,-1,-1,-1
80,-1,506.16,71.03,55.27,122.63,0.5030,-1,-1,-1
81,1,1185.14,226.69,77.29,168.15,0.8382,-1,-1,-1
81,6,281.10,293.11,83.50,136.88,0.8264,-1,-1,-1
81,9,972.40,237.42,46.42,156.40,0.8092,-1,-1,-1
81,11,155.88,327.21,85.30,144.22,0.9049,-1,-1,-1
81,0,784.60,231.59,52.26,152.68,0.6335,-1,-1,-1
81,13,769.85,281.53,67.34,152.48,0.5937,-1,-1,-1
82,1,1193.32,224.75,70.54,169.78,0.8140,-1,-1,-1
82,6,277.12,293.63,76.53,136.03,0.8147,-1,-1,-1
82,9,972.30,240.34,80.12,153.89,0.7522,-1,-1,-1
82,11,161.34,326.48,79.03,144.33,0.8991,-1,-1,-1
82,13,769.49,282.06,62.33,151.73,0.7135,-1,-1,-1
82,0,791.33,231.25,55.98,149.74,0.5561,-1,-1,-1
82,-1,1147.80,222.38,72.81,139.58,0.5783,-1,-1,-1
82,-1,1119.53,211.59,77.12,121.74,0.5077,-1,-1,-1
83,0,796.34,231.87,69.23,147.49,0.8107,-1,-1,-1
83,1,1202.64,224.63,76.87,169.69,0.7048,-1,-1,-1
83,6,270.56,293.42,66.98,136.67,0.8110,-1,-1,-1
83,9,970.69,242.90,87.56,152.22,0.8602,-1,-1,-1
83,11,166.01,325.82,75.58,144.71,0.8850,-1,-1,-1
83,13,769.55,282.15,58.35,151.48,0.7606,-1,-1,-1
83,5,1147.03,218.98,74.19,142.46,0.6039,-1,-1,-1
84,0,800.67,233.02,72.79,147.30,0.8586,-1,-1,-1
84,1,1207.28,224.94,61.80,169.83,0.6550,-1,-1,-1
84,6,265.65,293.43,58.74,136.98,0.8641,-1,-1,-1
84,9,968.21,244.12,94.44,152.07,0.8601,-1,-1,-1
84,11,174.55,324.76,70.39,145.75,0.8768,-1,-1,-1
84,13,771.66,282.30,53.76,150.76,0.8314,-1,-1,-1
84,5,1152.24,218.87,62.53,138.26,0.5375,-1,-1,-1
84,-1,1128.36,212.52,74.82,115.92,0.5119,-1,-1,-1
85,0,807.20,235.14,66.74,149.96,0.8660,-1,-1,-1
85,1,1211.00,225.35,58.48,170.73,0.6974,-1,-1,-1
85,6,260.49,293.19,56.16,136.99,0.8789,-1,-1,-1
85,9,965.00,245.50,101.09,150.42,0.9040,-1,-1,-1
85,11,184.05,324.15,65.00,146.34,0.8489,-1,-1,-1
85,13,769.62,282.76,64.29,149.95,0.8108,-1,-1,-1
85,-1,452.19,44.90,38.43,47.12,0.5139,-1,-1,-1
86,0,819.12,236.89,56.12,148.42,0.8686,-1,-1,-1
86,1,1203.24,227.22,76.66,168.15,0.7496,-1,-1,-1
86,6,250.92,292.82,55.72,136.94,0.8585,-1,-1,-1
86,9,960.19,247.59,104.28,147.09,0.8768,-1,-1,-1
86,11,195.56,324.20,48.46,146.06,0.8331,-1,-1,-1
86,13,764.25,282.39,56.19,150.09,0.8334,-1,-1,-1
86,5,1150.62,207.57,69.73,141.20,0.6759,-1,-1,-1
87,0,819.41,237.03,61.47,148.31,0.8803,-1,-1,-1
87,1,1198.60,229.79,81.53,151.89,0.7843,-1,-1,-1
87,5,1162.65,206.75,65.13,143.66,0.7210,-1,-1,-1
87,6,244.79,292.86,56.48,136.63,0.8023,-1,-1,-1
87,9,964.03,247.64,98.97,146.59,0.9003,-1,-1,-1
87,11,196.09,324.00,52.07,146.47,0.7926,-1,-1,-1
87,13,761.65,282.27,53.56,150.64,0.8671,-1,-1,-1
88,0,833.34,235.62,51.41,148.71,0.8688,-1,-1,-1
88,1,1195.80,232.11,83.67,148.44,0.7388,-1,-1,-1
88,5,1171.88,206.53,56.51,143.93,0.6666,-1,-1,-1
88,6,233.55,293.57,62.99,136.78,0.8257,-1,-1,-1
88,9,965.61,247.02,93.38,146.81,0.9035,-1,-1,-1
88,11,197.92,324.27,58.24,145.94,0.7920,-1,-1,-1
88,13,759.20,282.81,54.06,149.20,0.8616,-1,-1,-1
89,0,833.90,234.18,54.32,148.97,0.8988,-1,-1,-1
89,1,1193.05,232.11,84.79,148.42,0.7409,-1,-1,-1
89,5,1175.20,206.95,52.27,146.70,0.6773,-1,-1,-1
89,6,236.77,294.76,55.45,135.41,0.7638,-1,-1,-1
89,9,970.24,245.48,85.57,148.66,0.8824,-1,-1,-1
89,11,196.85,324.62,69.93,145.76,0.8283,-1,-1,-1
89,13,756.78,283.08,54.51,149.27,0.8817,-1,-1,-1
90,0,831.63,232.50,61.72,150.48,0.9150,-1,-1,-1
90,1,1194.08,232.51,86.13,161.99,0.7158,-1,-1,-1
90,6,231.22,296.15,55.57,133.41,0.7286,-1,-1,-1
90,9,982.18,243.25,69.76,150.54,0.8570,-1,-1,-1
90,11,194.89,325.21,78.76,144.59,0.8423,-1,-1,-1
90,13,754.07,283.43,55.03,148.78,0.8895,-1,-1,-1
90,5,1180.48,209.03,46.68,146.92,0.5935,-1,-1,-1
91,0,831.15,231.70,85.30,150.71,0.9292,-1,-1,-1
91,1,1215.52,230.68,64.70,164.41,0.6747,-1,-1,-1
91,9,1000.44,238.84,50.67,154.54,0.8331,-1,-1,-1
91,11,191.70,323.22,86.22,146.04,0.8372,-1,-1,-1
91,13,748.45,283.92,56.75,147.93,0.8765,-1,-1,-1
91,5,1182.28,214.11,49.73,154.44,0.5865,-1,-1,-1
91,6,213.23,298.72,62.39,130.24,0.5669,-1,-1,-1
92,0,832.97,231.75,95.68,149.77,0.9226,-1,-1,-1
92,1,1214.13,230.05,66.19,164.56,0.7090,-1,-1,-1
92,5,1178.75,216.91,57.45,144.18,0.6724,-1,-1,-1
92,6,205.39,299.77,53.79,126.30,0.6095,-1,-1,-1
92,9,1004.88,238.17,46.97,155.19,0.8106,-1,-1,-1
92,11,191.41,323.20,86.43,146.10,0.8411,-1,-1,-1
92,13,744.84,284.47,58.39,146.90,0.8433,-1,-1,-1
92,-1,618.39,78.22,57.28,117.53,0.5448,-1,-1,-1
93,0,832.97,233.80,97.60,146.13,0.9130,-1,-1,-1
93,1,1236.53,230.91,43.93,162.99,0.6337,-1,-1,-1
93,5,1175.17,218.32,64.44,140.12,0.6976,-1,-1,-1
93,6,201.41,300.35,48.81,126.32,0.6519,-1,-1,-1
93,9,1006.61,238.74,45.53,154.83,0.8350,-1,-1,-1
93,11,192.63,320.81,85.07,147.85,0.8646,-1,-1,-1
93,13,741.42,284.70,59.42,146.32,0.8430,-1,-1,-1
94,0,834.69,236.09,97.15,143.57,0.9026,-1,-1,-1
94,1,1223.97,230.36,56.21,162.48,0.6855,-1,-1,-1
94,5,1171.39,218.54,74.56,142.32,0.7538,-1,-1,-1
94,6,196.95,300.76,46.04,126.37,0.6964,-1,-1,-1
94,9,1005.95,239.77,52.75,154.33,0.8745,-1,-1,-1
94,11,196.52,319.63,80.55,147.83,0.8296,-1,-1,-1
94,13,737.92,285.10,59.99,145.85,0.8316,-1,-1,-1
95,0,841.05,237.91,94.61,143.57,0.9133,-1,-1,-1
95,1,1216.13,227.37,63.94,165.23,0.7027,-1,-1,-1
95,5,1169.55,218.61,75.30,140.89,0.7350,-1,-1,-1
95,6,191.37,300.87,53.50,126.88,0.7578,-1,-1,-1
95,9,1003.26,241.01,61.92,152.73,0.8938,-1,-1,-1
95,11,203.28,318.18,75.90,144.92,0.7648,-1,-1,-1
95,13,734.82,285.62,59.86,144.85,0.8418,-1,-1,-1
95,-1,646.01,82.43,35.21,117.05,0.5060,-1,-1,-1
96,0,859.96,239.78,72.80,145.09,0.8809,-1,-1,-1
96,5,1172.27,220.54,75.80,139.23,0.6784,-1,-1,-1
96,6,178.35,301.60,61.98,136.56,0.8194,-1,-1,-1
96,9,998.53,242.39,75.11,150.71,0.8358,-1,-1,-1
96,11,216.02,315.28,62.95,144.96,0.7685,-1,-1,-1
96,13,727.03,287.37,61.27,142.67,0.8412,-1,-1,-1
96,1,1229.66,219.21,50.94,175.28,0.5989,-1,-1,-1
96,-1,1128.90,647.45,55.33,72.45,0.5007,-1,-1,-1
97,0,869.81,238.22,62.63,147.13,0.9030,-1,-1,-1
97,1,1233.59,222.66,46.59,173.15,0.6329,-1,-1,-1
97,5,1174.94,221.70,64.83,135.84,0.7206,-1,-1,-1
97,6,171.71,303.51,61.20,138.69,0.8299,-1,-1,-1
97,9,994.97,243.37,85.08,150.18,0.8454,-1,-1,-1
97,11,225.88,314.51,45.39,139.31,0.7132,-1,-1,-1
97,13,723.11,288.01,61.03,141.44,0.8641,-1,-1,-1
97,-1,1176.42,642.65,66.15,77.30,0.5126,-1,-1,-1
98,0,879.64,236.20,51.98,148.78,0.8690,-1,-1,-1
98,1,1234.99,226.71,44.83,170.54,0.6333,-1,-1,-1
98,5,1180.04,222.65,57.17,133.67,0.6982,-1,-1,-1
98,6,164.15,304.90,61.38,140.39,0.8536,-1,-1,-1
98,9,988.85,244.19,91.73,148.90,0.8767,-1,-1,-1
98,11,226.77,314.22,43.09,143.27,0.8043,-1,-1,-1
98,13,719.81,289.65,60.27,139.42,0.8762,-1,-1,-1
98,-1,1169.84,641.53,66.13,78.43,0.5261,-1,-1,-1
99,0,883.53,234.88,47.53,148.99,0.8528,-1,-1,-1
99,1,1224.57,230.74,55.44,167.38,0.6801,-1,-1,-1
99,5,1184.59,222.57,51.39,134.84,0.6560,-1,-1,-1
99,6,158.42,307.19,62.16,141.74,0.8980,-1,-1,-1
99,9,981.97,244.97,95.76,147.53,0.8929,-1,-1,-1
99,11,225.11,313.82,48.50,142.70,0.8365,-1,-1,-1
99,13,715.04,290.62,62.04,138.31,0.8979,-1,-1,-1
99,-1,1164.30,640.40,65.93,79.56,0.5041,-1,-1,-1
100,0,884.03,234.03,46.69,148.20,0.8399,-1,-1,-1
100,1,1236.80,232.43,42.38,166.44,0.6839,-1,-1,-1
100,5,1188.91,222.34,51.51,136.65,0.6242,-1,-1,-1
100,6,152.26,309.40,62.23,140.48,0.8980,-1,-1,-1
100,9,979.70,245.21,93.78,145.18,0.8905,-1,-1,-1
100,11,224.97,313.94,54.58,142.17,0.8771,-1,-1,-1
100,13,711.39,292.38,61.36,136.10,0.9000,-1,-1,-1
101,0,882.56,234.16,47.17,144.51,0.7788,-1,-1,-1
101,1,1229.27,235.68,50.08,162.74,0.7344,-1,-1,-1
101,6,141.73,313.73,61.38,140.02,0.8915,-1,-1,-1
101,9,980.33,243.56,81.49,144.02,0.8900,-1,-1,-1
101,11,221.10,314.39,65.94,141.65,0.8802,-1,-1,-1
101,13,701.61,294.84,62.46,133.23,0.8988,-1,-1,-1
101,5,1184.05,241.02,54.59,122.34,0.5886,-1,-1,-1
101,-1,1146.32,636.64,64.39,82.93,0.5208,-1,-1,-1
102,0,881.22,235.19,52.60,142.62,0.8218,-1,-1,-1
102,1,1222.95,236.11,56.66,162.23,0.7608,-1,-1,-1
102,5,1180.44,238.73,58.14,126.77,0.6346,-1,-1,-1
102,6,137.13,315.72,59.68,139.75,0.8909,-1,-1,-1
102,9,983.66,241.71,71.44,145.92,0.8991,-1,-1,-1
102,11,215.84,314.66,71.03,140.03,0.8693,-1,-1,-1
102,13,696.26,295.85,62.69,131.90,0.9041,-1,-1,-1
102,-1,676.54,83.36,51.01,117.47,0.5332,-1,-1,-1
103,0,881.63,236.85,56.92,141.30,0.8487,-1,-1,-1
103,1,1216.81,235.63,62.51,162.25,0.7250,-1,-1,-1
103,6,131.74,317.46,59.12,138.49,0.8877,-1,-1,-1
103,9,990.26,240.37,59.10,147.43,0.8811,-1,-1,-1
103,11,212.23,314.74,76.02,139.12,0.8490,-1,-1,-1
103,13,691.24,297.00,63.19,130.85,0.8996,-1,-1,-1
103,5,1176.57,247.61,58.17,115.63,0.5563,-1,-1,-1
103,-1,685.47,82.85,39.95,118.05,0.5388,-1,-1,-1
103,-1,1176.16,223.77,57.47,137.58,0.5016,-1,-1,-1
104,0,881.42,239.47,60.61,132.51,0.8295,-1,-1,-1
104,1,1210.72,235.85,68.72,161.33,0.7511,-1,-1,-1
104,5,1174.06,225.32,58.86,138.03,0.6798,-1,-1,-1
104,6,126.78,318.68,57.54,137.76,0.8924,-1,-1,-1
104,9,995.15,238.76,48.95,147.79,0.8771,-1,-1,-1
104,11,210.13,314.85,74.95,138.23,0.7823,-1,-1,-1
104,13,686.09,298.47,62.62,129.66,0.9020,-1,-1,-1
104,-1,1075.38,636.80,54.82,82.92,0.5013,-1,-1,-1
104,-1,692.04,85.01,29.62,116.23,0.6198,-1,-1,-1
105,0,880.86,242.56,66.11,137.29,0.7997,-1,-1,-1
105,1,1203.46,236.50,76.21,160.71,0.7550,-1,-1,-1
105,5,1173.13,226.83,58.75,137.12,0.6898,-1,-1,-1
105,6,121.30,319.66,57.16,137.28,0.8905,-1,-1,-1
105,9,994.45,238.96,45.93,146.37,0.8552,-1,-1,-1
105,11,208.21,314.67,78.16,138.33,0.8701,-1,-1,-1
105,13,680.79,299.60,62.65,128.24,0.8940,-1,-1,-1
105,-1,692.10,85.54,30.21,116.02,0.6371,-1,-1,-1
106,0,880.07,246.09,70.02,140.37,0.8819,-1,-1,-1
106,1,1191.12,235.76,88.12,160.11,0.8172,-1,-1,-1
106,6,110.53,321.14,57.43,136.79,0.8879,-1,-1,-1
106,9,988.99,239.10,50.60,143.28,0.8618,-1,-1,-1
106,11,218.73,312.91,67.09,130.86,0.8318,-1,-1,-1
106,13,671.10,302.02,61.13,125.67,0.8937,-1,-1,-1
106,5,1175.40,229.75,47.19,135.18,0.5736,-1,-1,-1
106,-1,686.74,85.24,36.75,117.71,0.6328,-1,-1,-1
107,0,879.61,246.79,70.02,139.97,0.8906,-1,-1,-1
107,1,1188.88,236.57,90.04,157.72,0.8194,-1,-1,-1
107,6,104.75,321.64,56.99,136.60,0.8874,-1,-1,-1
107,9,985.03,239.44,57.67,143.40,0.8969,-1,-1,-1
107,11,223.57,310.40,57.80,132.06,0.8422,-1,-1,-1
107,13,664.80,302.83,62.54,125.11,0.8904,-1,-1,-1
107,5,1173.96,230.16,45.71,133.75,0.5691,-1,-1,-1
107,-1,683.86,84.20,43.60,120.85,0.6326,-1,-1,-1
108,0,874.83,247.32,72.00,137.81,0.8884,-1,-1,-1
108,1,1187.30,235.86,89.38,156.96,0.7933,-1,-1,-1
108,6,98.63,322.64,56.60,136.15,0.8946,-1,-1,-1
108,9,979.70,240.42,65.92,141.04,0.9053,-1,-1,-1
108,11,227.11,307.65,53.66,135.21,0.8605,-1,-1,-1
108,13,659.35,303.51,61.89,124.32,0.8964,-1,-1,-1
108,5,1168.00,230.19,46.82,134.99,0.5986,-1,-1,-1
108,-1,680.37,81.64,57.63,132.88,0.6933,-1,-1,-1
109,0,870.08,248.23,71.60,135.88,0.8793,-1,-1,-1
109,1,1184.28,236.79,81.52,154.72,0.7673,-1,-1,-1
109,6,93.25,324.17,55.66,135.34,0.9123,-1,-1,-1
109,9,976.32,241.35,70.34,139.16,0.8938,-1,-1,-1
109,11,225.66,305.07,49.96,132.96,0.8185,-1,-1,-1
109,13,653.36,303.36,61.45,124.67,0.9013,-1,-1,-1
109,5,1160.02,229.33,52.42,135.28,0.5783,-1,-1,-1
109,-1,1238.86,246.07,40.92,142.93,0.5188,-1,-1,-1
109,-1,677.80,86.18,64.51,126.76,0.6213,-1,-1,-1
110,0,865.36,249.79,70.26,130.36,0.8542,-1,-1,-1
110,1,1181.26,235.65,73.48,153.61,0.6131,-1,-1,-1
110,6,87.38,325.65,55.44,139.90,0.8907,-1,-1,-1
110,9,971.61,242.71,76.70,136.78,0.8907,-1,-1,-1
110,11,222.81,302.74,47.38,132.51,0.8351,-1,-1,-1
110,13,647.48,302.83,61.19,124.55,0.8943,-1,-1,-1
110,5,1152.30,229.15,61.69,137.10,0.5224,-1,-1,-1
110,-1,678.45,85.91,69.06,120.79,0.5873,-1,-1,-1
110,-1,1229.50,246.57,50.21,142.89,0.5611,-1,-1,-1
111,0,862.54,250.72,61.11,134.86,0.8796,-1,-1,-1
111,1,1173.75,229.47,65.13,157.52,0.7620,-1,-1,-1
111,6,74.89,330.89,56.65,145.48,0.9033,-1,-1,-1
111,9,956.32,245.21,90.97,133.33,0.9022,-1,-1,-1
111,11,220.28,300.77,51.28,131.19,0.8747,-1,-1,-1
111,13,635.15,300.83,61.53,126.97,0.9021,-1,-1,-1
111,5,1145.09,228.90,55.37,136.27,0.5042,-1,-1,-1
111,-1,1224.42,249.29,55.15,129.11,0.5841,-1,-1,-1
111,-1,691.10,94.01,48.31,113.48,0.6014,-1,-1,-1
112,0,864.60,250.43,56.29,135.85,0.8930,-1,-1,-1
112,1,1171.28,230.33,62.44,155.45,0.7122,-1,-1,-1
112,6,69.54,333.24,56.61,146.20,0.8982,-1,-1,-1
112,9,950.56,246.89,94.39,132.58,0.9034,-1,-1,-1
112,11,219.11,301.13,54.34,132.71,0.8958,-1,-1,-1
112,13,629.21,299.67,61.69,128.50,0.8959,-1,-1,-1
112,-1,1207.10,249.73,72.76,129.68,0.5544,-1,-1,-1
112,-1,696.80,93.03,37.00,114.97,0.6034,-1,-1,-1
113,0,864.16,250.54,54.74,132.79,0.9100,-1,-1,-1
113,1,1167.18,233.06,58.21,151.64,0.6895,-1,-1,-1
113,6,64.88,336.15,56.10,146.88,0.8766,-1,-1,-1
113,9,944.86,248.92,97.42,131.33,0.9037,-1,-1,-1
113,11,217.42,302.18,55.06,136.59,0.8856,-1,-1,-1
113,13,623.85,297.92,60.08,128.39,0.9068,-1,-1,-1
113,-1,1208.74,239.52,71.26,146.72,0.5915,-1,-1,-1
113,-1,697.65,94.31,32.37,114.13,0.6380,-1,-1,-1
114,0,864.48,250.44,51.69,136.08,0.9048,-1,-1,-1
114,1,1158.06,234.60,61.15,149.11,0.7651,-1,-1,-1
114,6,61.31,339.61,54.52,145.84,0.8765,-1,-1,-1
114,9,940.06,251.10,99.08,128.86,0.9089,-1,-1,-1
114,11,215.95,304.42,56.59,135.83,0.8801,-1,-1,-1
114,13,617.13,296.06,60.64,128.33,0.9029,-1,-1,-1
114,-1,698.52,95.84,31.39,113.06,0.5850,-1,-1,-1
114,-1,1207.91,242.43,71.92,141.18,0.6945,-1,-1,-1
115,0,863.37,251.27,49.94,136.11,0.9034,-1,-1,-1
115,1,1150.59,237.45,64.08,147.52,0.7300,-1,-1,-1
115,6,58.45,342.51,53.21,146.00,0.8753,-1,-1,-1
115,9,933.79,253.76,100.85,125.79,0.9132,-1,-1,-1
115,11,215.27,306.75,57.29,133.98,0.8776,-1,-1,-1
115,13,611.73,294.41,60.43,129.00,0.9024,-1,-1,-1
115,-1,696.36,95.16,33.84,113.98,0.5245,-1,-1,-1
115,-1,1202.09,245.11,77.78,143.19,0.7675,-1,-1,-1
116,0,859.20,254.36,48.32,141.32,0.8836,-1,-1,-1
116,6,53.41,347.86,49.84,145.57,0.8694,-1,-1,-1
116,9,925.41,257.74,97.44,123.40,0.8820,-1,-1,-1
116,11,215.06,308.76,56.40,128.51,0.8392,-1,-1,-1
116,13,600.28,292.37,61.13,128.54,0.8900,-1,-1,-1
116,1,1137.93,252.80,69.53,131.22,0.5122,-1,-1,-1
116,-1,1185.68,273.21,85.38,118.52,0.5772,-1,-1,-1
116,-1,694.11,96.78,45.93,115.03,0.5078,-1,-1,-1
117,0,857.04,256.92,50.52,142.56,0.8735,-1,-1,-1
117,1,1180.82,274.33,87.18,117.35,0.6039,-1,-1,-1
117,6,51.44,349.88,47.90,144.69,0.8864,-1,-1,-1
117,9,920.90,258.31,96.92,122.94,0.9124,-1,-1,-1
117,11,216.29,308.37,54.82,117.34,0.8653,-1,-1,-1
117,13,595.48,291.32,60.30,127.94,0.9109,-1,-1,-1
117,5,1131.20,238.51,68.26,145.68,0.7035,-1,-1,-1
117,-1,692.41,98.16,56.27,113.70,0.5837,-1,-1,-1
118,0,855.92,259.22,54.75,141.35,0.8637,-1,-1,-1
118,1,1171.79,276.23,91.27,114.91,0.6182,-1,-1,-1
118,5,1124.45,240.56,68.08,145.78,0.7226,-1,-1,-1
118,6,49.72,351.33,46.78,144.48,0.8767,-1,-1,-1
118,9,917.02,257.35,94.26,124.09,0.9136,-1,-1,-1
118,11,217.17,307.07,52.36,118.18,0.8741,-1,-1,-1
118,13,590.07,290.69,59.55,125.15,0.9132,-1,-1,-1
119,0,854.81,262.08,60.47,139.04,0.8748,-1,-1,-1
119,1,1174.70,274.14,90.67,116.60,0.6293,-1,-1,-1
119,5,1119.24,242.49,70.24,146.33,0.7489,-1,-1,-1
119,6,47.58,352.03,44.77,144.41,0.8747,-1,-1,-1
119,9,916.11,255.84,89.20,125.57,0.9140,-1,-1,-1
119,11,209.76,304.55,57.87,132.29,0.8443,-1,-1,-1
119,13,584.52,290.07,60.29,121.03,0.8865,-1,-1,-1
119,-1,1199.73,254.22,64.62,126.38,0.5754,-1,-1,-1
119,-1,1038.68,157.50,85.87,102.08,0.5271,-1,-1,-1
119,-1,694.10,103.65,55.63,108.24,0.6801,-1,-1,-1
120,0,854.24,263.78,65.66,135.93,0.9025,-1,-1,-1
120,1,1165.29,276.13,87.68,115.54,0.6451,-1,-1,-1
120,5,1112.99,250.16,69.99,136.31,0.7236,-1,-1,-1
120,6,45.84,352.95,43.10,144.01,0.8547,-1,-1,-1
120,9,916.83,254.69,82.13,127.08,0.9207,-1,-1,-1
120,11,214.29,302.95,51.35,133.46,0.8504,-1,-1,-1
120,13,579.22,288.79,60.19,117.55,0.8877,-1,-1,-1
120,-1,1031.81,150.15,75.90,107.61,0.5592,-1,-1,-1
120,-1,1091.24,198.36,57.81,107.55,0.5448,-1,-1,-1
120,-1,1199.93,256.42,63.76,129.13,0.7191,-1,-1,-1
120,-1,694.67,103.91,49.51,109.66,0.6750,-1,-1,-1
121,0,846.13,265.83,75.37,136.74,0.9048,-1,-1,-1
121,1,1194.63,261.67,58.09,126.97,0.6814,-1,-1,-1
121,5,1106.86,251.70,72.32,137.20,0.8242,-1,-1,-1
121,6,41.07,356.05,42.53,142.66,0.8193,-1,-1,-1
121,9,926.19,252.91,60.88,129.05,0.8887,-1,-1,-1
121,11,216.41,299.44,46.04,129.98,0.8788,-1,-1,-1
121,13,568.11,288.87,61.24,116.44,0.8806,-1,-1,-1
121,-1,1019.71,144.15,64.34,107.18,0.5793,-1,-1,-1
121,-1,1163.93,273.03,82.39,119.61,0.5642,-1,-1,-1
121,-1,694.67,101.52,43.42,114.55,0.5147,-1,-1,-1
121,-1,1065.69,192.04,64.83,114.98,0.6416,-1,-1,-1
122,0,842.13,266.28,75.89,137.95,0.9157,-1,-1,-1
122,1,1193.23,264.14,54.55,131.08,0.6368,-1,-1,-1
122,5,1101.82,253.46,74.01,137.50,0.7656,-1,-1,-1
122,6,34.73,358.46,46.75,142.23,0.8358,-1,-1,-1
122,9,924.96,253.34,55.03,128.96,0.8880,-1,-1,-1
122,11,217.31,297.76,44.51,129.64,0.8785,-1,-1,-1
122,13,563.03,288.60,60.97,116.93,0.9040,-1,-1,-1
122,-1,1011.91,140.93,55.48,105.51,0.5503,-1,-1,-1
122,-1,694.74,104.68,41.37,112.22,0.5284,-1,-1,-1
122,-1,1053.53,188.12,61.07,92.63,0.5085,-1,-1,-1
122,-1,1161.77,274.78,77.18,119.91,0.5049,-1,-1,-1
123,0,839.10,266.34,74.76,138.06,0.8896,-1,-1,-1
123,1,1194.39,264.43,49.83,120.19,0.7141,-1,-1,-1
123,5,1104.38,254.74,64.32,139.43,0.7474,-1,-1,-1
123,6,30.82,360.92,52.21,143.93,0.8443,-1,-1,-1
123,9,920.84,253.83,52.85,128.64,0.8947,-1,-1,-1
123,11,216.00,296.89,48.24,133.09,0.8635,-1,-1,-1
123,13,559.31,289.13,60.21,116.70,0.9046,-1,-1,-1
123,-1,693.56,103.54,45.24,113.96,0.5554,-1,-1,-1
123,-1,1002.08,139.03,58.30,104.88,0.5074,-1,-1,-1
123,-1,1044.36,184.83,77.10,123.11,0.6277,-1,-1,-1
124,0,841.85,266.51,67.79,138.04,0.8711,-1,-1,-1
124,1,1192.97,264.24,45.75,121.27,0.7009,-1,-1,-1
124,5,1098.26,256.36,66.96,139.72,0.7140,-1,-1,-1
124,6,25.98,364.07,62.85,143.08,0.8505,-1,-1,-1
124,9,915.97,255.12,52.94,128.55,0.8889,-1,-1,-1
124,11,212.92,295.95,45.32,133.69,0.8495,-1,-1,-1
124,13,553.77,290.06,60.29,116.08,0.9039,-1,-1,-1
124,-1,1145.36,269.62,84.03,141.48,0.5570,-1,-1,-1
124,-1,693.03,103.99,51.99,112.84,0.5398,-1,-1,-1
124,-1,988.25,139.28,59.87,101.61,0.5077,-1,-1,-1
124,-1,1036.54,183.69,75.77,122.39,0.6120,-1,-1,-1
125,0,846.90,266.66,59.94,138.43,0.8825,-1,-1,-1
125,1,1191.47,263.05,43.80,122.84,0.6318,-1,-1,-1
125,5,1097.36,258.69,60.88,143.81,0.7329,-1,-1,-1
125,6,21.22,367.69,71.08,142.50,0.8581,-1,-1,-1
125,9,911.10,256.00,53.66,129.05,0.8712,-1,-1,-1
125,11,210.17,295.96,52.72,135.19,0.8499,-1,-1,-1
125,13,549.06,290.69,60.32,115.99,0.9067,-1,-1,-1
125,-1,1025.81,183.27,77.48,124.92,0.6290,-1,-1,-1
126,0,853.68,267.51,52.56,138.11,0.8114,-1,-1,-1
126,5,1092.25,261.49,63.89,147.37,0.7048,-1,-1,-1
126,6,15.46,370.98,75.44,143.12,0.8751,-1,-1,-1
126,9,906.22,257.83,54.12,128.60,0.8844,-1,-1,-1
126,11,207.45,296.24,58.90,133.43,0.8868,-1,-1,-1
126,13,544.40,291.52,60.44,116.12,0.9054,-1,-1,-1
126,1,1185.98,264.99,45.14,119.85,0.5963,-1,-1,-1
126,-1,1109.70,269.23,102.71,148.55,0.5552,-1,-1,-1
126,-1,967.41,138.01,56.57,103.75,0.5101,-1,-1,-1
126,-1,1011.86,182.61,80.68,117.67,0.6297,-1,-1,-1
127,0,860.89,268.17,38.31,138.55,0.7753,-1,-1,-1
127,1,1174.43,268.83,57.92,119.78,0.6631,-1,-1,-1
127,5,1082.92,267.96,70.53,148.53,0.7287,-1,-1,-1
127,6,6.16,376.09,76.34,143.98,0.8746,-1,-1,-1
127,9,891.25,261.15,68.68,129.98,0.8083,-1,-1,-1
127,11,196.55,296.86,74.46,133.86,0.8972,-1,-1,-1
127,13,534.14,292.77,60.63,115.87,0.9091,-1,-1,-1
128,0,860.00,268.96,35.15,140.64,0.7245,-1,-1,-1
128,5,1077.72,270.50,72.05,145.17,0.7705,-1,-1,-1
128,6,1.39,377.56,76.08,144.23,0.8790,-1,-1,-1
128,9,889.45,262.43,66.29,130.49,0.8489,-1,-1,-1
128,11,192.25,297.10,71.31,133.43,0.8838,-1,-1,-1
128,13,529.55,292.82,60.59,116.34,0.9200,-1,-1,-1
128,1,1177.19,269.63,56.05,120.63,0.5989,-1,-1,-1
128,-1,978.45,180.45,57.12,112.43,0.5251,-1,-1,-1
129,0,855.94,270.47,37.44,148.83,0.8088,-1,-1,-1
129,1,1123.84,273.45,64.88,150.95,0.7314,-1,-1,-1
129,5,1071.17,272.20,59.43,143.87,0.7851,-1,-1,-1
129,6,0.68,378.71,71.63,144.32,0.8276,-1,-1,-1
129,9,887.39,263.01,63.00,132.42,0.8679,-1,-1,-1
129,11,188.65,297.13,71.29,132.87,0.8900,-1,-1,-1
129,13,525.36,292.73,59.52,117.06,0.9184,-1,-1,-1
129,-1,1174.25,271.34,59.10,125.29,0.5976,-1,-1,-1
129,-1,683.30,109.67,45.62,111.77,0.5161,-1,-1,-1
130,0,850.89,272.36,48.47,147.91,0.8191,-1,-1,-1
130,1,1116.29,274.90,67.78,149.62,0.6779,-1,-1,-1
130,5,1065.08,272.03,60.88,144.36,0.7748,-1,-1,-1
130,6,0.28,379.78,66.10,144.31,0.8070,-1,-1,-1
130,9,884.31,263.46,63.52,133.69,0.8656,-1,-1,-1
130,11,181.93,296.36,74.70,133.39,0.8848,-1,-1,-1
130,13,520.09,291.71,59.35,118.64,0.9121,-1,-1,-1
130,-1,680.00,107.25,45.62,114.46,0.5412,-1,-1,-1
130,-1,1164.69,273.87,67.92,127.65,0.6031,-1,-1,-1
131,0,845.09,273.94,60.73,147.18,0.8216,-1,-1,-1
131,1,1166.72,277.93,64.15,132.94,0.6180,-1,-1,-1
131,5,1061.34,270.63,58.26,146.27,0.7535,-1,-1,-1
131,6,0.41,381.03,60.47,144.14,0.7936,-1,-1,-1
131,9,881.03,264.05,62.47,135.39,0.8222,-1,-1,-1
131,11,189.04,294.86,67.09,130.53,0.8662,-1,-1,-1
131,13,514.85,290.65,59.06,120.14,0.9053,-1,-1,-1
131,-1,1111.50,275.41,63.84,120.85,0.5642,-1,-1,-1
131,-1,676.28,102.92,45.80,119.14,0.5181,-1,-1,-1
132,0,836.27,277.92,70.21,147.25,0.8079,-1,-1,-1
132,1,1097.57,277.75,65.64,147.15,0.7998,-1,-1,-1
132,5,1051.02,265.54,53.07,151.96,0.7872,-1,-1,-1
132,6,1.17,383.18,57.35,145.08,0.7513,-1,-1,-1
132,9,874.33,267.13,63.04,133.41,0.7970,-1,-1,-1
132,11,200.69,290.57,53.52,132.62,0.8771,-1,-1,-1
132,13,505.32,287.47,58.71,125.46,0.8820,-1,-1,-1
132,-1,1133.37,266.33,37.33,125.80,0.5767,-1,-1,-1
132,-1,920.07,167.88,53.60,122.94,0.5711,-1,-1,-1
132,-1,669.04,102.21,52.38,121.42,0.5468,-1,-1,-1
132,-1,1164.19,293.43,58.53,127.97,0.5375,-1,-1,-1
133,0,833.87,279.90,70.12,146.50,0.7626,-1,-1,-1
133,1,1093.71,281.20,58.24,143.70,0.7880,-1,-1,-1
133,5,1046.53,264.06,53.89,154.09,0.8056,-1,-1,-1
133,6,1.97,385.35,57.93,146.15,0.7496,-1,-1,-1
133,9,875.36,268.41,59.43,133.51,0.7845,-1,-1,-1
133,11,199.36,288.61,52.54,135.93,0.8644,-1,-1,-1
133,13,500.91,286.61,58.18,126.58,0.8975,-1,-1,-1
133,-1,904.11,167.07,65.27,124.67,0.5824,-1,-1,-1
133,-1,1159.84,295.38,58.21,129.55,0.5782,-1,-1,-1
133,-1,665.63,103.13,50.78,121.45,0.5488,-1,-1,-1
133,-1,1132.33,268.07,37.87,125.07,0.5038,-1,-1,-1
134,0,835.44,281.44,64.76,146.07,0.7500,-1,-1,-1
134,1,1089.00,284.18,61.63,144.21,0.7964,-1,-1,-1
134,5,1042.76,263.96,51.72,155.01,0.7999,-1,-1,-1
134,6,0.73,387.51,60.49,149.87,0.7323,-1,-1,-1
134,9,874.84,270.28,57.01,132.68,0.7710,-1,-1,-1
134,11,198.95,287.34,51.30,134.91,0.8383,-1,-1,-1
134,13,497.38,285.47,57.98,126.47,0.8966,-1,-1,-1
134,-1,901.48,165.83,62.03,123.12,0.5871,-1,-1,-1
134,-1,662.65,104.29,46.85,121.62,0.5530,-1,-1,-1
135,0,836.76,282.85,58.81,145.86,0.7164,-1,-1,-1
135,1,1081.86,287.73,67.85,143.92,0.7497,-1,-1,-1
135,5,1038.58,264.07,52.83,154.45,0.7843,-1,-1,-1
135,6,0.37,390.50,62.74,152.68,0.7343,-1,-1,-1
135,9,872.25,271.56,59.18,132.88,0.7260,-1,-1,-1
135,11,198.79,286.90,48.78,124.42,0.8419,-1,-1,-1
135,13,493.83,284.81,56.96,126.64,0.8930,-1,-1,-1
135,-1,659.77,106.06,48.53,120.89,0.5361,-1,-1,-1
135,-1,887.88,165.11,70.48,123.63,0.6107,-1,-1,-1
135,-1,1149.96,303.28,59.95,130.51,0.6099,-1,-1,-1
136,0,841.96,283.52,51.22,146.38,0.7143,-1,-1,-1
136,1,1078.63,291.32,62.38,144.23,0.7210,-1,-1,-1
136,6,0.04,394.41,67.03,153.07,0.7119,-1,-1,-1
136,9,873.87,271.17,55.96,133.48,0.7245,-1,-1,-1
136,11,195.95,286.49,52.74,125.46,0.8652,-1,-1,-1
136,13,489.33,283.94,58.16,126.44,0.8911,-1,-1,-1
136,5,1034.68,265.31,50.71,151.10,0.5982,-1,-1,-1
136,-1,1035.13,264.98,50.86,152.45,0.5855,-1,-1,-1
136,-1,658.80,107.30,47.16,121.23,0.5831,-1,-1,-1
136,-1,1145.25,306.36,60.99,128.66,0.5686,-1,-1,-1
136,-1,870.74,162.57,83.31,127.67,0.6550,-1,-1,-1
137,1,1069.42,299.29,61.58,145.40,0.7174,-1,-1,-1
137,5,1026.48,268.54,49.29,146.79,0.7236,-1,-1,-1
137,6,-0.24,401.19,65.14,150.40,0.7101,-1,-1,-1
137,11,190.49,288.24,54.53,129.39,0.8326,-1,-1,-1
137,13,481.47,281.83,58.64,125.39,0.8777,-1,-1,-1
137,0,852.63,282.81,34.40,147.71,0.5693,-1,-1,-1
137,9,874.53,269.19,50.94,136.34,0.5690,-1,-1,-1
137,-1,653.30,108.46,47.05,121.18,0.5694,-1,-1,-1
137,-1,840.34,166.27,95.38,118.79,0.6886,-1,-1,-1
138,0,854.24,282.61,33.36,147.91,0.6136,-1,-1,-1
138,1,1053.89,300.45,77.85,146.47,0.6790,-1,-1,-1
138,5,1023.65,270.62,46.40,145.26,0.7114,-1,-1,-1
138,6,-0.29,403.29,63.44,150.91,0.7393,-1,-1,-1
138,9,875.11,267.86,48.07,138.40,0.6771,-1,-1,-1
138,11,187.78,289.64,62.12,131.28,0.8612,-1,-1,-1
138,13,477.31,281.21,58.65,121.94,0.8830,-1,-1,-1
138,-1,650.44,109.51,49.60,119.05,0.5857,-1,-1,-1
138,-1,785.55,122.57,46.13,103.75,0.5027,-1,-1,-1
138,-1,836.03,172.41,88.48,111.91,0.6811,-1,-1,-1
139,0,851.67,280.44,39.49,150.35,0.6011,-1,-1,-1
139,1,1054.61,304.05,67.79,145.18,0.7033,-1,-1,-1
139,5,1016.41,271.82,48.45,144.80,0.7818,-1,-1,-1
139,6,-0.33,406.38,64.50,150.97,0.7766,-1,-1,-1
139,9,869.72,267.53,50.55,140.24,0.6902,-1,-1,-1
139,11,186.13,290.73,65.61,131.24,0.8819,-1,-1,-1
139,13,473.26,280.75,58.97,119.03,0.8721,-1,-1,-1
139,-1,773.67,124.25,51.36,101.46,0.5668,-1,-1,-1
139,-1,646.58,110.20,50.22,116.93,0.5281,-1,-1,-1
139,-1,830.93,174.04,79.81,111.12,0.6794,-1,-1,-1
139,-1,1113.16,294.09,74.48,140.55,0.6508,-1,-1,-1
140,0,848.21,281.43,50.58,149.78,0.7124,-1,-1,-1
140,1,1049.29,307.02,70.70,147.16,0.7098,-1,-1,-1
140,5,1007.45,271.88,53.23,143.82,0.7861,-1,-1,-1
140,6,-0.17,409.06,59.89,150.18,0.7697,-1,-1,-1
140,9,866.16,266.58,52.39,143.99,0.6734,-1,-1,-1
140,11,186.92,290.84,64.79,131.30,0.9010,-1,-1,-1
140,13,468.69,280.49,59.45,117.79,0.9000,-1,-1,-1
140,-1,1127.36,305.09,54.72,120.77,0.5650,-1,-1,-1
140,-1,761.52,120.48,53.93,104.38,0.5606,-1,-1,-1
140,-1,643.13,110.15,49.72,115.27,0.5292,-1,-1,-1
140,-1,826.78,170.97,67.65,114.52,0.7036,-1,-1,-1
141,0,845.50,280.93,58.03,150.25,0.6290,-1,-1,-1
141,1,1041.99,308.83,76.05,145.95,0.6837,-1,-1,-1
141,5,996.35,270.77,59.73,144.16,0.7222,-1,-1,-1
141,6,-0.23,411.45,60.59,149.00,0.7367,-1,-1,-1
141,11,187.71,290.59,64.80,132.56,0.8650,-1,-1,-1
141,13,464.72,281.12,60.45,117.06,0.9030,-1,-1,-1
141,9,868.86,268.83,48.37,149.66,0.5505,-1,-1,-1
141,-1,638.66,110.66,50.73,113.35,0.5363,-1,-1,-1
141,-1,743.35,120.73,63.35,99.67,0.5147,-1,-1,-1
141,14,820.66,170.13,64.04,115.37,0.7035,-1,-1,-1
141,-1,1124.16,304.10,55.92,131.12,0.6053,-1,-1,-1
142,0,842.34,282.40,57.40,150.25,0.7479,-1,-1,-1
142,6,-0.10,413.68,55.47,148.93,0.7480,-1,-1,-1
142,9,870.19,274.51,42.94,132.89,0.6184,-1,-1,-1
142,11,190.23,288.06,61.08,131.66,0.8652,-1,-1,-1
142,13,457.11,282.48,60.48,116.76,0.8964,-1,-1,-1
142,14,800.34,166.12,52.19,119.59,0.7151,-1,-1,-1
142,1,1031.87,315.47,75.68,111.22,0.5622,-1,-1,-1
142,5,982.73,270.15,67.17,126.56,0.5786,-1,-1,-1
142,-1,1103.71,306.49,67.22,133.99,0.6339,-1,-1,-1
143,0,841.66,286.95,54.67,147.91,0.7441,-1,-1,-1
143,5,979.58,270.54,73.04,124.03,0.6952,-1,-1,-1
143,6,-0.00,415.44,50.59,148.01,0.7244,-1,-1,-1
143,11,192.02,287.04,59.85,124.49,0.8628,-1,-1,-1
143,13,454.00,283.61,60.38,116.26,0.9057,-1,-1,-1
143,14,794.01,168.61,49.91,117.46,0.7237,-1,-1,-1
143,1,1026.01,318.89,73.51,107.57,0.5184,-1,-1,-1
143,9,850.58,272.69,60.34,136.39,0.5147,-1,-1,-1
143,-1,1023.24,318.70,67.32,139.81,0.5492,-1,-1,-1
143,-1,1103.89,310.35,65.68,139.50,0.6360,-1,-1,-1
144,0,840.85,287.50,51.37,148.55,0.7092,-1,-1,-1
144,1,1018.08,324.67,71.42,134.37,0.7928,-1,-1,-1
144,5,977.66,272.61,70.43,116.38,0.7659,-1,-1,-1
144,6,0.36,416.71,46.94,147.87,0.7135,-1,-1,-1
144,11,193.85,285.31,55.30,125.31,0.8573,-1,-1,-1
144,13,450.74,285.01,59.95,116.27,0.9052,-1,-1,-1
144,14,788.01,166.57,49.84,120.00,0.7296,-1,-1,-1
144,9,865.40,275.62,48.89,133.74,0.5149,-1,-1,-1
144,-1,843.80,275.49,69.99,134.64,0.5634,-1,-1,-1
144,-1,708.27,130.70,58.95,91.07,0.5329,-1,-1,-1
144,-1,1098.32,313.38,67.80,143.23,0.7059,-1,-1,-1
145,0,839.51,291.77,50.71,147.13,0.6914,-1,-1,-1
145,1,1007.75,323.81,68.88,136.25,0.6621,-1,-1,-1
145,5,975.71,275.11,71.58,118.10,0.6901,-1,-1,-1
145,6,1.78,417.57,48.72,148.20,0.6954,-1,-1,-1
145,9,842.30,277.61,73.42,132.07,0.6821,-1,-1,-1
145,11,195.01,283.76,51.84,118.44,0.8497,-1,-1,-1
145,13,448.75,286.49,59.85,115.66,0.9056,-1,-1,-1
145,14,785.46,164.84,46.89,122.05,0.7384,-1,-1,-1
145,-1,703.94,131.25,49.70,91.50,0.5177,-1,-1,-1
145,15,1098.54,316.18,65.40,148.90,0.6934,-1,-1,-1
146,1,990.15,329.62,83.47,131.20,0.7678,-1,-1,-1
146,5,971.08,278.31,84.27,109.65,0.6960,-1,-1,-1
146,6,1.27,420.35,53.70,146.64,0.7430,-1,-1,-1
146,9,838.80,279.06,80.14,131.48,0.6107,-1,-1,-1
146,11,196.58,282.54,51.06,122.01,0.8749,-1,-1,-1
146,13,445.97,288.41,59.55,114.24,0.8886,-1,-1,-1
146,14,772.55,166.48,55.58,120.98,0.7001,-1,-1,-1
146,15,1089.43,322.18,72.77,148.63,0.6658,-1,-1,-1
146,0,845.65,298.34,73.77,141.49,0.5484,-1,-1,-1
146,-1,1229.56,308.73,50.04,134.61,0.5312,-1,-1,-1
146,-1,696.27,132.08,49.44,91.29,0.5021,-1,-1,-1
147,1,975.55,340.85,92.66,121.43,0.6316,-1,-1,-1
147,5,954.87,286.59,90.63,117.25,0.6293,-1,-1,-1
147,6,1.23,425.75,75.16,144.12,0.7828,-1,-1,-1
147,9,856.19,283.00,70.10,127.68,0.6703,-1,-1,-1
147,11,200.71,281.13,44.44,129.05,0.8849,-1,-1,-1
147,13,441.56,290.37,60.45,114.62,0.8838,-1,-1,-1
147,14,758.29,178.57,61.86,110.66,0.7317,-1,-1,-1
147,15,1077.45,318.29,79.65,165.40,0.7890,-1,-1,-1
147,-1,1222.13,311.20,57.05,134.37,0.5204,-1,-1,-1
147,-1,683.55,131.91,46.72,92.81,0.5017,-1,-1,-1
148,6,0.80,427.79,84.55,144.56,0.8036,-1,-1,-1
148,9,855.41,285.10,73.07,125.89,0.6875,-1,-1,-1
148,11,202.12,281.00,44.31,129.47,0.8794,-1,-1,-1
148,13,440.28,290.80,60.56,115.25,0.8974,-1,-1,-1
148,14,754.99,168.50,62.07,121.17,0.7840,-1,-1,-1
148,15,1074.86,320.23,79.67,169.62,0.7358,-1,-1,-1
148,1,960.04,345.18,104.28,117.73,0.5583,-1,-1,-1
149,1,943.99,340.76,116.09,122.25,0.6800,-1,-1,-1
149,6,0.02,430.83,90.92,144.81,0.8230,-1,-1,-1
149,11,202.16,280.80,53.06,127.62,0.8762,-1,-1,-1
149,13,438.77,290.73,60.37,115.93,0.8972,-1,-1,-1
149,14,753.47,168.06,59.04,121.77,0.8117,-1,-1,-1
149,15,1073.04,359.41,78.05,133.14,0.6120,-1,-1,-1
149,9,846.58,298.57,79.55,149.68,0.5656,-1,-1,-1
149,-1,1081.57,320.89,72.67,121.46,0.5975,-1,-1,-1
149,-1,941.58,291.96,86.84,119.20,0.5250,-1,-1,-1
149,-1,672.03,129.89,50.28,96.27,0.5147,-1,-1,-1
150,1,935.48,340.10,115.70,125.27,0.8078,-1,-1,-1
150,6,0.13,434.38,89.98,143.80,0.8267,-1,-1,-1
150,9,845.65,288.49,77.81,134.98,0.6827,-1,-1,-1
150,11,200.67,280.72,51.05,129.77,0.8338,-1,-1,-1
150,13,436.96,290.60,60.17,116.52,0.8980,-1,-1,-1
150,14,751.21,169.36,54.53,120.56,0.7307,-1,-1,-1
150,15,1070.45,365.61,75.39,127.13,0.7458,-1,-1,-1
150,-1,946.95,291.10,79.00,122.84,0.5785,-1,-1,-1
150,-1,1085.00,323.37,65.81,139.85,0.6534,-1,-1,-1
151,1,934.89,336.33,109.53,131.54,0.7165,-1,-1,-1
151,6,0.08,436.70,88.49,142.74,0.8227,-1,-1,-1
151,9,850.67,288.04,69.96,124.23,0.6812,-1,-1,-1
151,11,198.51,280.90,61.80,128.69,0.8020,-1,-1,-1
151,13,434.93,289.28,59.57,118.44,0.9007,-1,-1,-1
151,14,748.39,168.53,49.90,117.27,0.7160,-1,-1,-1
151,15,1067.34,370.74,75.58,122.87,0.7442,-1,-1,-1
151,0,823.04,307.95,57.11,141.83,0.6390,-1,-1,-1
151,-1,944.30,289.45,79.27,127.53,0.5907,-1,-1,-1
151,-1,650.08,128.59,62.11,102.12,0.5614,-1,-1,-1
151,-1,1082.24,327.11,64.11,144.73,0.6034,-1,-1,-1
152,0,820.23,310.06,57.72,139.78,0.6632,-1,-1,-1
152,1,913.58,335.75,106.38,140.68,0.7488,-1,-1,-1
152,6,0.11,437.08,83.55,145.64,0.7899,-1,-1,-1
152,9,853.12,284.70,65.34,128.27,0.6588,-1,-1,-1
152,11,193.62,280.52,61.46,128.57,0.8595,-1,-1,-1
152,13,431.27,285.76,58.43,122.07,0.9062,-1,-1,-1
152,14,740.54,167.57,41.64,115.05,0.6879,-1,-1,-1
152,15,1062.57,377.79,85.01,115.61,0.7088,-1,-1,-1
152,5,928.82,282.90,85.54,134.13,0.6818,-1,-1,-1
152,-1,634.39,132.61,63.11,104.39,0.6819,-1,-1,-1
153,0,816.04,309.81,60.62,139.98,0.7367,-1,-1,-1
153,1,896.20,339.92,102.72,136.42,0.6745,-1,-1,-1
153,5,922.25,281.05,84.72,134.60,0.7797,-1,-1,-1
153,6,0.45,436.89,80.98,146.13,0.8169,-1,-1,-1
153,9,846.76,283.08,68.09,132.52,0.6295,-1,-1,-1
153,11,193.17,279.39,61.71,126.76,0.8676,-1,-1,-1
153,13,428.47,283.22,59.41,123.78,0.9002,-1,-1,-1
153,14,734.71,166.74,39.01,114.27,0.7094,-1,-1,-1
153,15,1060.55,378.79,90.57,114.16,0.7788,-1,-1,-1
153,-1,1198.94,303.43,54.11,136.67,0.5035,-1,-1,-1
153,-1,628.46,135.61,63.90,103.77,0.7359,-1,-1,-1
154,0,810.05,309.23,60.33,140.96,0.7406,-1,-1,-1
154,1,889.80,340.59,61.62,135.58,0.6991,-1,-1,-1
154,5,912.25,279.34,86.79,135.48,0.7756,-1,-1,-1
154,6,2.30,437.01,75.31,146.53,0.7948,-1,-1,-1
154,9,844.34,281.96,67.29,130.78,0.6095,-1,-1,-1
154,11,194.39,278.30,60.55,125.27,0.8714,-1,-1,-1
154,13,426.76,280.45,59.26,124.15,0.8921,-1,-1,-1
154,14,728.96,166.14,39.66,114.95,0.7335,-1,-1,-1
154,15,1059.44,375.93,97.83,117.27,0.7783,-1,-1,-1
154,-1,1196.81,303.36,54.39,127.53,0.5535,-1,-1,-1
154,16,624.08,137.50,62.94,102.15,0.7207,-1,-1,-1
155,0,804.77,309.92,63.83,140.07,0.7169,-1,-1,-1
155,5,907.67,278.42,79.17,135.24,0.7413,-1,-1,-1
155,6,10.28,437.29,64.54,147.25,0.8144,-1,-1,-1
155,11,197.45,277.07,54.82,123.05,0.8620,-1,-1,-1
155,13,425.30,277.96,59.30,125.20,0.8901,-1,-1,-1
155,14,725.27,166.14,38.57,117.10,0.7067,-1,-1,-1
155,15,1058.39,376.70,104.55,117.20,0.7911,-1,-1,-1
155,16,621.78,138.77,62.36,101.32,0.7089,-1,-1,-1
155,9,840.21,281.72,78.86,134.72,0.5532,-1,-1,-1
155,-1,1195.55,301.08,54.44,130.25,0.5729,-1,-1,-1
155,-1,1052.72,346.99,63.43,122.30,0.6204,-1,-1,-1
156,0,800.11,309.69,69.41,140.77,0.7518,-1,-1,-1
156,5,902.39,277.85,73.88,138.68,0.7302,-1,-1,-1
156,6,20.12,437.74,53.09,149.79,0.8186,-1,-1,-1
156,11,200.80,275.03,51.96,122.99,0.8280,-1,-1,-1
156,13,424.72,276.31,58.90,125.42,0.9004,-1,-1,-1
156,14,722.26,164.78,39.16,118.94,0.7727,-1,-1,-1
156,15,1058.54,380.85,109.12,113.47,0.8052,-1,-1,-1
156,16,620.82,138.18,62.19,101.99,0.7481,-1,-1,-1
156,1,845.61,282.20,99.12,194.11,0.7299,-1,-1,-1
156,-1,1045.03,346.84,70.34,127.32,0.6597,-1,-1,-1
156,-1,1195.31,300.90,54.38,130.33,0.6242,-1,-1,-1
157,0,796.20,310.76,66.63,139.55,0.6621,-1,-1,-1
157,1,849.11,343.13,88.77,134.15,0.7395,-1,-1,-1
157,5,898.18,281.56,62.49,143.40,0.7246,-1,-1,-1
157,6,27.19,440.41,54.36,155.19,0.8322,-1,-1,-1
157,11,202.83,271.72,56.32,123.73,0.8812,-1,-1,-1
157,13,422.53,272.61,59.89,125.01,0.9056,-1,-1,-1
157,14,710.18,168.19,47.38,115.54,0.6969,-1,-1,-1
157,15,1058.69,381.72,115.04,114.69,0.7733,-1,-1,-1
157,16,619.39,133.30,61.43,107.00,0.7486,-1,-1,-1
157,-1,1195.31,300.18,55.56,128.67,0.5921,-1,-1,-1
157,-1,1043.33,344.53,66.84,131.22,0.7384,-1,-1,-1
158,0,795.44,310.12,61.64,109.47,0.6615,-1,-1,-1
158,5,903.29,283.52,56.49,145.11,0.7624,-1,-1,-1
158,6,29.50,441.74,59.46,158.16,0.8421,-1,-1,-1
158,11,203.89,269.29,60.62,125.93,0.8192,-1,-1,-1
158,13,421.92,271.29,59.92,123.01,0.8934,-1,-1,-1
158,14,708.66,166.12,47.90,117.88,0.6879,-1,-1,-1
158,15,1060.78,375.11,112.92,121.73,0.7711,-1,-1,-1
158,16,618.69,130.60,61.99,109.78,0.7607,-1,-1,-1
158,9,846.35,286.10,62.52,130.73,0.6203,-1,-1,-1
158,1,824.54,354.62,109.12,123.42,0.5735,-1,-1,-1
158,-1,1195.50,299.83,55.94,130.20,0.5916,-1,-1,-1
158,17,1042.77,342.22,67.40,134.03,0.7208,-1,-1,-1
159,0,795.59,308.14,58.54,111.95,0.6558,-1,-1,-1
159,1,805.36,335.59,121.10,140.35,0.8081,-1,-1,-1
159,5,893.63,284.69,68.08,147.11,0.7517,-1,-1,-1
159,6,29.02,444.55,67.73,157.31,0.8157,-1,-1,-1
159,9,845.10,286.37,63.62,130.76,0.6446,-1,-1,-1
159,11,204.39,267.65,63.87,125.58,0.8685,-1,-1,-1
159,13,421.65,269.76,60.65,119.68,0.8870,-1,-1,-1
159,14,708.25,165.10,47.24,118.92,0.7307,-1,-1,-1
159,15,1064.20,371.39,109.57,126.07,0.8331,-1,-1,-1
159,16,618.83,130.48,61.84,109.43,0.7701,-1,-1,-1
159,17,1043.26,339.60,67.33,136.44,0.7244,-1,-1,-1
159,-1,1195.95,299.40,56.07,128.50,0.5778,-1,-1,-1
160,0,796.35,306.59,55.05,113.30,0.6059,-1,-1,-1
160,1,796.95,331.75,116.47,148.69,0.7941,-1,-1,-1
160,5,895.60,284.97,64.79,148.03,0.7898,-1,-1,-1
160,6,27.02,446.12,76.85,157.48,0.8128,-1,-1,-1
160,9,846.86,285.81,61.75,131.26,0.7487,-1,-1,-1
160,11,205.78,266.03,65.44,126.07,0.8699,-1,-1,-1
160,13,421.38,268.59,61.24,118.16,0.8979,-1,-1,-1
160,14,708.21,166.69,46.31,117.02,0.7570,-1,-1,-1
160,15,1066.84,369.36,107.33,129.08,0.8623,-1,-1,-1
160,16,618.98,128.87,61.75,111.53,0.8054,-1,-1,-1
160,17,1042.71,336.01,66.51,139.97,0.8210,-1,-1,-1
160,-1,1196.68,298.17,55.28,129.48,0.5790,-1,-1,-1
161,1,795.65,329.36,76.04,151.13,0.7335,-1,-1,-1
161,5,894.45,287.44,64.08,147.88,0.7636,-1,-1,-1
161,6,27.17,447.30,83.33,156.97,0.8252,-1,-1,-1
161,9,845.24,285.05,64.08,132.15,0.7508,-1,-1,-1
161,11,208.01,265.07,66.07,127.05,0.8856,-1,-1,-1
161,13,421.44,267.54,61.34,118.14,0.9000,-1,-1,-1
161,14,708.11,164.79,43.69,118.34,0.7764,-1,-1,-1
161,15,1072.48,366.93,103.54,133.10,0.8795,-1,-1,-1
161,16,621.17,128.17,58.95,112.05,0.8045,-1,-1,-1
161,17,1037.76,334.10,74.89,141.77,0.8593,-1,-1,-1
161,-1,1197.57,297.15,54.78,132.03,0.5894,-1,-1,-1
162,1,787.97,332.13,64.53,149.19,0.7069,-1,-1,-1
162,5,890.34,288.05,53.20,152.84,0.7214,-1,-1,-1
162,6,30.42,451.20,85.20,156.98,0.8271,-1,-1,-1
162,9,840.51,284.99,66.45,131.28,0.7099,-1,-1,-1
162,11,211.73,264.16,68.64,128.79,0.8879,-1,-1,-1
162,13,421.42,267.30,61.38,118.52,0.9019,-1,-1,-1
162,14,708.26,162.86,38.67,119.75,0.7544,-1,-1,-1
162,15,1086.72,364.00,91.49,137.19,0.7793,-1,-1,-1
162,16,628.25,128.85,51.69,117.89,0.7724,-1,-1,-1
162,17,1036.74,333.47,81.88,145.94,0.8346,-1,-1,-1
162,-1,1200.03,295.39,52.81,133.06,0.5599,-1,-1,-1
163,1,762.16,329.45,85.87,152.66,0.8010,-1,-1,-1
163,5,887.83,292.29,52.76,152.29,0.6334,-1,-1,-1
163,6,32.73,453.35,84.95,157.16,0.8046,-1,-1,-1
163,11,215.11,263.70,68.26,130.60,0.8763,-1,-1,-1
163,13,421.54,267.53,61.49,118.53,0.8969,-1,-1,-1
163,14,708.37,162.18,36.36,120.19,0.7568,-1,-1,-1
163,15,1096.62,366.04,83.11,135.34,0.7869,-1,-1,-1
163,16,628.60,131.16,51.14,119.00,0.7963,-1,-1,-1
163,17,1037.96,333.85,75.71,148.04,0.8684,-1,-1,-1
163,9,838.98,284.82,68.28,133.17,0.5913,-1,-1,-1
163,-1,1201.29,294.94,54.21,133.82,0.5621,-1,-1,-1
164,1,755.34,327.00,69.58,153.89,0.7684,-1,-1,-1
164,5,878.74,293.05,60.72,152.28,0.6118,-1,-1,-1
164,6,38.40,454.62,81.34,156.75,0.7839,-1,-1,-1
164,11,218.82,263.11,66.83,130.90,0.8792,-1,-1,-1
164,13,421.75,267.84,61.44,118.55,0.8902,-1,-1,-1
164,14,708.37,160.24,34.47,122.42,0.7367,-1,-1,-1
164,15,1107.06,365.26,73.47,136.35,0.7785,-1,-1,-1
164,16,629.41,133.19,51.04,119.18,0.7815,-1,-1,-1
164,17,1041.82,335.01,67.69,150.59,0.8824,-1,-1,-1
164,-1,1203.04,294.54,53.24,135.92,0.5185,-1,-1,-1
164,-1,815.80,304.45,39.15,151.05,0.5132,-1,-1,-1
165,1,750.32,321.97,68.72,158.47,0.7906,-1,-1,-1
165,6,45.33,454.00,74.90,157.68,0.7707,-1,-1,-1
165,11,219.65,261.24,67.33,132.24,0.8849,-1,-1,-1
165,13,422.01,268.28,61.76,118.15,0.8845,-1,-1,-1
165,14,708.62,159.77,33.60,122.86,0.7464,-1,-1,-1
165,15,1118.28,365.87,62.98,136.31,0.7850,-1,-1,-1
165,16,629.65,136.38,50.84,118.03,0.7545,-1,-1,-1
165,17,1042.96,336.60,63.48,152.84,0.8759,-1,-1,-1
165,5,880.67,294.86,56.53,150.59,0.5906,-1,-1,-1
165,-1,1204.15,293.70,51.42,134.67,0.5130,-1,-1,-1
166,1,746.53,317.97,70.24,159.35,0.7916,-1,-1,-1
166,5,875.94,291.77,58.71,153.90,0.6166,-1,-1,-1
166,6,53.04,451.96,60.29,159.90,0.7390,-1,-1,-1
166,11,222.33,259.27,65.70,136.86,0.8923,-1,-1,-1
166,13,422.52,268.75,61.73,117.55,0.8834,-1,-1,-1
166,14,707.34,159.47,33.91,122.53,0.7592,-1,-1,-1
166,15,1125.90,365.70,56.36,137.07,0.7941,-1,-1,-1
166,16,629.52,139.28,52.24,117.72,0.7795,-1,-1,-1
166,17,1043.13,339.87,61.16,150.92,0.8471,-1,-1,-1
166,0,794.60,303.92,58.27,123.01,0.6216,-1,-1,-1
166,-1,1205.30,293.30,51.12,135.66,0.5050,-1,-1,-1
167,0,794.73,302.50,58.79,153.06,0.7351,-1,-1,-1
167,1,720.32,312.33,88.69,147.19,0.7477,-1,-1,-1
167,6,75.05,453.73,44.42,159.57,0.7040,-1,-1,-1
167,11,230.00,255.11,61.05,134.14,0.8823,-1,-1,-1
167,13,424.04,269.46,61.58,117.14,0.8952,-1,-1,-1
167,14,705.54,160.53,35.20,121.25,0.7801,-1,-1,-1
167,15,1120.31,364.06,63.89,139.50,0.7688,-1,-1,-1
167,16,630.89,144.60,54.51,113.69,0.7637,-1,-1,-1
167,17,1042.96,345.00,56.17,145.82,0.8166,-1,-1,-1
167,9,842.36,286.79,76.39,159.90,0.6872,-1,-1,-1
167,-1,1208.48,291.56,49.69,135.60,0.5248,-1,-1,-1
168,0,795.42,301.10,57.52,154.46,0.7444,-1,-1,-1
168,1,705.04,310.49,92.55,136.05,0.8515,-1,-1,-1
168,6,79.66,455.61,45.80,157.54,0.6110,-1,-1,-1
168,9,840.34,284.99,73.88,162.23,0.7991,-1,-1,-1
168,11,234.79,252.92,56.72,133.13,0.8912,-1,-1,-1
168,13,424.58,269.18,61.35,117.47,0.8937,-1,-1,-1
168,14,704.69,160.67,35.93,120.91,0.7785,-1,-1,-1
168,15,1119.43,359.90,64.87,143.67,0.7584,-1,-1,-1
168,16,630.79,145.58,56.46,114.73,0.7505,-1,-1,-1
168,17,1043.19,346.04,53.39,145.43,0.8416,-1,-1,-1
168,-1,1209.96,290.79,49.50,135.27,0.5034,-1,-1,-1
169,0,795.48,300.33,57.23,154.80,0.7750,-1,-1,-1
169,1,703.35,309.21,85.37,140.67,0.8449,-1,-1,-1
169,6,81.68,455.62,51.98,158.03,0.7093,-1,-1,-1
169,9,842.13,284.30,70.09,160.55,0.7658,-1,-1,-1
169,11,238.45,250.72,53.78,132.07,0.8563,-1,-1,-1
169,13,425.61,268.03,60.98,118.59,0.8997,-1,-1,-1
169,14,703.89,160.29,36.97,121.02,0.7919,-1,-1,-1
169,15,1120.79,355.24,64.66,146.88,0.7210,-1,-1,-1
169,16,632.48,147.03,57.58,114.00,0.7885,-1,-1,-1
169,17,1044.33,344.29,54.26,147.01,0.8474,-1,-1,-1
169,-1,1211.42,289.94,49.16,136.84,0.5270,-1,-1,-1
170,0,795.32,299.17,57.51,156.07,0.7976,-1,-1,-1
170,1,702.27,307.77,77.42,143.29,0.8707,-1,-1,-1
170,6,82.14,456.21,65.25,157.15,0.7026,-1,-1,-1
170,9,842.11,284.78,67.41,160.70,0.7298,-1,-1,-1
170,11,241.32,247.69,50.33,131.46,0.8361,-1,-1,-1
170,13,425.80,266.52,61.15,119.94,0.8956,-1,-1,-1
170,14,703.35,159.90,37.28,121.15,0.8063,-1,-1,-1
170,15,1122.80,350.14,63.12,150.61,0.7687,-1,-1,-1
170,16,632.07,147.92,62.64,112.72,0.8113,-1,-1,-1
170,17,1044.40,340.68,54.75,150.99,0.8729,-1,-1,-1
171,0,794.98,299.91,56.05,136.21,0.7203,-1,-1,-1
171,1,700.91,305.68,70.15,146.08,0.8935,-1,-1,-1
171,6,81.56,461.34,81.43,153.53,0.7689,-1,-1,-1
171,9,838.24,283.23,72.02,166.43,0.7493,-1,-1,-1
171,11,243.89,246.12,47.34,132.52,0.8204,-1,-1,-1
171,13,426.48,264.88,60.57,121.52,0.8966,-1,-1,-1
171,14,703.47,159.80,37.20,122.44,0.8082,-1,-1,-1
171,15,1123.42,343.82,63.42,155.74,0.7511,-1,-1,-1
171,16,633.20,147.76,64.03,112.85,0.7884,-1,-1,-1
171,17,1044.89,335.94,53.97,155.96,0.8439,-1,-1,-1
172,0,794.13,298.97,60.19,157.61,0.7654,-1,-1,-1
172,1,673.79,299.69,83.53,148.64,0.8106,-1,-1,-1
172,6,78.77,464.49,100.02,152.66,0.8375,-1,-1,-1
172,9,841.69,289.76,62.56,160.76,0.6677,-1,-1,-1
172,11,246.89,244.64,44.95,132.30,0.8461,-1,-1,-1
172,13,426.78,260.63,60.35,126.12,0.8904,-1,-1,-1
172,14,702.91,159.94,37.08,124.86,0.7888,-1,-1,-1
172,15,1125.06,343.53,63.93,147.86,0.7721,-1,-1,-1
172,16,636.60,148.17,67.60,112.17,0.7832,-1,-1,-1
172,17,1041.88,328.66,55.18,159.20,0.8685,-1,-1,-1
173,0,793.69,289.36,62.02,167.61,0.7293,-1,-1,-1
173,1,657.53,297.28,95.57,150.87,0.8370,-1,-1,-1
173,6,76.93,466.08,102.72,153.02,0.8211,-1,-1,-1
173,9,833.91,293.89,61.82,157.37,0.6974,-1,-1,-1
173,11,247.53,244.32,47.27,132.58,0.8453,-1,-1,-1
173,13,426.39,258.27,60.04,125.90,0.8825,-1,-1,-1
173,14,701.14,159.78,38.64,126.30,0.7471,-1,-1,-1
173,15,1126.00,343.29,64.81,140.66,0.7705,-1,-1,-1
173,16,635.51,148.24,69.95,112.29,0.8114,-1,-1,-1
173,17,1040.99,325.86,55.60,158.07,0.8685,-1,-1,-1
173,5,853.69,282.90,59.43,136.15,0.6159,-1,-1,-1
173,-1,1216.05,291.13,60.96,137.60,0.5012,-1,-1,-1
174,0,794.03,288.92,63.11,167.29,0.6683,-1,-1,-1
174,1,647.12,294.01,102.55,147.36,0.8611,-1,-1,-1
174,6,75.84,466.93,105.38,152.60,0.8110,-1,-1,-1
174,9,829.17,288.33,62.83,164.45,0.6174,-1,-1,-1
174,11,248.14,243.75,49.32,132.76,0.8178,-1,-1,-1
174,13,425.39,255.44,60.88,126.52,0.8897,-1,-1,-1
174,14,697.07,159.74,42.72,127.86,0.7504,-1,-1,-1
174,15,1125.88,342.27,66.96,135.36,0.7319,-1,-1,-1
174,16,634.33,147.87,71.75,112.37,0.8252,-1,-1,-1
174,17,1039.78,323.46,56.91,154.27,0.8611,-1,-1,-1
174,5,854.38,282.34,57.67,136.35,0.5202,-1,-1,-1
175,1,641.89,292.31,105.99,142.14,0.8775,-1,-1,-1
175,5,850.04,281.05,61.27,137.66,0.6617,-1,-1,-1
175,6,76.11,467.75,104.11,153.01,0.8527,-1,-1,-1
175,9,827.09,288.74,62.36,162.10,0.6080,-1,-1,-1
175,11,247.81,242.83,50.25,132.08,0.8691,-1,-1,-1
175,13,425.23,253.21,60.33,126.57,0.8922,-1,-1,-1
175,14,697.70,159.42,42.47,129.48,0.7359,-1,-1,-1
175,15,1124.18,341.22,84.44,135.76,0.6702,-1,-1,-1
175,16,634.27,146.99,73.83,113.86,0.8429,-1,-1,-1
175,17,1037.94,321.47,60.38,150.27,0.8705,-1,-1,-1
175,0,793.54,287.74,68.58,166.97,0.5913,-1,-1,-1
175,-1,1217.52,291.03,57.92,138.33,0.5156,-1,-1,-1
176,0,790.86,286.14,62.00,165.49,0.7614,-1,-1,-1
176,1,638.90,290.49,106.70,132.96,0.8920,-1,-1,-1
176,5,850.58,280.19,60.01,138.72,0.6929,-1,-1,-1
176,6,81.17,468.05,98.22,153.49,0.8689,-1,-1,-1
176,9,826.83,286.55,59.03,164.14,0.7499,-1,-1,-1
176,11,246.13,242.15,51.84,132.32,0.8855,-1,-1,-1
176,13,424.41,250.26,60.66,125.91,0.8942,-1,-1,-1
176,14,700.42,161.75,40.61,127.88,0.7308,-1,-1,-1
176,15,1121.46,339.20,67.08,138.10,0.7323,-1,-1,-1
176,16,633.49,147.13,76.31,116.51,0.8261,-1,-1,-1
176,17,1035.48,320.79,63.38,147.70,0.8838,-1,-1,-1
176,-1,1217.81,290.57,57.66,139.09,0.5015,-1,-1,-1
177,0,785.28,290.34,67.37,162.28,0.7886,-1,-1,-1
177,1,635.54,289.71,87.64,129.48,0.8940,-1,-1,-1
177,5,845.78,279.15,63.18,142.04,0.7230,-1,-1,-1
177,6,96.02,468.69,78.66,154.58,0.8497,-1,-1,-1
177,11,245.09,241.02,50.05,130.74,0.8671,-1,-1,-1
177,13,422.25,247.64,61.58,121.13,0.8951,-1,-1,-1
177,14,696.26,166.86,47.09,125.55,0.7274,-1,-1,-1
177,15,1115.33,325.98,64.89,149.49,0.8123,-1,-1,-1
177,16,634.60,148.34,78.31,125.74,0.7880,-1,-1,-1
177,17,1029.07,322.47,69.08,146.40,0.8939,-1,-1,-1
177,9,824.56,285.53,56.21,157.29,0.5825,-1,-1,-1
178,0,784.43,295.52,68.76,157.43,0.7715,-1,-1,-1
178,1,634.65,286.65,88.11,133.38,0.8765,-1,-1,-1
178,5,841.24,278.72,66.86,146.38,0.7453,-1,-1,-1
178,6,105.83,468.21,67.03,156.34,0.8411,-1,-1,-1
178,11,245.51,240.18,50.52,127.10,0.8799,-1,-1,-1
178,13,421.38,247.29,61.92,119.04,0.8988,-1,-1,-1
178,14,695.29,168.31,50.29,125.72,0.7171,-1,-1,-1
178,15,1111.04,324.45,67.06,149.54,0.8426,-1,-1,-1
178,16,635.34,154.12,75.17,124.05,0.7728,-1,-1,-1
178,17,1027.09,322.63,67.61,148.76,0.9042,-1,-1,-1
179,0,784.01,297.04,68.59,156.90,0.7652,-1,-1,-1
179,1,633.22,282.80,89.22,137.13,0.8881,-1,-1,-1
179,5,842.64,279.09,65.27,144.92,0.7710,-1,-1,-1
179,6,115.58,468.86,56.08,158.79,0.8566,-1,-1,-1
179,11,247.11,239.15,50.91,126.27,0.8794,-1,-1,-1
179,13,420.56,247.12,62.10,117.41,0.8983,-1,-1,-1
179,14,694.94,170.04,51.82,125.58,0.7198,-1,-1,-1
179,15,1108.02,318.87,67.85,151.81,0.8253,-1,-1,-1
179,16,636.19,160.90,75.06,119.23,0.8006,-1,-1,-1
179,17,1025.97,322.64,65.96,150.00,0.9053,-1,-1,-1
180,0,782.08,307.06,68.45,146.08,0.7258,-1,-1,-1
180,1,631.10,277.07,92.69,141.00,0.8852,-1,-1,-1
180,5,841.95,279.22,66.15,142.30,0.7914,-1,-1,-1
180,6,126.31,469.65,42.83,162.11,0.8425,-1,-1,-1
180,11,247.70,237.38,51.51,127.45,0.8598,-1,-1,-1
180,13,419.76,247.26,61.57,118.48,0.8985,-1,-1,-1
180,14,692.96,171.22,54.16,124.09,0.6781,-1,-1,-1
180,15,1105.61,314.68,69.69,147.32,0.7934,-1,-1,-1
180,16,636.13,167.18,72.59,113.55,0.7568,-1,-1,-1
180,17,1025.00,321.57,63.47,150.61,0.8737,-1,-1,-1
181,0,781.00,298.82,69.08,154.90,0.8270,-1,-1,-1
181,1,630.30,273.94,95.44,141.44,0.8612,-1,-1,-1
181,5,842.14,279.20,66.11,142.11,0.8176,-1,-1,-1
181,6,130.27,470.39,41.91,164.66,0.8263,-1,-1,-1
181,11,247.38,235.09,52.61,129.36,0.8533,-1,-1,-1
181,13,419.20,247.40,61.27,118.58,0.9010,-1,-1,-1
181,14,688.62,171.92,59.23,123.19,0.7328,-1,-1,-1
181,15,1102.77,313.02,69.62,140.20,0.7155,-1,-1,-1
181,16,635.93,171.22,70.23,109.17,0.7311,-1,-1,-1
181,17,1023.86,318.57,62.42,152.24,0.8541,-1,-1,-1
181,-1,801.49,264.11,48.93,134.13,0.5136,-1,-1,-1
182,0,780.62,297.88,66.53,155.60,0.8242,-1,-1,-1
182,1,634.87,265.06,98.78,142.16,0.8582,-1,-1,-1
182,5,838.26,279.69,68.79,142.58,0.8505,-1,-1,-1
182,6,128.71,475.38,66.16,165.05,0.8009,-1,-1,-1
182,11,247.25,230.86,55.87,133.77,0.8243,-1,-1,-1
182,13,418.90,248.01,60.86,119.13,0.8894,-1,-1,-1
182,14,677.41,177.93,71.78,116.70,0.7144,-1,-1,-1
182,15,1098.05,312.23,58.12,128.05,0.7408,-1,-1,-1
182,16,636.17,182.13,51.11,101.05,0.6131,-1,-1,-1
182,17,1021.78,312.73,58.94,155.77,0.8156,-1,-1,-1
183,0,780.21,296.71,66.75,156.83,0.8319,-1,-1,-1
183,1,638.89,258.50,97.72,145.12,0.8584,-1,-1,-1
183,5,836.34,279.65,70.07,142.90,0.8633,-1,-1,-1
183,6,126.72,478.34,78.67,163.29,0.8187,-1,-1,-1
183,11,247.24,230.65,56.71,133.79,0.8372,-1,-1,-1
183,13,418.50,248.16,61.18,119.12,0.8791,-1,-1,-1
183,14,677.04,179.65,72.66,114.99,0.6216,-1,-1,-1
183,15,1093.77,314.17,57.86,125.52,0.7295,-1,-1,-1
183,16,635.27,186.26,47.38,95.87,0.6472,-1,-1,-1
183,17,1020.43,310.50,56.97,156.07,0.8281,-1,-1,-1
184,0,773.76,306.50,73.10,147.48,0.8353,-1,-1,-1
184,1,643.08,258.71,88.28,138.51,0.7435,-1,-1,-1
184,5,835.13,280.32,70.65,142.70,0.8578,-1,-1,-1
184,6,125.47,481.58,87.05,161.98,0.8194,-1,-1,-1
184,11,247.11,229.41,57.27,135.60,0.8576,-1,-1,-1
184,13,417.85,248.28,60.68,119.73,0.8753,-1,-1,-1
184,14,667.20,181.48,80.72,124.12,0.6627,-1,-1,-1
184,15,1089.38,309.28,61.24,130.07,0.7745,-1,-1,-1
184,17,1018.20,308.79,56.81,151.96,0.8647,-1,-1,-1
184,16,633.58,187.72,46.55,98.32,0.5514,-1,-1,-1
185,0,770.87,302.45,74.72,154.92,0.8162,-1,-1,-1
185,1,645.33,256.52,100.10,136.49,0.8041,-1,-1,-1
185,5,832.83,280.79,72.23,142.68,0.8502,-1,-1,-1
185,6,123.14,485.60,92.17,159.18,0.8007,-1,-1,-1
185,11,246.73,227.39,58.87,138.54,0.8426,-1,-1,-1
185,13,417.26,248.24,60.57,120.38,0.8754,-1,-1,-1
185,15,1083.22,297.63,65.76,141.79,0.7526,-1,-1,-1
185,17,1014.38,307.58,57.28,146.56,0.8439,-1,-1,-1
185,14,676.89,187.02,70.40,110.68,0.5506,-1,-1,-1
185,16,631.00,192.85,43.91,91.30,0.5804,-1,-1,-1
185,-1,767.88,253.33,64.10,149.72,0.5280,-1,-1,-1
186,0,771.11,306.81,73.92,153.26,0.8516,-1,-1,-1
186,1,648.02,254.60,103.14,131.10,0.8423,-1,-1,-1
186,5,830.52,281.24,73.37,142.56,0.8710,-1,-1,-1
186,6,122.02,487.26,95.76,160.41,0.7622,-1,-1,-1
186,11,247.16,228.65,60.58,138.36,0.8346,-1,-1,-1
186,13,415.64,247.68,61.41,121.81,0.8773,-1,-1,-1
186,15,1076.39,295.69,72.00,140.80,0.7779,-1,-1,-1
186,17,1009.78,306.43,59.21,143.22,0.8576,-1,-1,-1
186,9,761.45,253.27,67.12,151.04,0.7218,-1,-1,-1
186,16,626.12,195.58,48.81,106.59,0.5956,-1,-1,-1
187,0,768.78,308.78,74.63,154.50,0.8521,-1,-1,-1
187,1,648.59,247.81,116.88,131.79,0.8408,-1,-1,-1
187,5,826.63,282.16,75.01,143.64,0.8324,-1,-1,-1
187,6,123.12,489.63,92.61,163.21,0.7771,-1,-1,-1
187,9,757.57,254.97,66.78,150.68,0.6869,-1,-1,-1
187,11,247.17,230.74,61.89,137.68,0.8467,-1,-1,-1
187,13,411.15,246.24,64.15,124.44,0.8804,-1,-1,-1
187,15,1063.73,289.38,79.57,144.59,0.8082,-1,-1,-1
187,17,1004.50,302.05,58.69,140.82,0.8558,-1,-1,-1
187,16,618.10,204.87,54.98,105.51,0.5488,-1,-1,-1
187,-1,651.87,197.59,91.59,91.05,0.5156,-1,-1,-1
188,0,769.40,309.28,71.44,154.80,0.8604,-1,-1,-1
188,1,645.72,240.06,115.69,135.51,0.7846,-1,-1,-1
188,5,827.32,282.39,73.48,144.88,0.8227,-1,-1,-1
188,6,128.75,491.26,85.00,163.50,0.7735,-1,-1,-1
188,9,756.26,254.81,60.18,151.94,0.8297,-1,-1,-1
188,11,246.39,230.48,61.95,138.06,0.8235,-1,-1,-1
188,13,410.12,245.98,64.22,125.22,0.8853,-1,-1,-1
188,15,1056.59,286.53,82.41,139.87,0.8108,-1,-1,-1
188,17,1001.81,298.04,58.99,145.23,0.8406,-1,-1,-1
188,16,606.58,210.39,61.21,101.02,0.5914,-1,-1,-1
189,0,768.92,310.79,70.28,155.01,0.8689,-1,-1,-1
189,1,644.04,239.86,108.32,131.01,0.7527,-1,-1,-1
189,5,826.13,282.99,74.32,145.22,0.8311,-1,-1,-1
189,6,135.93,492.65,75.08,163.50,0.7916,-1,-1,-1
189,9,755.17,254.42,58.71,152.76,0.8394,-1,-1,-1
189,11,246.94,230.18,61.98,138.20,0.8546,-1,-1,-1
189,13,408.83,245.96,64.48,125.35,0.8792,-1,-1,-1
189,15,1050.08,283.34,81.75,133.90,0.8341,-1,-1,-1
189,17,999.24,293.61,60.34,150.70,0.8517,-1,-1,-1
189,16,596.50,215.28,67.75,86.45,0.5763,-1,-1,-1
190,0,766.69,311.29,71.69,157.77,0.8569,-1,-1,-1
190,1,634.44,230.19,116.48,141.72,0.8074,-1,-1,-1
190,5,826.74,283.71,72.70,145.66,0.8193,-1,-1,-1
190,6,144.56,492.74,63.16,164.98,0.7718,-1,-1,-1
190,9,753.69,253.48,59.15,154.02,0.8481,-1,-1,-1
190,11,252.91,230.22,54.30,124.74,0.7907,-1,-1,-1
190,13,408.23,246.46,63.98,125.54,0.8891,-1,-1,-1
190,15,1043.76,281.41,81.27,125.75,0.7821,-1,-1,-1
190,17,995.87,288.65,65.68,155.79,0.8407,-1,-1,-1
190,16,591.25,215.98,71.36,94.74,0.5793,-1,-1,-1
191,0,763.98,313.27,73.56,159.07,0.8804,-1,-1,-1
191,1,626.00,238.31,117.70,132.86,0.8448,-1,-1,-1
191,5,813.15,285.21,84.81,144.83,0.8333,-1,-1,-1
191,6,155.50,494.88,51.09,164.04,0.7783,-1,-1,-1
191,9,751.90,252.55,60.07,154.87,0.8599,-1,-1,-1
191,11,253.23,229.85,53.72,130.88,0.8118,-1,-1,-1
191,13,407.26,246.81,63.25,126.01,0.8894,-1,-1,-1
191,15,1037.65,279.30,77.67,122.60,0.7709,-1,-1,-1
191,16,585.33,217.62,78.27,102.01,0.6963,-1,-1,-1
191,17,993.36,283.72,58.99,159.20,0.8326,-1,-1,-1
192,0,757.66,331.84,77.03,144.22,0.7845,-1,-1,-1
192,1,618.80,253.42,112.57,119.06,0.7024,-1,-1,-1
192,5,816.62,287.66,78.30,144.31,0.7515,-1,-1,-1
192,6,167.24,497.27,47.86,164.92,0.7549,-1,-1,-1
192,9,749.05,247.79,64.22,157.10,0.8027,-1,-1,-1
192,11,254.00,229.97,51.08,131.34,0.7765,-1,-1,-1
192,13,404.57,247.36,63.30,127.76,0.8668,-1,-1,-1
192,15,1023.23,271.41,66.26,132.99,0.7042,-1,-1,-1
192,16,575.50,216.02,89.69,122.25,0.7680,-1,-1,-1
192,17,986.12,277.70,56.90,156.49,0.7959,-1,-1,-1
193,0,754.58,332.64,78.56,146.42,0.8292,-1,-1,-1
193,1,619.27,251.49,112.53,119.55,0.8886,-1,-1,-1
193,5,820.01,287.79,73.32,144.92,0.7422,-1,-1,-1
193,6,167.96,499.13,55.24,164.38,0.7318,-1,-1,-1
193,9,748.02,244.87,68.33,155.94,0.7961,-1,-1,-1
193,11,252.04,231.40,52.28,128.73,0.7637,-1,-1,-1
193,13,402.52,247.82,64.11,128.42,0.8780,-1,-1,-1
193,15,1016.73,265.08,60.47,137.47,0.7189,-1,-1,-1
193,16,571.29,226.83,84.95,117.12,0.8357,-1,-1,-1
193,17,984.84,275.92,56.38,149.17,0.8088,-1,-1,-1
194,0,752.99,339.24,78.45,142.95,0.6755,-1,-1,-1
194,1,618.82,251.48,116.88,119.48,0.8926,-1,-1,-1
194,5,810.49,288.71,81.11,144.35,0.7640,-1,-1,-1
194,6,165.30,500.84,71.16,163.98,0.7645,-1,-1,-1
194,9,746.15,242.22,73.06,158.74,0.7725,-1,-1,-1
194,11,249.41,232.84,53.34,126.66,0.7804,-1,-1,-1
194,13,400.47,247.22,64.03,129.07,0.8808,-1,-1,-1
194,15,1007.61,259.03,64.85,142.57,0.7080,-1,-1,-1
194,16,567.93,231.15,67.97,118.51,0.8094,-1,-1,-1
194,17,980.18,274.89,63.47,143.63,0.7540,-1,-1,-1
194,-1,625.32,220.32,44.20,88.15,0.5289,-1,-1,-1
195,0,749.18,308.61,80.52,175.88,0.8221,-1,-1,-1
195,1,620.08,252.04,119.38,117.61,0.9015,-1,-1,-1
195,5,822.57,289.80,67.06,144.28,0.7279,-1,-1,-1
195,6,161.87,503.73,76.32,162.41,0.8122,-1,-1,-1
195,9,745.75,238.83,76.07,164.62,0.7663,-1,-1,-1
195,11,246.34,231.11,61.08,128.45,0.8595,-1,-1,-1
195,13,399.34,243.96,63.47,133.01,0.8682,-1,-1,-1
195,15,1001.52,253.22,65.41,147.65,0.6832,-1,-1,-1
195,16,566.81,235.54,72.22,116.77,0.7898,-1,-1,-1
195,17,975.50,273.05,63.58,140.19,0.7510,-1,-1,-1
195,-1,1203.82,287.09,53.18,153.83,0.5183,-1,-1,-1
196,1,620.31,249.81,110.66,118.26,0.8863,-1,-1,-1
196,5,812.16,290.51,75.30,144.34,0.7087,-1,-1,-1
196,6,159.21,506.07,84.52,161.51,0.8053,-1,-1,-1
196,11,244.05,231.35,65.20,128.48,0.8446,-1,-1,-1
196,13,399.07,233.52,61.82,143.62,0.8613,-1,-1,-1
196,16,566.25,240.20,54.45,112.64,0.7468,-1,-1,-1
196,17,973.30,272.28,58.94,140.32,0.6738,-1,-1,-1
196,9,744.84,237.00,64.60,172.48,0.5773,-1,-1,-1
197,1,616.31,245.23,94.04,122.63,0.8873,-1,-1,-1
197,5,808.20,292.03,75.29,145.64,0.7508,-1,-1,-1
197,6,154.11,510.08,103.07,162.27,0.8489,-1,-1,-1
197,9,741.24,234.43,58.00,172.48,0.6356,-1,-1,-1
197,11,239.05,232.87,69.08,126.07,0.8800,-1,-1,-1
197,13,397.74,239.11,60.32,138.98,0.8840,-1,-1,-1
197,16,561.77,246.91,52.66,106.93,0.6924,-1,-1,-1
197,17,966.84,263.96,53.84,147.82,0.7377,-1,-1,-1
197,0,740.91,311.06,78.09,175.57,0.7591,-1,-1,-1
197,-1,1197.51,282.97,54.26,149.37,0.5165,-1,-1,-1
198,0,739.34,322.12,71.95,164.83,0.8727,-1,-1,-1
198,1,614.78,242.95,92.51,125.40,0.8834,-1,-1,-1
198,5,809.49,292.91,70.83,147.34,0.8030,-1,-1,-1
198,6,151.59,511.43,107.67,162.35,0.8410,-1,-1,-1
198,9,741.15,234.33,51.89,121.53,0.6351,-1,-1,-1
198,11,236.97,232.90,69.63,126.38,0.8705,-1,-1,-1
198,13,395.76,237.88,60.99,137.84,0.8982,-1,-1,-1
198,16,558.94,248.67,51.27,105.99,0.7213,-1,-1,-1
198,17,962.78,259.75,53.22,151.32,0.8394,-1,-1,-1
198,-1,589.79,238.42,49.71,112.90,0.5241,-1,-1,-1
198,-1,1195.59,282.75,52.01,140.53,0.5145,-1,-1,-1
199,1,610.57,240.88,91.95,127.45,0.8439,-1,-1,-1
199,5,811.05,294.23,65.48,148.97,0.8423,-1,-1,-1
199,6,152.15,512.75,105.89,163.08,0.8548,-1,-1,-1
199,11,237.33,231.08,69.04,128.03,0.8603,-1,-1,-1
199,13,394.11,239.61,61.03,134.64,0.9170,-1,-1,-1
199,16,555.47,249.82,50.17,109.25,0.7813,-1,-1,-1
199,17,959.64,255.75,55.55,151.90,0.7851,-1,-1,-1
199,0,737.93,235.31,66.04,250.77,0.5654,-1,-1,-1
199,-1,1192.20,280.87,54.75,145.46,0.5697,-1,-1,-1
199,-1,586.53,241.66,47.44,125.87,0.5108,-1,-1,-1
200,0,735.32,235.36,57.70,252.15,0.7507,-1,-1,-1
200,1,605.20,240.45,80.13,128.27,0.8159,-1,-1,-1
200,5,808.72,295.79,64.77,149.92,0.8513,-1,-1,-1
200,6,155.31,513.49,101.91,163.64,0.8463,-1,-1,-1
200,11,240.39,231.79,67.01,126.98,0.8447,-1,-1,-1
200,13,392.72,239.66,61.40,131.91,0.9132,-1,-1,-1
200,16,551.43,252.45,48.28,117.30,0.7157,-1,-1,-1
200,17,951.81,254.48,60.52,150.04,0.7519,-1,-1,-1
200,-1,563.21,244.25,63.21,127.70,0.6981,-1,-1,-1
200,-1,1187.84,277.96,54.49,147.76,0.6363,-1,-1,-1
201,0,729.79,323.90,52.77,165.28,0.8640,-1,-1,-1
201,1,592.13,240.50,79.08,129.73,0.8642,-1,-1,-1
201,5,803.76,298.82,66.24,149.33,0.8646,-1,-1,-1
201,6,160.87,514.12,95.18,164.19,0.8511,-1,-1,-1
201,11,243.85,230.40,64.23,128.34,0.8158,-1,-1,-1
201,13,390.79,239.83,61.77,130.30,0.9060,-1,-1,-1
201,16,545.04,254.97,52.93,126.62,0.7883,-1,-1,-1
201,17,945.10,254.23,63.14,145.85,0.6560,-1,-1,-1
201,9,737.92,237.00,46.79,127.77,0.7273,-1,-1,-1
201,-1,583.46,245.12,37.28,124.98,0.5388,-1,-1,-1
201,-1,1185.62,276.83,53.23,149.28,0.6691,-1,-1,-1
202,0,722.60,320.42,44.22,170.98,0.8145,-1,-1,-1
202,1,580.41,241.47,86.05,131.76,0.8899,-1,-1,-1
202,5,796.25,300.20,67.30,149.79,0.8275,-1,-1,-1
202,6,175.68,514.85,74.13,166.80,0.8277,-1,-1,-1
202,9,733.82,240.91,48.42,122.94,0.6375,-1,-1,-1
202,11,253.65,228.55,59.57,130.69,0.8250,-1,-1,-1
202,13,387.31,239.95,62.27,130.94,0.8982,-1,-1,-1
202,16,538.35,263.54,56.30,129.45,0.7656,-1,-1,-1
202,-1,1171.71,277.14,60.66,147.65,0.5956,-1,-1,-1
203,0,717.11,324.99,49.76,166.77,0.7962,-1,-1,-1
203,1,576.34,243.41,86.97,131.34,0.8642,-1,-1,-1
203,5,794.14,301.05,66.86,149.16,0.8442,-1,-1,-1
203,6,186.43,515.45,59.77,170.75,0.7727,-1,-1,-1
203,9,727.04,241.86,53.33,125.38,0.6564,-1,-1,-1
203,11,255.40,228.28,57.08,131.62,0.7967,-1,-1,-1
203,13,384.35,239.80,63.45,131.72,0.8970,-1,-1,-1
203,16,538.88,267.06,53.28,132.58,0.8071,-1,-1,-1
203,17,917.25,245.07,82.36,131.90,0.7045,-1,-1,-1
203,-1,1167.40,277.57,64.25,148.14,0.6207,-1,-1,-1
204,0,713.50,325.55,48.39,166.50,0.8160,-1,-1,-1
204,1,571.38,245.74,90.45,133.88,0.8520,-1,-1,-1
204,5,795.44,302.23,63.51,148.81,0.8502,-1,-1,-1
204,6,197.59,516.71,43.81,173.81,0.7253,-1,-1,-1
204,9,723.36,241.57,52.13,123.77,0.6638,-1,-1,-1
204,11,255.36,225.45,55.32,134.10,0.7782,-1,-1,-1
204,13,380.66,239.58,66.65,132.35,0.8880,-1,-1,-1
204,16,527.96,264.41,62.59,137.33,0.8051,-1,-1,-1
204,17,913.80,240.81,74.66,134.18,0.6420,-1,-1,-1
204,-1,1165.08,277.75,65.55,148.65,0.5902,-1,-1,-1
205,0,708.48,326.31,49.02,165.39,0.7317,-1,-1,-1
205,1,567.84,249.26,91.06,132.41,0.8356,-1,-1,-1
205,5,794.95,302.57,61.24,149.52,0.8404,-1,-1,-1
205,6,200.98,518.24,40.85,175.67,0.7318,-1,-1,-1
205,9,721.10,239.76,50.89,125.77,0.6723,-1,-1,-1
205,11,256.51,226.32,55.28,131.48,0.7870,-1,-1,-1
205,13,379.88,239.87,66.54,132.59,0.8656,-1,-1,-1
205,16,518.06,252.21,76.17,150.62,0.8207,-1,-1,-1
205,17,907.36,240.91,71.26,134.72,0.7542,-1,-1,-1
205,-1,897.44,212.18,39.12,129.94,0.5157,-1,-1,-1
205,-1,1162.95,277.32,68.32,151.58,0.6023,-1,-1,-1
206,0,704.57,324.40,50.51,167.57,0.7776,-1,-1,-1
206,1,566.61,252.21,86.65,137.15,0.7963,-1,-1,-1
206,5,793.70,302.86,60.23,149.49,0.8129,-1,-1,-1
206,6,202.01,520.02,50.08,177.30,0.7120,-1,-1,-1
206,9,725.74,237.75,45.02,128.96,0.7115,-1,-1,-1
206,11,259.63,224.49,52.33,132.71,0.7667,-1,-1,-1
206,13,377.17,239.72,69.57,133.39,0.8683,-1,-1,-1
206,16,513.29,268.77,72.50,135.13,0.7994,-1,-1,-1
206,17,904.41,240.13,63.90,135.52,0.7356,-1,-1,-1
206,-1,1160.97,276.65,65.09,150.77,0.5737,-1,-1,-1
207,0,693.56,328.92,55.96,159.24,0.8053,-1,-1,-1
207,1,562.03,255.11,78.88,127.28,0.7908,-1,-1,-1
207,5,763.53,302.95,86.16,151.12,0.8061,-1,-1,-1
207,6,196.09,524.28,80.39,176.89,0.7783,-1,-1,-1
207,9,717.63,233.43,50.49,138.06,0.7750,-1,-1,-1
207,11,262.92,221.67,60.88,137.88,0.8304,-1,-1,-1
207,13,375.57,238.49,68.33,136.22,0.8790,-1,-1,-1
207,16,514.89,258.19,73.01,147.05,0.7824,-1,-1,-1
207,17,896.05,232.46,52.59,144.94,0.7608,-1,-1,-1
207,-1,525.47,107.70,49.78,126.12,0.5375,-1,-1,-1
207,-1,1157.39,275.32,56.63,151.28,0.5253,-1,-1,-1
208,0,687.68,329.51,51.64,155.68,0.8178,-1,-1,-1
208,1,562.62,255.20,73.82,126.30,0.7701,-1,-1,-1
208,5,760.06,303.00,88.02,151.62,0.8333,-1,-1,-1
208,6,193.15,527.51,91.11,174.89,0.8152,-1,-1,-1
208,9,714.04,232.07,52.02,140.05,0.7605,-1,-1,-1
208,11,259.41,225.50,69.41,135.27,0.8431,-1,-1,-1
208,13,375.19,238.36,67.10,134.30,0.8787,-1,-1,-1
208,16,514.49,276.52,65.46,142.77,0.7538,-1,-1,-1
208,17,886.12,227.69,58.02,148.43,0.7784,-1,-1,-1
208,-1,861.60,208.43,39.93,123.18,0.5723,-1,-1,-1
208,-1,1154.52,274.64,55.96,151.84,0.5558,-1,-1,-1
208,-1,523.60,108.12,49.58,125.65,0.5057,-1,-1,-1
209,0,680.73,329.99,58.01,156.34,0.7843,-1,-1,-1
209,1,561.83,256.09,68.15,124.92,0.7839,-1,-1,-1
209,5,762.75,303.81,82.95,151.51,0.7830,-1,-1,-1
209,6,191.06,530.18,95.72,173.56,0.8392,-1,-1,-1
209,9,710.06,231.82,53.64,149.81,0.7865,-1,-1,-1
209,11,256.73,227.37,74.69,134.08,0.8555,-1,-1,-1
209,13,373.89,238.21,67.69,132.88,0.8884,-1,-1,-1
209,16,513.17,284.18,65.95,148.09,0.6745,-1,-1,-1
209,17,878.29,223.46,61.73,152.56,0.7618,-1,-1,-1
209,-1,1151.52,269.82,53.92,154.73,0.5779,-1,-1,-1
209,-1,854.24,205.48,41.55,126.67,0.5634,-1,-1,-1
209,-1,521.91,108.35,48.25,126.38,0.5004,-1,-1,-1
210,0,674.91,330.73,59.54,155.68,0.7476,-1,-1,-1
210,1,556.35,256.80,67.13,129.10,0.7852,-1,-1,-1
210,5,755.27,304.76,88.21,151.29,0.7996,-1,-1,-1
210,6,188.32,532.40,99.52,173.83,0.8219,-1,-1,-1
210,9,706.28,231.84,54.05,158.04,0.8279,-1,-1,-1
210,11,253.86,227.83,78.67,133.96,0.8074,-1,-1,-1
210,13,372.97,238.81,67.67,131.30,0.8629,-1,-1,-1
210,16,512.77,286.26,68.14,154.60,0.6713,-1,-1,-1
210,17,870.27,221.27,66.63,151.14,0.7505,-1,-1,-1
210,-1,1149.19,269.76,55.76,151.72,0.5930,-1,-1,-1
210,-1,519.61,108.52,48.77,127.07,0.5258,-1,-1,-1
210,-1,848.02,199.92,43.79,132.91,0.5182,-1,-1,-1
211,0,668.45,331.25,62.80,154.94,0.7373,-1,-1,-1
211,1,553.07,257.93,65.71,132.10,0.8427,-1,-1,-1
211,5,754.24,305.13,87.07,151.03,0.7842,-1,-1,-1
211,6,187.18,533.74,99.70,174.73,0.7936,-1,-1,-1
211,9,702.76,233.11,54.56,159.00,0.8437,-1,-1,-1
211,11,252.18,228.91,80.95,133.27,0.7748,-1,-1,-1
211,13,373.39,239.76,66.64,130.09,0.8625,-1,-1,-1
211,16,512.35,293.90,58.74,156.54,0.7251,-1,-1,-1
211,17,870.49,218.91,62.83,147.65,0.7306,-1,-1,-1
211,-1,837.38,199.58,49.51,133.83,0.5756,-1,-1,-1
211,-1,1145.35,266.42,57.18,153.54,0.5548,-1,-1,-1
211,-1,517.21,107.85,48.92,128.14,0.5295,-1,-1,-1
212,0,638.98,333.77,87.59,158.74,0.8178,-1,-1,-1
212,1,543.86,260.54,68.74,133.47,0.8600,-1,-1,-1
212,5,750.63,305.31,88.00,151.78,0.8251,-1,-1,-1
212,6,191.54,535.56,92.03,175.38,0.7812,-1,-1,-1
212,9,696.45,236.94,54.60,159.32,0.8366,-1,-1,-1
212,11,251.68,226.63,87.12,135.40,0.8378,-1,-1,-1
212,13,374.99,239.69,64.06,131.19,0.8599,-1,-1,-1
212,16,507.11,304.96,63.10,150.10,0.7951,-1,-1,-1
212,17,856.74,217.56,61.26,141.98,0.7072,-1,-1,-1
212,-1,1139.53,262.36,55.36,157.47,0.5622,-1,-1,-1
212,-1,822.44,189.79,49.12,140.38,0.5431,-1,-1,-1
212,-1,512.94,108.58,48.25,127.32,0.5035,-1,-1,-1
213,0,631.86,335.34,93.75,158.88,0.8886,-1,-1,-1
213,1,540.52,262.64,70.24,131.03,0.8188,-1,-1,-1
213,5,749.55,305.46,87.33,151.98,0.8266,-1,-1,-1
213,6,200.00,535.69,81.03,176.01,0.7297,-1,-1,-1
213,9,692.92,239.96,55.94,159.08,0.8367,-1,-1,-1
213,11,253.63,223.26,86.56,137.74,0.8377,-1,-1,-1
213,13,378.58,239.31,60.40,131.49,0.8585,-1,-1,-1
213,16,506.39,315.04,64.10,141.44,0.8140,-1,-1,-1
213,17,844.28,215.99,65.83,141.15,0.6604,-1,-1,-1
213,-1,1137.22,261.68,55.57,151.26,0.5440,-1,-1,-1
214,0,630.31,336.43,96.51,158.84,0.8433,-1,-1,-1
214,1,538.89,263.92,69.67,129.68,0.7729,-1,-1,-1
214,5,749.51,305.56,85.98,152.40,0.8144,-1,-1,-1
214,6,207.76,535.95,70.85,175.88,0.6557,-1,-1,-1
214,9,690.33,242.54,57.26,158.05,0.8223,-1,-1,-1
214,11,258.73,222.90,79.06,135.48,0.7846,-1,-1,-1
214,13,380.88,237.07,58.14,134.15,0.8435,-1,-1,-1
214,16,505.57,317.90,64.09,138.35,0.7942,-1,-1,-1
214,17,843.06,214.98,56.60,139.11,0.6262,-1,-1,-1
214,-1,808.48,184.77,47.91,133.07,0.5392,-1,-1,-1
214,-1,1133.48,260.99,60.99,155.57,0.5341,-1,-1,-1
214,-1,470.71,300.25,63.69,114.33,0.6053,-1,-1,-1
215,0,628.99,336.76,94.60,158.69,0.8553,-1,-1,-1
215,1,536.09,266.37,71.24,127.09,0.7899,-1,-1,-1
215,5,748.31,305.47,84.07,152.38,0.8164,-1,-1,-1
215,6,217.65,535.72,59.42,176.43,0.6545,-1,-1,-1
215,9,688.71,244.68,56.88,157.55,0.8081,-1,-1,-1
215,11,263.98,222.50,71.31,133.30,0.7899,-1,-1,-1
215,13,379.65,230.43,59.23,140.77,0.8246,-1,-1,-1
215,16,504.31,319.79,68.63,136.53,0.7686,-1,-1,-1
215,17,837.53,213.12,49.62,137.69,0.6182,-1,-1,-1
215,-1,1129.91,260.13,64.76,154.21,0.5520,-1,-1,-1
215,-1,800.63,178.39,49.22,126.47,0.5117,-1,-1,-1
215,-1,460.05,286.25,71.64,133.08,0.7257,-1,-1,-1
216,0,626.67,336.85,93.48,159.07,0.8962,-1,-1,-1
216,1,530.15,269.00,74.55,124.45,0.7698,-1,-1,-1
216,5,746.81,307.32,81.53,150.82,0.8249,-1,-1,-1
216,6,227.97,536.30,48.63,176.51,0.6550,-1,-1,-1
216,9,687.46,245.75,56.88,157.95,0.8302,-1,-1,-1
216,11,268.87,220.35,64.69,132.29,0.7876,-1,-1,-1
216,13,370.54,218.37,68.39,152.68,0.8001,-1,-1,-1
216,16,502.36,320.27,70.17,136.24,0.8235,-1,-1,-1
216,17,829.56,210.42,53.87,139.43,0.6498,-1,-1,-1
216,-1,1127.51,259.52,66.69,151.89,0.5568,-1,-1,-1
216,-1,792.21,176.36,49.17,129.66,0.5092,-1,-1,-1
216,18,450.67,291.58,77.14,130.50,0.8315,-1,-1,-1
217,0,625.98,334.57,80.94,161.12,0.9029,-1,-1,-1
217,1,521.36,274.92,80.11,118.42,0.6027,-1,-1,-1
217,5,735.82,305.94,84.36,152.99,0.7772,-1,-1,-1
217,9,688.46,247.20,51.76,159.12,0.8048,-1,-1,-1
217,11,278.20,203.69,51.62,145.30,0.8175,-1,-1,-1
217,13,381.07,237.53,57.84,129.53,0.8308,-1,-1,-1
217,16,506.28,324.50,94.05,158.18,0.8039,-1,-1,-1
217,17,810.35,207.98,69.35,139.28,0.6910,-1,-1,-1
217,18,445.41,301.96,76.40,120.33,0.8425,-1,-1,-1
217,6,237.67,537.66,49.74,176.23,0.5951,-1,-1,-1
217,-1,1121.92,258.54,71.66,149.81,0.5777,-1,-1,-1
217,-1,778.71,172.40,49.58,142.31,0.5579,-1,-1,-1
218,0,626.28,332.90,72.78,162.00,0.8842,-1,-1,-1
218,5,729.92,306.19,84.87,153.40,0.7557,-1,-1,-1
218,6,236.89,538.47,65.69,175.43,0.6719,-1,-1,-1
218,9,688.53,247.44,49.51,158.93,0.8570,-1,-1,-1
218,11,283.26,195.70,45.52,152.25,0.7650,-1,-1,-1
218,13,380.03,235.04,58.18,131.02,0.8173,-1,-1,-1
218,16,513.61,327.73,83.65,165.23,0.7976,-1,-1,-1
218,17,798.32,206.10,77.32,137.37,0.6009,-1,-1,-1
218,18,444.16,305.90,75.77,116.68,0.7842,-1,-1,-1
218,1,513.89,277.04,66.63,85.85,0.5656,-1,-1,-1
218,-1,1117.91,256.73,73.71,148.50,0.6071,-1,-1,-1
219,0,622.74,331.33,68.91,163.49,0.8816,-1,-1,-1
219,1,509.41,277.54,76.09,93.50,0.6691,-1,-1,-1
219,5,729.98,306.02,79.02,154.45,0.7304,-1,-1,-1
219,6,234.88,540.15,84.04,174.31,0.6560,-1,-1,-1
219,9,686.45,247.24,50.74,159.48,0.8458,-1,-1,-1
219,11,283.94,192.34,43.08,155.31,0.7550,-1,-1,-1
219,13,359.20,211.52,78.10,153.80,0.7859,-1,-1,-1
219,16,517.90,332.19,76.50,166.26,0.7873,-1,-1,-1
219,17,787.06,205.51,79.91,133.56,0.6048,-1,-1,-1
219,18,440.99,308.70,77.46,114.64,0.7667,-1,-1,-1
219,-1,1115.21,253.61,72.86,151.40,0.5874,-1,-1,-1
219,-1,764.27,170.38,44.89,130.64,0.5417,-1,-1,-1
219,-1,498.14,106.03,50.32,129.71,0.5162,-1,-1,-1
220,0,620.19,330.23,63.95,164.81,0.8834,-1,-1,-1
220,1,512.04,277.53,73.16,110.26,0.6990,-1,-1,-1
220,5,731.39,305.57,71.73,157.08,0.7539,-1,-1,-1
220,6,233.78,541.51,97.68,173.39,0.6464,-1,-1,-1
220,9,684.29,246.17,52.13,160.59,0.8640,-1,-1,-1
220,11,284.12,190.53,41.65,155.59,0.7439,-1,-1,-1
220,13,367.95,216.79,69.28,148.11,0.8278,-1,-1,-1
220,16,514.01,337.86,77.69,167.71,0.8232,-1,-1,-1
220,17,783.46,205.98,76.29,130.57,0.6809,-1,-1,-1
220,18,433.19,311.60,84.40,116.65,0.7896,-1,-1,-1
220,-1,1113.83,251.27,68.32,153.02,0.5988,-1,-1,-1
220,-1,496.72,106.49,49.61,129.31,0.5266,-1,-1,-1
220,-1,757.75,168.91,42.64,130.71,0.6346,-1,-1,-1
221,0,616.44,329.91,63.96,164.47,0.9011,-1,-1,-1
221,1,510.94,277.32,69.47,116.33,0.7616,-1,-1,-1
221,5,729.14,306.01,67.22,159.79,0.7289,-1,-1,-1
221,6,232.82,542.62,105.45,172.34,0.6833,-1,-1,-1
221,9,682.33,245.19,53.45,161.66,0.8426,-1,-1,-1
221,11,283.44,185.35,40.61,159.16,0.7250,-1,-1,-1
221,13,375.59,222.61,60.96,142.92,0.8288,-1,-1,-1
221,16,521.83,343.29,74.79,163.10,0.8532,-1,-1,-1
221,17,778.66,207.96,65.98,126.99,0.6031,-1,-1,-1
221,18,428.45,313.98,95.00,128.75,0.8218,-1,-1,-1
221,-1,1110.59,249.72,69.09,153.19,0.5915,-1,-1,-1
221,-1,749.68,165.33,48.93,131.56,0.5781,-1,-1,-1
222,0,605.12,332.21,70.89,164.28,0.7782,-1,-1,-1
222,5,725.32,306.87,62.16,163.25,0.6083,-1,-1,-1
222,6,229.93,544.96,111.55,171.05,0.6326,-1,-1,-1
222,9,678.48,242.84,58.24,164.58,0.6450,-1,-1,-1
222,11,280.92,177.52,43.44,164.76,0.6323,-1,-1,-1
222,13,381.27,223.88,54.52,141.12,0.7514,-1,-1,-1
222,18,425.02,322.93,95.12,142.65,0.7894,-1,-1,-1
222,16,524.65,352.50,80.59,132.86,0.5920,-1,-1,-1
222,17,758.18,199.69,63.80,133.97,0.5408,-1,-1,-1
222,-1,491.73,104.96,51.21,129.58,0.5745,-1,-1,-1
223,0,597.58,333.11,78.14,165.14,0.8986,-1,-1,-1
223,5,710.52,305.52,72.53,165.55,0.6863,-1,-1,-1
223,6,229.09,543.88,112.56,172.44,0.6907,-1,-1,-1
223,9,677.31,241.67,56.33,165.17,0.7271,-1,-1,-1
223,11,283.14,190.84,36.55,151.11,0.7144,-1,-1,-1
223,13,372.22,221.58,64.72,143.34,0.8744,-1,-1,-1
223,16,530.82,352.92,89.44,153.57,0.8221,-1,-1,-1
223,17,763.19,202.24,55.11,133.64,0.6782,-1,-1,-1
223,18,433.68,326.31,83.57,145.51,0.8340,-1,-1,-1
223,1,514.69,268.74,60.84,156.59,0.8294,-1,-1,-1
223,-1,1101.19,235.32,55.97,155.07,0.5776,-1,-1,-1
224,0,595.61,334.29,78.94,164.68,0.8655,-1,-1,-1
224,1,505.26,263.99,71.15,161.29,0.8076,-1,-1,-1
224,5,712.36,306.53,66.14,166.06,0.6410,-1,-1,-1
224,6,232.07,543.50,109.37,172.96,0.6887,-1,-1,-1
224,9,678.32,242.15,55.88,164.66,0.7160,-1,-1,-1
224,11,283.04,191.28,35.59,149.73,0.6901,-1,-1,-1
224,13,365.91,220.98,71.92,143.89,0.8827,-1,-1,-1
224,16,541.17,352.99,77.01,160.91,0.7938,-1,-1,-1
224,17,750.02,194.63,63.89,140.49,0.6417,-1,-1,-1
224,18,441.01,331.70,76.00,143.46,0.8293,-1,-1,-1
224,-1,721.67,158.97,44.99,109.76,0.5149,-1,-1,-1
224,-1,1098.46,237.94,52.73,151.48,0.6026,-1,-1,-1
225,0,593.52,335.21,79.76,163.25,0.8418,-1,-1,-1
225,1,511.03,259.09,65.92,164.50,0.8588,-1,-1,-1
225,5,721.92,323.39,53.49,148.65,0.6585,-1,-1,-1
225,6,238.20,542.77,102.00,172.95,0.6834,-1,-1,-1
225,9,679.79,243.13,52.08,164.71,0.7687,-1,-1,-1
225,11,283.40,191.15,34.68,149.00,0.6872,-1,-1,-1
225,13,364.11,220.57,73.89,144.44,0.8698,-1,-1,-1
225,16,548.85,357.38,72.00,165.35,0.8401,-1,-1,-1
225,17,739.53,188.96,69.66,144.65,0.7374,-1,-1,-1
225,18,437.39,337.42,78.50,137.81,0.8491,-1,-1,-1
225,-1,1095.53,237.61,52.70,145.33,0.5622,-1,-1,-1
225,-1,488.15,105.25,50.03,128.04,0.5241,-1,-1,-1
226,0,604.67,335.14,67.00,158.98,0.7957,-1,-1,-1
226,1,493.90,252.58,81.02,168.68,0.8296,-1,-1,-1
226,5,721.07,325.98,50.87,146.14,0.6886,-1,-1,-1
226,6,246.42,542.37,92.31,171.53,0.6064,-1,-1,-1
226,9,681.27,245.09,47.95,165.82,0.7282,-1,-1,-1
226,11,283.99,190.68,33.97,148.97,0.6631,-1,-1,-1
226,13,367.01,221.03,71.21,144.28,0.8352,-1,-1,-1
226,16,559.24,360.99,58.56,168.21,0.8195,-1,-1,-1
226,18,436.52,340.81,80.85,134.37,0.7568,-1,-1,-1
226,17,747.52,187.15,56.96,145.08,0.5877,-1,-1,-1
226,-1,1092.48,235.39,50.70,150.96,0.5685,-1,-1,-1
226,-1,485.37,105.39,50.62,128.99,0.5197,-1,-1,-1
227,0,602.30,333.56,65.18,159.96,0.7235,-1,-1,-1
227,1,486.32,242.45,88.08,158.20,0.8557,-1,-1,-1
227,5,716.80,327.13,47.80,144.75,0.6906,-1,-1,-1
227,9,683.91,248.31,42.67,163.46,0.7093,-1,-1,-1
227,11,279.74,193.80,36.65,145.56,0.6611,-1,-1,-1
227,13,378.67,219.29,64.61,145.44,0.8298,-1,-1,-1
227,16,574.65,369.92,55.73,173.75,0.6542,-1,-1,-1
227,17,736.48,185.01,59.97,141.76,0.6065,-1,-1,-1
227,18,434.33,344.73,94.90,130.55,0.6080,-1,-1,-1
227,6,266.49,540.77,68.92,172.63,0.5872,-1,-1,-1
227,-1,482.70,104.41,50.03,129.65,0.5071,-1,-1,-1
228,0,599.56,333.29,66.41,160.74,0.7274,-1,-1,-1
228,1,482.85,238.36,89.91,152.05,0.8667,-1,-1,-1
228,5,715.82,329.20,45.99,142.37,0.6592,-1,-1,-1
228,9,683.87,248.92,45.07,162.60,0.6919,-1,-1,-1
228,11,278.06,193.75,39.72,145.42,0.6684,-1,-1,-1
228,13,388.62,219.81,53.68,148.36,0.8427,-1,-1,-1
228,16,573.82,379.90,65.11,165.94,0.7190,-1,-1,-1
228,18,434.54,347.13,109.22,128.88,0.8042,-1,-1,-1
228,6,278.91,539.86,55.00,175.38,0.5285,-1,-1,-1
228,17,731.05,183.23,59.94,139.01,0.5658,-1,-1,-1
228,-1,480.28,104.19,50.62,130.71,0.5346,-1,-1,-1
228,-1,1077.35,234.45,57.60,145.10,0.5077,-1,-1,-1
229,1,476.17,236.23,96.78,151.08,0.8711,-1,-1,-1
229,5,712.93,326.83,45.65,144.20,0.6670,-1,-1,-1
229,9,683.60,248.93,43.96,162.15,0.6597,-1,-1,-1
229,11,277.24,195.93,40.66,143.12,0.6732,-1,-1,-1
229,13,390.62,221.01,50.34,146.67,0.8210,-1,-1,-1
229,16,571.88,383.95,80.90,161.58,0.7240,-1,-1,-1
229,17,716.72,177.80,69.16,140.48,0.6498,-1,-1,-1
229,18,436.55,347.77,102.04,141.36,0.6787,-1,-1,-1
229,0,595.38,332.72,68.08,162.07,0.5854,-1,-1,-1
229,-1,478.40,103.26,51.04,131.76,0.5193,-1,-1,-1
229,-1,1071.86,234.06,59.38,145.90,0.5052,-1,-1,-1
230,1,466.89,234.14,102.45,144.50,0.8762,-1,-1,-1
230,11,276.64,195.45,44.47,142.50,0.6912,-1,-1,-1
230,13,388.96,221.19,52.96,145.56,0.8263,-1,-1,-1
230,16,571.61,331.74,92.99,211.68,0.6760,-1,-1,-1
230,17,713.68,168.37,65.83,139.90,0.6560,-1,-1,-1
230,9,682.43,247.34,46.41,162.46,0.5229,-1,-1,-1
230,18,439.71,351.55,101.63,148.26,0.5950,-1,-1,-1
230,-1,477.17,103.09,50.96,130.99,0.5491,-1,-1,-1
230,-1,1069.55,232.41,56.65,146.64,0.5263,-1,-1,-1
230,-1,674.31,151.54,47.97,95.14,0.5015,-1,-1,-1
231,1,459.10,232.10,103.92,147.92,0.8391,-1,-1,-1
231,11,276.89,195.95,44.68,141.50,0.6433,-1,-1,-1
231,13,387.21,220.91,53.61,145.49,0.7875,-1,-1,-1
231,17,712.45,167.56,59.70,136.54,0.6613,-1,-1,-1
231,0,584.88,331.69,54.33,166.34,0.6022,-1,-1,-1
231,9,677.27,243.53,53.40,165.66,0.5956,-1,-1,-1
231,16,569.53,391.99,109.11,152.44,0.5947,-1,-1,-1
231,-1,659.94,149.76,56.13,99.57,0.5285,-1,-1,-1
231,-1,382.86,194.73,54.47,137.20,0.5259,-1,-1,-1
231,-1,1064.66,228.16,56.74,150.23,0.5190,-1,-1,-1
231,-1,475.23,102.21,51.84,130.67,0.5027,-1,-1,-1
232,0,579.42,330.84,55.36,165.58,0.7838,-1,-1,-1
232,1,452.75,225.61,106.50,146.73,0.8732,-1,-1,-1
232,11,274.96,195.29,55.11,141.19,0.7632,-1,-1,-1
232,13,382.33,215.43,54.09,149.77,0.8319,-1,-1,-1
232,16,573.61,389.14,119.73,154.17,0.8404,-1,-1,-1
232,17,701.99,163.68,57.03,132.00,0.7149,-1,-1,-1
232,5,690.96,311.59,56.53,157.90,0.6784,-1,-1,-1
232,18,484.70,359.75,83.75,156.02,0.6112,-1,-1,-1
232,-1,290.06,540.84,93.87,173.32,0.5353,-1,-1,-1
232,-1,472.03,100.81,50.98,128.90,0.5342,-1,-1,-1
232,-1,1060.79,222.80,54.60,152.09,0.5009,-1,-1,-1
232,-1,648.83,147.96,59.44,103.31,0.6043,-1,-1,-1
233,0,577.53,331.06,55.84,164.56,0.8218,-1,-1,-1
233,1,444.79,224.64,112.26,148.90,0.8773,-1,-1,-1
233,5,685.12,308.77,59.59,160.06,0.7143,-1,-1,-1
233,11,273.10,195.45,55.26,140.18,0.7634,-1,-1,-1
233,13,380.40,215.08,56.56,149.54,0.8214,-1,-1,-1
233,16,580.24,388.22,111.90,157.19,0.8331,-1,-1,-1
233,17,696.03,162.68,57.25,127.52,0.6720,-1,-1,-1
233,-1,289.04,542.07,103.35,172.07,0.5200,-1,-1,-1
233,-1,645.43,141.95,59.96,103.74,0.6254,-1,-1,-1
234,0,575.12,330.90,61.05,163.83,0.8418,-1,-1,-1
234,1,437.02,222.93,116.53,148.30,0.8963,-1,-1,-1
234,5,680.01,309.27,63.23,159.27,0.7048,-1,-1,-1
234,11,271.04,194.79,57.16,140.40,0.7724,-1,-1,-1
234,13,377.29,210.33,62.08,154.24,0.8249,-1,-1,-1
234,16,588.46,388.76,102.54,157.09,0.8155,-1,-1,-1
234,17,691.45,163.99,56.51,121.01,0.6116,-1,-1,-1
234,-1,486.76,369.36,76.86,148.39,0.5604,-1,-1,-1
234,-1,676.23,239.74,61.24,97.15,0.5315,-1,-1,-1
234,-1,642.59,138.49,59.36,106.14,0.6321,-1,-1,-1
235,0,572.35,331.07,72.81,163.96,0.8827,-1,-1,-1
235,1,436.88,222.85,108.89,147.81,0.8858,-1,-1,-1
235,5,673.88,308.85,65.71,158.67,0.7466,-1,-1,-1
235,11,267.97,195.81,58.96,139.46,0.7892,-1,-1,-1
235,13,372.82,208.47,67.42,156.78,0.8401,-1,-1,-1
235,16,604.43,389.47,97.60,156.20,0.8061,-1,-1,-1
235,17,689.51,165.42,53.77,115.43,0.6470,-1,-1,-1
235,-1,485.29,373.25,83.73,144.86,0.5944,-1,-1,-1
235,-1,639.42,137.28,64.27,106.31,0.5932,-1,-1,-1
235,-1,462.88,100.23,51.61,129.06,0.5804,-1,-1,-1
235,-1,672.03,241.04,77.95,137.20,0.5329,-1,-1,-1
235,-1,1052.06,214.98,44.25,137.54,0.5190,-1,-1,-1
236,0,569.09,330.89,77.21,164.94,0.8234,-1,-1,-1
236,1,436.14,220.74,102.42,149.44,0.9062,-1,-1,-1
236,5,669.16,309.55,66.55,158.10,0.8088,-1,-1,-1
236,11,265.50,196.89,60.97,138.57,0.8106,-1,-1,-1
236,13,370.64,210.33,69.15,155.50,0.8519,-1,-1,-1
236,16,622.48,388.36,80.57,156.91,0.7810,-1,-1,-1
236,17,680.54,165.85,58.28,114.27,0.6615,-1,-1,-1
236,9,664.70,243.74,86.84,136.02,0.7026,-1,-1,-1
236,-1,460.11,100.17,51.46,128.27,0.5489,-1,-1,-1
236,-1,636.93,137.97,62.23,106.01,0.6495,-1,-1,-1
237,0,564.33,332.10,77.16,161.60,0.7608,-1,-1,-1
237,1,432.80,215.43,89.97,152.11,0.8950,-1,-1,-1
237,5,659.69,310.28,68.91,157.34,0.6190,-1,-1,-1
237,11,256.55,200.18,56.05,135.34,0.7448,-1,-1,-1
237,13,372.69,220.00,62.82,145.60,0.8644,-1,-1,-1
237,16,647.35,385.80,58.50,159.35,0.6677,-1,-1,-1
237,17,632.05,124.89,61.39,118.68,0.6676,-1,-1,-1
237,18,483.78,374.97,101.30,143.91,0.6660,-1,-1,-1
237,9,670.29,269.18,77.02,110.73,0.5352,-1,-1,-1
237,-1,454.35,100.45,50.50,128.54,0.5449,-1,-1,-1
237,-1,674.65,172.12,49.98,103.41,0.5036,-1,-1,-1
238,1,430.36,215.83,85.11,150.61,0.8695,-1,-1,-1
238,11,253.75,198.99,68.28,137.17,0.7604,-1,-1,-1
238,13,370.96,223.18,62.03,142.12,0.8483,-1,-1,-1
238,16,643.24,383.15,79.53,162.06,0.6626,-1,-1,-1
238,17,632.04,115.58,59.59,126.51,0.6598,-1,-1,-1
238,18,487.49,377.04,125.71,148.40,0.6819,-1,-1,-1
238,9,643.25,251.57,99.86,128.88,0.5903,-1,-1,-1
238,-1,451.20,99.85,49.67,125.62,0.5449,-1,-1,-1
238,-1,657.98,170.14,60.05,104.21,0.5377,-1,-1,-1
239,1,429.88,216.47,76.11,149.80,0.8167,-1,-1,-1
239,11,251.30,199.25,55.08,139.56,0.8031,-1,-1,-1
239,13,367.62,226.59,61.15,139.44,0.8645,-1,-1,-1
239,16,647.51,381.95,82.73,162.59,0.7536,-1,-1,-1
239,17,633.00,115.34,55.44,123.92,0.6246,-1,-1,-1
239,18,491.01,378.93,127.69,150.74,0.6962,-1,-1,-1
239,9,628.85,249.41,111.25,132.08,0.5979,-1,-1,-1
239,-1,635.73,311.65,83.98,147.72,0.5550,-1,-1,-1
239,-1,447.60,99.64,49.94,129.77,0.5541,-1,-1,-1
239,-1,635.71,169.15,74.12,119.30,0.5348,-1,-1,-1
240,1,428.79,216.62,71.61,149.69,0.8607,-1,-1,-1
240,9,626.37,250.97,110.54,129.35,0.6442,-1,-1,-1
240,11,248.58,199.53,54.77,141.32,0.8063,-1,-1,-1
240,13,363.94,227.67,62.92,138.65,0.8796,-1,-1,-1
240,16,647.02,376.88,98.26,166.72,0.8587,-1,-1,-1
240,17,632.08,111.33,55.23,126.08,0.6487,-1,-1,-1
240,18,499.37,380.65,127.49,155.97,0.7222,-1,-1,-1
240,5,631.77,312.26,64.17,146.18,0.6414,-1,-1,-1
240,-1,444.37,100.06,50.66,130.28,0.5601,-1,-1,-1
240,-1,555.31,333.44,52.63,78.18,0.5515,-1,-1,-1
240,-1,650.05,169.19,58.05,101.41,0.6015,-1,-1,-1
241,1,429.38,217.18,66.45,149.62,0.8501,-1,-1,-1
241,5,629.10,312.26,62.17,146.73,0.7616,-1,-1,-1
241,9,625.20,252.33,106.66,127.00,0.7300,-1,-1,-1
241,11,244.15,201.32,53.97,140.86,0.7900,-1,-1,-1
241,13,359.81,229.11,63.59,137.24,0.8839,-1,-1,-1
241,16,652.56,372.54,103.98,168.93,0.8726,-1,-1,-1
241,17,629.78,112.05,54.83,123.17,0.6322,-1,-1,-1
241,0,553.90,382.35,72.78,156.47,0.7283,-1,-1,-1
241,-1,550.35,333.49,56.80,159.26,0.5623,-1,-1,-1
241,-1,442.34,100.02,49.72,128.17,0.5120,-1,-1,-1
241,-1,648.77,169.11,57.21,101.11,0.6524,-1,-1,-1
242,0,580.95,386.82,50.16,152.67,0.7086,-1,-1,-1
242,1,430.06,218.02,53.18,148.75,0.8645,-1,-1,-1
242,5,625.89,314.82,67.08,148.07,0.7749,-1,-1,-1
242,9,626.01,246.02,92.03,129.56,0.6590,-1,-1,-1
242,11,234.28,204.95,60.01,138.12,0.8358,-1,-1,-1
242,13,352.01,227.66,78.35,138.67,0.8887,-1,-1,-1
242,16,669.28,364.44,99.88,160.06,0.8865,-1,-1,-1
242,17,627.13,113.30,52.81,122.15,0.6415,-1,-1,-1
242,18,544.99,333.43,53.98,164.08,0.8333,-1,-1,-1
242,-1,436.27,99.12,48.56,126.98,0.5311,-1,-1,-1
242,-1,643.77,168.04,56.42,101.85,0.6030,-1,-1,-1
243,1,430.65,219.47,47.99,146.87,0.8429,-1,-1,-1
243,5,621.76,315.26,71.71,152.10,0.7533,-1,-1,-1
243,9,623.09,246.65,83.90,127.16,0.6200,-1,-1,-1
243,11,231.67,205.63,59.90,137.55,0.8226,-1,-1,-1
243,13,350.77,223.31,80.98,143.41,0.8800,-1,-1,-1
243,16,679.44,368.54,91.67,156.80,0.8559,-1,-1,-1
243,17,635.81,162.55,62.47,107.52,0.6326,-1,-1,-1
243,18,542.71,333.82,56.49,163.12,0.7877,-1,-1,-1
243,0,576.88,387.45,62.24,152.03,0.5312,-1,-1,-1
243,-1,624.12,115.80,52.73,118.26,0.5438,-1,-1,-1
243,-1,432.87,99.94,49.87,123.89,0.5022,-1,-1,-1
244,1,428.93,220.25,48.71,146.08,0.8182,-1,-1,-1
244,5,618.48,314.39,66.89,155.14,0.7217,-1,-1,-1
244,9,619.91,246.47,76.28,125.15,0.6723,-1,-1,-1
244,11,228.38,204.86,67.37,138.40,0.7922,-1,-1,-1
244,13,349.68,222.44,82.23,145.69,0.8831,-1,-1,-1
244,16,684.25,369.48,86.98,155.79,0.8319,-1,-1,-1
244,17,639.62,162.68,55.59,108.34,0.6698,-1,-1,-1
244,18,540.27,333.95,63.53,162.15,0.7876,-1,-1,-1
244,0,575.66,383.95,72.80,155.34,0.5269,-1,-1,-1
244,-1,430.35,100.01,49.70,123.81,0.5289,-1,-1,-1
245,0,574.86,386.36,91.61,152.91,0.6102,-1,-1,-1
245,1,425.99,221.12,51.93,143.95,0.8400,-1,-1,-1
245,5,612.88,315.68,63.76,157.38,0.6307,-1,-1,-1
245,9,613.71,246.67,66.69,125.69,0.6443,-1,-1,-1
245,11,226.11,204.78,68.25,138.69,0.8115,-1,-1,-1
245,13,346.17,222.52,85.08,145.84,0.8360,-1,-1,-1
245,16,685.39,369.85,79.43,154.29,0.8568,-1,-1,-1
245,17,637.73,165.91,56.08,104.86,0.6148,-1,-1,-1
245,18,538.12,333.80,66.57,162.03,0.8732,-1,-1,-1
245,-1,427.54,99.71,51.05,127.34,0.5447,-1,-1,-1
245,-1,334.70,544.14,92.82,174.11,0.5126,-1,-1,-1
245,-1,618.90,117.09,53.33,116.97,0.6075,-1,-1,-1
246,0,577.31,318.68,95.15,219.83,0.7504,-1,-1,-1
246,1,420.35,221.66,56.63,142.03,0.8603,-1,-1,-1
246,9,608.40,247.98,55.53,113.37,0.6186,-1,-1,-1
246,11,223.80,204.56,61.52,138.90,0.8549,-1,-1,-1
246,13,342.98,224.44,88.51,143.46,0.8555,-1,-1,-1
246,16,684.47,367.91,79.94,155.99,0.8658,-1,-1,-1
246,17,640.69,165.15,51.88,106.53,0.6015,-1,-1,-1
246,18,535.63,334.37,73.17,161.65,0.8845,-1,-1,-1
246,-1,332.76,545.15,102.86,173.29,0.5212,-1,-1,-1
246,-1,424.97,101.53,51.56,124.04,0.5190,-1,-1,-1
246,-1,615.91,114.31,55.58,120.23,0.6358,-1,-1,-1
247,0,591.06,375.00,121.33,150.20,0.7798,-1,-1,-1
247,1,409.99,216.17,59.80,146.79,0.8199,-1,-1,-1
247,11,217.58,206.42,62.92,137.97,0.8680,-1,-1,-1
247,13,338.74,228.55,96.84,137.33,0.7881,-1,-1,-1
247,16,682.76,360.85,101.73,160.19,0.8303,-1,-1,-1
247,17,638.62,165.45,52.30,113.91,0.6170,-1,-1,-1
247,18,530.36,334.91,74.02,160.92,0.8738,-1,-1,-1
247,5,603.40,320.63,53.44,138.53,0.6438,-1,-1,-1
247,9,597.13,251.58,56.66,94.58,0.5825,-1,-1,-1
247,-1,328.40,546.96,113.34,171.18,0.5555,-1,-1,-1
247,-1,420.14,101.63,50.85,120.85,0.5102,-1,-1,-1
247,-1,611.99,110.81,54.53,123.62,0.6515,-1,-1,-1
248,0,604.63,373.75,112.42,148.66,0.7848,-1,-1,-1
248,1,394.09,212.09,68.53,150.99,0.8054,-1,-1,-1
248,5,600.16,320.04,55.58,155.24,0.6389,-1,-1,-1
248,9,577.18,252.92,72.86,106.35,0.6413,-1,-1,-1
248,11,215.04,207.53,61.93,138.76,0.8526,-1,-1,-1
248,13,337.66,230.98,85.37,134.38,0.8375,-1,-1,-1
248,16,680.71,356.76,117.07,161.59,0.8289,-1,-1,-1
248,17,637.58,154.96,50.68,124.84,0.6616,-1,-1,-1
248,18,528.80,335.36,71.22,159.85,0.8861,-1,-1,-1
248,-1,327.27,547.01,115.56,171.06,0.5603,-1,-1,-1
248,-1,611.16,109.06,55.24,124.90,0.5551,-1,-1,-1
248,-1,418.19,102.82,50.83,123.45,0.5441,-1,-1,-1
249,0,626.34,372.87,100.94,151.96,0.7474,-1,-1,-1
249,1,382.92,208.58,75.99,154.40,0.7758,-1,-1,-1
249,5,596.15,324.31,55.30,158.60,0.7622,-1,-1,-1
249,9,561.80,254.02,84.89,115.28,0.6959,-1,-1,-1
249,11,212.03,209.88,61.68,140.63,0.8355,-1,-1,-1
249,13,337.53,230.56,88.29,134.90,0.8162,-1,-1,-1
249,16,677.94,352.22,125.15,156.29,0.8255,-1,-1,-1
249,17,639.25,154.58,48.54,123.74,0.6847,-1,-1,-1
249,18,526.59,335.35,74.49,160.08,0.8985,-1,-1,-1
249,-1,328.76,546.18,113.65,172.05,0.5709,-1,-1,-1
249,-1,612.49,106.62,49.74,126.48,0.5272,-1,-1,-1
250,0,646.62,373.29,86.21,152.33,0.7903,-1,-1,-1
250,1,381.37,204.16,75.12,158.30,0.8033,-1,-1,-1
250,5,592.15,322.40,56.53,161.04,0.7697,-1,-1,-1
250,9,550.86,252.85,90.56,110.45,0.6983,-1,-1,-1
250,11,208.73,212.89,61.94,139.58,0.8298,-1,-1,-1
250,13,339.86,229.97,87.22,134.44,0.7602,-1,-1,-1
250,16,705.49,349.66,101.13,144.62,0.7505,-1,-1,-1
250,17,639.82,153.97,47.21,125.39,0.6615,-1,-1,-1
250,18,523.85,335.28,75.64,160.00,0.8937,-1,-1,-1
250,-1,333.07,545.01,107.30,171.75,0.5450,-1,-1,-1
251,0,656.57,373.09,81.64,152.27,0.8300,-1,-1,-1
251,1,378.23,200.27,76.22,141.16,0.7359,-1,-1,-1
251,5,589.40,321.74,57.15,161.90,0.7936,-1,-1,-1
251,9,542.76,250.65,94.03,114.87,0.7478,-1,-1,-1
251,11,204.35,214.46,65.10,138.94,0.8345,-1,-1,-1
251,13,344.96,230.98,92.79,134.08,0.7596,-1,-1,-1
251,16,692.72,348.38,113.75,134.82,0.8200,-1,-1,-1
251,17,637.40,153.07,48.60,127.97,0.6880,-1,-1,-1
251,18,521.80,335.44,76.02,159.85,0.8787,-1,-1,-1
251,-1,614.16,106.46,43.00,125.49,0.5298,-1,-1,-1
252,0,670.32,368.81,67.34,156.72,0.7572,-1,-1,-1
252,5,584.37,337.78,57.78,146.08,0.6902,-1,-1,-1
252,11,200.84,219.87,64.41,134.30,0.8569,-1,-1,-1
252,13,342.80,232.64,94.12,132.27,0.8075,-1,-1,-1
252,16,701.87,343.56,106.39,135.18,0.7875,-1,-1,-1
252,17,636.46,153.40,48.75,127.55,0.7084,-1,-1,-1
252,18,518.43,336.01,74.07,159.35,0.8280,-1,-1,-1
252,9,536.86,246.03,93.72,163.98,0.6000,-1,-1,-1
252,-1,356.89,542.10,78.31,171.15,0.5292,-1,-1,-1
252,-1,611.73,107.08,40.97,125.46,0.6136,-1,-1,-1
253,0,676.71,365.07,84.49,160.59,0.7493,-1,-1,-1
253,5,583.37,339.21,57.71,145.01,0.7113,-1,-1,-1
253,9,536.07,243.44,88.56,163.13,0.7335,-1,-1,-1
253,11,199.00,220.16,66.84,133.87,0.8787,-1,-1,-1
253,13,340.64,232.56,83.06,132.25,0.8210,-1,-1,-1
253,16,710.54,340.15,108.98,135.89,0.7898,-1,-1,-1
253,17,635.18,153.95,51.01,128.02,0.7031,-1,-1,-1
253,18,516.39,336.47,74.72,159.11,0.8545,-1,-1,-1
253,-1,402.90,196.92,43.43,139.69,0.5987,-1,-1,-1
253,-1,609.99,105.40,42.40,127.60,0.5774,-1,-1,-1
254,0,681.28,362.25,91.57,157.91,0.8156,-1,-1,-1
254,5,580.54,338.57,58.82,145.28,0.7259,-1,-1,-1
254,9,536.68,241.41,83.68,143.41,0.7456,-1,-1,-1
254,11,197.54,218.82,67.43,135.47,0.8636,-1,-1,-1
254,13,339.27,232.31,86.79,132.49,0.8366,-1,-1,-1
254,16,725.80,336.93,97.88,136.21,0.7838,-1,-1,-1
254,17,635.09,154.63,56.25,127.04,0.7173,-1,-1,-1
254,18,512.94,336.93,77.50,159.11,0.8539,-1,-1,-1
254,1,398.81,196.86,46.94,137.56,0.6568,-1,-1,-1
254,-1,608.25,106.12,44.12,128.18,0.5696,-1,-1,-1
255,0,684.99,360.25,94.29,143.50,0.8548,-1,-1,-1
255,5,582.98,339.72,54.95,144.20,0.7491,-1,-1,-1
255,9,537.01,239.61,81.52,157.27,0.7498,-1,-1,-1
255,11,197.12,215.81,69.02,137.87,0.8653,-1,-1,-1
255,13,338.35,231.04,90.35,134.38,0.8233,-1,-1,-1
255,16,724.59,335.28,94.94,136.66,0.7810,-1,-1,-1
255,17,635.13,155.28,61.12,125.88,0.7692,-1,-1,-1
255,18,509.00,338.16,81.23,159.02,0.8617,-1,-1,-1
255,1,397.18,194.44,48.26,139.77,0.5771,-1,-1,-1
255,-1,607.11,108.32,45.09,126.13,0.6116,-1,-1,-1
256,0,693.70,358.37,85.93,138.35,0.8739,-1,-1,-1
256,1,396.91,189.98,49.26,146.58,0.7119,-1,-1,-1
256,5,583.00,338.58,54.32,144.96,0.7577,-1,-1,-1
256,9,538.65,238.60,73.51,157.96,0.8382,-1,-1,-1
256,11,198.42,212.37,67.42,140.86,0.8658,-1,-1,-1
256,13,338.49,230.87,89.67,135.03,0.8305,-1,-1,-1
256,16,733.53,334.17,81.72,136.62,0.7709,-1,-1,-1
256,17,634.80,155.26,65.89,126.19,0.7810,-1,-1,-1
256,18,505.86,339.30,83.27,158.94,0.8667,-1,-1,-1
256,-1,604.56,109.03,48.91,125.65,0.6077,-1,-1,-1
257,0,703.92,353.31,74.81,142.44,0.8822,-1,-1,-1
257,1,397.85,183.64,56.71,182.77,0.8584,-1,-1,-1
257,5,569.69,324.40,67.31,158.76,0.7763,-1,-1,-1
257,9,544.30,237.18,59.30,145.52,0.8099,-1,-1,-1
257,11,202.27,210.07,62.00,137.56,0.8425,-1,-1,-1
257,13,341.56,230.09,64.70,136.03,0.7565,-1,-1,-1
257,16,737.85,335.46,77.96,113.53,0.7836,-1,-1,-1
257,17,631.93,155.91,73.26,126.03,0.7998,-1,-1,-1
257,18,500.10,343.32,85.87,157.08,0.8662,-1,-1,-1
257,-1,393.65,540.25,74.13,171.81,0.5729,-1,-1,-1
257,-1,603.85,105.95,50.75,127.35,0.6189,-1,-1,-1
258,0,706.80,348.78,71.77,145.96,0.8340,-1,-1,-1
258,1,398.65,185.31,59.12,181.03,0.8616,-1,-1,-1
258,5,572.76,324.41,64.00,158.66,0.8290,-1,-1,-1
258,9,544.55,236.69,55.58,140.52,0.7905,-1,-1,-1
258,11,203.19,206.66,59.85,136.54,0.8138,-1,-1,-1
258,13,344.60,231.17,64.83,134.84,0.7426,-1,-1,-1
258,16,742.01,334.94,74.91,110.91,0.7324,-1,-1,-1
258,17,631.08,155.73,73.37,127.14,0.7709,-1,-1,-1
258,18,496.68,345.25,88.60,154.79,0.8399,-1,-1,-1
258,-1,603.47,102.14,54.20,131.08,0.5674,-1,-1,-1
258,-1,393.62,540.79,86.60,170.51,0.5225,-1,-1,-1
259,0,707.19,341.62,71.87,150.42,0.8113,-1,-1,-1
259,1,398.49,189.19,61.43,177.32,0.8590,-1,-1,-1
259,5,572.15,324.67,64.60,158.01,0.8325,-1,-1,-1
259,9,541.92,236.74,56.14,136.95,0.7791,-1,-1,-1
259,11,203.41,200.81,56.34,138.32,0.7897,-1,-1,-1
259,13,345.74,230.83,63.17,134.88,0.7644,-1,-1,-1
259,16,741.52,331.71,74.75,111.52,0.7439,-1,-1,-1
259,17,629.90,155.08,73.77,127.72,0.7832,-1,-1,-1
259,18,492.51,348.19,89.08,152.79,0.8216,-1,-1,-1
259,-1,603.22,105.15,59.05,128.12,0.5613,-1,-1,-1
259,-1,394.22,541.82,94.55,169.19,0.5093,-1,-1,-1
259,-1,398.51,106.01,50.13,100.53,0.5078,-1,-1,-1
260,0,703.97,334.85,73.43,154.48,0.7908,-1,-1,-1
260,1,397.60,193.41,62.68,172.87,0.8666,-1,-1,-1
260,5,571.75,325.15,64.85,157.17,0.8400,-1,-1,-1
260,9,538.25,236.86,57.59,136.45,0.8316,-1,-1,-1
260,11,205.03,198.74,54.27,135.10,0.7983,-1,-1,-1
260,13,344.90,228.66,63.14,137.30,0.7422,-1,-1,-1
260,16,739.00,310.97,74.19,129.87,0.7440,-1,-1,-1
260,17,629.11,153.98,73.91,129.22,0.8465,-1,-1,-1
260,18,488.67,351.18,92.91,149.30,0.8171,-1,-1,-1
260,-1,603.33,104.07,58.04,128.42,0.5317,-1,-1,-1
260,-1,397.98,105.87,49.83,104.16,0.5078,-1,-1,-1
261,0,701.83,329.76,76.60,156.40,0.7378,-1,-1,-1
261,1,395.20,195.97,64.70,170.00,0.8673,-1,-1,-1
261,5,571.04,325.66,66.10,156.32,0.8411,-1,-1,-1
261,9,531.48,236.41,60.90,138.99,0.8330,-1,-1,-1
261,11,204.74,195.95,53.64,132.98,0.8419,-1,-1,-1
261,13,347.97,232.21,57.34,131.51,0.6701,-1,-1,-1
261,16,744.93,304.84,67.24,133.54,0.6633,-1,-1,-1
261,17,630.03,153.65,72.19,129.83,0.8510,-1,-1,-1
261,18,482.82,353.73,96.33,149.01,0.8218,-1,-1,-1
261,-1,602.64,104.97,61.06,127.77,0.5469,-1,-1,-1
261,-1,394.42,542.77,101.22,167.62,0.5336,-1,-1,-1
261,-1,397.79,106.76,49.02,106.93,0.5230,-1,-1,-1
262,0,697.43,323.62,81.97,149.07,0.8068,-1,-1,-1
262,1,394.71,196.72,62.35,169.66,0.8598,-1,-1,-1
262,5,570.87,326.41,74.98,154.96,0.8495,-1,-1,-1
262,9,523.48,236.08,65.20,145.18,0.8304,-1,-1,-1
262,11,201.91,192.95,54.38,130.97,0.7611,-1,-1,-1
262,13,345.07,228.53,58.16,134.90,0.7824,-1,-1,-1
262,16,744.25,327.18,66.06,100.44,0.6406,-1,-1,-1
262,17,631.26,153.30,69.48,129.03,0.7813,-1,-1,-1
262,18,477.01,356.76,96.58,146.88,0.8479,-1,-1,-1
262,-1,601.93,103.51,61.17,128.77,0.6039,-1,-1,-1
263,0,696.09,321.67,85.28,147.59,0.7862,-1,-1,-1
263,1,376.09,200.44,80.42,165.60,0.8497,-1,-1,-1
263,5,573.99,327.08,79.66,154.97,0.8440,-1,-1,-1
263,9,518.55,236.64,67.25,145.16,0.8433,-1,-1,-1
263,11,201.45,192.38,54.19,127.87,0.7630,-1,-1,-1
263,13,342.46,223.28,60.11,139.43,0.7474,-1,-1,-1
263,17,634.62,153.17,65.34,128.15,0.7580,-1,-1,-1
263,18,475.88,356.57,94.60,148.66,0.8593,-1,-1,-1
263,16,745.97,283.64,65.73,141.25,0.5123,-1,-1,-1
263,-1,398.15,542.16,99.70,168.21,0.5116,-1,-1,-1
263,-1,393.87,107.06,49.35,115.33,0.5036,-1,-1,-1
263,-1,601.54,104.15,60.87,128.34,0.6207,-1,-1,-1
264,0,697.83,319.19,87.70,148.94,0.8226,-1,-1,-1
264,1,389.01,208.80,67.90,155.11,0.8378,-1,-1,-1
264,5,577.14,328.29,83.08,154.18,0.8694,-1,-1,-1
264,9,515.48,237.37,64.60,143.43,0.8127,-1,-1,-1
264,11,201.43,192.07,53.25,126.91,0.7914,-1,-1,-1
264,13,339.92,223.27,64.32,138.35,0.7854,-1,-1,-1
264,17,640.23,151.70,59.22,128.50,0.7350,-1,-1,-1
264,18,470.01,356.74,96.24,149.49,0.8653,-1,-1,-1
264,16,744.73,323.83,65.82,100.37,0.5213,-1,-1,-1
264,-1,600.84,102.39,59.56,130.27,0.6178,-1,-1,-1
265,0,695.47,317.37,94.71,146.02,0.8392,-1,-1,-1
265,1,388.96,220.03,69.12,143.27,0.8564,-1,-1,-1
265,5,577.16,330.75,87.30,152.12,0.8710,-1,-1,-1
265,9,512.86,238.38,64.57,142.65,0.8285,-1,-1,-1
265,11,200.21,191.63,54.93,127.76,0.7839,-1,-1,-1
265,13,335.45,222.76,66.32,135.17,0.7751,-1,-1,-1
265,16,741.79,284.89,68.55,140.40,0.6053,-1,-1,-1
265,17,643.34,150.69,55.51,130.20,0.7451,-1,-1,-1
265,18,463.98,356.73,94.83,149.53,0.8856,-1,-1,-1
265,-1,599.76,102.11,58.93,130.59,0.6342,-1,-1,-1
266,0,694.74,315.53,95.98,145.39,0.8045,-1,-1,-1
266,1,389.28,221.45,67.52,144.29,0.8259,-1,-1,-1
266,5,578.57,332.76,88.22,150.11,0.7966,-1,-1,-1
266,9,506.77,239.63,70.18,141.22,0.8047,-1,-1,-1
266,11,199.09,191.93,56.82,127.78,0.7827,-1,-1,-1
266,13,331.75,223.44,68.46,133.85,0.7977,-1,-1,-1
266,17,643.74,149.60,54.58,132.01,0.7142,-1,-1,-1
266,18,458.75,356.15,92.28,150.19,0.8702,-1,-1,-1
266,-1,598.56,102.06,62.54,130.91,0.6260,-1,-1,-1
267,0,694.57,313.05,95.44,142.65,0.7114,-1,-1,-1
267,1,394.95,226.56,57.13,152.92,0.8185,-1,-1,-1
267,5,574.86,338.20,90.16,144.02,0.8288,-1,-1,-1
267,9,481.07,242.41,94.37,140.20,0.8446,-1,-1,-1
267,11,197.46,191.67,57.84,128.43,0.7717,-1,-1,-1
267,13,325.60,219.20,72.20,137.81,0.7630,-1,-1,-1
267,17,643.06,151.21,52.37,130.40,0.6848,-1,-1,-1
267,18,451.23,353.37,79.25,152.81,0.8660,-1,-1,-1
267,-1,596.90,101.97,67.18,131.33,0.6522,-1,-1,-1
268,0,693.32,311.40,56.95,128.03,0.6168,-1,-1,-1
268,1,392.05,229.11,55.53,155.84,0.8111,-1,-1,-1
268,5,566.66,339.85,96.94,142.67,0.8525,-1,-1,-1
268,9,472.93,244.54,101.09,140.69,0.8541,-1,-1,-1
268,11,196.49,191.23,57.41,128.61,0.7588,-1,-1,-1
268,13,323.84,217.95,74.15,139.31,0.7367,-1,-1,-1
268,17,641.82,151.62,51.99,130.02,0.6941,-1,-1,-1
268,18,447.53,351.99,69.52,153.88,0.8279,-1,-1,-1
268,-1,596.69,101.42,60.28,131.86,0.6542,-1,-1,-1
269,0,693.51,308.08,94.97,140.60,0.8181,-1,-1,-1
269,1,390.53,234.18,54.42,154.79,0.8001,-1,-1,-1
269,5,558.76,340.28,104.30,142.33,0.8664,-1,-1,-1
269,9,463.95,246.07,108.93,140.51,0.8437,-1,-1,-1
269,11,195.90,191.02,57.40,128.89,0.7538,-1,-1,-1
269,13,322.28,219.34,68.83,137.71,0.7805,-1,-1,-1
269,17,641.17,153.21,52.30,128.36,0.6822,-1,-1,-1
269,18,446.86,350.71,58.51,155.75,0.7915,-1,-1,-1
269,-1,596.13,101.22,59.88,132.03,0.6561,-1,-1,-1
270,0,692.83,300.80,94.09,142.20,0.7971,-1,-1,-1
270,1,389.86,238.04,53.55,155.18,0.8028,-1,-1,-1
270,5,554.56,340.40,107.68,142.09,0.8488,-1,-1,-1
270,9,457.31,247.67,114.38,141.47,0.8559,-1,-1,-1
270,11,195.73,190.03,58.25,129.78,0.7310,-1,-1,-1
270,13,320.81,220.13,67.10,137.19,0.7978,-1,-1,-1
270,17,640.71,155.20,52.93,126.48,0.6787,-1,-1,-1
270,18,443.91,350.40,52.92,156.90,0.7798,-1,-1,-1
270,-1,595.48,100.69,57.73,132.55,0.6645,-1,-1,-1
271,0,692.09,295.40,92.02,144.89,0.8116,-1,-1,-1
271,1,391.14,242.71,53.02,155.53,0.8208,-1,-1,-1
271,5,554.15,339.70,105.28,143.19,0.8311,-1,-1,-1
271,9,454.08,248.81,114.74,142.42,0.8743,-1,-1,-1
271,11,197.01,188.49,56.37,131.30,0.7431,-1,-1,-1
271,13,320.13,220.12,66.84,137.30,0.8127,-1,-1,-1
271,17,639.68,154.49,54.07,126.90,0.6953,-1,-1,-1
271,18,432.55,351.61,57.01,159.33,0.7608,-1,-1,-1
271,-1,722.64,271.59,78.58,153.49,0.5726,-1,-1,-1
271,-1,594.91,100.59,58.76,132.76,0.6403,-1,-1,-1
272,0,685.13,291.75,85.60,146.85,0.7210,-1,-1,-1
272,1,397.80,250.70,51.51,150.25,0.7682,-1,-1,-1
272,5,550.10,337.17,94.86,145.89,0.8463,-1,-1,-1
272,9,457.04,248.93,109.72,151.18,0.8393,-1,-1,-1
272,11,201.35,183.94,53.04,131.84,0.7820,-1,-1,-1
272,13,320.66,216.67,63.41,140.38,0.8460,-1,-1,-1
272,17,639.07,156.27,57.78,125.54,0.6924,-1,-1,-1
272,18,425.19,355.90,53.12,164.65,0.7817,-1,-1,-1
272,-1,715.90,269.76,84.12,155.27,0.5047,-1,-1,-1
272,-1,594.62,100.50,56.15,133.08,0.6583,-1,-1,-1
273,1,399.45,253.67,52.68,147.31,0.6278,-1,-1,-1
273,5,541.84,335.65,91.26,146.98,0.7546,-1,-1,-1
273,9,457.58,249.21,109.24,151.79,0.7508,-1,-1,-1
273,11,201.88,181.19,51.02,131.55,0.7653,-1,-1,-1
273,13,321.96,214.81,62.34,140.97,0.8537,-1,-1,-1
273,17,640.54,153.10,57.72,129.01,0.6896,-1,-1,-1
273,18,422.91,359.77,50.39,164.31,0.7973,-1,-1,-1
273,0,685.84,290.79,78.20,144.96,0.5734,-1,-1,-1
273,-1,594.10,99.83,54.78,134.11,0.7302,-1,-1,-1
274,0,682.77,288.95,74.56,138.96,0.6697,-1,-1,-1
274,1,399.47,255.71,54.98,142.78,0.7849,-1,-1,-1
274,5,536.18,333.08,84.81,149.62,0.7839,-1,-1,-1
274,9,458.10,249.40,108.48,148.68,0.7491,-1,-1,-1
274,11,201.61,176.05,51.14,132.84,0.8102,-1,-1,-1
274,13,324.49,211.43,60.52,142.66,0.8577,-1,-1,-1
274,17,641.15,151.91,57.33,130.14,0.7012,-1,-1,-1
274,18,412.64,362.97,56.05,165.47,0.8039,-1,-1,-1
274,19,593.88,100.59,55.43,133.53,0.7268,-1,-1,-1
275,0,676.58,289.48,74.67,135.92,0.7514,-1,-1,-1
275,5,533.92,331.60,73.62,151.04,0.8065,-1,-1,-1
275,9,460.31,250.38,107.79,114.50,0.7347,-1,-1,-1
275,11,200.86,172.25,51.28,133.31,0.8059,-1,-1,-1
275,13,329.02,208.35,56.54,143.10,0.8595,-1,-1,-1
275,17,641.62,152.55,56.85,129.38,0.6822,-1,-1,-1
275,18,402.02,367.02,64.00,164.37,0.8581,-1,-1,-1
275,19,593.46,99.86,56.15,134.51,0.7304,-1,-1,-1
275,16,705.19,290.69,87.82,131.39,0.7056,-1,-1,-1
275,1,399.63,251.79,53.47,140.87,0.5632,-1,-1,-1
276,0,664.58,290.69,69.93,134.28,0.6773,-1,-1,-1
276,1,399.85,249.67,55.54,119.17,0.7251,-1,-1,-1
276,5,534.39,329.79,65.21,154.39,0.7264,-1,-1,-1
276,9,454.94,251.00,114.39,118.74,0.8185,-1,-1,-1
276,11,201.58,171.75,52.46,131.22,0.8034,-1,-1,-1
276,13,331.55,204.27,54.77,144.58,0.8253,-1,-1,-1
276,16,703.85,294.20,87.82,127.30,0.6983,-1,-1,-1
276,17,641.87,152.98,57.04,129.61,0.6617,-1,-1,-1
276,18,391.76,370.37,69.58,166.29,0.7823,-1,-1,-1
276,19,592.95,100.01,56.33,134.50,0.7340,-1,-1,-1
276,-1,466.23,542.15,101.82,174.47,0.5065,-1,-1,-1
277,0,640.68,291.43,89.68,136.96,0.7955,-1,-1,-1
277,1,399.94,250.30,55.17,136.23,0.6972,-1,-1,-1
277,9,452.04,254.36,138.08,123.16,0.6461,-1,-1,-1
277,11,202.72,171.55,55.02,126.04,0.8152,-1,-1,-1
277,13,338.10,203.01,52.38,138.44,0.8187,-1,-1,-1
277,16,701.74,292.75,82.50,129.35,0.7669,-1,-1,-1
277,17,642.29,155.95,57.52,127.16,0.6926,-1,-1,-1
277,18,381.52,376.50,74.48,170.31,0.8136,-1,-1,-1
277,19,592.17,101.06,57.11,134.10,0.7335,-1,-1,-1
278,0,635.06,293.22,91.17,136.85,0.7838,-1,-1,-1
278,1,399.61,249.01,54.00,127.00,0.7597,-1,-1,-1
278,9,452.24,255.79,142.75,126.25,0.7721,-1,-1,-1
278,11,202.81,172.05,56.45,122.87,0.7932,-1,-1,-1
278,13,340.73,201.96,51.10,137.13,0.8280,-1,-1,-1
278,16,696.61,292.52,82.63,130.44,0.7872,-1,-1,-1
278,17,642.46,158.61,57.86,124.53,0.6572,-1,-1,-1
278,18,380.99,379.08,73.84,170.10,0.8548,-1,-1,-1
278,19,592.30,101.34,56.44,133.86,0.7251,-1,-1,-1
279,0,632.33,294.95,93.98,135.85,0.8149,-1,-1,-1
279,1,398.90,245.91,54.08,131.21,0.7736,-1,-1,-1
279,9,455.21,257.47,139.98,126.10,0.7002,-1,-1,-1
279,11,203.66,173.14,57.41,121.50,0.7661,-1,-1,-1
279,13,343.01,201.87,50.94,136.19,0.8234,-1,-1,-1
279,16,699.33,291.98,74.87,131.64,0.7742,-1,-1,-1
279,17,643.97,157.49,57.26,125.62,0.6612,-1,-1,-1
279,18,380.73,380.33,75.60,171.58,0.8425,-1,-1,-1
279,19,592.57,101.76,56.02,133.66,0.7326,-1,-1,-1
280,0,630.96,295.39,94.38,135.66,0.8286,-1,-1,-1
280,1,397.10,242.98,54.01,127.13,0.7876,-1,-1,-1
280,9,456.05,259.23,138.11,124.45,0.7465,-1,-1,-1
280,11,203.19,174.02,59.33,120.70,0.7643,-1,-1,-1
280,13,344.82,202.34,50.64,135.80,0.8219,-1,-1,-1
280,16,698.54,291.08,71.93,132.35,0.7800,-1,-1,-1
280,17,646.73,157.94,55.38,126.26,0.6733,-1,-1,-1
280,18,380.98,381.03,75.12,171.83,0.8505,-1,-1,-1
280,19,592.26,101.97,56.36,133.48,0.7262,-1,-1,-1
281,0,630.04,294.78,94.27,136.42,0.8511,-1,-1,-1
281,1,397.23,241.58,53.40,137.24,0.7931,-1,-1,-1
281,9,453.30,261.87,139.65,145.81,0.7878,-1,-1,-1
281,11,202.21,177.17,62.21,118.00,0.8050,-1,-1,-1
281,13,346.38,203.37,50.46,134.84,0.8211,-1,-1,-1
281,16,697.39,290.95,70.20,127.62,0.7432,-1,-1,-1
281,17,650.66,157.05,52.30,128.51,0.6491,-1,-1,-1
281,18,380.78,380.67,74.93,172.35,0.8625,-1,-1,-1
281,19,592.32,102.15,56.58,133.34,0.7175,-1,-1,-1
282,0,627.57,290.72,91.67,140.64,0.7620,-1,-1,-1
282,1,395.08,245.85,55.00,134.26,0.7889,-1,-1,-1
282,9,452.18,264.97,137.48,144.57,0.8359,-1,-1,-1
282,11,201.57,175.52,63.76,119.41,0.8061,-1,-1,-1
282,13,332.87,204.54,65.95,133.73,0.7625,-1,-1,-1
282,16,695.54,289.02,68.94,129.30,0.7703,-1,-1,-1
282,17,661.20,150.47,46.04,138.09,0.6090,-1,-1,-1
282,18,379.49,377.56,67.58,175.30,0.8331,-1,-1,-1
282,19,592.33,100.29,56.65,135.18,0.7410,-1,-1,-1
283,0,627.97,287.29,91.32,144.06,0.7403,-1,-1,-1
283,1,395.37,251.70,55.95,131.57,0.7671,-1,-1,-1
283,9,453.59,264.82,131.24,145.06,0.8406,-1,-1,-1
283,11,200.67,175.18,61.58,119.36,0.8042,-1,-1,-1
283,13,326.99,203.72,72.01,134.04,0.7139,-1,-1,-1
283,16,695.59,287.38,66.71,132.03,0.7577,-1,-1,-1
283,18,378.74,376.23,64.30,175.85,0.8450,-1,-1,-1
283,19,592.37,99.50,56.35,135.56,0.7313,-1,-1,-1
283,17,665.39,152.63,42.47,136.60,0.5972,-1,-1,-1
284,0,629.99,285.07,89.55,146.17,0.6863,-1,-1,-1
284,1,392.96,251.26,57.47,129.50,0.7987,-1,-1,-1
284,9,453.74,264.24,122.66,145.56,0.8762,-1,-1,-1
284,11,200.11,172.51,59.03,121.74,0.8226,-1,-1,-1
284,13,324.81,202.27,75.17,134.48,0.6816,-1,-1,-1
284,16,698.36,286.26,63.89,133.36,0.7486,-1,-1,-1
284,18,376.67,375.34,63.80,177.14,0.8796,-1,-1,-1
284,19,592.55,98.91,56.60,135.83,0.7483,-1,-1,-1
284,17,664.56,153.15,44.70,135.65,0.5718,-1,-1,-1
284,-1,497.09,372.54,63.52,146.50,0.5393,-1,-1,-1
285,1,387.95,251.70,63.22,146.13,0.7732,-1,-1,-1
285,9,457.76,263.57,116.37,145.99,0.8538,-1,-1,-1
285,11,199.86,170.12,58.35,123.82,0.7823,-1,-1,-1
285,13,349.11,202.22,52.32,132.03,0.7291,-1,-1,-1
285,16,695.19,285.45,66.75,135.99,0.7250,-1,-1,-1
285,17,666.57,154.39,43.56,135.87,0.6001,-1,-1,-1
285,18,372.03,376.25,68.87,176.66,0.8841,-1,-1,-1
285,19,593.28,99.35,56.04,134.86,0.7792,-1,-1,-1
285,0,635.45,284.04,85.00,146.95,0.5709,-1,-1,-1
285,-1,497.33,369.04,62.43,150.17,0.5171,-1,-1,-1
286,1,375.95,252.95,73.92,148.70,0.7934,-1,-1,-1
286,9,453.58,262.08,120.65,146.93,0.8820,-1,-1,-1
286,11,196.84,167.25,60.99,126.59,0.8073,-1,-1,-1
286,13,348.06,200.77,55.44,132.55,0.7073,-1,-1,-1
286,16,699.17,285.54,61.55,136.56,0.7293,-1,-1,-1
286,17,668.52,153.85,44.98,136.46,0.6246,-1,-1,-1
286,18,365.85,377.99,74.41,176.88,0.8826,-1,-1,-1
286,19,593.36,99.19,55.99,134.57,0.7782,-1,-1,-1
286,0,640.89,285.20,80.08,145.55,0.5976,-1,-1,-1
286,-1,498.15,368.55,61.19,150.67,0.5383,-1,-1,-1
287,1,389.27,257.58,60.58,146.65,0.7930,-1,-1,-1
287,9,448.17,260.21,126.48,146.29,0.8446,-1,-1,-1
287,11,193.42,162.31,57.97,131.74,0.7974,-1,-1,-1
287,13,349.40,195.48,58.25,136.11,0.7136,-1,-1,-1
287,16,701.39,284.88,57.38,139.70,0.7318,-1,-1,-1
287,18,352.56,382.76,88.60,175.73,0.8868,-1,-1,-1
287,19,593.42,97.88,56.35,134.95,0.7555,-1,-1,-1
287,17,667.89,150.13,49.05,139.89,0.5505,-1,-1,-1
287,-1,306.41,117.78,57.90,132.52,0.5452,-1,-1,-1
288,1,387.61,259.99,64.35,144.16,0.7193,-1,-1,-1
288,9,449.23,259.69,127.10,145.21,0.8462,-1,-1,-1
288,11,191.66,161.97,55.11,132.21,0.7899,-1,-1,-1
288,13,351.32,193.99,58.18,135.22,0.6129,-1,-1,-1
288,16,685.58,284.30,73.74,146.17,0.7657,-1,-1,-1
288,17,669.99,151.08,47.52,139.01,0.6284,-1,-1,-1
288,18,346.28,386.08,95.12,173.36,0.8961,-1,-1,-1
288,19,594.09,98.45,55.97,133.71,0.7954,-1,-1,-1
288,-1,304.70,117.78,56.49,132.19,0.5350,-1,-1,-1
289,1,389.56,262.02,62.91,140.21,0.7468,-1,-1,-1
289,9,452.79,259.30,126.17,144.86,0.8250,-1,-1,-1
289,11,188.97,164.43,56.78,130.33,0.8156,-1,-1,-1
289,16,685.57,283.68,74.41,146.64,0.7893,-1,-1,-1
289,17,670.26,152.31,48.08,137.10,0.6511,-1,-1,-1
289,18,341.32,388.26,100.01,174.36,0.8574,-1,-1,-1
289,19,594.12,97.27,55.93,134.33,0.7916,-1,-1,-1
289,13,352.59,189.78,57.65,122.69,0.5919,-1,-1,-1
289,-1,675.28,279.08,46.41,123.75,0.5895,-1,-1,-1
289,-1,504.73,363.37,58.45,156.77,0.5746,-1,-1,-1
289,-1,302.04,116.89,55.46,132.55,0.5483,-1,-1,-1
290,1,390.45,262.86,58.75,139.59,0.7451,-1,-1,-1
290,9,463.79,259.20,119.77,145.69,0.8117,-1,-1,-1
290,11,182.37,163.81,62.80,131.24,0.8149,-1,-1,-1
290,13,353.71,190.69,58.08,122.05,0.6390,-1,-1,-1
290,16,701.86,282.87,58.66,142.54,0.7407,-1,-1,-1
290,17,671.31,151.29,47.58,136.65,0.6223,-1,-1,-1
290,18,339.21,390.87,101.79,173.35,0.8059,-1,-1,-1
290,19,594.15,96.72,56.08,134.36,0.7903,-1,-1,-1
290,0,678.08,277.98,45.81,151.55,0.6847,-1,-1,-1
290,5,496.00,356.41,64.01,163.01,0.6985,-1,-1,-1
290,-1,299.70,115.55,47.55,132.62,0.5640,-1,-1,-1
291,0,677.99,277.55,48.59,150.97,0.6844,-1,-1,-1
291,1,377.61,262.86,65.94,137.55,0.7265,-1,-1,-1
291,5,496.08,357.13,64.42,162.30,0.7139,-1,-1,-1
291,9,465.44,259.46,119.84,145.52,0.8612,-1,-1,-1
291,11,176.52,165.21,68.58,129.68,0.8340,-1,-1,-1
291,16,699.03,282.01,62.59,142.97,0.7272,-1,-1,-1
291,17,671.93,150.92,48.12,135.59,0.6128,-1,-1,-1
291,18,338.35,391.91,102.37,172.93,0.7819,-1,-1,-1
291,19,593.90,92.98,56.54,136.76,0.7766,-1,-1,-1
291,13,357.42,192.86,54.99,96.74,0.5648,-1,-1,-1
291,-1,295.35,115.06,49.36,131.75,0.5951,-1,-1,-1
291,-1,926.99,175.19,55.62,136.08,0.5118,-1,-1,-1
292,0,677.85,276.55,51.15,150.60,0.7009,-1,-1,-1
292,1,381.28,261.43,57.15,137.97,0.7497,-1,-1,-1
292,5,495.50,357.94,65.37,161.70,0.6938,-1,-1,-1
292,9,466.47,259.76,120.47,145.97,0.8880,-1,-1,-1
292,11,169.90,165.99,74.29,128.65,0.8268,-1,-1,-1
292,16,699.09,280.15,62.62,143.72,0.7655,-1,-1,-1
292,18,338.16,392.14,102.57,172.67,0.8489,-1,-1,-1
292,19,593.68,91.91,56.65,136.56,0.7651,-1,-1,-1
292,17,671.90,149.65,47.39,133.07,0.5761,-1,-1,-1
292,-1,291.37,113.91,48.56,131.22,0.5459,-1,-1,-1
293,0,683.19,272.60,49.35,150.19,0.6932,-1,-1,-1
293,1,392.99,257.67,45.34,140.30,0.7802,-1,-1,-1
293,5,494.63,360.92,70.64,158.29,0.7211,-1,-1,-1
293,9,474.14,259.97,112.31,143.41,0.8985,-1,-1,-1
293,11,160.65,167.19,81.98,126.18,0.8418,-1,-1,-1
293,16,707.83,278.83,54.83,143.56,0.6978,-1,-1,-1
293,18,338.63,390.80,99.17,172.62,0.8894,-1,-1,-1
293,19,593.77,91.99,56.21,134.63,0.7638,-1,-1,-1
293,13,360.49,197.49,56.54,115.93,0.6787,-1,-1,-1
293,17,674.92,148.91,46.59,129.50,0.5917,-1,-1,-1
293,-1,282.66,114.52,49.76,129.08,0.5821,-1,-1,-1
294,0,684.28,269.64,49.51,148.74,0.6639,-1,-1,-1
294,1,386.31,254.16,52.29,142.07,0.7857,-1,-1,-1
294,5,494.50,361.81,75.08,157.32,0.7508,-1,-1,-1
294,9,477.57,259.30,109.34,143.27,0.9011,-1,-1,-1
294,11,159.82,165.87,82.68,126.30,0.8585,-1,-1,-1
294,13,356.47,196.62,62.22,105.61,0.6748,-1,-1,-1
294,16,715.43,277.76,46.86,144.30,0.7223,-1,-1,-1
294,17,674.57,147.66,48.09,128.52,0.6001,-1,-1,-1
294,18,338.68,389.21,96.02,172.46,0.8820,-1,-1,-1
294,19,593.94,91.70,56.24,133.60,0.7620,-1,-1,-1
294,-1,278.87,114.97,52.82,127.24,0.5991,-1,-1,-1
294,-1,596.59,534.36,51.46,48.60,0.5855,-1,-1,-1
295,0,686.51,266.75,48.02,150.50,0.7003,-1,-1,-1
295,1,385.13,251.26,52.51,143.67,0.8097,-1,-1,-1
295,5,495.90,362.17,74.62,155.44,0.7445,-1,-1,-1
295,9,483.61,257.36,103.24,143.87,0.9170,-1,-1,-1
295,11,159.45,165.19,82.76,125.63,0.8265,-1,-1,-1
295,13,354.18,195.50,64.77,86.46,0.6233,-1,-1,-1
295,16,714.33,276.87,48.39,145.23,0.7109,-1,-1,-1
295,17,676.39,146.38,47.49,128.92,0.6091,-1,-1,-1
295,18,338.67,388.32,91.64,172.42,0.8935,-1,-1,-1
295,19,593.84,91.21,56.54,132.74,0.7835,-1,-1,-1
295,-1,598.53,532.78,56.71,51.05,0.5914,-1,-1,-1
295,-1,275.53,113.09,55.69,128.41,0.5786,-1,-1,-1
296,0,689.69,265.56,44.12,149.61,0.6909,-1,-1,-1
296,1,384.66,247.72,53.02,145.60,0.8229,-1,-1,-1
296,5,497.08,361.62,72.42,155.07,0.7188,-1,-1,-1
296,9,489.45,254.79,97.42,144.88,0.9156,-1,-1,-1
296,11,158.02,167.07,84.09,122.22,0.8015,-1,-1,-1
296,13,353.73,194.58,64.53,81.22,0.6545,-1,-1,-1
296,16,713.73,277.63,48.72,146.14,0.7426,-1,-1,-1
296,17,679.02,147.16,45.27,126.11,0.6272,-1,-1,-1
296,18,338.55,387.31,88.20,172.67,0.8939,-1,-1,-1
296,19,593.72,91.20,56.84,131.52,0.7745,-1,-1,-1
296,-1,272.33,115.08,58.56,125.71,0.5532,-1,-1,-1
296,-1,600.96,531.67,63.71,52.29,0.5362,-1,-1,-1
297,0,692.73,265.16,42.75,148.76,0.6398,-1,-1,-1
297,1,385.47,244.16,52.77,149.16,0.8020,-1,-1,-1
297,5,496.93,361.28,71.00,154.03,0.7409,-1,-1,-1
297,9,495.35,251.92,91.78,147.01,0.9155,-1,-1,-1
297,11,151.69,165.04,90.02,123.36,0.8081,-1,-1,-1
297,13,353.35,192.69,64.37,83.95,0.6097,-1,-1,-1
297,16,713.33,278.28,49.56,146.91,0.7609,-1,-1,-1
297,17,681.10,145.93,43.72,127.38,0.6205,-1,-1,-1
297,18,338.12,386.20,85.19,174.31,0.8887,-1,-1,-1
297,19,593.74,86.64,57.10,135.25,0.7895,-1,-1,-1
297,-1,603.58,530.50,62.96,53.45,0.5221,-1,-1,-1
297,-1,266.06,115.41,63.84,125.09,0.5129,-1,-1,-1
298,1,384.13,241.46,54.41,149.76,0.8335,-1,-1,-1
298,5,499.82,363.48,72.32,151.16,0.6405,-1,-1,-1
298,9,504.59,246.05,82.12,151.86,0.9112,-1,-1,-1
298,11,138.76,160.72,90.22,126.26,0.8482,-1,-1,-1
298,16,701.32,280.58,62.72,149.38,0.7490,-1,-1,-1
298,17,686.31,145.80,40.89,131.10,0.6134,-1,-1,-1
298,18,330.79,373.73,92.58,188.07,0.8686,-1,-1,-1
298,19,593.76,83.61,57.54,136.14,0.7865,-1,-1,-1
298,13,354.96,189.74,59.27,87.33,0.5681,-1,-1,-1
298,-1,610.89,529.18,69.39,54.83,0.5620,-1,-1,-1
298,-1,253.24,114.59,73.51,125.57,0.5122,-1,-1,-1
299,1,384.63,241.20,54.18,148.98,0.8129,-1,-1,-1
299,5,457.66,360.52,110.45,152.70,0.6991,-1,-1,-1
299,9,506.21,244.44,81.58,152.24,0.8978,-1,-1,-1
299,11,135.53,158.98,84.03,126.81,0.8069,-1,-1,-1
299,16,704.08,283.64,60.99,149.52,0.7303,-1,-1,-1
299,17,687.45,144.20,40.86,132.09,0.6223,-1,-1,-1
299,18,325.76,366.22,98.03,193.54,0.8874,-1,-1,-1
299,19,593.98,83.49,57.90,135.12,0.7470,-1,-1,-1
299,13,355.60,188.62,57.76,89.86,0.5549,-1,-1,-1
299,-1,243.34,113.34,80.45,126.81,0.5878,-1,-1,-1
299,-1,613.88,528.39,63.44,54.99,0.5669,-1,-1,-1
299,-1,698.46,270.53,67.32,141.62,0.5562,-1,-1,-1
300,1,384.70,241.57,54.40,149.89,0.8053,-1,-1,-1
300,5,449.88,357.99,117.97,154.34,0.6799,-1,-1,-1
300,9,507.66,242.89,80.44,153.00,0.8929,-1,-1,-1
300,11,131.42,156.36,79.45,128.46,0.8089,-1,-1,-1
300,16,702.44,273.10,62.98,160.97,0.7608,-1,-1,-1
300,17,688.57,142.93,41.05,132.07,0.6110,-1,-1,-1
300,18,315.88,360.40,108.67,198.20,0.8819,-1,-1,-1
300,19,594.20,83.48,58.76,134.07,0.7419,-1,-1,-1
300,-1,618.41,527.10,61.01,55.90,0.5902,-1,-1,-1
300,-1,243.66,110.92,79.56,128.71,0.5754,-1,-1,-1
300,-1,701.26,272.34,66.16,138.27,0.5484,-1,-1,-1
301,1,384.75,242.65,55.05,149.55,0.7720,-1,-1,-1
301,5,451.62,356.22,119.10,154.89,0.7133,-1,-1,-1
301,9,508.02,242.79,81.41,151.87,0.8930,-1,-1,-1
301,11,129.11,155.50,72.09,127.85,0.7675,-1,-1,-1
301,16,702.98,273.43,60.51,162.76,0.7404,-1,-1,-1
301,18,305.85,355.81,120.04,200.81,0.8820,-1,-1,-1
301,19,595.13,82.92,57.50,133.37,0.7486,-1,-1,-1
301,17,688.86,138.76,41.77,135.48,0.5963,-1,-1,-1
301,-1,621.94,525.89,63.21,57.43,0.5293,-1,-1,-1
301,-1,941.38,163.05,54.98,135.05,0.5281,-1,-1,-1
301,-1,243.71,110.53,77.41,128.64,0.6247,-1,-1,-1
302,1,380.50,244.22,60.56,148.33,0.7627,-1,-1,-1
302,5,452.52,354.12,120.55,156.15,0.6716,-1,-1,-1
302,9,508.99,243.10,80.20,150.69,0.8805,-1,-1,-1
302,11,126.34,153.23,65.93,129.25,0.6923,-1,-1,-1
302,16,704.27,273.96,61.69,161.81,0.7575,-1,-1,-1
302,17,690.66,139.51,41.45,133.40,0.6042,-1,-1,-1
302,18,297.77,343.58,128.71,211.17,0.9044,-1,-1,-1
302,19,596.37,80.54,56.40,134.61,0.7381,-1,-1,-1
302,-1,361.75,186.95,51.90,151.92,0.5924,-1,-1,-1
302,-1,942.76,163.10,53.11,136.99,0.5610,-1,-1,-1
302,-1,625.97,524.00,65.31,59.57,0.5601,-1,-1,-1
302,-1,244.07,109.74,74.64,128.09,0.6301,-1,-1,-1
303,1,383.03,246.52,59.58,146.41,0.7533,-1,-1,-1
303,9,509.91,245.44,76.40,148.67,0.8799,-1,-1,-1
303,11,121.02,152.78,58.20,128.05,0.6974,-1,-1,-1
303,16,708.52,273.53,58.72,161.46,0.7206,-1,-1,-1
303,17,693.98,139.40,40.14,132.51,0.6163,-1,-1,-1
303,18,287.70,339.04,140.17,213.25,0.8283,-1,-1,-1
303,19,597.16,77.32,57.36,135.65,0.7251,-1,-1,-1
303,13,356.80,188.04,57.01,126.87,0.6556,-1,-1,-1
303,5,499.58,349.86,70.46,157.75,0.5146,-1,-1,-1
303,-1,635.28,520.20,63.86,63.50,0.5993,-1,-1,-1
303,-1,943.06,162.91,53.98,136.99,0.5722,-1,-1,-1
303,-1,243.97,104.40,49.38,131.71,0.5077,-1,-1,-1
304,1,383.71,245.66,59.95,146.92,0.7639,-1,-1,-1
304,5,458.95,347.21,108.83,158.36,0.6454,-1,-1,-1
304,9,511.02,246.53,73.97,148.58,0.8860,-1,-1,-1
304,11,117.55,150.99,58.22,131.86,0.7186,-1,-1,-1
304,13,355.36,190.10,58.92,128.39,0.6873,-1,-1,-1
304,16,710.42,275.11,57.54,158.99,0.6820,-1,-1,-1
304,17,694.81,135.43,40.39,135.54,0.6448,-1,-1,-1
304,18,286.60,365.75,141.77,184.97,0.8787,-1,-1,-1
304,19,598.20,76.41,57.00,135.55,0.7502,-1,-1,-1
304,-1,943.88,164.54,55.19,139.27,0.5826,-1,-1,-1
304,-1,243.71,102.87,46.28,131.97,0.6216,-1,-1,-1
304,-1,640.62,518.45,63.03,65.65,0.6204,-1,-1,-1
305,1,384.92,243.40,61.80,147.67,0.7552,-1,-1,-1
305,5,464.71,341.44,106.78,163.75,0.6651,-1,-1,-1
305,9,511.56,247.27,70.93,148.87,0.8545,-1,-1,-1
305,11,114.14,152.20,57.48,133.74,0.7766,-1,-1,-1
305,13,353.85,190.45,61.15,129.69,0.7466,-1,-1,-1
305,16,710.14,272.48,60.74,160.61,0.7696,-1,-1,-1
305,17,696.01,134.58,39.03,135.98,0.6767,-1,-1,-1
305,18,287.19,371.63,141.59,178.17,0.8537,-1,-1,-1
305,19,598.64,74.93,57.22,136.12,0.7347,-1,-1,-1
305,-1,944.20,163.54,55.87,140.46,0.5847,-1,-1,-1
305,-1,242.38,102.34,52.57,131.25,0.5838,-1,-1,-1
305,-1,645.27,515.93,62.44,68.08,0.5659,-1,-1,-1
306,1,386.48,240.97,66.11,149.01,0.7871,-1,-1,-1
306,5,486.74,342.19,85.75,162.84,0.7137,-1,-1,-1
306,9,512.33,248.09,64.96,150.53,0.8259,-1,-1,-1
306,11,111.35,155.17,56.47,132.48,0.7856,-1,-1,-1
306,13,351.41,192.22,65.95,128.10,0.7349,-1,-1,-1
306,16,711.89,273.08,57.88,158.97,0.7808,-1,-1,-1
306,17,694.07,130.51,42.15,140.25,0.6288,-1,-1,-1
306,18,291.30,371.58,138.08,176.82,0.8602,-1,-1,-1
306,19,598.65,74.36,62.36,135.57,0.6406,-1,-1,-1
306,-1,944.19,163.50,55.68,140.82,0.5716,-1,-1,-1
306,-1,242.76,101.17,48.54,132.29,0.6290,-1,-1,-1
306,-1,649.23,514.39,62.19,69.03,0.6214,-1,-1,-1
307,1,387.52,237.04,66.62,152.40,0.8400,-1,-1,-1
307,5,480.49,334.47,90.34,170.26,0.6780,-1,-1,-1
307,9,511.05,248.88,64.79,149.22,0.8282,-1,-1,-1
307,11,104.00,153.56,61.95,135.49,0.7862,-1,-1,-1
307,13,350.08,192.86,61.35,125.97,0.7817,-1,-1,-1
307,16,713.30,291.03,54.86,140.12,0.7899,-1,-1,-1
307,17,695.63,132.27,41.07,137.98,0.6295,-1,-1,-1
307,18,296.51,371.00,133.52,176.34,0.8462,-1,-1,-1
307,19,599.50,75.21,60.20,134.01,0.6405,-1,-1,-1
307,-1,944.31,164.79,56.05,140.75,0.5945,-1,-1,-1
307,-1,651.78,512.46,63.43,71.01,0.6482,-1,-1,-1
307,-1,243.42,100.43,42.28,133.25,0.6151,-1,-1,-1
308,1,390.99,231.67,65.71,156.79,0.8204,-1,-1,-1
308,5,477.91,325.85,88.03,181.54,0.7107,-1,-1,-1
308,9,512.11,248.53,65.22,148.60,0.8499,-1,-1,-1
308,11,87.94,159.22,75.70,129.60,0.8154,-1,-1,-1
308,13,346.75,191.72,66.85,125.82,0.7937,-1,-1,-1
308,16,715.16,286.46,55.75,149.92,0.7448,-1,-1,-1
308,17,697.95,131.89,39.88,138.23,0.6677,-1,-1,-1
308,18,300.86,370.87,130.74,174.48,0.8869,-1,-1,-1
308,19,601.08,74.08,59.47,134.11,0.6917,-1,-1,-1
308,-1,944.30,164.69,56.76,139.02,0.5771,-1,-1,-1
308,-1,661.56,509.51,61.49,74.42,0.6983,-1,-1,-1
308,-1,236.95,99.46,47.47,137.14,0.6260,-1,-1,-1
309,1,393.84,229.67,67.46,156.37,0.8491,-1,-1,-1
309,5,478.00,327.88,82.25,182.32,0.6414,-1,-1,-1
309,9,511.41,246.87,65.83,149.14,0.8530,-1,-1,-1
309,11,85.35,159.37,78.99,131.49,0.8473,-1,-1,-1
309,13,345.57,191.49,72.13,125.67,0.8242,-1,-1,-1
309,16,714.72,281.79,58.38,157.87,0.7333,-1,-1,-1
309,17,694.33,129.27,43.92,141.00,0.6383,-1,-1,-1
309,18,308.16,371.30,124.27,173.33,0.8836,-1,-1,-1
309,19,601.83,74.98,66.79,132.49,0.6529,-1,-1,-1
309,-1,944.25,165.18,57.54,138.84,0.5910,-1,-1,-1
309,-1,665.12,508.39,60.89,75.30,0.7135,-1,-1,-1
309,-1,235.21,104.87,47.97,134.56,0.6543,-1,-1,-1
310,1,395.83,228.93,69.13,155.35,0.8681,-1,-1,-1
310,5,477.37,325.10,78.42,188.16,0.6485,-1,-1,-1
310,9,508.38,245.91,69.87,149.54,0.8769,-1,-1,-1
310,11,85.00,160.68,80.24,131.00,0.8832,-1,-1,-1
310,13,345.23,191.90,70.56,125.43,0.8268,-1,-1,-1
310,16,715.90,277.96,63.52,170.37,0.7177,-1,-1,-1
310,17,695.21,127.53,42.98,143.81,0.6370,-1,-1,-1
310,18,318.50,372.03,115.31,171.83,0.8842,-1,-1,-1
310,19,602.57,74.06,72.39,132.93,0.6249,-1,-1,-1
310,-1,945.27,165.05,56.77,138.54,0.5862,-1,-1,-1
310,20,669.06,507.66,59.65,76.12,0.7224,-1,-1,-1
310,-1,233.61,104.65,49.31,135.04,0.6658,-1,-1,-1
311,1,399.19,229.42,69.23,154.97,0.8667,-1,-1,-1
311,9,505.25,243.95,73.66,151.04,0.8961,-1,-1,-1
311,11,86.07,161.53,78.63,129.71,0.8691,-1,-1,-1
311,13,344.58,192.23,61.50,129.20,0.7780,-1,-1,-1
311,16,714.89,311.41,65.54,142.50,0.7202,-1,-1,-1
311,17,694.53,129.35,43.74,141.93,0.6234,-1,-1,-1
311,18,333.43,371.80,101.47,171.65,0.8587,-1,-1,-1
311,19,603.73,72.71,62.74,133.87,0.6564,-1,-1,-1
311,20,672.95,507.16,59.98,76.66,0.6974,-1,-1,-1
311,-1,945.79,164.34,56.30,139.35,0.5957,-1,-1,-1
311,-1,229.55,103.07,53.65,137.99,0.6135,-1,-1,-1
312,1,404.04,230.45,74.26,156.93,0.8188,-1,-1,-1
312,9,499.75,242.18,79.94,152.52,0.8860,-1,-1,-1
312,11,87.06,162.93,73.34,128.14,0.8623,-1,-1,-1
312,13,342.33,193.58,56.00,134.34,0.7492,-1,-1,-1
312,16,720.05,269.88,72.32,188.86,0.7595,-1,-1,-1
312,17,697.47,129.54,40.52,142.01,0.6352,-1,-1,-1
312,18,339.45,372.55,96.53,170.55,0.8389,-1,-1,-1
312,19,604.00,74.16,63.22,132.31,0.6408,-1,-1,-1
312,20,675.63,507.12,60.26,76.87,0.6574,-1,-1,-1
312,-1,945.27,165.10,57.73,138.02,0.5833,-1,-1,-1
312,-1,470.76,328.69,72.66,192.55,0.5216,-1,-1,-1
312,-1,226.15,103.53,57.54,137.54,0.6163,-1,-1,-1
313,1,404.19,236.25,102.48,155.67,0.7144,-1,-1,-1
313,9,495.51,240.09,85.91,154.17,0.8467,-1,-1,-1
313,11,83.40,160.17,61.88,131.05,0.8188,-1,-1,-1
313,13,340.76,196.69,54.56,139.85,0.7603,-1,-1,-1
313,16,715.97,331.76,66.96,135.41,0.7378,-1,-1,-1
313,18,348.80,373.62,87.68,168.54,0.8914,-1,-1,-1
313,19,605.91,75.54,59.08,130.65,0.6719,-1,-1,-1
313,20,681.25,506.72,63.12,77.20,0.7109,-1,-1,-1
313,17,699.54,129.78,37.80,142.80,0.5933,-1,-1,-1
313,-1,727.36,272.55,68.54,97.06,0.5572,-1,-1,-1
313,-1,947.86,166.27,55.62,135.85,0.5237,-1,-1,-1
313,-1,223.29,106.54,59.30,136.53,0.6036,-1,-1,-1
314,1,405.50,237.98,99.71,151.24,0.8076,-1,-1,-1
314,9,493.31,239.38,88.66,154.62,0.7919,-1,-1,-1
314,11,83.01,156.60,56.93,134.10,0.7549,-1,-1,-1
314,13,339.18,198.02,56.57,140.76,0.8224,-1,-1,-1
314,16,719.00,337.92,67.97,135.39,0.7688,-1,-1,-1
314,18,348.39,372.92,86.75,170.18,0.8850,-1,-1,-1
314,19,606.74,74.67,58.55,131.41,0.6956,-1,-1,-1
314,20,684.07,506.82,64.25,77.13,0.7216,-1,-1,-1
314,5,485.96,364.02,57.11,159.02,0.6600,-1,-1,-1
314,17,698.70,130.68,38.94,141.69,0.5816,-1,-1,-1
314,-1,726.23,282.02,71.07,89.74,0.5753,-1,-1,-1
314,-1,949.74,168.01,54.92,133.57,0.5027,-1,-1,-1
314,-1,220.83,105.44,60.62,138.20,0.6593,-1,-1,-1
315,1,408.13,238.46,103.80,149.12,0.8549,-1,-1,-1
315,9,487.56,238.73,95.60,154.60,0.8796,-1,-1,-1
315,11,79.84,155.63,57.78,134.74,0.7756,-1,-1,-1
315,13,337.52,200.16,59.73,140.12,0.8288,-1,-1,-1
315,16,725.23,338.01,57.13,138.26,0.6722,-1,-1,-1
315,18,349.05,372.17,81.67,172.52,0.8808,-1,-1,-1
315,19,607.99,76.76,56.64,128.74,0.7226,-1,-1,-1
315,20,687.35,506.39,65.79,77.58,0.7069,-1,-1,-1
315,5,471.44,359.20,75.77,163.38,0.5975,-1,-1,-1
315,17,697.38,130.63,40.78,142.44,0.5928,-1,-1,-1
315,-1,951.12,169.25,56.40,135.72,0.5462,-1,-1,-1
315,-1,725.05,284.14,72.07,137.98,0.5220,-1,-1,-1
315,-1,219.74,104.71,60.07,138.89,0.6867,-1,-1,-1
316,1,410.28,237.57,111.67,147.79,0.9105,-1,-1,-1
316,5,469.18,363.68,80.60,158.11,0.6785,-1,-1,-1
316,9,490.21,238.54,94.37,153.49,0.8829,-1,-1,-1
316,11,75.11,157.32,61.96,133.45,0.7821,-1,-1,-1
316,13,334.95,200.86,63.19,142.31,0.8395,-1,-1,-1
316,18,350.97,371.52,77.97,173.75,0.8859,-1,-1,-1
316,19,609.24,75.97,57.50,129.33,0.7438,-1,-1,-1
316,20,691.37,505.90,65.52,77.84,0.7065,-1,-1,-1
316,16,725.03,287.00,67.47,139.43,0.5775,-1,-1,-1
316,17,693.72,131.96,44.80,140.04,0.5860,-1,-1,-1
316,-1,953.72,172.64,56.64,137.88,0.5375,-1,-1,-1
316,-1,217.53,105.01,60.88,138.01,0.7043,-1,-1,-1
317,1,413.44,235.91,114.41,148.31,0.8948,-1,-1,-1
317,5,462.08,363.25,90.56,158.18,0.7545,-1,-1,-1
317,9,499.83,238.27,89.15,152.45,0.8608,-1,-1,-1
317,11,71.94,155.59,65.24,138.56,0.7922,-1,-1,-1
317,13,332.54,201.20,66.03,141.49,0.8670,-1,-1,-1
317,16,727.48,289.16,62.83,136.84,0.7144,-1,-1,-1
317,18,352.95,370.24,77.64,174.69,0.8917,-1,-1,-1
317,19,610.89,76.12,58.01,128.95,0.7016,-1,-1,-1
317,20,695.57,505.11,66.77,78.70,0.7168,-1,-1,-1
317,17,689.97,130.28,49.10,141.40,0.5864,-1,-1,-1
317,-1,957.00,174.77,65.97,144.00,0.5248,-1,-1,-1
317,21,216.23,104.49,60.91,137.83,0.6965,-1,-1,-1
317,-1,728.56,347.26,55.07,131.16,0.6794,-1,-1,-1
318,1,427.92,229.79,103.95,146.79,0.8316,-1,-1,-1
318,5,461.16,364.71,97.38,154.81,0.7594,-1,-1,-1
318,9,502.13,236.78,94.66,152.87,0.8814,-1,-1,-1
318,11,74.34,160.55,65.44,140.86,0.8387,-1,-1,-1
318,13,330.70,202.31,68.62,139.36,0.8746,-1,-1,-1
318,16,732.55,290.80,56.07,104.40,0.7001,-1,-1,-1
318,18,358.45,368.38,76.37,174.94,0.9037,-1,-1,-1
318,19,612.74,76.38,59.29,128.38,0.7065,-1,-1,-1
318,20,704.39,503.36,68.09,81.02,0.7613,-1,-1,-1
318,21,217.53,103.56,58.66,137.69,0.7301,-1,-1,-1
318,17,696.10,130.45,45.67,138.82,0.5858,-1,-1,-1
318,-1,962.26,177.45,65.13,140.96,0.5229,-1,-1,-1
318,-1,735.03,358.86,51.97,118.03,0.8039,-1,-1,-1
319,1,438.57,226.57,90.16,141.72,0.8406,-1,-1,-1
319,5,463.26,363.64,97.02,155.76,0.7514,-1,-1,-1
319,9,505.16,235.74,93.29,153.11,0.8538,-1,-1,-1
319,11,74.42,162.28,68.46,142.01,0.8416,-1,-1,-1
319,13,331.37,201.90,67.24,138.84,0.8775,-1,-1,-1
319,16,726.99,363.42,61.86,112.35,0.7480,-1,-1,-1
319,17,697.61,132.12,45.77,138.83,0.6264,-1,-1,-1
319,18,362.07,367.72,75.48,174.26,0.8990,-1,-1,-1
319,19,612.55,75.67,61.21,129.06,0.7145,-1,-1,-1
319,20,709.44,502.40,67.69,81.75,0.7468,-1,-1,-1
319,21,219.29,103.46,56.40,136.89,0.7145,-1,-1,-1
319,-1,965.36,178.42,64.10,140.49,0.5515,-1,-1,-1
319,-1,733.84,290.89,55.11,146.62,0.5476,-1,-1,-1
320,1,450.20,223.60,82.27,140.53,0.8483,-1,-1,-1
320,5,468.98,362.17,96.99,155.35,0.7259,-1,-1,-1
320,9,519.50,234.41,81.97,153.33,0.8801,-1,-1,-1
320,11,74.99,166.16,70.35,140.38,0.8676,-1,-1,-1
320,13,332.91,201.10,64.05,139.48,0.8797,-1,-1,-1
320,16,721.12,367.25,69.17,108.58,0.6380,-1,-1,-1
320,17,699.52,131.89,45.96,138.37,0.6727,-1,-1,-1
320,18,365.73,367.28,73.92,173.41,0.9005,-1,-1,-1
320,19,610.60,78.37,65.34,126.04,0.7008,-1,-1,-1
320,20,713.27,501.70,69.58,82.44,0.7370,-1,-1,-1
320,21,221.76,104.06,54.77,135.45,0.7037,-1,-1,-1
320,-1,967.57,180.53,64.07,137.95,0.5423,-1,-1,-1
320,-1,735.38,291.42,53.44,118.70,0.6442,-1,-1,-1
321,1,464.17,220.49,75.23,143.19,0.8288,-1,-1,-1
321,5,474.43,359.30,93.50,158.47,0.7131,-1,-1,-1
321,9,522.39,232.48,82.68,155.15,0.8751,-1,-1,-1
321,11,75.12,170.35,72.05,135.58,0.8305,-1,-1,-1
321,13,337.03,200.60,58.85,139.74,0.8924,-1,-1,-1
321,16,735.77,292.24,58.31,149.77,0.6761,-1,-1,-1
321,17,700.49,131.00,46.03,137.16,0.6358,-1,-1,-1
321,18,369.59,366.80,74.13,173.88,0.8978,-1,-1,-1
321,19,609.75,79.08,68.66,125.43,0.6702,-1,-1,-1
321,20,717.01,500.86,69.88,82.97,0.7308,-1,-1,-1
321,21,221.22,104.07,53.97,135.83,0.7076,-1,-1,-1
321,-1,711.85,368.52,81.63,106.95,0.5781,-1,-1,-1
321,-1,969.36,181.96,64.49,136.20,0.5496,-1,-1,-1
322,1,476.19,216.70,75.52,146.97,0.7498,-1,-1,-1
322,5,478.83,354.35,96.81,163.63,0.6500,-1,-1,-1
322,9,538.90,230.38,69.19,157.02,0.8567,-1,-1,-1
322,11,76.90,170.85,72.21,134.61,0.8598,-1,-1,-1
322,13,341.13,199.58,56.27,140.29,0.8815,-1,-1,-1
322,16,708.38,367.61,86.41,119.80,0.6697,-1,-1,-1
322,17,702.90,132.14,45.15,135.28,0.6391,-1,-1,-1
322,18,374.20,367.14,71.51,172.67,0.8861,-1,-1,-1
322,19,609.50,81.97,71.10,122.94,0.6599,-1,-1,-1
322,20,721.06,500.12,68.93,83.53,0.6973,-1,-1,-1
322,21,221.39,103.03,56.45,136.35,0.6825,-1,-1,-1
322,-1,736.80,294.22,53.78,130.56,0.5526,-1,-1,-1
322,-1,971.34,183.08,64.73,134.95,0.5113,-1,-1,-1
323,1,499.05,210.89,73.64,150.76,0.8054,-1,-1,-1
323,9,552.47,226.64,61.64,159.00,0.8330,-1,-1,-1
323,11,79.66,173.22,64.73,131.24,0.8662,-1,-1,-1
323,13,349.76,199.18,50.69,140.59,0.8567,-1,-1,-1
323,16,709.71,366.24,79.94,137.10,0.7198,-1,-1,-1
323,17,705.55,132.15,44.40,135.86,0.6462,-1,-1,-1
323,18,381.87,366.53,68.76,171.24,0.8410,-1,-1,-1
323,19,612.71,81.25,71.66,125.99,0.6765,-1,-1,-1
323,20,726.66,499.66,70.08,84.16,0.7058,-1,-1,-1
323,21,215.95,103.86,68.50,135.91,0.7142,-1,-1,-1
323,5,492.60,355.53,92.57,163.13,0.5622,-1,-1,-1
323,-1,977.41,183.52,62.45,134.21,0.5215,-1,-1,-1
323,-1,736.44,300.96,58.75,153.47,0.6337,-1,-1,-1
324,1,508.21,209.18,57.52,151.63,0.7739,-1,-1,-1
324,5,496.24,344.75,90.73,172.51,0.6061,-1,-1,-1
324,9,555.05,224.36,62.11,161.08,0.8154,-1,-1,-1
324,11,81.87,171.09,59.16,133.55,0.8370,-1,-1,-1
324,13,349.71,199.72,51.36,141.40,0.8536,-1,-1,-1
324,16,711.86,367.39,73.29,139.88,0.7205,-1,-1,-1
324,17,702.67,131.56,49.02,136.15,0.6695,-1,-1,-1
324,18,383.34,366.65,68.91,170.08,0.8265,-1,-1,-1
324,19,614.69,83.62,71.54,124.34,0.6952,-1,-1,-1
324,20,728.88,497.41,69.93,86.41,0.7087,-1,-1,-1
324,21,215.11,103.72,72.81,136.72,0.7477,-1,-1,-1
324,-1,981.31,182.31,61.50,136.09,0.5319,-1,-1,-1
324,-1,738.97,305.52,57.08,115.37,0.5304,-1,-1,-1
325,1,511.14,207.84,69.30,146.22,0.7913,-1,-1,-1
325,5,520.27,360.48,68.11,156.65,0.6490,-1,-1,-1
325,9,563.78,222.63,57.10,162.82,0.7909,-1,-1,-1
325,11,82.65,169.58,54.25,134.71,0.7876,-1,-1,-1
325,13,346.95,200.67,55.31,142.06,0.8475,-1,-1,-1
325,16,712.15,370.46,73.95,144.04,0.7172,-1,-1,-1
325,17,699.46,131.83,54.38,136.57,0.6401,-1,-1,-1
325,18,384.78,367.38,69.41,168.87,0.8029,-1,-1,-1
325,19,616.51,85.25,71.14,122.55,0.6606,-1,-1,-1
325,20,731.95,499.00,68.62,84.95,0.6661,-1,-1,-1
325,21,215.61,104.94,74.58,136.55,0.6889,-1,-1,-1
325,-1,986.77,181.67,60.00,136.37,0.5560,-1,-1,-1
325,-1,739.98,309.81,59.24,149.65,0.7377,-1,-1,-1
326,1,514.51,207.99,71.53,146.20,0.8049,-1,-1,-1
326,5,507.24,354.01,83.50,162.26,0.6382,-1,-1,-1
326,9,570.73,221.21,52.86,163.80,0.7890,-1,-1,-1
326,11,83.89,168.38,50.28,135.34,0.8239,-1,-1,-1
326,13,346.26,202.06,57.81,144.70,0.8591,-1,-1,-1
326,16,710.88,373.89,77.66,142.39,0.7563,-1,-1,-1
326,17,696.04,132.34,58.44,136.37,0.6847,-1,-1,-1
326,18,386.70,367.99,70.89,167.35,0.8145,-1,-1,-1
326,19,617.12,82.18,71.62,125.38,0.6289,-1,-1,-1
326,20,733.50,498.64,68.50,85.30,0.6531,-1,-1,-1
326,21,216.32,104.94,70.88,136.24,0.6938,-1,-1,-1
326,-1,990.02,182.40,59.54,136.51,0.5787,-1,-1,-1
326,22,743.55,314.55,58.31,139.34,0.7322,-1,-1,-1
327,1,517.78,208.75,67.97,145.66,0.7774,-1,-1,-1
327,5,508.20,355.31,84.86,160.00,0.6251,-1,-1,-1
327,9,559.50,219.40,67.21,165.63,0.7989,-1,-1,-1
327,11,84.70,166.29,49.51,137.16,0.8213,-1,-1,-1
327,13,347.55,204.37,60.51,144.29,0.8566,-1,-1,-1
327,16,711.01,378.22,75.13,137.92,0.6950,-1,-1,-1
327,17,692.57,132.75,65.23,135.72,0.6663,-1,-1,-1
327,18,387.35,368.50,74.57,166.06,0.8118,-1,-1,-1
327,19,613.75,81.37,76.13,126.08,0.6444,-1,-1,-1
327,20,734.93,498.00,68.17,86.08,0.6398,-1,-1,-1
327,21,218.32,105.18,66.95,135.83,0.6616,-1,-1,-1
327,22,744.49,317.57,65.50,141.89,0.7684,-1,-1,-1
327,-1,993.55,183.47,58.82,136.17,0.5519,-1,-1,-1
328,1,522.00,210.82,75.59,143.99,0.8229,-1,-1,-1
328,5,508.51,349.40,87.06,165.37,0.6838,-1,-1,-1
328,9,567.31,218.89,79.47,165.88,0.7967,-1,-1,-1
328,11,85.45,164.86,48.95,138.81,0.8606,-1,-1,-1
328,13,350.72,209.11,66.16,142.74,0.8751,-1,-1,-1
328,16,704.78,388.39,84.76,128.00,0.6399,-1,-1,-1
328,17,693.46,134.04,63.18,133.71,0.7178,-1,-1,-1
328,18,387.90,369.82,87.85,162.69,0.8443,-1,-1,-1
328,19,620.02,81.96,68.19,125.39,0.6350,-1,-1,-1
328,20,737.69,496.47,66.51,87.57,0.6550,-1,-1,-1
328,21,221.10,107.18,61.26,133.73,0.6535,-1,-1,-1
328,22,748.02,321.10,69.11,143.23,0.8257,-1,-1,-1
328,-1,997.16,183.30,60.62,138.81,0.5475,-1,-1,-1
329,1,522.85,211.35,78.11,143.41,0.8210,-1,-1,-1
329,5,518.54,360.27,77.53,153.78,0.6540,-1,-1,-1
329,9,578.73,219.35,78.39,164.90,0.7922,-1,-1,-1
329,11,85.01,166.65,49.81,137.61,0.8613,-1,-1,-1
329,13,352.58,211.20,67.48,141.82,0.8708,-1,-1,-1
329,16,697.44,389.50,88.17,131.28,0.7008,-1,-1,-1
329,17,694.26,135.00,63.17,132.96,0.7121,-1,-1,-1
329,18,388.18,371.43,91.35,161.70,0.8475,-1,-1,-1
329,19,622.27,83.54,61.91,123.61,0.6592,-1,-1,-1
329,20,739.52,496.83,65.01,87.33,0.6765,-1,-1,-1
329,21,222.30,109.01,59.27,131.37,0.6579,-1,-1,-1
329,22,749.78,322.20,70.41,147.91,0.7899,-1,-1,-1
329,-1,999.16,184.17,62.89,142.00,0.5219,-1,-1,-1
330,1,524.08,211.52,82.83,141.64,0.8165,-1,-1,-1
330,5,512.64,362.49,84.56,151.16,0.7492,-1,-1,-1
330,9,580.88,219.54,84.36,164.64,0.7813,-1,-1,-1
330,11,83.16,168.98,52.48,135.86,0.8477,-1,-1,-1
330,13,353.70,212.74,68.92,140.97,0.8703,-1,-1,-1
330,16,694.15,389.12,85.43,123.39,0.7357,-1,-1,-1
330,17,694.98,133.60,62.87,134.24,0.6808,-1,-1,-1
330,18,389.26,372.11,95.01,163.10,0.8427,-1,-1,-1
330,19,621.71,82.07,59.61,125.18,0.6326,-1,-1,-1
330,20,740.36,489.77,64.62,94.32,0.6514,-1,-1,-1
330,21,223.12,108.15,58.94,131.98,0.6792,-1,-1,-1
330,22,751.70,325.03,69.72,149.85,0.8287,-1,-1,-1
331,1,528.06,210.96,81.48,140.69,0.8340,-1,-1,-1
331,5,512.25,365.98,86.03,147.10,0.7660,-1,-1,-1
331,9,583.69,219.64,87.15,164.22,0.8287,-1,-1,-1
331,11,82.16,169.07,54.39,135.79,0.8669,-1,-1,-1
331,13,354.99,213.96,71.80,140.52,0.8802,-1,-1,-1
331,16,692.23,388.74,66.23,117.66,0.7027,-1,-1,-1
331,17,696.16,132.12,60.81,133.44,0.6708,-1,-1,-1
331,18,390.44,373.48,97.94,162.52,0.8093,-1,-1,-1
331,19,622.27,82.90,55.16,124.67,0.6516,-1,-1,-1
331,20,740.89,495.38,64.55,88.88,0.7236,-1,-1,-1
331,21,222.35,109.58,59.21,130.36,0.6940,-1,-1,-1
331,22,752.32,327.44,71.22,149.63,0.8143,-1,-1,-1
331,-1,1000.87,193.99,67.99,126.37,0.5471,-1,-1,-1
332,1,532.78,209.64,84.59,141.61,0.7966,-1,-1,-1
332,5,511.86,367.30,87.73,145.63,0.7251,-1,-1,-1
332,9,593.56,219.88,82.27,163.75,0.8273,-1,-1,-1
332,11,84.79,170.91,53.30,133.85,0.8440,-1,-1,-1
332,13,356.22,215.00,71.79,140.38,0.8735,-1,-1,-1
332,16,688.06,388.29,76.55,138.28,0.7275,-1,-1,-1
332,17,696.82,135.25,59.30,130.33,0.6877,-1,-1,-1
332,18,391.20,373.80,117.11,163.43,0.7591,-1,-1,-1
332,19,622.53,81.09,51.64,126.67,0.6497,-1,-1,-1
332,20,741.72,495.12,64.51,89.19,0.7298,-1,-1,-1
332,21,222.31,109.18,58.34,130.45,0.6624,-1,-1,-1
332,22,752.37,331.51,71.96,150.39,0.8302,-1,-1,-1
332,-1,1001.87,196.29,66.86,122.56,0.5071,-1,-1,-1
333,1,544.11,207.14,81.50,135.37,0.8013,-1,-1,-1
333,5,523.50,368.07,76.62,143.36,0.6867,-1,-1,-1
333,9,598.53,218.32,79.45,163.97,0.8635,-1,-1,-1
333,11,88.84,176.67,47.60,127.98,0.8399,-1,-1,-1
333,13,358.49,217.21,73.97,139.95,0.8836,-1,-1,-1
333,16,670.96,391.20,87.98,175.73,0.7577,-1,-1,-1
333,17,697.61,134.52,52.39,131.94,0.7075,-1,-1,-1
333,18,396.12,376.70,103.58,160.34,0.7692,-1,-1,-1
333,19,623.59,82.75,41.85,126.67,0.6641,-1,-1,-1
333,20,741.51,493.92,64.67,90.09,0.7460,-1,-1,-1
333,21,224.43,111.90,57.49,127.09,0.6539,-1,-1,-1
333,22,743.25,342.18,81.33,151.97,0.7637,-1,-1,-1
333,-1,1002.54,201.59,70.82,135.12,0.5203,-1,-1,-1
334,1,553.45,205.34,76.34,136.02,0.8011,-1,-1,-1
334,5,535.33,366.64,65.42,144.10,0.7696,-1,-1,-1
334,9,600.73,217.03,78.46,163.45,0.8854,-1,-1,-1
334,11,90.73,176.14,47.96,128.07,0.8469,-1,-1,-1
334,13,359.64,218.04,73.87,139.00,0.8977,-1,-1,-1
334,16,672.30,394.90,88.29,176.33,0.8342,-1,-1,-1
334,17,696.26,135.16,50.31,129.46,0.7122,-1,-1,-1
334,18,400.31,376.82,96.63,159.97,0.8334,-1,-1,-1
334,19,623.74,83.82,36.62,126.38,0.6250,-1,-1,-1
334,20,743.30,493.57,63.01,90.56,0.6958,-1,-1,-1
334,21,224.84,111.88,57.48,127.26,0.6789,-1,-1,-1
334,22,753.29,346.78,68.84,148.81,0.8816,-1,-1,-1
334,-1,1004.00,201.60,69.69,141.01,0.5552,-1,-1,-1
335,1,564.20,204.01,68.86,137.68,0.7646,-1,-1,-1
335,5,540.25,365.29,61.05,145.31,0.7332,-1,-1,-1
335,9,605.61,215.25,74.16,162.67,0.8706,-1,-1,-1
335,11,92.05,172.78,48.15,131.07,0.8479,-1,-1,-1
335,13,360.58,218.36,74.13,138.51,0.9016,-1,-1,-1
335,16,661.85,399.71,95.49,176.80,0.7640,-1,-1,-1
335,17,692.41,134.23,49.14,130.36,0.6448,-1,-1,-1
335,18,407.46,375.87,104.12,160.43,0.7835,-1,-1,-1
335,20,743.47,493.01,63.24,91.21,0.6897,-1,-1,-1
335,21,223.83,113.37,58.89,125.78,0.6830,-1,-1,-1
335,22,748.58,351.67,70.64,143.68,0.8417,-1,-1,-1
335,19,622.64,83.97,34.43,127.74,0.5911,-1,-1,-1
335,-1,1006.31,203.61,68.39,139.39,0.5549,-1,-1,-1
336,1,574.63,202.01,58.27,138.97,0.7112,-1,-1,-1
336,5,539.06,364.15,62.10,146.42,0.7767,-1,-1,-1
336,9,610.55,212.47,68.98,162.97,0.8587,-1,-1,-1
336,11,93.41,169.66,48.18,133.98,0.8289,-1,-1,-1
336,13,363.02,218.56,72.70,138.09,0.8923,-1,-1,-1
336,16,649.46,404.89,101.08,171.26,0.8262,-1,-1,-1
336,17,695.95,136.08,39.80,126.37,0.6866,-1,-1,-1
336,18,415.04,375.36,104.95,160.60,0.7190,-1,-1,-1
336,20,742.49,492.89,64.90,91.33,0.6985,-1,-1,-1
336,21,223.34,113.43,60.29,125.29,0.6872,-1,-1,-1
336,22,742.54,355.05,75.75,139.86,0.8720,-1,-1,-1
336,19,619.54,84.51,36.40,125.24,0.5705,-1,-1,-1
336,-1,1007.55,204.34,67.49,138.71,0.5520,-1,-1,-1
337,1,584.03,201.21,53.88,139.89,0.6533,-1,-1,-1
337,5,540.64,364.23,59.52,145.45,0.7235,-1,-1,-1
337,9,615.87,205.90,62.96,166.75,0.8439,-1,-1,-1
337,11,94.91,167.30,48.20,135.82,0.8304,-1,-1,-1
337,13,367.01,218.51,69.72,138.00,0.8842,-1,-1,-1
337,16,645.19,411.10,93.01,164.39,0.8085,-1,-1,-1
337,17,694.42,136.00,36.23,127.37,0.6977,-1,-1,-1
337,18,424.71,374.14,97.83,160.87,0.8061,-1,-1,-1
337,20,745.07,492.88,62.98,91.34,0.6888,-1,-1,-1
337,21,223.98,113.82,59.64,124.74,0.6882,-1,-1,-1
337,22,739.37,358.27,78.77,135.74,0.8715,-1,-1,-1
337,19,615.85,86.17,38.90,119.82,0.5466,-1,-1,-1
337,-1,1008.61,205.83,65.09,137.38,0.5282,-1,-1,-1
338,5,541.63,364.69,58.38,142.67,0.7112,-1,-1,-1
338,9,620.41,200.51,60.96,165.07,0.7334,-1,-1,-1
338,11,94.88,167.46,57.88,131.57,0.8588,-1,-1,-1
338,13,373.83,218.31,66.45,137.71,0.8906,-1,-1,-1
338,16,629.48,409.61,92.14,164.17,0.8140,-1,-1,-1
338,17,685.55,137.52,40.68,134.49,0.6549,-1,-1,-1
338,18,449.24,372.80,72.02,160.83,0.8170,-1,-1,-1
338,20,745.02,491.87,65.16,92.53,0.7044,-1,-1,-1
338,21,228.19,114.16,56.23,124.39,0.6740,-1,-1,-1
338,22,731.95,360.14,84.95,133.79,0.8637,-1,-1,-1
338,1,602.05,201.90,42.82,138.79,0.5794,-1,-1,-1
338,19,613.44,86.14,38.35,116.11,0.5443,-1,-1,-1
338,-1,1012.66,206.95,59.92,135.35,0.5465,-1,-1,-1
339,5,541.82,365.33,58.25,141.40,0.7816,-1,-1,-1
339,9,623.32,197.51,60.54,164.65,0.7159,-1,-1,-1
339,11,92.93,166.25,65.23,130.79,0.8410,-1,-1,-1
339,13,377.23,217.84,64.51,137.68,0.8782,-1,-1,-1
339,16,621.85,408.19,87.40,164.92,0.8263,-1,-1,-1
339,17,682.97,138.44,42.20,130.35,0.6512,-1,-1,-1
339,18,458.89,372.44,61.98,160.39,0.8120,-1,-1,-1
339,20,745.95,491.72,65.15,92.81,0.7218,-1,-1,-1
339,21,229.28,114.35,56.16,124.00,0.6767,-1,-1,-1
339,22,729.79,360.07,86.50,139.22,0.8839,-1,-1,-1
339,19,605.38,86.44,49.46,129.00,0.5568,-1,-1,-1
339,-1,1015.08,205.61,55.80,136.62,0.5525,-1,-1,-1
340,5,542.38,365.52,58.00,140.82,0.7276,-1,-1,-1
340,9,625.78,195.15,64.01,163.02,0.6764,-1,-1,-1
340,11,92.70,167.37,71.62,128.79,0.8342,-1,-1,-1
340,13,379.97,217.38,63.69,137.47,0.8773,-1,-1,-1
340,16,619.41,407.58,77.99,165.20,0.8272,-1,-1,-1
340,17,680.05,137.76,43.99,129.17,0.6544,-1,-1,-1
340,18,462.56,372.27,59.21,160.04,0.7830,-1,-1,-1
340,20,746.92,491.44,65.44,92.97,0.7417,-1,-1,-1
340,21,229.94,114.27,56.08,123.92,0.6913,-1,-1,-1
340,22,727.35,359.79,88.31,144.12,0.8767,-1,-1,-1
340,19,603.81,87.73,49.41,126.84,0.5498,-1,-1,-1
340,-1,1016.94,206.28,54.37,135.67,0.5753,-1,-1,-1
340,-1,603.17,194.83,53.55,145.37,0.5282,-1,-1,-1
341,5,540.92,364.57,60.02,141.51,0.7678,-1,-1,-1
341,9,632.52,195.55,59.85,158.15,0.6839,-1,-1,-1
341,11,92.75,168.23,75.38,127.66,0.8383,-1,-1,-1
341,13,381.83,216.86,62.65,137.43,0.8822,-1,-1,-1
341,16,616.18,407.46,72.37,168.58,0.8378,-1,-1,-1
341,17,680.03,136.81,43.00,128.48,0.6628,-1,-1,-1
341,18,463.67,372.29,62.21,159.24,0.8175,-1,-1,-1
341,20,748.68,491.12,65.02,93.30,0.7262,-1,-1,-1
341,21,230.49,113.39,56.13,124.51,0.6924,-1,-1,-1
341,22,724.48,360.25,90.22,146.63,0.8686,-1,-1,-1
341,1,600.29,194.58,60.45,145.30,0.6379,-1,-1,-1
341,19,601.01,88.17,49.31,125.17,0.5881,-1,-1,-1
341,-1,1018.53,207.23,54.36,136.63,0.6014,-1,-1,-1
342,1,598.22,193.14,66.68,145.53,0.6292,-1,-1,-1
342,5,539.88,364.44,65.85,140.85,0.7852,-1,-1,-1
342,9,635.79,193.96,59.98,156.86,0.6590,-1,-1,-1
342,11,92.60,169.19,79.28,126.30,0.8371,-1,-1,-1
342,13,383.93,216.78,61.83,135.95,0.8759,-1,-1,-1
342,16,612.89,408.69,65.68,170.70,0.8180,-1,-1,-1
342,17,680.34,136.06,42.56,124.71,0.6316,-1,-1,-1
342,18,464.07,371.75,67.99,159.08,0.8311,-1,-1,-1
342,20,751.38,490.28,63.53,93.96,0.7678,-1,-1,-1
342,21,232.24,112.57,55.87,125.02,0.7066,-1,-1,-1
342,22,722.17,361.29,89.62,150.85,0.8716,-1,-1,-1
342,19,598.11,90.03,50.12,124.68,0.5747,-1,-1,-1
342,-1,1020.73,209.34,53.51,135.36,0.6232,-1,-1,-1
343,5,546.15,357.65,76.15,146.98,0.6966,-1,-1,-1
343,9,640.80,193.65,63.26,155.96,0.7243,-1,-1,-1
343,11,92.85,168.06,79.78,126.87,0.8202,-1,-1,-1
343,13,386.49,217.63,60.10,135.08,0.8726,-1,-1,-1
343,16,597.37,414.21,64.61,169.44,0.8221,-1,-1,-1
343,18,464.74,372.18,93.82,157.96,0.8627,-1,-1,-1
343,19,596.61,89.39,49.49,125.17,0.6036,-1,-1,-1
343,20,756.97,490.41,61.04,93.80,0.7491,-1,-1,-1
343,21,234.00,110.95,58.60,125.77,0.7189,-1,-1,-1
343,22,715.57,364.10,83.94,157.77,0.8454,-1,-1,-1
343,1,607.00,197.78,58.82,139.02,0.5583,-1,-1,-1
343,17,675.78,137.37,46.78,121.95,0.6000,-1,-1,-1
343,-1,1024.19,211.86,53.60,139.00,0.6198,-1,-1,-1
344,5,546.14,354.86,79.22,149.04,0.7514,-1,-1,-1
344,9,643.41,191.14,67.13,158.13,0.7445,-1,-1,-1
344,11,92.97,166.15,79.57,127.95,0.8473,-1,-1,-1
344,13,387.23,218.44,59.67,134.24,0.8847,-1,-1,-1
344,16,581.88,418.61,73.51,165.36,0.8259,-1,-1,-1
344,18,465.18,371.71,100.64,157.84,0.8704,-1,-1,-1
344,20,759.20,489.59,60.49,94.66,0.7803,-1,-1,-1
344,21,235.16,109.19,59.61,127.12,0.6766,-1,-1,-1
344,22,711.67,366.01,81.89,155.74,0.8683,-1,-1,-1
344,1,611.46,191.15,61.93,143.52,0.5421,-1,-1,-1
344,17,673.56,136.59,48.02,121.84,0.5741,-1,-1,-1
344,19,596.58,90.18,50.33,123.83,0.5927,-1,-1,-1
344,-1,1026.10,213.65,53.97,137.84,0.6041,-1,-1,-1
345,5,555.65,351.53,70.34,151.94,0.6785,-1,-1,-1
345,9,645.54,190.12,70.93,158.30,0.7498,-1,-1,-1
345,11,94.04,163.22,78.52,129.77,0.8511,-1,-1,-1
345,13,388.21,219.98,58.69,134.25,0.8777,-1,-1,-1
345,16,567.21,422.30,83.51,162.85,0.8148,-1,-1,-1
345,18,466.58,371.36,102.23,157.75,0.8856,-1,-1,-1
345,20,760.87,488.98,60.47,95.00,0.8006,-1,-1,-1
345,21,236.22,107.03,60.59,128.60,0.7066,-1,-1,-1
345,22,707.91,366.49,77.89,154.57,0.8347,-1,-1,-1
345,17,670.47,134.73,49.05,122.48,0.5002,-1,-1,-1
345,19,596.61,89.66,46.82,123.68,0.5906,-1,-1,-1
345,-1,1027.83,215.21,54.92,137.71,0.5944,-1,-1,-1
346,5,562.49,348.72,66.35,137.67,0.7133,-1,-1,-1
346,9,650.90,192.50,70.51,154.85,0.8145,-1,-1,-1
346,11,96.01,160.49,76.85,132.19,0.8627,-1,-1,-1
346,13,388.33,221.98,58.99,135.12,0.8768,-1,-1,-1
346,16,569.74,432.42,74.58,152.24,0.8047,-1,-1,-1
346,18,469.25,368.90,99.96,159.93,0.8983,-1,-1,-1
346,19,596.34,88.66,43.51,123.91,0.6228,-1,-1,-1
346,20,763.08,487.27,60.25,96.73,0.8088,-1,-1,-1
346,21,236.84,106.72,61.99,128.48,0.7117,-1,-1,-1
346,22,704.54,366.29,73.88,154.09,0.8711,-1,-1,-1
346,-1,628.98,184.48,44.81,133.45,0.5027,-1,-1,-1
346,-1,1028.42,216.53,57.14,137.80,0.6152,-1,-1,-1
347,5,551.41,347.70,77.99,134.86,0.7100,-1,-1,-1
347,9,651.41,196.66,74.50,150.16,0.7448,-1,-1,-1
347,11,100.21,156.47,73.45,134.44,0.8421,-1,-1,-1
347,13,388.81,224.69,58.38,136.46,0.8569,-1,-1,-1
347,16,568.95,436.23,70.48,148.22,0.7646,-1,-1,-1
347,18,475.68,367.02,93.65,160.36,0.8695,-1,-1,-1
347,19,596.45,86.90,41.76,124.89,0.6140,-1,-1,-1
347,20,764.90,486.50,60.51,97.75,0.7886,-1,-1,-1
347,21,237.72,106.80,62.08,127.49,0.6903,-1,-1,-1
347,22,699.94,366.14,67.77,153.79,0.8572,-1,-1,-1
347,-1,634.33,181.27,42.59,138.97,0.5215,-1,-1,-1
347,-1,1029.11,217.38,58.37,143.46,0.6000,-1,-1,-1
348,5,560.69,346.83,71.29,141.84,0.6585,-1,-1,-1
348,9,651.68,196.51,81.68,148.25,0.7566,-1,-1,-1
348,11,110.11,151.93,63.99,131.09,0.7994,-1,-1,-1
348,13,391.13,229.52,56.42,131.20,0.8560,-1,-1,-1
348,16,566.16,443.56,66.05,140.46,0.7685,-1,-1,-1
348,18,490.92,364.50,79.61,160.52,0.8530,-1,-1,-1
348,19,593.86,87.25,40.83,122.74,0.6103,-1,-1,-1
348,20,768.95,484.30,59.67,99.90,0.8093,-1,-1,-1
348,21,238.39,103.67,62.96,129.20,0.6757,-1,-1,-1
348,22,691.75,365.54,55.52,159.67,0.8223,-1,-1,-1
348,-1,1031.64,217.62,60.65,146.41,0.5804,-1,-1,-1
349,5,566.60,346.71,67.92,142.82,0.6427,-1,-1,-1
349,9,651.79,195.55,85.59,148.93,0.7430,-1,-1,-1
349,11,116.75,149.85,58.20,130.07,0.7588,-1,-1,-1
349,13,392.10,231.11,56.02,128.84,0.8678,-1,-1,-1
349,16,564.60,444.46,65.60,140.03,0.7731,-1,-1,-1
349,18,499.37,363.17,73.13,163.96,0.8222,-1,-1,-1
349,19,591.09,80.58,41.98,128.64,0.6407,-1,-1,-1
349,20,770.10,483.59,60.32,100.59,0.7882,-1,-1,-1
349,21,238.57,102.18,66.00,130.11,0.6560,-1,-1,-1
349,22,686.99,365.44,55.44,161.96,0.8126,-1,-1,-1
349,-1,1032.61,214.33,59.07,145.39,0.6009,-1,-1,-1
350,5,557.02,347.90,79.01,152.32,0.7227,-1,-1,-1
350,9,652.04,204.07,86.64,139.25,0.7296,-1,-1,-1
350,11,124.74,146.74,49.93,130.67,0.7349,-1,-1,-1
350,13,392.65,231.12,55.68,127.85,0.8528,-1,-1,-1
350,16,558.52,441.61,70.19,142.95,0.7665,-1,-1,-1
350,18,507.30,362.89,66.97,167.42,0.7952,-1,-1,-1
350,19,589.00,77.64,43.58,130.44,0.6237,-1,-1,-1
350,20,770.99,482.49,60.60,101.80,0.7767,-1,-1,-1
350,21,239.38,101.06,64.49,130.49,0.6480,-1,-1,-1
350,22,682.74,367.08,57.86,166.62,0.8226,-1,-1,-1
350,-1,1034.22,213.83,59.05,143.43,0.5948,-1,-1,-1
350,-1,636.84,131.33,60.56,183.55,0.5476,-1,-1,-1
351,5,566.26,349.00,76.08,149.65,0.7249,-1,-1,-1
351,9,652.90,193.92,85.39,148.46,0.7868,-1,-1,-1
351,11,132.72,145.18,45.54,127.83,0.7487,-1,-1,-1
351,13,392.28,229.51,56.12,128.89,0.8543,-1,-1,-1
351,16,555.12,441.30,73.13,143.31,0.7670,-1,-1,-1
351,18,514.85,363.26,65.85,170.52,0.7847,-1,-1,-1
351,19,589.27,78.48,41.92,128.15,0.6160,-1,-1,-1
351,20,771.66,481.62,60.71,102.54,0.7725,-1,-1,-1
351,21,239.90,100.00,65.37,130.70,0.6798,-1,-1,-1
351,22,674.19,370.19,62.43,170.51,0.8041,-1,-1,-1
351,-1,636.48,130.54,61.82,182.86,0.5504,-1,-1,-1
351,-1,1039.13,215.65,55.95,138.92,0.6217,-1,-1,-1
352,5,574.44,350.24,78.89,146.54,0.7759,-1,-1,-1
352,9,653.94,191.58,84.91,148.63,0.8204,-1,-1,-1
352,11,138.84,143.54,40.22,125.56,0.7329,-1,-1,-1
352,13,392.92,226.60,54.45,130.46,0.8668,-1,-1,-1
352,16,557.09,441.00,71.46,143.86,0.7497,-1,-1,-1
352,18,523.97,363.69,62.58,172.04,0.7706,-1,-1,-1
352,19,588.17,76.72,43.67,129.31,0.6264,-1,-1,-1
352,20,772.67,480.11,60.72,104.02,0.7766,-1,-1,-1
352,21,240.86,96.48,65.09,132.93,0.6871,-1,-1,-1
352,22,668.76,372.80,52.49,172.23,0.8323,-1,-1,-1
352,1,636.67,130.02,61.63,182.96,0.6935,-1,-1,-1
352,-1,1039.84,215.95,58.40,143.62,0.6206,-1,-1,-1
353,5,579.23,352.30,83.46,117.74,0.6278,-1,-1,-1
353,9,666.60,182.11,72.44,154.73,0.7533,-1,-1,-1
353,11,148.00,141.21,40.37,127.10,0.7086,-1,-1,-1
353,13,393.61,218.34,51.84,135.94,0.8308,-1,-1,-1
353,16,552.49,431.10,74.83,153.90,0.7912,-1,-1,-1
353,19,588.29,74.82,43.07,129.03,0.6047,-1,-1,-1
353,20,773.85,477.68,61.00,106.38,0.7954,-1,-1,-1
353,21,243.99,93.41,66.91,133.34,0.6875,-1,-1,-1
353,22,654.31,381.93,63.24,163.17,0.8217,-1,-1,-1
353,-1,1040.95,216.80,61.95,147.12,0.5464,-1,-1,-1
354,5,580.96,352.71,76.13,98.14,0.6315,-1,-1,-1
354,9,675.57,172.91,64.39,162.77,0.7501,-1,-1,-1
354,11,149.66,139.24,48.78,126.74,0.7545,-1,-1,-1
354,13,394.03,213.98,50.91,138.94,0.8297,-1,-1,-1
354,16,550.59,424.72,76.71,159.67,0.7670,-1,-1,-1
354,19,588.13,72.35,43.53,130.11,0.6253,-1,-1,-1
354,20,774.34,476.25,61.00,107.92,0.8156,-1,-1,-1
354,21,247.63,92.14,65.04,132.96,0.6823,-1,-1,-1
354,22,636.79,385.94,80.84,158.06,0.8160,-1,-1,-1
354,-1,1040.75,215.30,63.22,143.57,0.5697,-1,-1,-1
354,-1,543.34,365.97,37.37,111.88,0.5673,-1,-1,-1
354,-1,635.91,125.54,52.27,132.07,0.5005,-1,-1,-1
355,5,588.14,352.50,68.29,97.71,0.6216,-1,-1,-1
355,9,684.20,173.97,57.19,160.97,0.7267,-1,-1,-1
355,11,150.51,138.18,59.64,125.62,0.7560,-1,-1,-1
355,13,393.79,210.29,51.53,139.38,0.8337,-1,-1,-1
355,16,547.92,424.99,80.99,158.67,0.8073,-1,-1,-1
355,19,588.92,72.16,42.47,129.51,0.6176,-1,-1,-1
355,20,774.56,474.65,60.82,109.55,0.7978,-1,-1,-1
355,21,253.04,92.21,59.18,130.82,0.6660,-1,-1,-1
355,22,623.98,389.84,91.69,153.43,0.8110,-1,-1,-1
355,18,545.00,367.07,40.44,115.25,0.6737,-1,-1,-1
355,-1,633.43,124.76,53.01,133.73,0.5892,-1,-1,-1
355,-1,1040.33,216.44,69.15,150.23,0.5735,-1,-1,-1
355,-1,647.80,172.11,62.21,136.87,0.5490,-1,-1,-1
356,9,695.66,177.85,46.47,155.02,0.6870,-1,-1,-1
356,11,151.73,140.08,68.66,122.53,0.7727,-1,-1,-1
356,13,394.15,207.85,51.55,139.88,0.8415,-1,-1,-1
356,16,555.61,426.14,76.92,157.32,0.7759,-1,-1,-1
356,20,774.77,473.20,60.59,110.89,0.7672,-1,-1,-1
356,21,259.15,91.34,56.91,130.21,0.6627,-1,-1,-1
356,22,618.13,393.64,94.09,149.17,0.8053,-1,-1,-1
356,1,653.21,169.56,59.08,131.89,0.6006,-1,-1,-1
356,5,594.08,351.70,64.77,115.18,0.5808,-1,-1,-1
356,18,546.76,367.96,41.16,114.61,0.5912,-1,-1,-1
356,19,590.19,72.20,41.00,129.08,0.5991,-1,-1,-1
356,-1,1039.97,219.55,71.26,143.06,0.5917,-1,-1,-1
356,-1,633.64,125.44,49.65,129.74,0.5916,-1,-1,-1
357,5,599.44,350.38,62.34,109.50,0.6284,-1,-1,-1
357,9,698.72,177.64,45.48,153.31,0.7063,-1,-1,-1
357,11,153.45,140.21,73.87,121.21,0.8072,-1,-1,-1
357,13,393.29,205.95,52.85,138.59,0.8452,-1,-1,-1
357,16,557.18,426.82,79.26,155.98,0.7752,-1,-1,-1
357,20,774.38,472.31,61.00,111.89,0.7872,-1,-1,-1
357,21,266.02,89.74,49.94,129.91,0.6399,-1,-1,-1
357,22,618.14,396.90,87.70,146.16,0.8027,-1,-1,-1
357,17,633.11,125.78,49.86,128.87,0.6178,-1,-1,-1
357,1,659.82,167.61,56.54,139.79,0.5741,-1,-1,-1
357,18,548.58,368.41,39.09,115.04,0.5774,-1,-1,-1
357,19,590.03,71.25,41.85,129.38,0.5985,-1,-1,-1
357,-1,1039.96,221.18,73.66,134.54,0.5988,-1,-1,-1
358,5,603.57,345.05,65.20,103.47,0.6170,-1,-1,-1
358,9,704.72,175.82,52.91,150.40,0.7263,-1,-1,-1
358,11,155.96,137.28,76.86,121.62,0.8233,-1,-1,-1
358,13,389.99,205.39,61.84,131.74,0.8522,-1,-1,-1
358,16,554.17,426.97,92.36,155.64,0.7576,-1,-1,-1
358,18,553.69,368.22,37.34,112.37,0.6204,-1,-1,-1
358,19,591.68,69.35,40.27,130.95,0.6173,-1,-1,-1
358,20,774.00,470.19,60.92,113.94,0.8025,-1,-1,-1
358,21,277.82,86.54,41.53,130.76,0.6972,-1,-1,-1
358,22,611.56,405.29,78.64,146.26,0.7530,-1,-1,-1
358,1,670.77,163.34,48.55,138.28,0.5832,-1,-1,-1
358,17,634.31,125.06,47.96,128.53,0.5789,-1,-1,-1
358,-1,1040.82,221.67,72.28,139.34,0.5812,-1,-1,-1
359,1,675.15,161.18,49.14,139.78,0.6396,-1,-1,-1
359,5,602.78,342.30,67.90,126.37,0.6634,-1,-1,-1
359,9,707.73,175.94,57.84,149.44,0.7957,-1,-1,-1
359,11,156.75,136.08,78.49,122.17,0.8177,-1,-1,-1
359,13,390.73,205.50,65.57,128.90,0.8635,-1,-1,-1
359,16,558.62,428.82,92.92,153.42,0.7461,-1,-1,-1
359,17,633.86,124.37,48.31,130.73,0.6080,-1,-1,-1
359,19,591.71,68.90,40.14,131.19,0.6660,-1,-1,-1
359,20,773.57,469.53,60.66,114.61,0.8248,-1,-1,-1
359,21,280.69,86.68,39.23,130.08,0.6621,-1,-1,-1
359,22,612.07,405.98,69.65,153.99,0.7084,-1,-1,-1
359,-1,1041.16,224.09,71.06,138.37,0.5704,-1,-1,-1
360,1,673.17,159.49,50.71,139.48,0.6549,-1,-1,-1
360,5,606.01,339.62,67.24,114.88,0.6559,-1,-1,-1
360,9,710.62,176.36,61.90,147.99,0.7645,-1,-1,-1
360,11,161.00,133.48,75.33,124.19,0.7775,-1,-1,-1
360,13,390.84,205.27,70.01,126.03,0.8374,-1,-1,-1
360,16,559.57,428.93,100.11,153.47,0.7855,-1,-1,-1
360,17,633.52,128.45,48.49,128.60,0.6286,-1,-1,-1
360,19,591.80,69.25,41.46,130.23,0.6850,-1,-1,-1
360,20,772.99,468.76,60.55,115.51,0.8075,-1,-1,-1
360,21,283.43,88.13,39.90,127.25,0.6137,-1,-1,-1
360,22,613.98,409.37,63.06,152.01,0.6230,-1,-1,-1
360,-1,1042.60,222.31,69.16,138.01,0.5474,-1,-1,-1
361,1,670.35,157.98,53.69,138.61,0.7079,-1,-1,-1
361,5,613.18,336.60,64.40,145.01,0.6531,-1,-1,-1
361,9,710.74,176.68,67.98,146.10,0.7728,-1,-1,-1
361,11,165.87,133.11,71.00,124.14,0.7548,-1,-1,-1
361,13,391.16,204.67,73.67,124.02,0.8353,-1,-1,-1
361,16,559.78,429.38,104.44,151.84,0.8051,-1,-1,-1
361,17,634.11,126.56,47.52,132.24,0.6257,-1,-1,-1
361,19,592.51,69.61,40.53,129.56,0.6844,-1,-1,-1
361,20,772.02,468.06,61.25,116.15,0.8022,-1,-1,-1
361,21,284.06,86.78,45.77,127.33,0.7244,-1,-1,-1
361,-1,1042.70,222.26,67.96,139.61,0.5641,-1,-1,-1
362,1,672.25,157.45,56.45,137.24,0.6878,-1,-1,-1
362,5,614.74,335.17,63.69,144.52,0.6611,-1,-1,-1
362,9,711.70,177.72,69.71,143.76,0.7789,-1,-1,-1
362,11,172.60,131.38,65.39,121.37,0.7612,-1,-1,-1
362,13,391.69,203.42,77.22,123.00,0.8674,-1,-1,-1
362,16,559.36,429.59,105.94,148.67,0.7971,-1,-1,-1
362,19,592.32,69.23,40.51,129.61,0.6938,-1,-1,-1
362,20,771.24,466.93,61.67,117.25,0.7994,-1,-1,-1
362,21,284.19,87.55,52.75,126.59,0.6360,-1,-1,-1
362,17,635.79,126.05,46.07,135.60,0.5965,-1,-1,-1
362,-1,1044.52,222.11,65.57,141.17,0.5615,-1,-1,-1
363,1,674.12,155.53,52.95,134.96,0.6946,-1,-1,-1
363,5,615.58,332.92,67.07,146.24,0.7504,-1,-1,-1
363,9,712.05,178.93,72.28,141.74,0.8144,-1,-1,-1
363,11,188.34,129.69,50.65,119.62,0.7450,-1,-1,-1
363,13,393.26,199.81,82.05,122.63,0.8649,-1,-1,-1
363,16,559.64,416.10,107.16,159.69,0.7487,-1,-1,-1
363,19,594.13,68.87,39.71,128.53,0.6468,-1,-1,-1
363,20,770.63,464.55,61.31,119.71,0.7988,-1,-1,-1
363,21,286.19,87.10,68.00,125.64,0.6800,-1,-1,-1
363,17,636.20,126.32,41.52,137.44,0.5810,-1,-1,-1
363,-1,1047.01,223.67,60.13,138.10,0.5642,-1,-1,-1
364,1,671.86,154.91,60.23,135.43,0.6784,-1,-1,-1
364,5,615.37,332.25,73.40,145.37,0.7743,-1,-1,-1
364,9,711.13,178.71,72.53,141.35,0.7705,-1,-1,-1
364,11,195.85,129.50,44.30,119.33,0.6722,-1,-1,-1
364,13,393.96,198.20,82.40,122.98,0.8696,-1,-1,-1
364,16,559.33,421.40,105.00,153.97,0.7243,-1,-1,-1
364,19,595.15,68.31,39.14,128.67,0.6164,-1,-1,-1
364,20,769.87,463.78,61.46,120.76,0.7836,-1,-1,-1
364,21,287.56,89.62,69.95,123.17,0.6118,-1,-1,-1
364,17,635.36,128.71,40.92,134.33,0.5607,-1,-1,-1
364,-1,1048.08,222.00,58.41,139.10,0.5572,-1,-1,-1
365,1,672.60,153.28,60.74,135.72,0.6656,-1,-1,-1
365,5,616.13,332.57,78.02,142.79,0.7826,-1,-1,-1
365,9,707.66,177.76,76.15,142.33,0.7417,-1,-1,-1
365,11,204.72,126.52,35.67,121.54,0.6393,-1,-1,-1
365,13,396.18,196.58,80.93,123.75,0.8436,-1,-1,-1
365,16,557.44,418.63,105.28,155.76,0.7170,-1,-1,-1
365,19,594.89,67.37,40.32,128.90,0.6427,-1,-1,-1
365,20,769.60,462.92,61.59,121.66,0.8108,-1,-1,-1
365,21,287.74,85.01,72.15,126.14,0.6501,-1,-1,-1
365,17,635.38,130.08,40.95,132.52,0.5574,-1,-1,-1
365,-1,1048.86,221.23,57.28,140.04,0.5612,-1,-1,-1
366,1,676.03,152.80,57.83,134.98,0.6693,-1,-1,-1
366,5,618.10,333.57,78.02,140.65,0.7584,-1,-1,-1
366,9,712.78,176.89,70.63,141.93,0.7001,-1,-1,-1
366,11,210.16,124.49,32.21,123.14,0.6491,-1,-1,-1
366,13,399.77,195.47,77.55,124.27,0.8323,-1,-1,-1
366,16,557.63,419.09,100.03,153.94,0.6429,-1,-1,-1
366,19,597.77,67.69,37.03,127.48,0.6149,-1,-1,-1
366,20,769.54,462.07,61.27,122.79,0.7953,-1,-1,-1
366,21,288.86,80.47,71.54,131.00,0.6337,-1,-1,-1
366,17,634.55,130.48,41.58,131.61,0.5841,-1,-1,-1
366,-1,1050.27,226.49,57.00,142.93,0.6110,-1,-1,-1
367,1,676.72,152.06,57.74,134.86,0.7100,-1,-1,-1
367,5,619.42,334.71,77.07,138.55,0.7666,-1,-1,-1
367,9,715.99,175.61,67.66,142.59,0.7121,-1,-1,-1
367,11,212.53,124.32,33.95,122.52,0.6508,-1,-1,-1
367,13,406.93,193.58,70.87,125.66,0.8248,-1,-1,-1
367,16,558.58,414.85,90.62,157.22,0.6220,-1,-1,-1
367,17,635.38,131.88,41.17,129.72,0.6020,-1,-1,-1
367,19,599.32,67.08,36.47,126.60,0.6088,-1,-1,-1
367,20,769.16,461.14,61.52,123.71,0.8046,-1,-1,-1
367,21,293.17,79.55,68.86,131.14,0.6327,-1,-1,-1
367,-1,1050.85,228.66,56.15,139.53,0.6354,-1,-1,-1
368,1,678.50,151.27,52.99,135.44,0.6653,-1,-1,-1
368,5,622.51,335.51,74.01,136.56,0.7803,-1,-1,-1
368,9,717.88,173.26,65.20,144.09,0.7055,-1,-1,-1
368,11,218.68,125.03,48.69,121.19,0.6175,-1,-1,-1
368,13,425.59,189.60,56.66,128.31,0.8175,-1,-1,-1
368,17,635.87,130.83,41.42,130.07,0.6295,-1,-1,-1
368,20,767.55,459.57,62.69,125.38,0.7702,-1,-1,-1
368,21,303.06,78.83,60.60,129.77,0.6349,-1,-1,-1
368,22,554.29,413.09,72.58,156.90,0.6089,-1,-1,-1
368,16,585.40,411.58,77.41,142.20,0.5674,-1,-1,-1
368,19,602.92,65.27,35.45,126.23,0.5804,-1,-1,-1
368,-1,1050.90,231.73,54.79,138.52,0.5597,-1,-1,-1
369,1,680.61,150.32,55.92,135.24,0.7159,-1,-1,-1
369,5,622.61,335.42,73.97,135.49,0.8024,-1,-1,-1
369,9,719.60,173.00,73.23,143.59,0.7202,-1,-1,-1
369,11,220.23,124.90,55.36,120.53,0.6831,-1,-1,-1
369,13,438.07,187.45,47.99,129.99,0.8294,-1,-1,-1
369,16,590.85,409.81,70.57,142.79,0.6721,-1,-1,-1
369,17,636.99,131.68,40.75,128.82,0.6121,-1,-1,-1
369,20,766.78,458.57,63.14,126.45,0.7740,-1,-1,-1
369,21,309.77,78.55,54.94,130.33,0.6425,-1,-1,-1
369,22,548.21,416.96,73.09,151.79,0.6807,-1,-1,-1
369,19,602.37,64.80,38.38,124.49,0.5676,-1,-1,-1
369,-1,1050.08,232.42,54.78,138.62,0.5530,-1,-1,-1
370,1,682.86,149.92,52.19,135.16,0.7020,-1,-1,-1
370,5,618.74,335.59,77.91,134.05,0.7796,-1,-1,-1
370,9,721.37,172.95,74.57,142.88,0.7673,-1,-1,-1
370,11,221.32,124.94,58.14,120.07,0.6774,-1,-1,-1
370,13,442.64,186.28,47.12,130.26,0.8337,-1,-1,-1
370,16,591.76,406.75,69.98,142.06,0.6787,-1,-1,-1
370,17,637.67,131.21,40.85,128.69,0.6254,-1,-1,-1
370,20,766.94,457.60,62.99,127.29,0.7895,-1,-1,-1
370,21,314.92,78.64,49.68,126.99,0.6306,-1,-1,-1
370,22,547.56,416.31,69.64,151.14,0.7168,-1,-1,-1
370,19,603.84,62.40,40.17,123.32,0.5637,-1,-1,-1
370,-1,1050.12,233.76,54.84,137.91,0.5441,-1,-1,-1
371,1,683.37,149.14,51.74,134.63,0.6533,-1,-1,-1
371,5,616.95,335.33,79.39,133.03,0.7608,-1,-1,-1
371,9,723.14,173.94,75.17,141.46,0.7313,-1,-1,-1
371,11,222.38,123.18,61.38,120.88,0.7185,-1,-1,-1
371,13,445.07,185.49,47.00,130.53,0.8066,-1,-1,-1
371,16,593.60,405.32,70.14,137.65,0.6832,-1,-1,-1
371,17,638.51,129.99,40.17,128.75,0.6154,-1,-1,-1
371,20,766.60,456.78,62.93,128.18,0.7715,-1,-1,-1
371,21,328.66,79.19,36.31,123.50,0.6268,-1,-1,-1
371,22,546.69,413.91,66.22,151.34,0.7278,-1,-1,-1
371,19,603.82,61.27,44.54,127.33,0.5833,-1,-1,-1
371,-1,1050.34,233.81,54.35,139.34,0.5041,-1,-1,-1
372,1,684.44,148.89,48.86,134.60,0.6766,-1,-1,-1
372,5,615.66,335.22,80.52,131.59,0.7950,-1,-1,-1
372,9,723.06,174.66,78.46,140.10,0.7819,-1,-1,-1
372,11,223.72,124.44,62.53,118.63,0.7519,-1,-1,-1
372,13,448.30,185.81,46.58,129.75,0.7969,-1,-1,-1
372,16,592.56,400.81,74.88,137.61,0.7320,-1,-1,-1
372,17,641.07,131.84,38.45,126.42,0.6465,-1,-1,-1
372,20,765.88,455.86,63.51,129.01,0.8009,-1,-1,-1
372,21,334.41,82.39,31.73,119.49,0.6162,-1,-1,-1
372,22,546.04,411.31,61.42,152.24,0.7405,-1,-1,-1
372,19,604.07,61.01,45.80,126.81,0.5982,-1,-1,-1
373,1,684.30,150.01,48.73,133.15,0.7146,-1,-1,-1
373,5,614.66,335.85,82.30,129.56,0.7596,-1,-1,-1
373,9,722.48,176.51,76.97,139.58,0.7753,-1,-1,-1
373,11,230.58,121.59,57.70,120.59,0.7189,-1,-1,-1
373,13,453.85,186.75,53.70,128.36,0.8086,-1,-1,-1
373,16,594.36,401.81,77.91,134.41,0.7432,-1,-1,-1
373,17,639.21,130.85,40.94,126.64,0.6627,-1,-1,-1
373,19,605.79,60.73,42.12,126.11,0.6376,-1,-1,-1
373,20,765.23,454.80,64.45,130.05,0.8076,-1,-1,-1
373,21,342.99,83.37,29.26,117.51,0.5655,-1,-1,-1
374,1,682.47,150.16,52.90,132.56,0.7180,-1,-1,-1
374,5,614.04,336.34,83.22,128.93,0.7221,-1,-1,-1
374,9,724.44,176.36,73.92,140.87,0.7746,-1,-1,-1
374,11,236.10,120.02,53.20,121.09,0.6863,-1,-1,-1
374,13,457.02,187.47,59.89,127.19,0.8573,-1,-1,-1
374,16,597.89,398.40,74.59,137.22,0.6881,-1,-1,-1
374,17,640.07,131.25,40.93,125.93,0.6760,-1,-1,-1
374,19,607.05,60.77,41.14,123.68,0.6348,-1,-1,-1
374,20,764.85,454.23,64.72,130.54,0.8246,-1,-1,-1
374,22,541.95,407.50,66.85,148.69,0.6823,-1,-1,-1
374,21,346.22,83.48,32.68,116.48,0.5237,-1,-1,-1
375,1,681.18,149.77,56.07,132.81,0.7198,-1,-1,-1
375,5,613.33,336.25,84.41,128.66,0.7446,-1,-1,-1
375,9,725.66,176.13,72.40,143.35,0.7690,-1,-1,-1
375,11,241.38,119.57,48.61,117.05,0.6481,-1,-1,-1
375,13,459.86,188.80,67.67,126.30,0.8517,-1,-1,-1
375,16,596.31,396.15,77.16,138.49,0.7147,-1,-1,-1
375,17,640.49,131.78,41.33,125.24,0.6769,-1,-1,-1
375,19,609.86,60.94,37.48,121.11,0.6389,-1,-1,-1
375,20,764.68,453.49,64.77,131.39,0.8301,-1,-1,-1
375,22,540.07,407.66,71.29,145.96,0.7657,-1,-1,-1
376,1,680.27,149.96,59.07,133.06,0.6832,-1,-1,-1
376,5,612.57,336.35,84.87,127.96,0.7675,-1,-1,-1
376,9,726.87,175.89,70.14,144.02,0.7521,-1,-1,-1
376,11,247.17,119.09,41.26,115.89,0.6020,-1,-1,-1
376,13,461.84,190.10,73.63,125.56,0.8409,-1,-1,-1
376,16,594.95,393.36,79.09,140.83,0.7389,-1,-1,-1
376,17,643.67,132.02,39.36,124.74,0.6599,-1,-1,-1
376,19,611.11,61.00,39.99,120.39,0.6424,-1,-1,-1
376,20,764.97,453.00,64.50,131.91,0.8240,-1,-1,-1
376,22,539.51,407.70,77.78,144.32,0.7855,-1,-1,-1
377,1,680.00,150.08,60.60,130.76,0.6475,-1,-1,-1
377,5,610.68,335.73,86.53,127.46,0.7259,-1,-1,-1
377,9,727.75,175.81,69.79,143.73,0.7551,-1,-1,-1
377,13,464.51,190.86,78.66,123.21,0.8602,-1,-1,-1
377,16,597.01,392.82,80.58,141.00,0.6765,-1,-1,-1
377,17,642.08,131.32,41.39,124.65,0.6465,-1,-1,-1
377,19,612.78,61.19,38.17,119.84,0.6277,-1,-1,-1
377,20,765.07,452.70,64.23,132.97,0.8321,-1,-1,-1
377,22,536.34,407.84,84.31,143.92,0.8189,-1,-1,-1
377,11,253.86,118.64,35.04,113.16,0.5653,-1,-1,-1
378,1,681.68,149.38,61.96,131.07,0.6283,-1,-1,-1
378,5,610.04,332.92,85.83,128.62,0.7278,-1,-1,-1
378,9,731.76,173.62,64.92,145.40,0.6792,-1,-1,-1
378,11,263.44,113.75,32.09,116.48,0.6536,-1,-1,-1
378,13,471.19,192.11,77.95,120.77,0.8530,-1,-1,-1
378,16,595.45,379.99,80.82,152.81,0.6809,-1,-1,-1
378,19,614.39,60.29,39.58,120.46,0.6203,-1,-1,-1
378,20,763.76,452.04,65.80,146.77,0.8647,-1,-1,-1
378,22,532.88,407.28,89.82,144.12,0.8255,-1,-1,-1
378,17,640.20,131.28,48.01,124.67,0.5945,-1,-1,-1
379,5,611.84,331.28,83.71,129.64,0.7092,-1,-1,-1
379,11,264.24,113.12,36.32,118.10,0.6707,-1,-1,-1
379,13,472.87,192.40,76.30,119.78,0.8540,-1,-1,-1
379,16,596.13,388.21,80.22,144.57,0.6645,-1,-1,-1
379,17,641.24,131.00,60.81,124.59,0.6129,-1,-1,-1
379,19,615.69,60.31,40.03,120.18,0.6028,-1,-1,-1
379,20,762.22,451.83,67.43,152.04,0.8627,-1,-1,-1
379,22,532.12,405.46,93.49,145.68,0.7487,-1,-1,-1
379,1,683.22,148.43,65.82,132.58,0.5542,-1,-1,-1
379,9,731.33,172.45,63.51,146.26,0.5864,-1,-1,-1
379,-1,349.51,80.27,67.32,117.47,0.5094,-1,-1,-1
380,5,612.52,329.93,83.08,130.18,0.7167,-1,-1,-1
380,11,263.67,111.90,40.42,118.26,0.6685,-1,-1,-1
380,13,470.80,192.72,78.95,119.63,0.8482,-1,-1,-1
380,16,594.05,380.97,83.16,151.82,0.6911,-1,-1,-1
380,17,641.33,130.38,61.34,124.92,0.6267,-1,-1,-1
380,19,615.87,59.53,42.61,120.78,0.6074,-1,-1,-1
380,20,763.46,451.67,66.53,152.03,0.8636,-1,-1,-1
380,22,533.57,402.51,88.03,148.60,0.7892,-1,-1,-1
380,1,688.78,146.71,65.55,134.52,0.5869,-1,-1,-1
380,9,732.34,174.52,63.17,144.18,0.5809,-1,-1,-1
380,-1,351.29,79.55,66.40,119.29,0.5453,-1,-1,-1
381,5,612.89,329.23,82.92,130.69,0.7393,-1,-1,-1
381,11,264.61,111.77,48.92,118.34,0.7368,-1,-1,-1
381,13,473.50,192.61,76.40,119.93,0.8295,-1,-1,-1
381,16,598.15,384.94,81.12,147.85,0.6959,-1,-1,-1
381,17,643.31,130.13,57.81,125.42,0.6340,-1,-1,-1
381,19,616.89,59.60,43.69,120.38,0.6255,-1,-1,-1
381,20,763.61,451.51,66.74,151.99,0.8484,-1,-1,-1
381,22,539.79,400.91,82.67,149.98,0.7802,-1,-1,-1
381,1,691.99,145.93,61.28,121.22,0.5020,-1,-1,-1
381,9,733.30,172.76,57.13,145.93,0.5510,-1,-1,-1
381,-1,355.55,79.93,62.69,118.99,0.5828,-1,-1,-1
382,5,613.51,328.82,82.94,131.18,0.7091,-1,-1,-1
382,11,266.59,114.90,53.54,114.55,0.7154,-1,-1,-1
382,13,477.46,192.00,72.62,120.13,0.8175,-1,-1,-1
382,16,591.86,384.37,85.73,148.39,0.6734,-1,-1,-1
382,17,645.49,129.62,51.92,125.21,0.6167,-1,-1,-1
382,19,617.55,58.55,44.40,121.41,0.6148,-1,-1,-1
382,20,763.69,451.31,66.50,152.51,0.8417,-1,-1,-1
382,22,518.92,396.43,94.18,153.26,0.7242,-1,-1,-1
382,1,697.53,145.50,58.71,109.28,0.5311,-1,-1,-1
382,9,738.23,180.53,55.44,138.23,0.5655,-1,-1,-1
382,-1,364.62,80.56,54.27,116.33,0.5821,-1,-1,-1
383,5,618.36,329.53,78.79,130.37,0.6562,-1,-1,-1
383,11,270.88,112.08,54.43,116.02,0.7477,-1,-1,-1
383,13,484.68,190.57,65.65,121.42,0.8539,-1,-1,-1
383,16,609.01,373.17,74.56,156.50,0.6357,-1,-1,-1
383,20,764.54,451.07,65.36,151.48,0.8452,-1,-1,-1
383,22,513.99,391.77,87.24,144.44,0.6619,-1,-1,-1
383,1,705.94,145.95,52.62,119.53,0.5144,-1,-1,-1
383,9,741.52,174.53,43.03,143.92,0.5708,-1,-1,-1
383,17,644.10,129.03,56.14,125.73,0.5657,-1,-1,-1
383,19,618.44,57.73,45.03,122.31,0.5827,-1,-1,-1
383,-1,374.18,86.52,44.97,108.41,0.6335,-1,-1,-1
384,5,620.04,330.64,77.46,129.22,0.6391,-1,-1,-1
384,11,272.15,111.98,53.86,115.41,0.7336,-1,-1,-1
384,13,487.79,189.73,62.55,122.22,0.8403,-1,-1,-1
384,16,614.14,376.05,68.64,151.21,0.6530,-1,-1,-1
384,20,764.37,451.09,65.36,151.49,0.8378,-1,-1,-1
384,22,501.65,389.97,102.55,140.86,0.6480,-1,-1,-1
384,9,730.66,176.93,54.48,141.37,0.5921,-1,-1,-1
384,17,625.45,128.30,71.02,125.72,0.5311,-1,-1,-1
384,19,618.95,56.22,46.07,123.47,0.5731,-1,-1,-1
384,-1,376.99,78.92,42.29,113.48,0.5544,-1,-1,-1
385,11,273.34,111.62,53.79,116.06,0.7472,-1,-1,-1
385,13,489.60,189.14,60.74,122.87,0.8479,-1,-1,-1
385,16,621.98,370.98,58.63,154.12,0.6265,-1,-1,-1
385,19,618.87,55.48,48.77,124.43,0.6150,-1,-1,-1
385,20,764.61,451.03,64.86,151.57,0.8539,-1,-1,-1
385,22,511.66,387.40,81.07,141.59,0.7131,-1,-1,-1
385,5,621.63,331.68,75.60,129.11,0.5782,-1,-1,-1
385,9,729.36,176.27,55.86,141.77,0.5499,-1,-1,-1
385,17,648.39,127.85,48.20,126.46,0.5823,-1,-1,-1
385,-1,712.01,146.78,53.61,107.80,0.5247,-1,-1,-1
385,-1,376.51,72.13,43.34,120.20,0.5158,-1,-1,-1
386,5,621.10,332.07,76.18,129.98,0.6109,-1,-1,-1
386,11,276.07,111.69,51.77,115.57,0.7257,-1,-1,-1
386,13,492.08,188.79,58.30,123.43,0.8382,-1,-1,-1
386,19,619.10,55.32,50.90,124.73,0.6286,-1,-1,-1
386,20,764.74,451.03,64.49,151.48,0.8385,-1,-1,-1
386,22,477.99,384.72,108.08,145.09,0.8230,-1,-1,-1
386,9,724.42,175.97,59.77,142.42,0.5356,-1,-1,-1
386,16,613.84,371.34,68.46,151.63,0.5677,-1,-1,-1
386,17,649.07,127.69,47.76,127.43,0.5581,-1,-1,-1
387,11,279.23,111.05,48.91,115.66,0.6973,-1,-1,-1
387,13,493.72,188.93,56.53,123.68,0.8393,-1,-1,-1
387,20,764.98,451.20,64.20,151.55,0.8334,-1,-1,-1
387,22,473.81,382.48,108.65,145.80,0.8224,-1,-1,-1
387,5,620.15,330.88,77.32,131.55,0.5427,-1,-1,-1
387,9,732.16,178.59,51.35,140.12,0.5116,-1,-1,-1
387,17,649.82,127.55,44.97,128.18,0.5697,-1,-1,-1
387,19,620.10,57.32,51.35,122.78,0.5802,-1,-1,-1
388,11,285.48,111.65,48.86,115.91,0.6915,-1,-1,-1
388,13,495.58,189.49,55.12,124.84,0.8379,-1,-1,-1
388,17,645.45,126.96,54.42,129.93,0.6184,-1,-1,-1
388,20,764.81,451.78,64.29,153.54,0.8522,-1,-1,-1
388,22,465.50,375.10,112.56,148.62,0.8696,-1,-1,-1
388,16,567.79,361.52,103.65,164.78,0.7104,-1,-1,-1
388,5,611.70,326.00,84.56,162.08,0.5990,-1,-1,-1
388,9,727.38,176.35,56.09,142.98,0.5984,-1,-1,-1
388,19,627.26,57.38,51.32,123.11,0.5829,-1,-1,-1
388,-1,1083.03,246.67,48.38,143.04,0.5084,-1,-1,-1
388,-1,398.00,72.87,44.52,119.68,0.5046,-1,-1,-1
389,11,286.92,112.10,46.90,115.85,0.6565,-1,-1,-1
389,13,496.09,190.16,55.25,125.04,0.8524,-1,-1,-1
389,16,571.78,364.05,108.49,159.45,0.6550,-1,-1,-1
389,19,629.04,58.55,52.09,123.36,0.6089,-1,-1,-1
389,20,764.70,452.41,64.31,154.18,0.8441,-1,-1,-1
389,22,460.48,372.70,120.02,153.09,0.8930,-1,-1,-1
389,5,604.80,321.93,89.96,168.96,0.5185,-1,-1,-1
389,9,728.80,176.69,55.66,143.06,0.5881,-1,-1,-1
389,17,652.03,127.75,42.88,129.98,0.5925,-1,-1,-1
389,-1,401.31,76.86,49.10,115.56,0.5218,-1,-1,-1
390,5,630.30,374.66,62.44,149.00,0.6882,-1,-1,-1
390,11,287.46,112.20,48.97,116.30,0.7111,-1,-1,-1
390,13,496.60,190.85,54.97,124.03,0.8459,-1,-1,-1
390,16,573.86,366.10,79.58,155.35,0.7285,-1,-1,-1
390,17,652.75,128.20,43.27,129.69,0.6290,-1,-1,-1
390,20,764.53,452.90,64.62,153.89,0.8480,-1,-1,-1
390,22,456.54,370.75,121.21,155.34,0.9019,-1,-1,-1
390,9,727.63,177.05,54.44,142.92,0.5512,-1,-1,-1
390,19,631.31,58.80,49.99,123.44,0.5562,-1,-1,-1
390,-1,602.27,318.91,57.14,83.18,0.5718,-1,-1,-1
390,-1,402.02,77.45,55.74,114.50,0.5217,-1,-1,-1
391,5,624.85,371.00,68.95,152.96,0.7209,-1,-1,-1
391,9,726.94,176.98,54.23,143.11,0.6253,-1,-1,-1
391,11,288.44,111.69,48.93,116.91,0.7393,-1,-1,-1
391,13,497.46,191.39,54.50,123.72,0.8522,-1,-1,-1
391,16,573.64,371.62,78.93,150.05,0.6591,-1,-1,-1
391,17,652.48,127.79,46.19,130.26,0.6188,-1,-1,-1
391,20,764.44,453.29,64.43,155.44,0.8584,-1,-1,-1
391,22,454.25,369.06,114.04,156.21,0.8370,-1,-1,-1
391,19,632.84,56.89,45.79,125.20,0.5310,-1,-1,-1
392,11,289.39,111.67,47.51,117.31,0.7326,-1,-1,-1
392,13,497.99,191.52,54.05,123.70,0.8388,-1,-1,-1
392,20,764.51,453.99,64.44,154.94,0.8454,-1,-1,-1
392,22,452.24,366.55,106.40,157.35,0.8287,-1,-1,-1
392,5,618.22,368.52,78.81,155.61,0.5831,-1,-1,-1
392,9,728.83,176.66,53.44,143.33,0.5843,-1,-1,-1
392,17,654.98,128.06,47.54,130.06,0.5857,-1,-1,-1
392,-1,739.04,154.62,56.04,122.08,0.5192,-1,-1,-1
392,-1,400.46,78.44,62.61,114.31,0.5019,-1,-1,-1
393,9,730.52,177.48,52.32,142.15,0.6887,-1,-1,-1
393,11,291.05,111.68,48.26,118.00,0.7221,-1,-1,-1
393,13,497.90,191.42,53.68,123.74,0.8433,-1,-1,-1
393,17,657.80,127.96,49.07,130.16,0.6745,-1,-1,-1
393,20,764.30,454.38,64.56,152.49,0.8302,-1,-1,-1
393,22,453.92,360.27,84.27,154.69,0.8949,-1,-1,-1
393,5,633.81,363.75,66.90,128.44,0.5869,-1,-1,-1
393,-1,635.04,57.84,45.55,124.70,0.5940,-1,-1,-1
393,-1,569.23,371.88,115.06,150.66,0.5721,-1,-1,-1
393,-1,740.68,155.94,54.72,120.43,0.5507,-1,-1,-1
393,-1,1088.71,251.01,44.90,144.50,0.5492,-1,-1,-1
393,-1,569.48,366.45,115.79,156.35,0.5210,-1,-1,-1
393,-1,401.69,78.53,62.55,114.49,0.5057,-1,-1,-1
394,5,634.67,362.04,63.72,154.18,0.6128,-1,-1,-1
394,9,731.19,178.00,52.72,141.82,0.7016,-1,-1,-1
394,11,291.57,111.21,49.45,118.52,0.7061,-1,-1,-1
394,13,497.64,191.17,53.82,124.06,0.8501,-1,-1,-1
394,17,659.00,127.81,49.26,130.49,0.7050,-1,-1,-1
394,20,763.80,454.55,65.14,153.06,0.8268,-1,-1,-1
394,22,455.12,356.36,74.45,155.41,0.8914,-1,-1,-1
394,19,635.72,58.13,45.07,124.39,0.6379,-1,-1,-1
394,-1,404.40,77.71,60.37,115.13,0.5765,-1,-1,-1
394,-1,1089.23,251.51,47.29,144.01,0.5463,-1,-1,-1
394,-1,569.81,367.22,118.47,155.51,0.5365,-1,-1,-1
394,-1,742.43,156.99,53.77,119.15,0.5027,-1,-1,-1
395,5,633.99,360.22,65.88,153.18,0.6322,-1,-1,-1
395,9,725.82,179.20,60.56,140.86,0.6249,-1,-1,-1
395,11,290.38,109.20,52.07,120.63,0.7547,-1,-1,-1
395,13,497.86,190.85,53.74,124.21,0.8456,-1,-1,-1
395,17,659.01,127.09,49.81,130.96,0.6892,-1,-1,-1
395,19,635.96,56.42,46.00,126.06,0.6554,-1,-1,-1
395,20,763.85,454.83,65.42,154.41,0.8377,-1,-1,-1
395,22,454.91,352.41,70.92,157.72,0.8818,-1,-1,-1
395,-1,411.44,71.28,53.04,121.31,0.5880,-1,-1,-1
395,-1,1090.07,251.72,50.16,143.85,0.5377,-1,-1,-1
396,5,634.67,358.42,65.40,153.09,0.7732,-1,-1,-1
396,11,290.17,108.72,53.39,120.99,0.7769,-1,-1,-1
396,13,498.13,190.40,53.69,125.09,0.8503,-1,-1,-1
396,17,658.27,126.68,51.01,131.52,0.6815,-1,-1,-1
396,19,635.53,56.30,48.25,126.10,0.6446,-1,-1,-1
396,20,764.30,455.23,65.20,155.66,0.8368,-1,-1,-1
396,22,452.25,349.50,70.50,155.02,0.8557,-1,-1,-1
396,16,578.86,367.08,75.01,156.94,0.7285,-1,-1,-1
396,9,719.44,179.02,68.81,141.94,0.5321,-1,-1,-1
396,-1,1090.13,252.80,50.03,142.58,0.5348,-1,-1,-1
396,-1,415.35,70.70,49.89,121.34,0.6093,-1,-1,-1
397,5,634.21,356.85,67.48,153.51,0.7790,-1,-1,-1
397,9,722.35,178.74,67.63,142.56,0.6130,-1,-1,-1
397,11,289.81,107.96,54.25,121.62,0.7689,-1,-1,-1
397,13,498.32,190.39,53.79,125.11,0.8458,-1,-1,-1
397,16,586.72,366.89,74.08,156.04,0.7962,-1,-1,-1
397,17,659.66,127.18,50.04,131.06,0.6686,-1,-1,-1
397,19,635.02,54.54,49.72,127.62,0.6331,-1,-1,-1
397,20,764.75,455.79,65.30,157.50,0.8460,-1,-1,-1
397,22,458.54,347.47,60.25,157.67,0.8049,-1,-1,-1
397,-1,1089.55,253.52,51.16,142.09,0.5347,-1,-1,-1
397,-1,421.46,69.83,45.96,122.22,0.6324,-1,-1,-1
397,-1,550.80,309.61,75.26,152.61,0.6032,-1,-1,-1
398,5,635.11,355.81,78.10,153.35,0.7963,-1,-1,-1
398,11,289.50,107.14,54.18,122.01,0.7773,-1,-1,-1
398,13,498.00,190.13,54.96,125.60,0.8520,-1,-1,-1
398,16,600.64,370.79,64.36,147.64,0.7580,-1,-1,-1
398,17,663.17,127.77,46.98,129.46,0.6628,-1,-1,-1
398,19,633.66,53.28,48.90,128.08,0.6410,-1,-1,-1
398,20,764.82,456.87,66.22,157.20,0.8445,-1,-1,-1
398,22,445.43,347.89,63.86,158.12,0.8412,-1,-1,-1
398,9,721.89,181.60,73.19,140.21,0.5955,-1,-1,-1
398,-1,1092.28,254.81,50.04,141.03,0.5245,-1,-1,-1
398,-1,551.94,310.68,67.35,153.64,0.6800,-1,-1,-1
398,-1,427.35,68.63,43.85,122.65,0.6280,-1,-1,-1
399,5,635.70,356.33,83.53,150.46,0.7885,-1,-1,-1
399,11,288.28,106.05,54.06,122.41,0.7798,-1,-1,-1
399,13,498.25,189.92,54.71,125.73,0.8385,-1,-1,-1
399,16,602.55,373.54,62.65,155.67,0.7942,-1,-1,-1
399,17,665.50,134.99,45.65,122.33,0.6995,-1,-1,-1
399,19,632.60,52.73,50.70,128.19,0.6786,-1,-1,-1
399,20,764.78,457.39,66.64,157.94,0.8284,-1,-1,-1
399,22,440.00,347.06,65.17,159.01,0.8633,-1,-1,-1
399,9,747.48,184.25,53.68,137.06,0.5295,-1,-1,-1
399,-1,570.47,325.85,50.27,138.99,0.6246,-1,-1,-1
399,-1,428.44,68.46,45.09,122.94,0.6228,-1,-1,-1
400,5,635.29,358.00,88.99,149.72,0.7085,-1,-1,-1
400,11,286.58,104.38,54.81,122.52,0.8038,-1,-1,-1
400,13,498.44,189.82,54.67,126.17,0.8574,-1,-1,-1
400,16,601.48,376.29,65.07,157.11,0.8356,-1,-1,-1
400,17,668.75,138.01,44.10,118.47,0.6990,-1,-1,-1
400,19,631.94,54.23,50.88,125.78,0.6789,-1,-1,-1
400,20,765.24,457.79,66.83,156.57,0.8383,-1,-1,-1
400,22,438.18,348.35,64.13,157.10,0.8648,-1,-1,-1
400,-1,1094.28,254.27,51.22,142.47,0.5115,-1,-1,-1
400,-1,429.13,68.28,47.10,123.15,0.6053,-1,-1,-1
401,5,650.39,376.62,78.36,130.02,0.6321,-1,-1,-1
401,11,285.42,103.58,54.42,122.47,0.8259,-1,-1,-1
401,13,498.69,189.35,54.72,126.80,0.8393,-1,-1,-1
401,16,601.36,377.51,72.04,156.93,0.7925,-1,-1,-1
401,17,672.44,138.64,41.79,118.08,0.7059,-1,-1,-1
401,19,632.60,53.08,50.95,126.28,0.6654,-1,-1,-1
401,20,767.29,458.50,65.60,157.38,0.8439,-1,-1,-1
401,22,430.76,349.77,68.54,153.56,0.8453,-1,-1,-1
401,-1,432.41,67.83,45.05,123.12,0.5689,-1,-1,-1
401,-1,1096.80,253.95,52.66,142.86,0.5209,-1,-1,-1
402,5,638.84,359.07,92.87,146.69,0.7057,-1,-1,-1
402,11,284.07,102.80,54.91,122.01,0.8356,-1,-1,-1
402,13,499.83,189.28,53.80,126.63,0.8011,-1,-1,-1
402,16,602.36,380.20,84.94,155.34,0.8753,-1,-1,-1
402,17,678.42,130.16,36.98,124.75,0.6674,-1,-1,-1
402,19,633.45,54.21,51.06,125.07,0.6687,-1,-1,-1
402,20,768.42,459.03,65.26,158.03,0.8409,-1,-1,-1
402,22,424.20,351.03,73.29,150.39,0.8208,-1,-1,-1
402,-1,434.88,67.38,45.09,123.39,0.5979,-1,-1,-1
402,-1,721.71,175.31,84.00,147.12,0.5522,-1,-1,-1
402,-1,1098.88,253.51,51.83,143.57,0.5101,-1,-1,-1
402,-1,534.00,311.93,67.59,154.19,0.6229,-1,-1,-1
403,5,642.97,358.98,88.07,145.51,0.7208,-1,-1,-1
403,11,278.58,101.67,58.98,120.54,0.8302,-1,-1,-1
403,13,502.28,188.57,53.02,129.02,0.7543,-1,-1,-1
403,16,604.75,380.47,97.89,160.17,0.8571,-1,-1,-1
403,19,634.45,53.59,50.80,125.58,0.6599,-1,-1,-1
403,20,769.60,459.91,66.64,157.45,0.7986,-1,-1,-1
403,22,409.44,353.46,83.36,138.89,0.8199,-1,-1,-1
403,9,742.77,182.66,67.58,140.44,0.6646,-1,-1,-1
403,17,686.51,133.88,32.92,119.51,0.5809,-1,-1,-1
403,-1,437.74,67.54,59.04,122.86,0.5200,-1,-1,-1
403,-1,1101.73,252.45,53.48,145.79,0.5184,-1,-1,-1
403,-1,524.74,305.61,76.25,160.92,0.7011,-1,-1,-1
404,5,646.98,358.65,84.34,145.47,0.6786,-1,-1,-1
404,9,740.45,183.47,70.38,139.75,0.6253,-1,-1,-1
404,11,276.64,100.80,60.03,119.91,0.8079,-1,-1,-1
404,13,503.22,188.06,53.69,129.32,0.7429,-1,-1,-1
404,16,608.12,378.34,95.72,163.32,0.8445,-1,-1,-1
404,17,687.05,131.21,34.92,124.13,0.6138,-1,-1,-1
404,19,635.46,52.52,50.31,126.55,0.6337,-1,-1,-1
404,20,771.27,460.32,65.94,158.03,0.7911,-1,-1,-1
404,22,391.79,353.03,100.04,134.71,0.8497,-1,-1,-1
404,-1,438.23,67.40,63.42,123.04,0.5777,-1,-1,-1
404,-1,1104.71,252.84,52.58,146.90,0.5359,-1,-1,-1
404,23,518.70,307.90,81.99,159.31,0.6028,-1,-1,-1
405,5,649.58,358.32,83.14,145.27,0.7179,-1,-1,-1
405,11,275.20,97.74,60.98,120.84,0.7844,-1,-1,-1
405,13,504.26,187.42,53.97,128.81,0.7301,-1,-1,-1
405,16,613.66,380.38,91.95,163.14,0.8995,-1,-1,-1
405,17,685.90,119.10,40.02,133.93,0.6055,-1,-1,-1
405,19,636.83,52.25,48.79,126.52,0.6444,-1,-1,-1
405,20,771.13,460.91,67.48,158.64,0.8032,-1,-1,-1
405,22,383.47,352.52,108.16,132.47,0.8885,-1,-1,-1
405,23,513.32,307.05,85.69,159.94,0.7176,-1,-1,-1
405,9,753.96,183.05,59.38,140.18,0.5915,-1,-1,-1
405,-1,441.33,67.40,62.18,122.87,0.5622,-1,-1,-1
405,-1,1109.05,256.39,49.56,143.84,0.5021,-1,-1,-1
406,5,653.74,357.71,81.70,145.56,0.6816,-1,-1,-1
406,11,274.04,98.26,61.94,119.22,0.8037,-1,-1,-1
406,13,505.23,186.58,53.99,128.21,0.7573,-1,-1,-1
406,16,621.70,378.03,84.98,166.92,0.8834,-1,-1,-1
406,17,686.94,119.59,44.51,134.02,0.6014,-1,-1,-1
406,19,638.22,51.92,48.00,126.59,0.6923,-1,-1,-1
406,20,774.09,461.29,66.23,157.97,0.8009,-1,-1,-1
406,22,377.72,351.06,113.27,134.25,0.8990,-1,-1,-1
406,23,508.73,306.27,87.89,158.93,0.6731,-1,-1,-1
406,9,754.05,182.66,59.87,140.61,0.5790,-1,-1,-1
406,-1,442.39,67.05,62.20,123.05,0.5988,-1,-1,-1
406,-1,1111.61,255.41,49.59,144.55,0.5060,-1,-1,-1
407,5,658.15,357.43,81.09,145.31,0.7002,-1,-1,-1
407,9,760.61,182.96,54.26,140.18,0.6005,-1,-1,-1
407,11,272.07,99.31,64.15,117.03,0.8255,-1,-1,-1
407,13,506.97,186.09,52.85,122.69,0.7782,-1,-1,-1
407,16,630.16,378.22,78.33,166.99,0.8786,-1,-1,-1
407,17,688.50,122.01,48.20,130.68,0.6232,-1,-1,-1
407,19,639.17,50.35,48.73,127.69,0.6853,-1,-1,-1
407,20,774.74,461.88,67.46,158.50,0.7919,-1,-1,-1
407,22,372.24,350.07,118.79,133.29,0.9053,-1,-1,-1
407,23,516.54,304.15,76.42,158.56,0.6853,-1,-1,-1
407,-1,445.91,66.46,59.89,122.98,0.5806,-1,-1,-1
407,-1,1113.91,254.73,48.93,145.20,0.5020,-1,-1,-1
408,5,668.29,357.34,78.40,144.60,0.7239,-1,-1,-1
408,9,764.69,176.89,53.26,146.17,0.6269,-1,-1,-1
408,11,269.85,98.60,67.54,116.03,0.8423,-1,-1,-1
408,13,509.36,184.32,58.79,127.04,0.8320,-1,-1,-1
408,16,650.44,373.18,66.25,173.35,0.8488,-1,-1,-1
408,17,689.39,116.79,58.66,137.74,0.6252,-1,-1,-1
408,19,641.67,52.15,49.67,125.99,0.7238,-1,-1,-1
408,20,777.23,462.72,68.62,156.25,0.8316,-1,-1,-1
408,22,370.66,349.29,112.08,135.42,0.9118,-1,-1,-1
408,23,498.74,302.34,82.45,157.18,0.6681,-1,-1,-1
408,-1,450.13,63.58,58.11,125.35,0.5892,-1,-1,-1
409,5,673.75,357.39,76.62,144.04,0.7180,-1,-1,-1
409,9,764.38,169.72,55.34,153.54,0.6337,-1,-1,-1
409,11,270.75,98.19,66.95,116.17,0.8571,-1,-1,-1
409,13,511.52,183.60,59.21,128.32,0.8336,-1,-1,-1
409,16,661.33,374.68,57.74,171.19,0.8548,-1,-1,-1
409,17,695.15,115.65,56.09,139.05,0.6305,-1,-1,-1
409,19,643.69,50.33,49.82,127.22,0.7291,-1,-1,-1
409,20,780.49,463.14,67.12,155.88,0.8293,-1,-1,-1
409,22,371.84,349.04,98.94,137.76,0.9142,-1,-1,-1
409,23,499.21,301.18,79.86,157.10,0.7215,-1,-1,-1
409,-1,453.16,62.17,56.84,126.15,0.5892,-1,-1,-1
410,9,768.27,169.52,53.59,154.17,0.6227,-1,-1,-1
410,11,271.43,97.87,67.71,115.97,0.8562,-1,-1,-1
410,13,513.09,183.03,59.21,130.21,0.8388,-1,-1,-1
410,16,667.52,375.28,61.78,172.07,0.7833,-1,-1,-1
410,17,697.76,117.87,56.51,137.17,0.6234,-1,-1,-1
410,19,645.00,50.72,52.43,126.28,0.7330,-1,-1,-1
410,20,780.58,463.80,69.22,155.89,0.8177,-1,-1,-1
410,22,373.14,347.25,87.18,140.84,0.9137,-1,-1,-1
410,5,668.87,356.89,84.30,144.05,0.5616,-1,-1,-1
410,23,498.58,301.42,80.08,156.69,0.5524,-1,-1,-1
410,-1,457.79,60.99,55.95,127.34,0.6150,-1,-1,-1
411,9,765.21,173.01,60.21,150.95,0.6428,-1,-1,-1
411,11,272.71,97.67,68.12,115.88,0.8525,-1,-1,-1
411,13,515.09,182.74,59.40,130.69,0.8460,-1,-1,-1
411,16,674.60,372.82,66.76,175.89,0.7397,-1,-1,-1
411,17,699.27,115.04,58.97,140.24,0.6534,-1,-1,-1
411,19,645.48,48.60,55.94,127.88,0.7015,-1,-1,-1
411,20,785.06,464.06,67.07,155.03,0.8286,-1,-1,-1
411,22,372.36,345.12,77.16,144.80,0.8970,-1,-1,-1
411,23,500.94,301.41,78.26,157.19,0.7354,-1,-1,-1
411,-1,462.39,60.90,56.01,125.85,0.6080,-1,-1,-1
412,9,759.08,163.67,69.27,160.32,0.6746,-1,-1,-1
412,11,273.81,97.07,68.54,116.12,0.8267,-1,-1,-1
412,13,518.03,182.45,58.88,130.90,0.8330,-1,-1,-1
412,16,679.91,377.82,63.64,174.47,0.7518,-1,-1,-1
412,17,703.86,113.06,55.87,140.44,0.6768,-1,-1,-1
412,19,648.12,48.27,53.58,128.00,0.6875,-1,-1,-1
412,20,787.09,464.45,67.62,155.55,0.8286,-1,-1,-1
412,22,370.02,343.79,73.88,147.51,0.8877,-1,-1,-1
412,23,504.08,301.36,76.68,157.87,0.7571,-1,-1,-1
412,5,677.14,358.17,80.53,143.82,0.6344,-1,-1,-1
412,-1,467.83,59.14,54.35,125.86,0.6137,-1,-1,-1
413,11,275.62,96.06,68.96,116.25,0.7839,-1,-1,-1
413,13,523.00,181.51,58.44,130.94,0.8113,-1,-1,-1
413,16,694.42,382.24,64.51,181.73,0.8054,-1,-1,-1
413,17,707.86,110.83,56.23,140.42,0.6334,-1,-1,-1
413,19,654.76,48.40,50.45,127.04,0.6346,-1,-1,-1
413,20,792.33,464.73,67.51,154.22,0.8452,-1,-1,-1
413,22,356.17,342.42,79.42,151.79,0.8908,-1,-1,-1
413,23,510.82,301.23,73.84,158.57,0.7919,-1,-1,-1
413,5,674.41,358.45,81.98,132.52,0.5795,-1,-1,-1
413,9,767.80,177.38,66.12,145.31,0.5787,-1,-1,-1
413,-1,478.27,55.93,51.95,126.01,0.5746,-1,-1,-1
413,-1,1139.22,254.13,52.20,146.83,0.5229,-1,-1,-1
414,5,680.66,357.84,83.36,138.91,0.6121,-1,-1,-1
414,9,773.53,165.88,64.46,156.55,0.6876,-1,-1,-1
414,11,276.82,95.23,62.17,116.35,0.7056,-1,-1,-1
414,13,525.78,181.18,58.40,131.14,0.8436,-1,-1,-1
414,16,701.67,389.82,67.26,178.97,0.7982,-1,-1,-1
414,17,713.96,109.03,54.07,140.55,0.6227,-1,-1,-1
414,19,655.40,46.08,55.73,128.47,0.6500,-1,-1,-1
414,20,794.93,464.92,66.83,154.82,0.8348,-1,-1,-1
414,22,347.16,342.39,86.85,153.28,0.9066,-1,-1,-1
414,23,513.94,301.82,72.09,157.29,0.7914,-1,-1,-1
414,-1,481.68,54.21,53.82,126.97,0.5744,-1,-1,-1
414,-1,1143.31,253.73,50.40,147.93,0.5308,-1,-1,-1
415,9,772.76,160.30,67.03,161.71,0.7472,-1,-1,-1
415,11,277.09,94.37,57.96,117.05,0.7239,-1,-1,-1
415,13,528.69,180.42,57.85,131.46,0.8435,-1,-1,-1
415,16,709.08,390.50,75.72,182.08,0.8569,-1,-1,-1
415,19,659.09,43.70,54.11,130.38,0.6880,-1,-1,-1
415,20,797.64,464.73,66.05,155.00,0.8190,-1,-1,-1
415,22,340.43,344.09,93.19,152.92,0.9051,-1,-1,-1
415,23,513.90,301.85,73.03,157.17,0.8079,-1,-1,-1
415,5,689.95,357.31,78.30,139.00,0.5419,-1,-1,-1
415,17,717.29,112.36,55.46,137.29,0.5978,-1,-1,-1
415,-1,485.27,54.01,57.43,126.65,0.6026,-1,-1,-1
416,9,776.49,166.06,66.85,153.99,0.7493,-1,-1,-1
416,11,278.01,93.82,66.65,117.15,0.7444,-1,-1,-1
416,13,531.39,180.24,58.41,131.30,0.8272,-1,-1,-1
416,16,714.07,392.12,87.36,182.25,0.8359,-1,-1,-1
416,19,658.11,38.47,53.97,135.86,0.6641,-1,-1,-1
416,20,800.96,464.80,64.27,154.61,0.8228,-1,-1,-1
416,22,336.80,346.40,102.36,151.38,0.9099,-1,-1,-1
416,23,514.50,301.57,70.40,157.31,0.8019,-1,-1,-1
416,5,699.60,356.28,74.22,140.73,0.5537,-1,-1,-1
416,17,721.68,112.55,53.06,132.49,0.5786,-1,-1,-1
416,-1,488.94,52.79,57.88,127.66,0.5982,-1,-1,-1
416,-1,1148.47,252.56,52.50,149.85,0.5499,-1,-1,-1
417,5,708.75,355.43,68.48,141.16,0.6326,-1,-1,-1
417,9,776.99,167.97,68.85,149.38,0.7911,-1,-1,-1
417,11,280.74,93.04,62.56,117.44,0.7638,-1,-1,-1
417,13,534.66,180.14,57.76,130.76,0.8523,-1,-1,-1
417,16,718.77,402.62,90.96,173.52,0.8553,-1,-1,-1
417,19,660.62,41.64,51.63,132.41,0.6731,-1,-1,-1
417,20,801.45,464.87,65.12,154.92,0.8208,-1,-1,-1
417,22,336.73,348.83,107.61,148.96,0.8769,-1,-1,-1
417,23,514.76,302.34,68.92,156.66,0.7971,-1,-1,-1
417,17,725.47,112.41,54.87,135.02,0.5334,-1,-1,-1
417,-1,493.41,52.30,55.64,127.30,0.5666,-1,-1,-1
417,-1,1151.68,253.28,51.71,148.20,0.5369,-1,-1,-1
418,9,770.15,165.76,81.66,149.14,0.8216,-1,-1,-1
418,11,285.00,93.00,63.47,116.59,0.7748,-1,-1,-1
418,13,541.28,180.19,56.49,130.74,0.8417,-1,-1,-1
418,16,727.14,393.89,92.62,182.85,0.6082,-1,-1,-1
418,19,666.50,42.33,49.39,131.10,0.6832,-1,-1,-1
418,20,805.63,465.48,63.42,153.80,0.8053,-1,-1,-1
418,22,341.95,356.31,101.30,141.21,0.9164,-1,-1,-1
418,23,514.90,303.81,66.45,154.54,0.7590,-1,-1,-1
418,-1,500.28,51.56,56.46,128.03,0.5970,-1,-1,-1
418,-1,1159.10,253.30,50.65,147.68,0.5044,-1,-1,-1
419,9,763.62,164.84,90.79,149.42,0.8412,-1,-1,-1
419,11,287.33,91.56,61.86,117.92,0.7530,-1,-1,-1
419,13,544.15,180.03,57.22,130.56,0.8616,-1,-1,-1
419,16,729.73,403.61,91.45,172.77,0.8297,-1,-1,-1
419,19,669.28,42.85,48.96,130.44,0.7104,-1,-1,-1
419,20,807.60,465.96,63.27,153.62,0.8182,-1,-1,-1
419,22,344.99,357.78,103.59,139.81,0.8905,-1,-1,-1
419,23,504.78,305.55,76.46,152.32,0.7359,-1,-1,-1
419,-1,503.00,51.11,55.69,128.01,0.5764,-1,-1,-1
419,-1,732.89,355.41,60.11,143.98,0.5333,-1,-1,-1
420,9,756.57,164.43,100.14,149.62,0.8656,-1,-1,-1
420,11,288.62,91.59,63.60,117.73,0.7624,-1,-1,-1
420,13,546.26,179.89,57.27,130.80,0.8565,-1,-1,-1
420,16,732.76,404.64,92.24,171.15,0.8582,-1,-1,-1
420,19,669.51,39.66,51.55,133.64,0.7026,-1,-1,-1
420,20,809.67,466.43,63.23,152.81,0.7926,-1,-1,-1
420,22,347.98,358.12,107.72,139.79,0.8978,-1,-1,-1
420,23,503.87,308.69,78.79,148.94,0.8099,-1,-1,-1
420,5,735.90,356.76,59.01,144.89,0.6179,-1,-1,-1
420,-1,506.34,50.63,56.05,128.65,0.5746,-1,-1,-1
420,-1,1164.22,252.58,53.18,151.40,0.5392,-1,-1,-1
421,5,738.65,358.52,53.10,144.11,0.7640,-1,-1,-1
421,9,756.08,167.00,103.30,147.27,0.8738,-1,-1,-1
421,11,292.12,90.87,61.32,118.57,0.7770,-1,-1,-1
421,13,549.26,180.05,56.99,130.72,0.8362,-1,-1,-1
421,16,734.79,401.79,93.80,173.77,0.8887,-1,-1,-1
421,19,674.05,41.02,48.99,132.24,0.7256,-1,-1,-1
421,20,811.25,467.04,64.51,152.07,0.7919,-1,-1,-1
421,22,350.46,357.27,110.74,140.69,0.8790,-1,-1,-1
421,23,505.59,311.99,75.11,146.18,0.7893,-1,-1,-1
421,-1,1168.34,251.63,51.96,149.86,0.5687,-1,-1,-1
421,-1,509.54,50.40,54.81,128.36,0.5353,-1,-1,-1
422,5,742.60,360.50,53.47,141.57,0.8470,-1,-1,-1
422,9,758.18,172.92,102.32,141.50,0.8535,-1,-1,-1
422,11,293.70,90.78,59.77,118.29,0.7728,-1,-1,-1
422,13,551.67,180.01,57.09,130.12,0.8539,-1,-1,-1
422,16,737.99,399.55,98.40,173.05,0.8918,-1,-1,-1
422,19,675.93,43.18,49.46,130.01,0.7052,-1,-1,-1
422,20,812.21,468.10,64.56,150.98,0.7678,-1,-1,-1
422,22,353.18,355.16,121.68,143.12,0.8628,-1,-1,-1
422,23,506.45,315.92,75.89,145.79,0.8394,-1,-1,-1
422,-1,512.58,50.46,54.13,128.02,0.5589,-1,-1,-1
422,-1,1170.46,252.32,52.24,149.61,0.5380,-1,-1,-1
423,5,749.67,363.78,59.38,138.43,0.8719,-1,-1,-1
423,9,763.31,173.39,97.29,140.27,0.8872,-1,-1,-1
423,11,295.63,90.27,57.87,118.55,0.7597,-1,-1,-1
423,13,557.89,179.96,54.95,130.24,0.8570,-1,-1,-1
423,16,760.17,394.90,99.01,172.00,0.8847,-1,-1,-1
423,19,680.92,43.63,46.41,129.54,0.7316,-1,-1,-1
423,20,812.97,468.83,65.65,150.64,0.8135,-1,-1,-1
423,22,361.59,351.22,115.13,148.14,0.8649,-1,-1,-1
423,23,508.04,324.74,79.30,142.76,0.8500,-1,-1,-1
423,-1,517.57,50.57,52.08,127.82,0.5706,-1,-1,-1
423,-1,1175.54,253.15,50.55,149.80,0.5172,-1,-1,-1
424,5,752.39,365.01,63.24,136.48,0.8587,-1,-1,-1
424,9,764.24,171.96,95.92,141.79,0.8629,-1,-1,-1
424,11,295.00,90.08,59.76,118.65,0.7886,-1,-1,-1
424,13,558.96,179.65,55.40,131.24,0.8576,-1,-1,-1
424,16,775.83,391.57,92.31,173.24,0.8414,-1,-1,-1
424,19,681.97,42.96,44.62,130.45,0.7218,-1,-1,-1
424,20,813.70,469.18,65.02,150.08,0.7972,-1,-1,-1
424,22,365.57,350.73,125.25,149.02,0.9132,-1,-1,-1
424,23,509.65,330.15,79.09,138.86,0.8616,-1,-1,-1
424,-1,520.23,50.97,52.15,126.85,0.6160,-1,-1,-1
425,5,754.43,366.15,65.15,135.21,0.8725,-1,-1,-1
425,9,765.20,174.79,94.45,138.79,0.8458,-1,-1,-1
425,11,294.85,89.74,61.81,119.05,0.8156,-1,-1,-1
425,13,560.32,179.53,55.67,130.82,0.8637,-1,-1,-1
425,16,791.90,387.24,83.18,177.65,0.7957,-1,-1,-1
425,19,683.18,41.73,43.40,131.87,0.7190,-1,-1,-1
425,20,816.16,468.86,63.06,150.59,0.7506,-1,-1,-1
425,22,373.71,350.23,113.11,149.58,0.8374,-1,-1,-1
425,23,511.34,331.66,80.05,137.24,0.8709,-1,-1,-1
425,-1,521.29,50.22,51.93,127.34,0.6107,-1,-1,-1
426,5,755.24,366.47,70.48,134.89,0.8771,-1,-1,-1
426,9,766.01,169.74,91.32,143.74,0.8254,-1,-1,-1
426,11,295.56,89.75,62.02,118.95,0.8197,-1,-1,-1
426,13,560.53,179.46,56.41,130.47,0.8612,-1,-1,-1
426,16,814.46,383.87,67.41,112.90,0.8128,-1,-1,-1
426,19,682.59,42.39,43.21,132.08,0.7106,-1,-1,-1
426,20,809.20,468.80,70.85,151.04,0.7367,-1,-1,-1
426,22,385.79,349.49,114.47,150.46,0.8577,-1,-1,-1
426,23,512.80,334.26,79.85,134.59,0.8284,-1,-1,-1
426,-1,522.53,50.18,52.18,125.44,0.5915,-1,-1,-1
427,5,755.61,366.20,75.60,135.33,0.8894,-1,-1,-1
427,9,766.09,172.72,84.81,140.85,0.8205,-1,-1,-1
427,11,297.05,89.47,60.81,119.12,0.8140,-1,-1,-1
427,13,560.34,179.69,57.22,129.73,0.8617,-1,-1,-1
427,16,819.89,380.20,66.13,116.47,0.8384,-1,-1,-1
427,19,682.34,43.25,43.60,132.23,0.6968,-1,-1,-1
427,20,809.73,467.76,67.33,151.86,0.7332,-1,-1,-1
427,22,385.39,347.62,121.34,152.17,0.8708,-1,-1,-1
427,23,512.12,334.88,81.58,134.04,0.8530,-1,-1,-1
427,-1,522.33,49.75,53.40,124.97,0.5709,-1,-1,-1
428,5,754.89,364.46,86.27,137.53,0.8656,-1,-1,-1
428,9,765.59,176.55,79.47,137.02,0.7459,-1,-1,-1
428,11,297.48,89.37,59.41,119.28,0.7752,-1,-1,-1
428,13,559.87,180.42,59.38,128.52,0.7997,-1,-1,-1
428,16,826.79,375.69,65.55,181.01,0.7678,-1,-1,-1
428,19,680.38,42.84,45.09,134.07,0.6753,-1,-1,-1
428,20,806.74,468.41,61.24,151.27,0.6934,-1,-1,-1
428,22,406.67,343.01,105.53,157.01,0.8161,-1,-1,-1
428,23,513.40,333.41,81.27,135.94,0.7623,-1,-1,-1
428,-1,524.18,48.92,54.18,125.54,0.5577,-1,-1,-1
429,5,754.54,363.21,89.27,138.58,0.8342,-1,-1,-1
429,9,764.66,175.99,80.87,137.81,0.7122,-1,-1,-1
429,11,297.11,89.32,59.02,119.38,0.7793,-1,-1,-1
429,13,559.00,181.03,63.19,128.79,0.8188,-1,-1,-1
429,16,831.05,375.02,64.93,177.85,0.7903,-1,-1,-1
429,19,679.55,44.00,44.09,133.14,0.6957,-1,-1,-1
429,20,803.19,467.40,59.03,152.04,0.6948,-1,-1,-1
429,22,414.77,342.60,102.84,153.48,0.7981,-1,-1,-1
429,23,512.85,331.35,81.18,137.88,0.7888,-1,-1,-1
429,-1,525.93,47.11,55.31,126.75,0.5470,-1,-1,-1
430,5,754.69,360.86,93.63,140.89,0.8874,-1,-1,-1
430,9,764.35,170.59,80.98,143.29,0.7825,-1,-1,-1
430,11,296.17,89.18,59.25,119.43,0.7776,-1,-1,-1
430,13,558.45,181.79,66.83,127.82,0.8430,-1,-1,-1
430,16,835.91,374.77,63.46,176.88,0.8341,-1,-1,-1
430,19,679.49,44.78,43.32,132.42,0.6985,-1,-1,-1
430,20,801.08,467.46,55.37,151.76,0.7302,-1,-1,-1
430,22,414.86,343.51,109.55,150.06,0.8201,-1,-1,-1
430,23,515.66,330.49,79.19,138.64,0.8161,-1,-1,-1
430,-1,526.65,47.00,55.73,126.35,0.5269,-1,-1,-1
431,5,762.48,358.62,89.26,145.15,0.8497,-1,-1,-1
431,9,764.03,166.52,81.53,147.76,0.8045,-1,-1,-1
431,11,297.01,89.37,57.61,119.31,0.7825,-1,-1,-1
431,13,557.40,182.47,69.29,127.74,0.8265,-1,-1,-1
431,16,839.42,375.97,70.09,179.33,0.8499,-1,-1,-1
431,19,677.60,44.71,43.06,132.60,0.6975,-1,-1,-1
431,20,798.66,465.43,54.49,153.58,0.6949,-1,-1,-1
431,22,441.00,344.61,85.32,145.65,0.7973,-1,-1,-1
431,23,523.18,329.57,72.75,139.59,0.7721,-1,-1,-1
431,-1,528.11,47.54,55.46,124.80,0.5481,-1,-1,-1
432,5,779.17,356.12,81.79,149.76,0.8423,-1,-1,-1
432,9,763.70,167.43,81.26,146.96,0.7770,-1,-1,-1
432,11,295.03,89.46,58.83,119.24,0.7870,-1,-1,-1
432,13,557.02,183.35,69.97,127.54,0.8296,-1,-1,-1
432,16,843.50,377.88,79.49,180.60,0.8421,-1,-1,-1
432,19,675.47,43.90,44.56,133.18,0.6680,-1,-1,-1
432,20,795.79,466.92,52.41,152.40,0.7660,-1,-1,-1
432,22,450.10,346.49,77.06,150.50,0.7339,-1,-1,-1
432,23,529.57,329.60,72.01,139.73,0.8084,-1,-1,-1
432,-1,528.99,46.30,56.62,125.36,0.5444,-1,-1,-1
432,-1,1175.03,252.02,51.98,152.44,0.5223,-1,-1,-1
432,-1,769.28,114.10,39.83,120.97,0.5177,-1,-1,-1
433,5,791.72,354.57,77.72,145.92,0.8719,-1,-1,-1
433,9,762.17,168.01,81.79,146.57,0.8199,-1,-1,-1
433,11,293.21,89.03,59.07,119.78,0.7937,-1,-1,-1
433,13,556.00,184.47,69.69,126.45,0.8584,-1,-1,-1
433,16,856.01,380.22,88.30,178.93,0.8843,-1,-1,-1
433,19,674.51,45.33,44.57,131.72,0.7050,-1,-1,-1
433,20,789.92,469.48,52.77,149.69,0.7718,-1,-1,-1
433,22,448.26,371.82,86.25,127.54,0.8108,-1,-1,-1
433,23,547.03,331.10,62.01,137.47,0.8561,-1,-1,-1
433,-1,1173.28,253.44,50.62,150.41,0.5746,-1,-1,-1
433,-1,529.19,46.03,56.31,125.20,0.5470,-1,-1,-1
434,5,796.50,354.93,75.33,157.44,0.8655,-1,-1,-1
434,9,760.77,167.34,82.77,147.10,0.8403,-1,-1,-1
434,11,291.85,89.57,59.65,119.26,0.8010,-1,-1,-1
434,13,555.43,184.68,68.26,126.20,0.8655,-1,-1,-1
434,16,861.32,378.81,87.44,178.39,0.8850,-1,-1,-1
434,19,672.83,46.89,46.16,130.24,0.6904,-1,-1,-1
434,20,786.19,468.39,53.45,151.43,0.7552,-1,-1,-1
434,22,448.44,360.22,102.46,139.37,0.8777,-1,-1,-1
434,23,551.06,333.40,61.20,134.43,0.8673,-1,-1,-1
434,-1,1171.72,253.43,52.46,150.82,0.5768,-1,-1,-1
434,-1,529.23,43.66,55.05,127.69,0.5270,-1,-1,-1
435,5,802.09,356.08,72.80,152.53,0.8565,-1,-1,-1
435,9,758.45,168.00,83.43,146.45,0.8154,-1,-1,-1
435,11,290.63,89.23,59.14,119.87,0.7840,-1,-1,-1
435,13,555.99,184.72,66.58,127.14,0.8726,-1,-1,-1
435,16,865.65,376.28,83.39,178.50,0.8952,-1,-1,-1
435,19,672.51,47.42,45.07,129.23,0.7068,-1,-1,-1
435,20,774.41,468.51,61.64,152.11,0.7217,-1,-1,-1
435,22,449.32,364.06,114.56,140.74,0.9074,-1,-1,-1
435,23,552.78,334.98,61.25,127.35,0.8618,-1,-1,-1
435,-1,529.39,45.04,53.29,126.31,0.5271,-1,-1,-1
435,-1,1170.85,252.27,51.63,152.50,0.6061,-1,-1,-1
436,5,808.39,357.86,69.95,149.37,0.8823,-1,-1,-1
436,9,758.46,167.58,82.05,147.00,0.8557,-1,-1,-1
436,11,288.18,89.41,59.53,119.47,0.7687,-1,-1,-1
436,13,555.39,184.69,65.67,127.45,0.8704,-1,-1,-1
436,16,868.45,373.02,79.90,179.13,0.9045,-1,-1,-1
436,19,672.30,48.20,44.67,128.24,0.7303,-1,-1,-1
436,20,769.13,468.90,62.76,151.55,0.7186,-1,-1,-1
436,22,454.11,369.22,112.21,136.56,0.8892,-1,-1,-1
436,23,546.30,336.21,77.70,126.37,0.8363,-1,-1,-1
436,-1,1168.30,249.85,52.58,154.27,0.5926,-1,-1,-1
436,-1,528.11,45.24,53.12,126.19,0.5451,-1,-1,-1
437,5,812.12,358.59,71.65,148.54,0.8890,-1,-1,-1
437,9,760.35,167.68,78.33,146.99,0.8167,-1,-1,-1
437,11,285.99,89.85,59.77,119.01,0.7568,-1,-1,-1
437,13,555.72,184.55,63.59,126.03,0.8593,-1,-1,-1
437,16,868.55,370.63,79.02,177.19,0.8900,-1,-1,-1
437,19,671.02,47.13,45.07,128.71,0.7281,-1,-1,-1
437,20,761.48,469.16,67.96,150.97,0.7534,-1,-1,-1
437,22,459.70,373.41,104.35,132.43,0.8917,-1,-1,-1
437,23,548.48,337.40,88.07,124.68,0.8464,-1,-1,-1
437,-1,1166.22,250.51,53.47,152.90,0.5619,-1,-1,-1
437,-1,528.06,45.02,51.92,125.85,0.5121,-1,-1,-1
438,5,819.46,358.79,78.52,148.58,0.8519,-1,-1,-1
438,9,766.74,166.16,68.42,151.31,0.7885,-1,-1,-1
438,11,283.93,90.31,59.15,118.98,0.7492,-1,-1,-1
438,13,556.50,184.48,58.97,125.33,0.8584,-1,-1,-1
438,16,879.29,365.89,65.77,164.89,0.8688,-1,-1,-1
438,19,668.91,44.72,46.65,130.16,0.7300,-1,-1,-1
438,20,749.53,469.19,74.45,150.33,0.7632,-1,-1,-1
438,22,473.64,372.72,99.55,133.08,0.8504,-1,-1,-1
438,23,552.46,340.73,108.20,121.34,0.8659,-1,-1,-1
438,-1,525.43,46.01,50.42,125.05,0.5500,-1,-1,-1
438,-1,759.30,109.71,42.40,111.29,0.5103,-1,-1,-1
439,5,817.34,356.98,89.37,151.09,0.8255,-1,-1,-1
439,9,774.69,166.18,57.99,153.33,0.7440,-1,-1,-1
439,11,282.37,90.13,57.92,118.95,0.7344,-1,-1,-1
439,13,555.69,184.59,57.55,126.04,0.8583,-1,-1,-1
439,16,883.14,363.36,60.42,164.30,0.8304,-1,-1,-1
439,19,667.82,45.93,47.25,128.32,0.7413,-1,-1,-1
439,20,744.87,469.01,78.35,150.70,0.7605,-1,-1,-1
439,22,476.59,368.04,92.73,137.01,0.8330,-1,-1,-1
439,23,553.12,341.04,109.72,121.01,0.8597,-1,-1,-1
439,-1,525.67,46.19,48.65,124.68,0.5756,-1,-1,-1
440,5,814.95,354.20,99.78,154.02,0.8109,-1,-1,-1
440,9,775.98,166.68,55.09,154.45,0.6668,-1,-1,-1
440,11,280.97,90.11,56.36,118.89,0.7320,-1,-1,-1
440,13,554.22,185.06,57.17,124.51,0.8486,-1,-1,-1
440,16,884.77,360.90,58.01,166.20,0.7791,-1,-1,-1
440,19,666.33,45.50,48.48,128.11,0.7568,-1,-1,-1
440,20,741.09,468.81,80.54,151.24,0.7027,-1,-1,-1
440,22,479.19,364.03,77.41,140.56,0.8316,-1,-1,-1
440,23,548.83,339.16,111.68,123.24,0.8684,-1,-1,-1
440,-1,524.09,45.63,48.80,125.01,0.5861,-1,-1,-1
441,5,812.55,351.32,100.86,156.43,0.8478,-1,-1,-1
441,9,774.41,166.33,55.20,155.93,0.6734,-1,-1,-1
441,11,276.78,89.18,58.81,119.78,0.7376,-1,-1,-1
441,13,551.89,185.67,58.65,124.14,0.8571,-1,-1,-1
441,16,884.62,357.51,58.96,168.75,0.7916,-1,-1,-1
441,19,664.41,47.04,49.20,126.22,0.7727,-1,-1,-1
441,20,737.13,468.73,82.45,151.46,0.7291,-1,-1,-1
441,22,480.81,357.66,73.34,146.13,0.8089,-1,-1,-1
441,23,543.85,336.94,114.17,125.87,0.8306,-1,-1,-1
441,-1,522.19,45.28,49.36,125.37,0.5974,-1,-1,-1
441,-1,752.06,113.87,45.37,106.96,0.5012,-1,-1,-1
442,5,813.55,348.61,100.09,157.76,0.8887,-1,-1,-1
442,9,774.64,166.24,55.02,157.53,0.6547,-1,-1,-1
442,11,273.83,89.44,58.94,119.51,0.7662,-1,-1,-1
442,13,549.20,186.27,58.44,123.85,0.8443,-1,-1,-1
442,16,884.64,353.96,61.65,170.78,0.8062,-1,-1,-1
442,19,659.84,46.72,51.45,126.51,0.7511,-1,-1,-1
442,20,733.84,468.60,83.13,151.55,0.7489,-1,-1,-1
442,22,482.00,351.57,68.40,149.72,0.8371,-1,-1,-1
442,23,542.54,332.15,113.47,130.33,0.8550,-1,-1,-1
442,-1,749.52,112.89,47.52,128.96,0.5581,-1,-1,-1
442,-1,1155.75,251.03,51.04,150.21,0.5024,-1,-1,-1
442,-1,520.18,45.16,49.97,125.35,0.6159,-1,-1,-1
443,5,828.85,343.43,80.26,156.09,0.8756,-1,-1,-1
443,9,773.29,167.14,51.58,157.40,0.7226,-1,-1,-1
443,11,270.13,89.63,57.07,119.70,0.7590,-1,-1,-1
443,13,544.25,188.11,61.08,119.58,0.8401,-1,-1,-1
443,16,887.33,344.87,58.93,176.91,0.8070,-1,-1,-1
443,19,658.60,45.27,47.74,127.32,0.7552,-1,-1,-1
443,20,728.20,466.74,80.04,153.72,0.7926,-1,-1,-1
443,22,477.88,342.61,57.99,149.17,0.8368,-1,-1,-1
443,23,535.42,321.42,115.95,141.62,0.8629,-1,-1,-1
443,-1,744.99,109.47,45.87,135.45,0.5788,-1,-1,-1
443,-1,514.11,44.34,51.31,125.87,0.5742,-1,-1,-1
443,-1,1150.12,252.17,49.15,149.81,0.5283,-1,-1,-1
444,5,835.49,340.55,71.14,154.40,0.8587,-1,-1,-1
444,9,770.97,168.51,51.95,156.03,0.6996,-1,-1,-1
444,11,267.23,89.16,56.84,120.08,0.7667,-1,-1,-1
444,13,541.14,189.70,64.22,124.95,0.8204,-1,-1,-1
444,16,888.81,341.45,67.41,178.83,0.8249,-1,-1,-1
444,19,656.31,44.48,47.11,128.51,0.7690,-1,-1,-1
444,20,724.77,466.01,80.65,154.69,0.7959,-1,-1,-1
444,22,475.94,338.79,58.53,142.45,0.8371,-1,-1,-1
444,23,532.56,317.12,114.04,145.40,0.8594,-1,-1,-1
444,-1,742.51,108.71,46.31,141.81,0.5966,-1,-1,-1
444,-1,512.29,43.36,51.14,126.98,0.5858,-1,-1,-1
445,5,844.48,335.82,59.71,153.83,0.8062,-1,-1,-1
445,9,773.46,169.16,46.65,155.44,0.6561,-1,-1,-1
445,11,265.87,89.67,55.21,119.42,0.7489,-1,-1,-1
445,13,539.10,191.49,65.32,127.94,0.8209,-1,-1,-1
445,16,889.63,339.14,67.60,175.27,0.8063,-1,-1,-1
445,19,654.00,35.97,47.84,137.17,0.7416,-1,-1,-1
445,20,722.22,465.54,74.31,154.65,0.7816,-1,-1,-1
445,22,473.48,336.77,62.62,141.37,0.8333,-1,-1,-1
445,23,530.61,312.60,107.79,147.42,0.8462,-1,-1,-1
445,-1,1144.83,251.00,51.02,151.43,0.5916,-1,-1,-1
445,-1,510.50,43.40,51.38,126.75,0.5567,-1,-1,-1
445,-1,740.83,108.24,45.93,128.46,0.5164,-1,-1,-1
446,5,853.21,333.68,51.28,150.19,0.7793,-1,-1,-1
446,11,264.67,89.32,54.91,119.85,0.7580,-1,-1,-1
446,13,537.22,193.69,67.27,125.43,0.8352,-1,-1,-1
446,16,888.22,336.84,67.17,170.56,0.6057,-1,-1,-1
446,19,653.31,42.02,46.90,130.90,0.7501,-1,-1,-1
446,20,718.64,465.08,69.81,155.45,0.7717,-1,-1,-1
446,22,471.83,335.02,67.94,142.90,0.8537,-1,-1,-1
446,23,531.65,309.28,98.07,146.60,0.8318,-1,-1,-1
446,9,752.33,170.30,65.02,154.42,0.5792,-1,-1,-1
446,-1,738.16,109.99,45.84,124.37,0.5732,-1,-1,-1
446,-1,510.27,43.39,49.40,126.92,0.5666,-1,-1,-1
446,-1,1144.51,253.51,47.97,148.27,0.5653,-1,-1,-1
447,5,858.15,331.19,48.57,147.56,0.8010,-1,-1,-1
447,9,765.29,170.20,49.93,154.55,0.6715,-1,-1,-1
447,11,262.29,89.07,55.47,120.68,0.7555,-1,-1,-1
447,13,535.46,195.51,68.05,124.06,0.8280,-1,-1,-1
447,16,890.05,334.34,64.17,166.69,0.7854,-1,-1,-1
447,19,652.48,45.24,46.88,127.66,0.7585,-1,-1,-1
447,20,715.80,464.47,63.27,155.90,0.7957,-1,-1,-1
447,22,469.37,329.87,69.46,147.93,0.8550,-1,-1,-1
447,23,532.19,307.18,87.12,143.18,0.8435,-1,-1,-1
447,-1,1142.27,251.58,47.98,151.46,0.5614,-1,-1,-1
447,-1,510.20,42.51,48.49,127.86,0.5594,-1,-1,-1
447,-1,737.04,109.82,45.25,126.39,0.6185,-1,-1,-1
448,5,861.96,329.01,47.26,144.36,0.7785,-1,-1,-1
448,9,763.66,170.25,51.44,154.68,0.6875,-1,-1,-1
448,11,261.08,89.14,54.42,120.67,0.7830,-1,-1,-1
448,13,533.28,197.72,67.90,123.09,0.8086,-1,-1,-1
448,16,893.81,329.95,64.50,156.91,0.8356,-1,-1,-1
448,19,650.56,45.13,48.55,128.18,0.7375,-1,-1,-1
448,20,708.48,463.81,52.12,155.88,0.7783,-1,-1,-1
448,22,465.31,319.14,67.85,156.03,0.8490,-1,-1,-1
448,23,540.81,307.18,60.72,134.54,0.7232,-1,-1,-1
448,-1,1140.54,251.71,50.72,150.45,0.5877,-1,-1,-1
448,-1,735.13,109.91,46.22,128.27,0.5870,-1,-1,-1
448,-1,509.94,43.59,47.81,127.38,0.5801,-1,-1,-1
449,5,862.72,326.20,46.96,147.45,0.7407,-1,-1,-1
449,9,767.32,170.56,48.23,154.60,0.6670,-1,-1,-1
449,11,260.10,88.89,55.17,121.19,0.7940,-1,-1,-1
449,13,532.80,198.17,67.76,122.63,0.8224,-1,-1,-1
449,16,894.07,327.27,70.79,158.74,0.8286,-1,-1,-1
449,19,650.04,45.50,47.81,127.92,0.7429,-1,-1,-1
449,20,705.72,463.67,51.26,156.76,0.7800,-1,-1,-1
449,22,466.91,315.76,66.95,151.49,0.8167,-1,-1,-1
449,23,532.29,306.02,66.46,135.63,0.7413,-1,-1,-1
449,-1,1139.22,252.81,51.45,149.67,0.5717,-1,-1,-1
449,-1,735.89,110.79,44.67,124.23,0.5662,-1,-1,-1
449,-1,510.06,43.65,47.09,127.89,0.5652,-1,-1,-1
450,5,862.54,324.06,49.14,150.10,0.7060,-1,-1,-1
450,9,761.40,169.90,54.83,155.34,0.6734,-1,-1,-1
450,11,259.03,89.52,55.66,120.62,0.7906,-1,-1,-1
450,13,532.56,198.43,67.48,122.45,0.8124,-1,-1,-1
450,16,897.35,324.80,73.33,159.73,0.8283,-1,-1,-1
450,19,649.38,45.65,47.95,127.81,0.7477,-1,-1,-1
450,20,703.35,463.72,51.69,156.75,0.7804,-1,-1,-1
450,22,460.32,312.21,75.13,139.47,0.8339,-1,-1,-1
450,23,540.89,304.42,59.48,138.73,0.7147,-1,-1,-1
450,-1,1139.22,251.78,52.13,150.48,0.5825,-1,-1,-1
450,-1,509.71,42.97,47.03,128.46,0.5751,-1,-1,-1
450,-1,735.96,110.84,44.62,123.13,0.6017,-1,-1,-1
451,5,864.03,321.16,49.30,153.20,0.6936,-1,-1,-1
451,9,762.46,169.44,52.94,155.80,0.6951,-1,-1,-1
451,11,258.03,89.35,55.02,120.90,0.7893,-1,-1,-1
451,13,531.60,198.30,66.84,122.90,0.8016,-1,-1,-1
451,16,899.83,320.83,75.00,163.26,0.8099,-1,-1,-1
451,19,648.70,45.54,48.74,128.12,0.7523,-1,-1,-1
451,20,700.19,463.52,51.39,156.66,0.8146,-1,-1,-1
451,22,459.45,309.22,77.30,133.51,0.8516,-1,-1,-1
451,23,529.39,302.97,67.91,140.02,0.7181,-1,-1,-1
451,-1,508.95,42.58,46.74,128.94,0.5819,-1,-1,-1
451,-1,735.73,109.57,44.42,126.35,0.5675,-1,-1,-1
451,-1,1138.07,251.27,52.67,151.26,0.6175,-1,-1,-1
452,5,865.11,318.61,47.56,155.60,0.7568,-1,-1,-1
452,9,765.42,168.79,48.33,156.40,0.7007,-1,-1,-1
452,11,258.51,89.60,53.25,120.83,0.7545,-1,-1,-1
452,13,530.68,198.52,66.74,122.88,0.7946,-1,-1,-1
452,16,901.58,316.99,76.86,166.25,0.8390,-1,-1,-1
452,19,647.42,41.29,51.63,132.52,0.7056,-1,-1,-1
452,20,696.28,463.54,52.13,157.09,0.8379,-1,-1,-1
452,22,461.03,306.55,75.29,135.72,0.8314,-1,-1,-1
452,23,514.93,299.20,76.87,144.30,0.7161,-1,-1,-1
452,-1,1138.23,251.09,51.61,151.64,0.5840,-1,-1,-1
452,-1,508.09,42.52,46.35,129.07,0.5366,-1,-1,-1
452,-1,736.80,110.23,42.06,119.98,0.5191,-1,-1,-1
453,5,861.99,311.92,52.15,162.36,0.7033,-1,-1,-1
453,9,768.38,168.73,43.15,156.94,0.7215,-1,-1,-1
453,11,257.21,90.55,52.60,120.16,0.7553,-1,-1,-1
453,13,523.29,198.89,71.93,125.88,0.7766,-1,-1,-1
453,16,904.51,312.36,74.18,168.27,0.8579,-1,-1,-1
453,19,645.47,38.23,55.37,136.14,0.7266,-1,-1,-1
453,20,677.82,465.24,64.82,155.73,0.7813,-1,-1,-1
453,23,465.60,298.21,115.79,145.87,0.7304,-1,-1,-1
453,-1,505.75,42.83,45.92,129.38,0.5721,-1,-1,-1
453,-1,1137.66,251.74,51.15,151.79,0.5713,-1,-1,-1
454,5,863.70,309.88,54.58,161.72,0.7273,-1,-1,-1
454,9,763.45,169.44,49.08,156.65,0.7020,-1,-1,-1
454,11,253.69,91.23,54.43,119.71,0.7331,-1,-1,-1
454,13,516.12,199.57,69.86,104.65,0.7294,-1,-1,-1
454,16,905.78,309.74,70.54,169.39,0.8320,-1,-1,-1
454,19,644.45,40.90,56.33,133.48,0.7162,-1,-1,-1
454,20,668.61,466.12,71.37,154.99,0.7453,-1,-1,-1
454,23,539.81,282.75,73.54,161.76,0.6627,-1,-1,-1
454,22,468.09,294.10,76.12,148.42,0.7489,-1,-1,-1
454,-1,1135.38,249.73,52.87,154.61,0.5755,-1,-1,-1
454,-1,504.35,43.79,46.21,128.91,0.5337,-1,-1,-1
455,5,864.53,306.43,53.41,161.57,0.7850,-1,-1,-1
455,9,763.42,169.90,48.23,156.78,0.7046,-1,-1,-1
455,11,252.73,92.16,52.12,119.83,0.7541,-1,-1,-1
455,13,510.94,200.42,73.62,102.29,0.6973,-1,-1,-1
455,16,907.28,307.51,68.39,166.49,0.8320,-1,-1,-1
455,19,644.01,46.12,54.33,128.31,0.7552,-1,-1,-1
455,20,668.82,467.34,68.80,153.73,0.7633,-1,-1,-1
455,23,545.33,277.96,64.82,163.30,0.6295,-1,-1,-1
455,22,469.71,289.71,103.19,152.38,0.5535,-1,-1,-1
455,-1,1134.57,250.31,52.99,154.49,0.5926,-1,-1,-1
455,-1,502.66,43.56,46.52,129.51,0.5552,-1,-1,-1
456,5,858.19,302.85,57.24,160.92,0.7139,-1,-1,-1
456,9,759.78,170.58,53.35,156.51,0.6891,-1,-1,-1
456,11,250.74,92.98,53.06,119.67,0.7368,-1,-1,-1
456,13,526.28,201.46,62.07,101.73,0.6672,-1,-1,-1
456,16,908.81,305.19,65.71,161.43,0.8293,-1,-1,-1
456,19,642.40,45.95,55.12,128.86,0.7292,-1,-1,-1
456,20,667.34,468.75,68.59,152.90,0.7176,-1,-1,-1
456,22,474.80,286.95,75.93,140.57,0.6753,-1,-1,-1
456,23,546.31,276.08,61.78,160.87,0.6410,-1,-1,-1
456,-1,500.72,43.71,46.15,129.55,0.5345,-1,-1,-1
456,-1,1133.61,251.50,52.93,154.12,0.6046,-1,-1,-1
457,5,858.62,298.49,53.24,161.42,0.7110,-1,-1,-1
457,9,759.91,170.46,54.45,156.85,0.7070,-1,-1,-1
457,11,247.65,93.48,53.95,121.74,0.7467,-1,-1,-1
457,13,502.90,203.61,78.62,98.09,0.6635,-1,-1,-1
457,16,906.43,301.70,67.13,158.09,0.8331,-1,-1,-1
457,19,639.73,35.75,54.25,140.00,0.6808,-1,-1,-1
457,20,666.91,469.88,67.73,151.39,0.7355,-1,-1,-1
457,22,476.73,283.57,71.81,137.06,0.7273,-1,-1,-1
457,23,550.52,265.56,59.22,165.52,0.6853,-1,-1,-1
457,-1,1132.15,251.02,53.57,157.43,0.5876,-1,-1,-1
457,-1,498.83,43.50,45.72,130.37,0.5496,-1,-1,-1
458,5,859.35,294.44,51.78,160.36,0.6787,-1,-1,-1
458,9,753.31,170.63,60.86,156.43,0.7065,-1,-1,-1
458,11,244.87,93.70,54.13,123.97,0.7910,-1,-1,-1
458,13,499.91,205.80,83.82,95.09,0.6360,-1,-1,-1
458,16,905.03,298.27,67.41,158.73,0.7952,-1,-1,-1
458,19,637.84,38.91,51.29,137.79,0.7078,-1,-1,-1
458,20,663.84,471.09,68.46,149.99,0.7124,-1,-1,-1
458,22,480.36,280.62,73.42,123.33,0.6372,-1,-1,-1
458,23,547.16,259.93,65.34,164.84,0.6269,-1,-1,-1
458,-1,496.06,45.13,46.49,129.38,0.5622,-1,-1,-1
458,-1,1128.54,252.28,56.24,157.52,0.5493,-1,-1,-1
459,5,858.30,286.75,52.33,155.57,0.6105,-1,-1,-1
459,9,738.91,171.60,74.55,156.82,0.7629,-1,-1,-1
459,11,238.61,94.26,54.41,128.10,0.7824,-1,-1,-1
459,16,897.76,289.93,70.94,163.76,0.8004,-1,-1,-1
459,19,634.46,48.34,52.44,129.01,0.7192,-1,-1,-1
459,20,661.04,473.38,64.82,147.89,0.7562,-1,-1,-1
459,22,481.57,282.13,92.24,120.47,0.7391,-1,-1,-1
459,23,548.58,248.56,64.44,149.73,0.7143,-1,-1,-1
459,13,493.90,212.81,82.78,105.78,0.5751,-1,-1,-1
459,-1,491.03,45.25,47.03,130.73,0.5989,-1,-1,-1
459,-1,1126.91,254.43,55.67,155.56,0.5122,-1,-1,-1
460,5,849.78,283.41,60.18,154.99,0.6426,-1,-1,-1
460,9,740.37,172.10,75.21,157.05,0.7717,-1,-1,-1
460,11,235.15,95.57,54.67,127.76,0.7453,-1,-1,-1
460,13,491.48,218.06,82.93,97.04,0.6090,-1,-1,-1
460,16,885.08,287.51,82.36,163.65,0.8597,-1,-1,-1
460,19,631.92,46.34,51.97,131.77,0.7589,-1,-1,-1
460,20,658.45,474.65,64.07,146.74,0.7287,-1,-1,-1
460,22,480.14,281.82,69.63,119.76,0.6072,-1,-1,-1
460,23,546.73,254.55,65.90,141.43,0.7633,-1,-1,-1
460,-1,1127.16,256.03,54.40,154.21,0.5509,-1,-1,-1
460,-1,488.49,46.34,46.71,130.21,0.6269,-1,-1,-1
461,5,856.06,281.46,47.97,153.33,0.6436,-1,-1,-1
461,9,736.22,174.83,81.43,154.90,0.7436,-1,-1,-1
461,11,231.42,96.87,56.44,127.05,0.7795,-1,-1,-1
461,16,888.86,285.08,79.13,161.12,0.8232,-1,-1,-1
461,19,629.57,45.45,53.09,132.86,0.7602,-1,-1,-1
461,20,653.92,475.71,63.63,145.44,0.7344,-1,-1,-1
461,23,546.71,259.33,68.71,127.16,0.6346,-1,-1,-1
461,22,478.64,281.83,72.72,116.23,0.5215,-1,-1,-1
461,-1,1127.79,258.14,52.50,152.95,0.5457,-1,-1,-1
461,-1,485.78,46.06,44.89,131.19,0.6015,-1,-1,-1
462,5,855.88,281.24,46.14,151.11,0.6611,-1,-1,-1
462,9,743.32,178.04,73.21,152.60,0.7613,-1,-1,-1
462,11,226.66,97.15,57.45,127.60,0.7992,-1,-1,-1
462,16,885.10,282.65,84.53,160.03,0.8441,-1,-1,-1
462,19,628.37,49.16,51.54,129.67,0.7955,-1,-1,-1
462,20,650.20,477.10,63.48,143.64,0.7602,-1,-1,-1
462,22,486.61,282.52,86.95,112.64,0.6481,-1,-1,-1
462,23,547.03,256.56,64.26,120.58,0.6488,-1,-1,-1
462,-1,482.93,46.78,45.04,130.90,0.5921,-1,-1,-1
462,-1,1126.53,257.48,50.03,155.60,0.5251,-1,-1,-1
462,-1,503.06,227.87,60.29,80.52,0.5249,-1,-1,-1
463,5,853.74,280.95,52.09,151.60,0.6640,-1,-1,-1
463,9,743.12,181.20,71.57,150.39,0.7399,-1,-1,-1
463,11,221.67,97.27,58.39,127.91,0.8164,-1,-1,-1
463,16,891.99,281.69,80.27,159.57,0.8191,-1,-1,-1
463,19,625.84,48.25,51.93,130.93,0.7482,-1,-1,-1
463,20,643.89,478.55,65.54,142.15,0.7376,-1,-1,-1
463,22,491.91,280.47,81.56,112.38,0.7018,-1,-1,-1
463,23,548.16,255.62,64.59,116.30,0.6429,-1,-1,-1
463,-1,1125.76,258.53,51.53,154.74,0.5674,-1,-1,-1
463,-1,480.62,46.67,45.22,131.24,0.5669,-1,-1,-1
463,-1,506.74,230.31,58.01,79.48,0.5352,-1,-1,-1
463,-1,709.36,183.29,63.06,122.18,0.5195,-1,-1,-1
464,5,854.47,281.28,49.38,153.93,0.6621,-1,-1,-1
464,9,733.70,187.66,79.92,145.00,0.7094,-1,-1,-1
464,11,214.70,98.21,61.30,127.66,0.7815,-1,-1,-1
464,16,889.84,281.44,86.02,157.44,0.8225,-1,-1,-1
464,19,622.96,45.64,51.07,133.69,0.7459,-1,-1,-1
464,20,637.09,479.78,64.80,140.96,0.7495,-1,-1,-1
464,22,488.93,277.22,87.59,114.64,0.6024,-1,-1,-1
464,23,542.45,254.89,86.23,124.46,0.6840,-1,-1,-1
464,-1,1124.96,258.19,53.76,156.12,0.5712,-1,-1,-1
464,-1,477.55,45.86,44.76,132.40,0.5597,-1,-1,-1
464,-1,446.08,277.99,132.66,112.05,0.5279,-1,-1,-1
464,-1,704.71,187.38,58.61,123.51,0.5069,-1,-1,-1
465,5,855.10,280.05,48.72,155.52,0.6571,-1,-1,-1
465,9,726.89,195.63,87.04,136.98,0.6848,-1,-1,-1
465,11,211.93,96.97,60.80,128.50,0.7906,-1,-1,-1
465,16,895.29,281.55,81.71,158.01,0.7781,-1,-1,-1
465,19,622.87,43.59,51.51,135.36,0.7111,-1,-1,-1
465,20,635.00,480.44,65.85,140.43,0.7112,-1,-1,-1
465,22,443.95,274.79,123.69,116.52,0.6374,-1,-1,-1
465,23,544.94,254.44,87.89,124.72,0.7114,-1,-1,-1
465,13,503.82,226.65,56.58,89.60,0.6128,-1,-1,-1
465,-1,477.11,45.07,45.40,132.74,0.5590,-1,-1,-1
465,-1,707.03,187.83,55.53,125.98,0.5398,-1,-1,-1
465,-1,1126.93,258.54,55.22,156.39,0.5394,-1,-1,-1
466,5,854.38,278.00,59.91,157.80,0.6681,-1,-1,-1
466,9,727.79,191.69,86.63,140.95,0.6451,-1,-1,-1
466,11,210.91,96.00,56.89,129.19,0.7951,-1,-1,-1
466,13,499.37,223.05,61.28,98.00,0.6409,-1,-1,-1
466,16,899.25,281.19,79.84,158.44,0.7624,-1,-1,-1
466,19,623.66,46.96,49.85,131.19,0.7656,-1,-1,-1
466,20,633.25,481.01,66.91,139.67,0.7576,-1,-1,-1
466,22,442.03,275.20,128.95,115.32,0.7254,-1,-1,-1
466,23,553.86,253.80,80.69,122.98,0.7154,-1,-1,-1
466,-1,703.97,188.02,55.16,127.89,0.5867,-1,-1,-1
466,-1,476.69,43.43,45.98,133.84,0.5696,-1,-1,-1
466,-1,1128.26,256.58,55.59,158.64,0.5569,-1,-1,-1
467,5,852.91,276.35,57.67,159.53,0.6906,-1,-1,-1
467,9,722.56,186.99,92.90,146.11,0.7085,-1,-1,-1
467,11,208.74,95.92,53.79,128.56,0.7772,-1,-1,-1
467,13,495.84,217.46,71.77,110.76,0.6931,-1,-1,-1
467,16,902.04,280.38,77.65,156.76,0.8015,-1,-1,-1
467,19,624.25,46.12,50.49,131.63,0.7656,-1,-1,-1
467,20,631.78,481.36,68.59,139.19,0.7859,-1,-1,-1
467,22,439.48,274.60,132.17,115.38,0.7691,-1,-1,-1
467,23,557.59,252.30,77.00,125.61,0.7485,-1,-1,-1
467,-1,704.72,186.51,51.30,130.68,0.5934,-1,-1,-1
467,-1,476.83,42.99,45.76,133.89,0.5579,-1,-1,-1
467,-1,1130.26,257.11,55.41,157.97,0.6027,-1,-1,-1
468,5,850.09,274.50,63.20,161.44,0.6984,-1,-1,-1
468,9,721.25,184.52,95.44,148.88,0.7115,-1,-1,-1
468,11,209.32,95.61,52.33,128.92,0.7877,-1,-1,-1
468,13,490.40,212.15,83.60,119.61,0.6993,-1,-1,-1
468,16,896.64,279.57,83.34,154.73,0.7696,-1,-1,-1
468,19,624.96,44.94,49.88,132.61,0.7776,-1,-1,-1
468,20,631.38,482.07,69.37,138.51,0.7759,-1,-1,-1
468,22,437.56,269.65,137.24,119.87,0.8171,-1,-1,-1
468,23,570.12,250.75,64.64,110.60,0.8323,-1,-1,-1
468,-1,704.68,185.31,51.60,132.12,0.5722,-1,-1,-1
468,-1,477.09,42.92,45.64,133.79,0.5642,-1,-1,-1
468,-1,1131.97,256.11,56.03,159.01,0.6280,-1,-1,-1
469,5,851.07,272.41,59.89,162.19,0.7034,-1,-1,-1
469,9,717.74,179.05,99.42,155.37,0.7831,-1,-1,-1
469,11,208.77,95.46,53.15,129.22,0.7757,-1,-1,-1
469,13,483.65,204.01,87.14,135.93,0.6214,-1,-1,-1
469,16,891.81,276.69,91.02,145.45,0.7659,-1,-1,-1
469,19,624.66,41.71,53.01,135.79,0.7454,-1,-1,-1
469,20,631.30,483.27,71.22,137.55,0.7794,-1,-1,-1
469,22,437.56,260.85,145.00,127.95,0.8529,-1,-1,-1
469,23,572.44,246.19,64.68,115.27,0.8630,-1,-1,-1
469,-1,1137.43,258.01,54.26,157.67,0.5900,-1,-1,-1
469,-1,478.16,41.85,46.18,134.77,0.5875,-1,-1,-1
469,-1,483.65,203.93,99.28,162.13,0.5278,-1,-1,-1
470,5,851.85,270.55,69.57,161.06,0.6353,-1,-1,-1
470,9,712.25,177.05,97.85,156.28,0.6756,-1,-1,-1
470,11,207.35,95.55,54.53,128.27,0.7269,-1,-1,-1
470,16,901.46,274.71,82.14,140.88,0.6532,-1,-1,-1
470,19,619.89,42.94,58.72,134.78,0.6812,-1,-1,-1
470,20,633.92,484.98,69.57,135.36,0.6652,-1,-1,-1
470,22,471.16,258.77,115.65,129.29,0.6359,-1,-1,-1
470,23,572.56,244.01,63.96,117.42,0.7148,-1,-1,-1
470,13,474.56,200.39,84.62,122.77,0.5206,-1,-1,-1
470,-1,1139.77,257.51,54.53,159.65,0.5202,-1,-1,-1
470,-1,478.62,42.91,46.35,132.89,0.6036,-1,-1,-1
471,5,851.96,266.18,67.35,162.26,0.7155,-1,-1,-1
471,9,715.62,177.14,97.15,157.00,0.7508,-1,-1,-1
471,11,208.65,96.50,54.32,127.78,0.8134,-1,-1,-1
471,13,472.87,194.79,90.48,129.02,0.7075,-1,-1,-1
471,16,901.12,270.86,83.90,140.00,0.7485,-1,-1,-1
471,19,618.78,42.34,60.85,135.20,0.6541,-1,-1,-1
471,20,632.78,484.31,73.07,136.83,0.7585,-1,-1,-1
471,22,437.26,253.67,156.41,136.22,0.8814,-1,-1,-1
471,23,573.99,240.01,65.79,123.26,0.8515,-1,-1,-1
471,-1,1142.13,256.99,53.69,159.86,0.5671,-1,-1,-1
471,-1,480.54,42.25,46.22,133.56,0.5611,-1,-1,-1
471,-1,674.30,176.15,77.29,139.89,0.5397,-1,-1,-1
472,5,855.54,262.96,72.71,158.16,0.7009,-1,-1,-1
472,9,718.39,177.99,87.36,148.70,0.6960,-1,-1,-1
472,11,209.51,95.42,54.65,129.24,0.8005,-1,-1,-1
472,13,477.69,191.60,73.14,126.15,0.7275,-1,-1,-1
472,16,903.91,267.78,79.75,138.64,0.7717,-1,-1,-1
472,19,616.49,43.63,66.44,133.91,0.6302,-1,-1,-1
472,20,634.41,484.95,73.83,136.43,0.7394,-1,-1,-1
472,22,436.81,252.70,129.93,135.16,0.8785,-1,-1,-1
472,23,572.30,237.43,69.02,153.22,0.8270,-1,-1,-1
472,-1,480.80,41.58,47.88,134.71,0.5821,-1,-1,-1
472,-1,1144.44,256.58,56.39,160.45,0.5553,-1,-1,-1
472,-1,676.47,176.77,70.68,138.01,0.5115,-1,-1,-1
473,5,857.40,259.28,70.31,160.20,0.7368,-1,-1,-1
473,9,719.20,177.38,79.19,144.45,0.6481,-1,-1,-1
473,11,210.21,93.86,56.24,131.63,0.8072,-1,-1,-1
473,13,478.22,187.91,63.78,131.88,0.7275,-1,-1,-1
473,16,906.82,264.32,74.70,139.72,0.7187,-1,-1,-1
473,19,629.48,43.55,53.90,134.05,0.6140,-1,-1,-1
473,20,636.69,485.47,73.79,135.41,0.7346,-1,-1,-1
473,22,438.88,251.72,121.83,137.11,0.8231,-1,-1,-1
473,23,575.07,236.20,67.87,148.78,0.8045,-1,-1,-1
473,-1,482.12,40.63,48.76,136.05,0.5719,-1,-1,-1
473,-1,1148.05,257.19,55.31,161.46,0.5587,-1,-1,-1
473,-1,679.10,177.05,67.36,135.87,0.5185,-1,-1,-1
474,5,860.49,253.52,62.48,155.20,0.7617,-1,-1,-1
474,9,708.37,175.82,75.22,151.82,0.7506,-1,-1,-1
474,11,207.42,91.59,62.51,133.26,0.8220,-1,-1,-1
474,13,476.14,182.06,66.50,134.36,0.8224,-1,-1,-1
474,16,911.91,258.81,61.42,144.65,0.7279,-1,-1,-1
474,19,604.15,40.84,87.91,136.41,0.6241,-1,-1,-1
474,20,642.57,486.03,73.95,135.16,0.7897,-1,-1,-1
474,22,434.16,251.40,109.50,136.81,0.8435,-1,-1,-1
474,23,577.46,237.77,74.69,126.46,0.8746,-1,-1,-1
474,-1,1157.56,257.06,53.65,161.44,0.5655,-1,-1,-1
474,-1,488.90,40.00,48.22,135.30,0.6060,-1,-1,-1
475,5,860.77,251.83,63.42,154.74,0.7932,-1,-1,-1
475,9,712.91,174.30,66.39,156.70,0.6936,-1,-1,-1
475,11,207.07,92.81,64.91,131.77,0.8017,-1,-1,-1
475,13,475.58,180.45,68.62,133.38,0.8098,-1,-1,-1
475,16,911.79,256.23,62.84,147.13,0.7538,-1,-1,-1
475,19,614.67,39.63,87.09,136.93,0.6146,-1,-1,-1
475,20,645.82,486.22,74.05,134.93,0.7960,-1,-1,-1
475,22,431.23,250.82,105.46,137.68,0.8842,-1,-1,-1
475,23,579.43,239.73,80.79,132.55,0.8301,-1,-1,-1
475,-1,491.77,39.00,47.78,135.77,0.5847,-1,-1,-1
475,-1,1161.72,256.24,56.17,161.38,0.5593,-1,-1,-1
475,-1,690.06,175.35,59.45,132.02,0.5115,-1,-1,-1
476,5,860.79,250.67,70.17,155.03,0.8225,-1,-1,-1
476,9,710.28,174.90,69.76,156.76,0.6623,-1,-1,-1
476,11,208.07,92.90,67.94,131.49,0.8014,-1,-1,-1
476,13,475.37,178.61,67.12,128.08,0.7883,-1,-1,-1
476,16,917.79,254.57,60.96,148.51,0.7495,-1,-1,-1
476,19,642.55,41.49,56.81,134.75,0.6685,-1,-1,-1
476,20,649.43,486.22,73.76,134.70,0.7859,-1,-1,-1
476,22,429.47,249.45,109.22,138.67,0.8464,-1,-1,-1
476,23,581.63,242.50,87.61,146.34,0.8129,-1,-1,-1
476,-1,495.02,38.97,47.19,135.53,0.5477,-1,-1,-1
476,-1,687.79,174.92,65.25,132.19,0.5417,-1,-1,-1
476,-1,1165.45,255.56,56.70,162.42,0.6121,-1,-1,-1
477,5,858.57,250.77,72.98,155.09,0.8344,-1,-1,-1
477,9,705.65,174.47,75.29,158.88,0.7385,-1,-1,-1
477,11,210.16,92.93,69.43,131.29,0.8046,-1,-1,-1
477,13,475.38,177.99,64.28,122.12,0.8026,-1,-1,-1
477,16,911.87,252.76,70.62,149.99,0.7771,-1,-1,-1
477,19,648.45,41.86,51.75,134.29,0.7018,-1,-1,-1
477,20,653.20,486.29,73.16,134.15,0.8090,-1,-1,-1
477,22,425.63,248.12,114.63,139.29,0.8948,-1,-1,-1
477,23,584.52,245.96,94.22,148.14,0.8640,-1,-1,-1
477,-1,497.83,38.43,48.37,136.50,0.5659,-1,-1,-1
477,-1,1169.95,257.25,55.09,161.18,0.5446,-1,-1,-1
477,-1,731.75,98.93,46.03,115.92,0.5108,-1,-1,-1
477,-1,685.08,175.01,69.68,132.55,0.5077,-1,-1,-1
478,5,854.96,252.10,78.94,153.67,0.8684,-1,-1,-1
478,9,707.64,174.35,75.91,160.81,0.7829,-1,-1,-1
478,11,213.56,93.22,70.31,130.73,0.8288,-1,-1,-1
478,13,475.43,177.35,60.07,119.65,0.7978,-1,-1,-1
478,16,913.34,252.65,74.68,149.78,0.8078,-1,-1,-1
478,19,650.24,41.52,54.67,134.55,0.6583,-1,-1,-1
478,20,657.44,486.10,73.25,134.57,0.7916,-1,-1,-1
478,22,428.97,246.96,110.19,137.59,0.8263,-1,-1,-1
478,23,587.62,249.59,98.26,145.88,0.8758,-1,-1,-1
478,-1,1173.66,256.93,55.38,162.37,0.5905,-1,-1,-1
478,-1,502.20,38.87,48.24,135.65,0.5550,-1,-1,-1
478,-1,683.72,174.81,72.09,134.17,0.5468,-1,-1,-1
478,-1,737.32,98.03,43.73,132.53,0.5062,-1,-1,-1
479,5,856.32,254.69,82.16,151.65,0.8777,-1,-1,-1
479,9,718.08,180.06,70.33,157.94,0.7881,-1,-1,-1
479,11,222.65,93.41,69.42,130.70,0.7977,-1,-1,-1
479,13,477.52,174.52,52.83,139.97,0.7488,-1,-1,-1
479,16,922.91,254.03,69.34,145.88,0.7766,-1,-1,-1
479,19,648.54,40.74,64.64,135.58,0.6241,-1,-1,-1
479,20,666.16,486.35,71.87,134.40,0.8360,-1,-1,-1
479,22,436.34,247.89,96.09,133.13,0.8062,-1,-1,-1
479,23,593.03,256.10,103.15,143.35,0.8588,-1,-1,-1
479,-1,510.79,39.28,47.80,134.60,0.5594,-1,-1,-1
479,-1,1180.76,257.81,57.78,162.03,0.5497,-1,-1,-1
479,-1,750.59,104.09,38.03,126.57,0.5088,-1,-1,-1
480,5,860.07,255.66,82.65,150.39,0.8830,-1,-1,-1
480,9,722.32,183.56,68.06,154.46,0.7820,-1,-1,-1
480,11,225.41,94.23,70.56,129.54,0.8116,-1,-1,-1
480,13,478.29,171.74,52.91,144.40,0.8039,-1,-1,-1
480,16,930.45,254.40,64.93,145.57,0.7354,-1,-1,-1
480,20,670.51,486.80,70.79,133.62,0.8315,-1,-1,-1
480,22,413.98,250.36,97.50,129.05,0.7428,-1,-1,-1
480,23,594.75,258.23,104.86,139.65,0.8068,-1,-1,-1
480,19,643.24,39.98,73.76,136.43,0.5942,-1,-1,-1
480,-1,754.22,104.25,38.83,127.26,0.5744,-1,-1,-1
480,-1,635.14,662.25,55.02,57.73,0.5273,-1,-1,-1
480,-1,689.09,177.61,70.52,122.44,0.5185,-1,-1,-1
480,-1,514.32,38.50,48.50,135.73,0.6480,-1,-1,-1
481,5,864.24,255.42,81.12,150.87,0.8991,-1,-1,-1
481,9,725.05,188.92,65.81,149.69,0.7890,-1,-1,-1
481,11,228.21,94.85,72.19,129.45,0.8201,-1,-1,-1
481,13,480.58,169.07,53.84,147.21,0.8589,-1,-1,-1
481,16,935.66,253.53,63.45,145.59,0.7955,-1,-1,-1
481,20,674.76,486.98,70.84,133.66,0.8517,-1,-1,-1
481,22,410.35,252.67,84.72,128.56,0.8334,-1,-1,-1
481,23,594.68,258.20,106.21,142.63,0.8367,-1,-1,-1
481,19,654.45,40.35,66.67,136.43,0.5902,-1,-1,-1
481,-1,639.09,662.87,55.49,57.01,0.5154,-1,-1,-1
481,-1,519.61,39.65,48.72,134.55,0.6090,-1,-1,-1
481,-1,758.10,102.05,38.32,128.90,0.6083,-1,-1,-1
482,5,868.65,253.93,80.80,152.17,0.8830,-1,-1,-1
482,9,697.73,178.50,92.34,160.48,0.6267,-1,-1,-1
482,11,230.56,94.89,72.43,129.44,0.8136,-1,-1,-1
482,13,483.88,167.53,53.26,148.65,0.8677,-1,-1,-1
482,16,939.07,252.61,64.12,146.96,0.7562,-1,-1,-1
482,19,672.22,40.31,56.47,136.63,0.6530,-1,-1,-1
482,20,679.40,487.33,69.89,133.36,0.8258,-1,-1,-1
482,22,409.27,253.76,83.36,123.21,0.8275,-1,-1,-1
482,23,595.34,257.07,102.80,107.84,0.7411,-1,-1,-1
482,-1,1197.10,259.86,55.72,162.30,0.5203,-1,-1,-1
482,-1,524.40,39.33,47.96,135.31,0.6121,-1,-1,-1
482,-1,760.66,101.78,40.45,129.56,0.6073,-1,-1,-1
483,5,873.23,251.77,83.04,153.58,0.8841,-1,-1,-1
483,9,696.14,178.83,90.73,160.84,0.6761,-1,-1,-1
483,11,232.99,94.44,70.26,130.56,0.8279,-1,-1,-1
483,13,485.00,165.80,53.95,149.69,0.8497,-1,-1,-1
483,16,938.13,251.68,69.72,149.21,0.7870,-1,-1,-1
483,19,678.43,42.04,51.57,135.61,0.6971,-1,-1,-1
483,20,683.26,487.88,70.30,133.03,0.7947,-1,-1,-1
483,22,412.21,254.30,78.37,128.17,0.8208,-1,-1,-1
483,23,595.40,255.03,96.69,142.60,0.8195,-1,-1,-1
483,-1,762.10,101.21,42.00,130.84,0.5928,-1,-1,-1
483,-1,527.87,40.33,49.08,135.18,0.5847,-1,-1,-1
484,5,881.58,247.86,82.61,156.62,0.8752,-1,-1,-1
484,11,239.50,95.97,65.65,129.92,0.8148,-1,-1,-1
484,13,490.68,163.21,48.87,145.07,0.8532,-1,-1,-1
484,16,950.82,250.61,68.99,153.37,0.7470,-1,-1,-1
484,19,673.05,43.01,65.72,136.05,0.6197,-1,-1,-1
484,20,691.18,489.34,69.51,131.12,0.8145,-1,-1,-1
484,22,407.67,253.70,88.95,143.91,0.8968,-1,-1,-1
484,23,594.57,248.33,83.57,154.78,0.8498,-1,-1,-1
484,9,701.54,180.34,86.12,160.59,0.5898,-1,-1,-1
484,-1,537.65,42.32,47.05,134.55,0.5853,-1,-1,-1
484,-1,655.08,665.00,55.33,54.78,0.5247,-1,-1,-1
484,-1,699.97,182.73,62.41,117.48,0.5005,-1,-1,-1
484,-1,766.98,106.02,43.42,127.53,0.6746,-1,-1,-1
485,5,884.20,246.49,87.60,156.54,0.8551,-1,-1,-1
485,9,727.79,181.07,69.34,160.93,0.6241,-1,-1,-1
485,11,243.78,96.10,62.85,130.10,0.7808,-1,-1,-1
485,13,493.06,162.07,48.20,142.49,0.8198,-1,-1,-1
485,16,952.27,252.01,73.27,153.20,0.6843,-1,-1,-1
485,19,676.40,41.68,67.15,137.89,0.6702,-1,-1,-1
485,20,694.77,490.22,69.14,130.01,0.8277,-1,-1,-1
485,22,408.85,253.35,88.72,150.08,0.8836,-1,-1,-1
485,23,593.44,245.93,76.50,124.88,0.7922,-1,-1,-1
485,-1,712.41,661.39,58.26,58.76,0.5112,-1,-1,-1
485,-1,1213.34,262.24,57.21,164.17,0.5083,-1,-1,-1
485,-1,769.22,105.76,44.88,127.85,0.6810,-1,-1,-1
486,5,886.30,246.45,89.05,157.29,0.8376,-1,-1,-1
486,9,715.07,181.50,85.03,161.33,0.6363,-1,-1,-1
486,11,246.77,97.49,62.22,129.04,0.8286,-1,-1,-1
486,13,494.74,159.54,48.37,139.81,0.8046,-1,-1,-1
486,16,950.07,253.54,80.13,154.60,0.7281,-1,-1,-1
486,19,677.17,42.42,70.15,138.46,0.6440,-1,-1,-1
486,20,697.77,491.31,69.48,128.84,0.8187,-1,-1,-1
486,22,406.58,253.87,88.33,152.97,0.9004,-1,-1,-1
486,23,592.08,245.06,83.43,160.06,0.8442,-1,-1,-1
486,-1,544.53,42.99,48.57,135.48,0.5630,-1,-1,-1
486,-1,1217.83,265.43,50.05,161.73,0.5130,-1,-1,-1
486,-1,714.97,661.81,58.89,58.26,0.5124,-1,-1,-1
486,-1,772.93,105.22,43.91,128.80,0.6700,-1,-1,-1
487,5,888.18,247.49,95.73,155.48,0.8535,-1,-1,-1
487,9,713.55,182.61,83.28,160.93,0.7003,-1,-1,-1
487,11,248.24,98.69,63.32,128.59,0.8621,-1,-1,-1
487,13,496.87,158.02,47.65,136.74,0.7855,-1,-1,-1
487,16,944.58,255.81,89.13,155.14,0.8056,-1,-1,-1
487,19,675.22,44.05,75.24,137.80,0.6472,-1,-1,-1
487,20,700.01,492.34,70.89,128.21,0.8255,-1,-1,-1
487,22,406.17,254.93,83.19,153.33,0.8857,-1,-1,-1
487,23,590.18,244.72,83.49,154.51,0.8281,-1,-1,-1
487,-1,775.77,659.05,65.69,60.95,0.5344,-1,-1,-1
487,-1,718.91,662.77,59.79,57.27,0.5271,-1,-1,-1
487,-1,776.84,107.90,42.74,127.88,0.6654,-1,-1,-1
488,5,891.64,249.37,97.62,157.41,0.8531,-1,-1,-1
488,9,725.67,184.03,72.37,160.67,0.7227,-1,-1,-1
488,11,251.69,98.19,61.85,130.26,0.8194,-1,-1,-1
488,13,497.88,153.99,47.89,136.87,0.7652,-1,-1,-1
488,16,959.64,258.81,77.38,155.63,0.7524,-1,-1,-1
488,20,703.23,493.72,70.08,126.64,0.8118,-1,-1,-1
488,22,400.18,256.05,82.73,152.36,0.9064,-1,-1,-1
488,23,587.21,245.85,81.54,145.55,0.8145,-1,-1,-1
488,19,673.83,43.73,78.93,138.80,0.5957,-1,-1,-1
488,-1,712.55,183.18,46.10,119.86,0.5880,-1,-1,-1
488,-1,778.00,659.49,65.95,60.58,0.5195,-1,-1,-1
488,-1,780.39,107.79,41.48,128.68,0.6176,-1,-1,-1
489,5,896.28,254.86,85.35,154.58,0.8748,-1,-1,-1
489,9,743.04,185.06,54.24,161.54,0.8021,-1,-1,-1
489,11,255.63,99.27,63.38,130.94,0.8441,-1,-1,-1
489,13,498.70,153.39,48.07,135.22,0.7895,-1,-1,-1
489,16,967.86,265.45,72.66,158.17,0.7097,-1,-1,-1
489,19,681.57,48.13,78.98,136.34,0.6522,-1,-1,-1
489,20,707.58,495.66,71.26,124.74,0.8081,-1,-1,-1
489,22,394.46,255.80,69.66,154.07,0.8759,-1,-1,-1
489,23,575.03,251.03,83.07,153.24,0.8576,-1,-1,-1
489,-1,1220.73,267.43,58.83,163.95,0.5201,-1,-1,-1
489,-1,713.81,181.92,46.09,123.10,0.6542,-1,-1,-1
489,-1,783.24,107.19,40.56,131.06,0.6353,-1,-1,-1
490,5,897.90,257.52,85.63,153.46,0.8474,-1,-1,-1
490,9,742.32,185.21,54.65,162.15,0.7412,-1,-1,-1
490,11,258.43,99.81,62.64,130.83,0.8285,-1,-1,-1
490,13,498.54,153.34,48.21,135.83,0.7947,-1,-1,-1
490,16,965.88,267.79,68.26,160.02,0.6962,-1,-1,-1
490,19,705.02,49.18,57.62,136.02,0.6941,-1,-1,-1
490,20,708.44,496.37,71.96,123.96,0.8138,-1,-1,-1
490,22,390.41,255.46,62.67,154.77,0.8704,-1,-1,-1
490,23,564.95,254.69,84.78,154.83,0.8361,-1,-1,-1
490,-1,715.43,180.26,46.95,124.82,0.5918,-1,-1,-1
490,-1,559.17,48.11,48.47,133.91,0.5707,-1,-1,-1
490,-1,1219.80,268.37,59.79,162.52,0.5053,-1,-1,-1
490,-1,784.29,103.24,40.89,140.59,0.6406,-1,-1,-1
491,5,899.52,258.66,85.09,153.24,0.8003,-1,-1,-1
491,9,741.97,184.76,56.30,163.39,0.7568,-1,-1,-1
491,11,260.97,99.41,61.41,132.07,0.7972,-1,-1,-1
491,13,497.96,154.40,48.27,135.11,0.7654,-1,-1,-1
491,16,969.01,269.90,60.40,162.46,0.7041,-1,-1,-1
491,19,710.61,50.64,51.32,135.08,0.6864,-1,-1,-1
491,20,709.60,497.21,72.05,123.22,0.8012,-1,-1,-1
491,22,396.54,255.18,50.23,155.30,0.8626,-1,-1,-1
491,23,560.04,258.93,82.78,153.49,0.7864,-1,-1,-1
491,-1,561.42,48.78,48.22,134.64,0.5678,-1,-1,-1
491,-1,715.58,178.63,43.99,127.51,0.6351,-1,-1,-1
491,-1,785.51,104.89,39.71,140.37,0.6347,-1,-1,-1
492,5,901.28,258.61,83.88,154.46,0.8158,-1,-1,-1
492,9,743.04,183.90,55.95,165.04,0.7424,-1,-1,-1
492,11,261.17,99.92,62.97,131.87,0.8295,-1,-1,-1
492,13,496.96,155.10,48.11,135.13,0.7540,-1,-1,-1
492,16,970.32,272.31,61.06,161.84,0.7149,-1,-1,-1
492,19,715.07,51.54,48.02,132.79,0.6546,-1,-1,-1
492,20,711.06,498.05,72.27,122.27,0.8362,-1,-1,-1
492,22,395.98,255.98,47.04,154.83,0.8749,-1,-1,-1
492,23,561.72,263.83,75.45,150.48,0.8140,-1,-1,-1
492,-1,561.34,49.60,49.43,134.69,0.5885,-1,-1,-1
492,-1,713.07,175.29,51.11,131.99,0.6626,-1,-1,-1
492,-1,787.02,105.22,39.31,135.86,0.6290,-1,-1,-1
493,5,902.94,257.76,83.16,156.71,0.8450,-1,-1,-1
493,9,742.49,183.49,56.78,165.76,0.7303,-1,-1,-1
493,11,263.23,100.72,62.03,131.61,0.8037,-1,-1,-1
493,13,495.88,158.95,47.83,132.59,0.7976,-1,-1,-1
493,16,970.36,274.11,63.32,160.99,0.7602,-1,-1,-1
493,19,715.64,51.16,48.58,134.61,0.6093,-1,-1,-1
493,20,712.03,498.78,72.30,121.56,0.8210,-1,-1,-1
493,22,391.82,257.40,46.38,155.12,0.8514,-1,-1,-1
493,23,568.49,267.25,63.63,151.74,0.8247,-1,-1,-1
493,-1,561.39,51.05,50.05,134.62,0.5688,-1,-1,-1
493,-1,1222.00,268.26,57.54,163.60,0.5007,-1,-1,-1
493,-1,786.15,104.39,40.63,145.68,0.6688,-1,-1,-1
493,-1,713.58,178.37,50.42,129.42,0.6492,-1,-1,-1
494,5,906.86,258.04,78.16,157.34,0.7402,-1,-1,-1
494,9,745.27,182.12,51.53,167.61,0.7735,-1,-1,-1
494,11,265.92,102.90,61.08,131.38,0.8164,-1,-1,-1
494,13,492.07,162.09,49.07,131.05,0.7888,-1,-1,-1
494,16,970.98,278.00,63.26,158.16,0.7613,-1,-1,-1
494,19,717.67,53.17,47.56,132.40,0.6027,-1,-1,-1
494,20,712.66,500.00,72.94,120.39,0.8316,-1,-1,-1
494,22,373.44,263.07,55.20,157.28,0.8694,-1,-1,-1
494,23,562.74,270.40,62.38,155.51,0.8415,-1,-1,-1
494,-1,561.87,52.99,50.92,134.28,0.5833,-1,-1,-1
494,-1,1225.88,267.45,53.93,165.84,0.5287,-1,-1,-1
494,-1,786.07,104.84,41.02,147.16,0.6691,-1,-1,-1
494,-1,707.14,176.84,50.23,137.00,0.6319,-1,-1,-1
495,5,908.80,259.43,68.12,142.20,0.6949,-1,-1,-1
495,9,742.04,178.11,51.27,171.73,0.7627,-1,-1,-1
495,11,266.69,104.70,60.52,130.51,0.7921,-1,-1,-1
495,13,490.62,160.25,48.88,133.89,0.7885,-1,-1,-1
495,16,966.88,279.43,66.83,157.50,0.7897,-1,-1,-1
495,19,718.14,54.63,47.16,132.84,0.6245,-1,-1,-1
495,20,712.89,500.38,73.29,120.21,0.8302,-1,-1,-1
495,22,368.76,267.75,56.00,154.44,0.8718,-1,-1,-1
495,23,562.89,270.94,59.79,155.78,0.8214,-1,-1,-1
495,-1,561.12,53.65,51.96,134.75,0.5857,-1,-1,-1
495,-1,1226.89,268.95,52.83,164.31,0.5821,-1,-1,-1
495,-1,700.20,176.63,54.95,139.91,0.7122,-1,-1,-1
495,-1,785.44,108.12,41.75,143.80,0.6562,-1,-1,-1
496,5,913.65,261.67,70.71,156.78,0.6931,-1,-1,-1
496,9,723.27,173.56,65.21,175.48,0.6171,-1,-1,-1
496,11,268.62,105.98,59.44,130.08,0.8069,-1,-1,-1
496,13,489.92,158.69,48.29,135.98,0.7915,-1,-1,-1
496,16,967.50,280.83,65.67,156.72,0.8120,-1,-1,-1
496,19,719.20,57.50,46.63,124.92,0.6245,-1,-1,-1
496,20,712.86,501.05,73.66,119.36,0.8231,-1,-1,-1
496,22,367.63,273.30,52.57,152.06,0.8568,-1,-1,-1
496,23,562.03,268.98,59.14,158.10,0.8266,-1,-1,-1
496,-1,691.12,177.97,62.44,143.14,0.5948,-1,-1,-1
496,-1,1227.05,269.23,52.75,164.11,0.5787,-1,-1,-1
496,-1,785.16,106.39,41.94,147.02,0.6625,-1,-1,-1
497,5,924.83,265.09,57.15,154.33,0.6955,-1,-1,-1
497,9,722.99,185.47,64.04,160.58,0.7082,-1,-1,-1
497,11,269.07,107.35,60.13,130.25,0.8180,-1,-1,-1
497,13,488.94,157.57,47.99,138.21,0.8075,-1,-1,-1
497,16,968.38,282.29,64.33,155.57,0.8092,-1,-1,-1
497,19,718.07,59.46,49.09,130.25,0.6462,-1,-1,-1
497,20,713.11,501.89,73.95,118.33,0.8265,-1,-1,-1
497,22,361.36,278.43,55.48,152.94,0.8632,-1,-1,-1
497,23,562.97,268.58,57.04,159.48,0.8374,-1,-1,-1
497,-1,1226.22,269.43,53.57,164.65,0.5880,-1,-1,-1
497,-1,562.11,56.17,50.46,133.79,0.5422,-1,-1,-1
497,-1,785.01,108.84,41.63,145.26,0.7059,-1,-1,-1
497,-1,682.46,187.08,64.98,136.06,0.6395,-1,-1,-1
498,5,930.18,269.31,44.48,131.09,0.6177,-1,-1,-1
498,9,726.22,187.75,60.68,157.92,0.7222,-1,-1,-1
498,11,270.76,108.74,59.88,130.45,0.8000,-1,-1,-1
498,13,489.24,154.81,45.76,141.92,0.8043,-1,-1,-1
498,16,955.15,283.95,76.02,155.02,0.7547,-1,-1,-1
498,19,716.28,59.92,51.33,133.33,0.6709,-1,-1,-1
498,20,713.33,502.81,73.78,117.00,0.8320,-1,-1,-1
498,22,354.06,282.45,61.51,151.15,0.8533,-1,-1,-1
498,23,563.57,267.64,54.57,161.44,0.8544,-1,-1,-1
498,-1,1224.67,270.34,55.34,164.56,0.5795,-1,-1,-1
498,24,784.77,107.46,41.72,147.73,0.6796,-1,-1,-1
498,-1,673.79,189.70,64.83,136.76,0.6904,-1,-1,-1
499,9,708.64,191.76,76.56,153.87,0.7906,-1,-1,-1
499,11,274.78,111.47,57.86,129.89,0.7641,-1,-1,-1
499,13,486.97,152.82,44.67,141.73,0.8147,-1,-1,-1
499,16,948.09,287.59,80.61,152.97,0.7170,-1,-1,-1
499,19,714.00,61.90,57.95,134.18,0.7388,-1,-1,-1
499,20,714.01,504.45,72.10,115.33,0.8215,-1,-1,-1
499,22,332.82,288.35,75.56,151.91,0.8909,-1,-1,-1
499,23,563.64,266.74,52.41,163.58,0.8433,-1,-1,-1
499,24,781.25,108.02,44.54,149.83,0.7077,-1,-1,-1
499,5,927.77,278.78,42.41,121.72,0.5105,-1,-1,-1
499,-1,1221.65,272.08,58.15,163.02,0.5756,-1,-1,-1
499,-1,559.26,61.61,51.27,131.33,0.5374,-1,-1,-1
499,-1,928.89,279.71,69.18,141.06,0.5312,-1,-1,-1
499,-1,662.93,193.38,65.86,139.67,0.7007,-1,-1,-1
500,9,705.33,193.40,79.77,151.32,0.8141,-1,-1,-1
500,11,275.93,113.79,58.51,129.57,0.7336,-1,-1,-1
500,13,485.51,152.92,44.95,139.70,0.8067,-1,-1,-1
500,16,954.25,289.93,73.41,151.56,0.7860,-1,-1,-1
500,19,713.50,64.90,58.89,133.02,0.7379,-1,-1,-1
500,20,714.69,504.93,69.06,114.96,0.7927,-1,-1,-1
500,22,325.43,290.42,79.23,153.71,0.9073,-1,-1,-1
500,23,563.42,266.93,52.14,164.74,0.8478,-1,-1,-1
500,24,780.47,111.44,45.26,148.53,0.7127,-1,-1,-1
500,5,923.79,284.13,49.04,132.34,0.5321,-1,-1,-1
500,-1,1218.50,273.04,61.16,163.14,0.5651,-1,-1,-1
500,25,660.51,195.13,69.81,140.84,0.7188,-1,-1,-1
501,9,693.87,195.23,90.63,149.61,0.8959,-1,-1,-1
501,11,278.22,115.41,59.50,129.01,0.7678,-1,-1,-1
501,13,484.06,152.26,45.07,138.23,0.8060,-1,-1,-1
501,16,949.13,291.23,77.63,151.46,0.7730,-1,-1,-1
501,19,713.12,68.42,61.31,131.39,0.7644,-1,-1,-1
501,20,714.81,505.83,67.06,114.20,0.8067,-1,-1,-1
501,22,325.08,293.24,74.54,154.32,0.9096,-1,-1,-1
501,23,562.40,268.09,52.77,164.96,0.8508,-1,-1,-1
501,24,779.83,107.75,45.48,153.34,0.7000,-1,-1,-1
501,25,656.80,196.29,65.71,140.80,0.7666,-1,-1,-1
501,5,915.63,287.86,67.10,141.87,0.5776,-1,-1,-1
501,-1,1215.99,274.56,63.74,149.16,0.5458,-1,-1,-1
502,9,689.82,196.52,94.22,148.49,0.8528,-1,-1,-1
502,11,280.29,117.15,60.66,128.66,0.7751,-1,-1,-1
502,13,482.14,153.36,45.52,136.05,0.7671,-1,-1,-1
502,16,940.26,293.11,84.64,150.61,0.6873,-1,-1,-1
502,19,717.03,68.61,57.39,131.36,0.7322,-1,-1,-1
502,20,713.26,506.64,67.45,113.40,0.7953,-1,-1,-1
502,22,325.13,297.06,70.88,153.63,0.9048,-1,-1,-1
502,23,561.20,269.06,53.37,164.07,0.8422,-1,-1,-1
502,24,780.71,109.33,43.30,153.39,0.6973,-1,-1,-1
502,25,653.66,197.83,66.53,141.42,0.7493,-1,-1,-1
502,5,908.75,291.44,67.36,141.13,0.5519,-1,-1,-1
502,-1,1213.79,275.91,65.98,158.47,0.5651,-1,-1,-1
503,9,688.95,191.63,94.16,153.79,0.8331,-1,-1,-1
503,11,281.51,119.27,62.42,128.89,0.7526,-1,-1,-1
503,13,479.85,152.59,47.12,132.38,0.7471,-1,-1,-1
503,16,935.66,294.64,88.16,149.75,0.6470,-1,-1,-1
503,19,721.56,67.98,55.53,133.73,0.6818,-1,-1,-1
503,20,710.82,507.87,68.04,112.31,0.8063,-1,-1,-1
503,22,325.60,300.26,69.43,152.39,0.9068,-1,-1,-1
503,23,560.99,271.29,52.99,161.48,0.8392,-1,-1,-1
503,24,779.50,115.48,44.51,147.90,0.7115,-1,-1,-1
503,25,650.21,200.23,64.93,142.64,0.7496,-1,-1,-1
503,5,905.13,294.08,67.49,141.12,0.5745,-1,-1,-1
503,-1,1211.38,277.30,67.57,148.32,0.5274,-1,-1,-1
504,5,902.66,297.02,61.49,142.70,0.6152,-1,-1,-1
504,9,681.19,196.97,99.56,150.86,0.8735,-1,-1,-1
504,11,283.72,124.02,67.15,126.98,0.7666,-1,-1,-1
504,13,469.80,156.25,55.13,131.81,0.8216,-1,-1,-1
504,16,920.62,297.39,99.61,149.32,0.8231,-1,-1,-1
504,19,717.44,70.70,60.25,134.08,0.6556,-1,-1,-1
504,20,705.68,510.67,66.78,109.47,0.8211,-1,-1,-1
504,22,324.69,302.79,65.56,153.00,0.9051,-1,-1,-1
504,23,556.38,274.58,57.49,160.23,0.8566,-1,-1,-1
504,24,778.30,119.13,45.05,146.20,0.6803,-1,-1,-1
504,25,643.92,205.20,64.58,137.76,0.7707,-1,-1,-1
505,5,901.58,297.41,52.36,138.88,0.6965,-1,-1,-1
505,9,674.28,196.36,105.16,151.94,0.8574,-1,-1,-1
505,11,285.60,126.01,69.64,126.11,0.7647,-1,-1,-1
505,13,469.16,157.29,54.74,132.08,0.8179,-1,-1,-1
505,16,913.76,298.11,105.01,149.95,0.8243,-1,-1,-1
505,19,720.63,71.87,60.70,134.39,0.6038,-1,-1,-1
505,20,702.35,511.99,67.36,107.87,0.8239,-1,-1,-1
505,22,322.76,302.72,66.23,153.03,0.9138,-1,-1,-1
505,23,554.96,276.31,58.95,158.96,0.8573,-1,-1,-1
505,24,778.17,120.07,44.30,145.58,0.6597,-1,-1,-1
505,25,642.30,207.94,61.50,136.60,0.7596,-1,-1,-1
506,5,900.68,297.59,51.07,138.11,0.6783,-1,-1,-1
506,9,678.19,196.60,97.45,150.82,0.8437,-1,-1,-1
506,11,287.83,127.16,70.51,125.81,0.7835,-1,-1,-1
506,13,469.22,159.16,53.54,130.92,0.8160,-1,-1,-1
506,16,914.16,299.22,101.35,149.38,0.8558,-1,-1,-1
506,19,717.83,71.87,63.49,134.91,0.6050,-1,-1,-1
506,20,699.33,513.37,66.80,106.52,0.8208,-1,-1,-1
506,22,322.66,302.28,63.66,153.40,0.9107,-1,-1,-1
506,23,555.47,277.30,58.35,158.86,0.8476,-1,-1,-1
506,24,777.43,120.76,44.11,145.50,0.6512,-1,-1,-1
506,25,638.49,209.49,65.94,136.59,0.7782,-1,-1,-1
507,5,898.60,297.24,51.11,137.81,0.7002,-1,-1,-1
507,9,677.63,196.60,92.83,151.73,0.8467,-1,-1,-1
507,11,287.89,128.80,74.96,124.44,0.8202,-1,-1,-1
507,13,468.08,160.75,53.65,129.84,0.8293,-1,-1,-1
507,16,912.72,299.87,100.27,150.46,0.8684,-1,-1,-1
507,20,695.37,514.15,66.05,106.04,0.7785,-1,-1,-1
507,22,319.97,302.82,63.88,154.89,0.9148,-1,-1,-1
507,23,557.23,278.40,56.76,158.31,0.8518,-1,-1,-1
507,24,777.05,119.18,44.33,147.41,0.6514,-1,-1,-1
507,25,631.68,210.47,67.68,134.97,0.7887,-1,-1,-1
507,19,720.78,74.26,59.71,133.41,0.5764,-1,-1,-1
508,5,897.62,297.11,51.51,137.73,0.6777,-1,-1,-1
508,9,669.76,196.45,91.41,151.04,0.8362,-1,-1,-1
508,11,287.81,129.78,78.07,124.28,0.8243,-1,-1,-1
508,13,467.05,161.56,53.99,129.52,0.8159,-1,-1,-1
508,16,912.43,300.31,97.54,152.57,0.8759,-1,-1,-1
508,20,692.19,515.17,65.11,104.70,0.7759,-1,-1,-1
508,22,314.43,304.33,68.68,157.87,0.9118,-1,-1,-1
508,23,557.89,279.56,55.98,157.75,0.8483,-1,-1,-1
508,24,776.93,121.24,43.49,145.13,0.6231,-1,-1,-1
508,25,623.41,210.59,76.47,135.39,0.7380,-1,-1,-1
508,19,726.80,75.14,54.33,132.87,0.5375,-1,-1,-1
509,5,893.89,295.16,44.09,139.78,0.6487,-1,-1,-1
509,9,650.72,194.65,99.25,149.99,0.8464,-1,-1,-1
509,11,287.78,133.38,81.82,122.50,0.8004,-1,-1,-1
509,13,465.73,161.88,54.03,129.90,0.8010,-1,-1,-1
509,16,909.27,303.00,92.76,153.58,0.8637,-1,-1,-1
509,20,683.83,515.92,64.30,104.20,0.7460,-1,-1,-1
509,22,303.99,310.40,74.54,161.08,0.9060,-1,-1,-1
509,23,559.11,281.00,54.79,157.53,0.8274,-1,-1,-1
509,24,773.53,129.38,43.50,136.85,0.6847,-1,-1,-1
509,25,608.24,207.28,98.08,141.63,0.8314,-1,-1,-1
509,19,733.19,78.05,44.93,131.23,0.5614,-1,-1,-1
510,5,891.64,294.45,44.56,140.07,0.6582,-1,-1,-1
510,9,643.90,194.25,81.78,150.55,0.7728,-1,-1,-1
510,11,287.58,133.87,83.78,122.66,0.8123,-1,-1,-1
510,13,465.04,162.03,53.69,130.02,0.8032,-1,-1,-1
510,16,908.41,303.84,88.09,152.94,0.8377,-1,-1,-1
510,20,679.07,515.97,63.73,104.06,0.8063,-1,-1,-1
510,22,301.14,315.27,76.03,161.39,0.9048,-1,-1,-1
510,23,558.49,281.18,55.37,157.80,0.8186,-1,-1,-1
510,24,773.89,130.37,41.43,136.45,0.6763,-1,-1,-1
510,25,599.91,204.36,91.76,143.34,0.8054,-1,-1,-1
510,19,734.99,78.79,43.23,131.10,0.5950,-1,-1,-1
511,5,888.38,295.13,46.33,140.29,0.6163,-1,-1,-1
511,9,635.52,193.91,75.95,152.17,0.7591,-1,-1,-1
511,11,287.18,134.45,84.67,122.28,0.7992,-1,-1,-1
511,13,463.95,160.86,53.80,131.60,0.8016,-1,-1,-1
511,16,907.49,304.06,84.47,152.63,0.8319,-1,-1,-1
511,19,735.76,79.42,43.33,131.00,0.6080,-1,-1,-1
511,20,675.30,516.27,62.47,103.57,0.7325,-1,-1,-1
511,22,299.07,320.20,76.49,163.28,0.9051,-1,-1,-1
511,23,558.40,282.03,54.57,157.67,0.8330,-1,-1,-1
511,24,769.00,130.31,45.37,137.04,0.6747,-1,-1,-1
511,25,594.33,202.79,90.11,145.16,0.8087,-1,-1,-1
512,9,626.55,192.89,74.24,154.82,0.7905,-1,-1,-1
512,11,286.44,135.23,85.36,121.89,0.7839,-1,-1,-1
512,13,462.81,160.14,53.75,132.99,0.7665,-1,-1,-1
512,16,905.77,304.26,83.62,152.69,0.8412,-1,-1,-1
512,20,670.99,516.53,61.01,103.03,0.7030,-1,-1,-1
512,22,295.81,324.66,77.52,165.07,0.9108,-1,-1,-1
512,23,557.39,282.62,55.12,156.83,0.8165,-1,-1,-1
512,24,769.92,132.01,43.07,135.25,0.6570,-1,-1,-1
512,25,588.23,201.31,84.14,140.32,0.8066,-1,-1,-1
512,5,883.93,294.04,47.22,141.60,0.5609,-1,-1,-1
512,19,735.41,79.15,44.69,131.65,0.5923,-1,-1,-1
513,9,623.28,192.56,70.30,155.70,0.7266,-1,-1,-1
513,11,286.57,135.49,83.63,122.16,0.7943,-1,-1,-1
513,13,461.73,159.89,53.18,133.18,0.7696,-1,-1,-1
513,16,904.33,304.88,71.46,153.96,0.8419,-1,-1,-1
513,20,667.04,515.99,59.48,103.41,0.7176,-1,-1,-1
513,22,293.43,328.51,77.21,166.52,0.9026,-1,-1,-1
513,23,557.52,280.63,54.54,159.28,0.7994,-1,-1,-1
513,24,768.97,131.68,43.13,136.20,0.6575,-1,-1,-1
513,25,577.22,202.44,81.84,133.58,0.8100,-1,-1,-1
513,5,879.07,293.69,45.68,142.01,0.5872,-1,-1,-1
513,19,736.68,79.75,42.93,131.68,0.5863,-1,-1,-1
514,9,611.29,196.01,69.64,147.22,0.7646,-1,-1,-1
514,11,287.85,135.21,79.68,123.01,0.7963,-1,-1,-1
514,13,459.72,158.22,51.85,134.02,0.7620,-1,-1,-1
514,16,902.16,306.11,62.05,160.42,0.8129,-1,-1,-1
514,20,659.15,516.65,58.41,103.13,0.7190,-1,-1,-1
514,22,290.77,334.16,75.68,166.58,0.9006,-1,-1,-1
514,23,556.30,282.85,77.98,156.62,0.7709,-1,-1,-1
514,24,768.08,134.34,41.14,134.06,0.6491,-1,-1,-1
514,25,557.99,201.26,76.52,124.34,0.6718,-1,-1,-1
514,5,875.63,294.64,43.67,142.81,0.5678,-1,-1,-1
514,19,735.28,80.78,43.82,131.41,0.5654,-1,-1,-1
515,5,875.45,295.49,46.32,150.62,0.7256,-1,-1,-1
515,9,609.68,196.75,63.16,149.33,0.7437,-1,-1,-1
515,11,290.10,135.24,76.05,122.92,0.7638,-1,-1,-1
515,13,458.91,158.60,51.44,133.56,0.7694,-1,-1,-1
515,16,900.38,307.00,57.15,162.38,0.8020,-1,-1,-1
515,20,654.59,517.20,58.11,103.14,0.7229,-1,-1,-1
515,22,290.28,336.76,73.50,165.40,0.8986,-1,-1,-1
515,24,765.56,135.29,41.76,134.09,0.6652,-1,-1,-1
515,19,734.67,84.21,45.68,128.39,0.5355,-1,-1,-1
516,5,872.54,296.36,46.41,153.34,0.6719,-1,-1,-1
516,9,603.53,197.91,64.56,152.50,0.7341,-1,-1,-1
516,11,292.83,135.33,72.93,122.56,0.7779,-1,-1,-1
516,13,457.90,158.13,51.16,134.33,0.7518,-1,-1,-1
516,16,899.56,308.85,50.92,166.22,0.7632,-1,-1,-1
516,20,649.63,517.36,58.13,102.49,0.6927,-1,-1,-1
516,22,289.66,340.08,71.49,164.88,0.9044,-1,-1,-1
516,24,764.91,138.57,40.32,131.79,0.6697,-1,-1,-1
516,19,733.15,83.31,47.37,129.29,0.5677,-1,-1,-1
517,5,871.01,297.51,46.27,153.47,0.7793,-1,-1,-1
517,9,600.37,199.74,65.16,151.35,0.7194,-1,-1,-1
517,11,295.64,135.48,69.92,122.98,0.7596,-1,-1,-1
517,13,456.93,158.85,51.03,134.27,0.7381,-1,-1,-1
517,16,898.95,310.08,48.78,167.21,0.7479,-1,-1,-1
517,20,643.74,518.27,59.07,102.52,0.6725,-1,-1,-1
517,22,288.85,341.95,70.59,165.56,0.8949,-1,-1,-1
517,24,763.94,136.81,40.73,133.45,0.6979,-1,-1,-1
517,19,732.95,85.91,44.60,126.38,0.5555,-1,-1,-1
517,-1,538.66,282.37,71.38,157.89,0.5817,-1,-1,-1
517,-1,1162.16,281.40,55.28,144.40,0.5197,-1,-1,-1
517,-1,531.55,191.18,68.09,156.22,0.5029,-1,-1,-1
518,5,869.71,298.73,45.99,154.60,0.7777,-1,-1,-1
518,9,595.02,201.98,71.25,148.67,0.7605,-1,-1,-1
518,11,300.67,135.44,63.62,123.86,0.7459,-1,-1,-1
518,13,455.25,159.51,51.37,134.39,0.7291,-1,-1,-1
518,16,898.67,312.89,45.75,165.79,0.7289,-1,-1,-1
518,20,637.80,519.39,60.02,101.36,0.6402,-1,-1,-1
518,22,288.82,343.70,69.24,165.37,0.9004,-1,-1,-1
518,24,762.91,139.94,40.30,130.72,0.6607,-1,-1,-1
518,23,549.29,283.89,60.94,156.81,0.7358,-1,-1,-1
518,25,523.54,188.38,63.16,124.13,0.6616,-1,-1,-1
518,19,732.03,86.54,45.64,124.99,0.5431,-1,-1,-1
518,-1,1160.80,279.80,54.73,146.07,0.5263,-1,-1,-1
519,5,867.14,301.58,43.53,152.44,0.7858,-1,-1,-1
519,9,577.56,205.32,86.16,145.54,0.7551,-1,-1,-1
519,11,311.52,135.44,50.66,126.64,0.7005,-1,-1,-1
519,13,452.93,160.79,50.55,133.82,0.7124,-1,-1,-1
519,16,894.11,317.79,47.37,165.76,0.7905,-1,-1,-1
519,20,625.08,521.40,62.83,98.57,0.7150,-1,-1,-1
519,22,289.16,345.94,67.38,164.09,0.9079,-1,-1,-1
519,24,760.54,137.54,41.51,133.46,0.6417,-1,-1,-1
519,25,518.64,184.79,63.73,167.40,0.7588,-1,-1,-1
519,23,564.60,286.45,42.32,155.66,0.5172,-1,-1,-1
519,-1,1155.78,280.83,57.85,145.58,0.5609,-1,-1,-1
520,5,865.50,302.55,42.88,151.82,0.7895,-1,-1,-1
520,9,564.38,205.40,95.75,238.21,0.6181,-1,-1,-1
520,11,314.85,135.72,46.82,127.43,0.6872,-1,-1,-1
520,13,452.23,160.93,49.27,134.45,0.7121,-1,-1,-1
520,16,892.02,320.34,47.54,165.85,0.8029,-1,-1,-1
520,20,621.42,522.78,61.23,98.36,0.6655,-1,-1,-1
520,22,289.70,347.58,66.21,162.48,0.9057,-1,-1,-1
520,24,753.68,137.76,47.86,133.54,0.6381,-1,-1,-1
520,25,508.26,184.45,62.32,165.29,0.7885,-1,-1,-1
520,-1,1153.22,280.51,58.12,145.43,0.6008,-1,-1,-1
521,5,864.34,303.79,46.48,151.81,0.7266,-1,-1,-1
521,9,550.47,205.99,109.47,237.73,0.6456,-1,-1,-1
521,11,315.27,135.92,45.63,126.69,0.6747,-1,-1,-1
521,13,451.06,160.69,49.76,134.52,0.7288,-1,-1,-1
521,16,888.42,323.31,50.46,164.31,0.7149,-1,-1,-1
521,20,616.88,524.06,60.50,96.86,0.7045,-1,-1,-1
521,22,289.97,349.38,65.23,163.14,0.9011,-1,-1,-1
521,24,752.99,137.84,47.98,133.94,0.6666,-1,-1,-1
521,25,489.27,184.95,72.60,137.96,0.7777,-1,-1,-1
521,-1,1151.04,280.59,59.23,145.99,0.5957,-1,-1,-1
521,-1,732.50,87.10,45.07,125.19,0.5048,-1,-1,-1
522,5,862.61,304.09,46.28,151.68,0.6829,-1,-1,-1
522,11,314.84,136.11,46.84,127.01,0.6973,-1,-1,-1
522,13,449.57,161.21,51.89,134.65,0.7032,-1,-1,-1
522,16,887.31,325.63,48.38,165.10,0.6257,-1,-1,-1
522,20,611.59,525.01,60.33,96.00,0.6802,-1,-1,-1
522,22,291.33,351.93,64.22,164.23,0.9017,-1,-1,-1
522,24,750.81,137.98,50.07,133.96,0.6307,-1,-1,-1
522,25,481.42,186.05,77.58,163.00,0.7516,-1,-1,-1
522,9,560.41,206.95,98.32,142.48,0.5093,-1,-1,-1
522,-1,1148.34,279.39,62.51,147.55,0.5565,-1,-1,-1
523,5,861.06,304.05,43.27,151.18,0.7599,-1,-1,-1
523,9,542.09,208.10,107.20,233.52,0.6410,-1,-1,-1
523,11,314.45,136.65,46.29,126.51,0.6780,-1,-1,-1
523,13,448.14,162.30,52.86,133.21,0.7057,-1,-1,-1
523,16,887.54,327.61,45.89,164.75,0.7088,-1,-1,-1
523,20,605.31,526.71,60.85,93.62,0.6189,-1,-1,-1
523,22,291.97,355.75,63.87,166.76,0.8969,-1,-1,-1
523,24,749.95,138.73,50.70,133.62,0.6901,-1,-1,-1
523,25,471.78,187.57,83.65,160.26,0.7776,-1,-1,-1
523,-1,1145.67,279.69,59.62,146.90,0.5311,-1,-1,-1
524,5,859.18,304.28,54.11,152.16,0.7129,-1,-1,-1
524,9,528.04,208.44,99.33,237.69,0.7763,-1,-1,-1
524,11,312.63,138.18,46.66,126.01,0.6931,-1,-1,-1
524,13,446.95,164.71,50.28,131.37,0.6606,-1,-1,-1
524,20,598.13,525.67,56.74,94.12,0.6459,-1,-1,-1
524,22,292.53,362.16,65.24,170.44,0.9130,-1,-1,-1
524,24,749.22,139.55,49.52,133.36,0.6180,-1,-1,-1
524,25,459.74,187.76,84.18,147.54,0.7808,-1,-1,-1
524,16,881.66,331.36,48.21,162.69,0.5788,-1,-1,-1
524,-1,1142.91,278.70,55.68,147.93,0.5465,-1,-1,-1
525,5,858.36,304.43,47.24,151.46,0.6220,-1,-1,-1
525,9,524.84,207.01,98.05,240.85,0.7494,-1,-1,-1
525,11,311.40,138.73,45.56,126.78,0.6982,-1,-1,-1
525,13,446.72,165.78,49.31,131.61,0.6129,-1,-1,-1
525,20,593.82,526.10,54.30,94.49,0.6319,-1,-1,-1
525,22,292.11,364.99,65.95,170.55,0.9080,-1,-1,-1
525,24,748.56,139.45,48.74,133.40,0.6016,-1,-1,-1
525,25,458.73,186.72,81.40,148.49,0.7477,-1,-1,-1
525,-1,1140.62,278.23,53.31,148.14,0.5739,-1,-1,-1
526,9,517.28,207.37,61.74,147.99,0.7989,-1,-1,-1
526,11,309.89,139.35,46.42,127.94,0.6769,-1,-1,-1
526,20,603.68,524.86,38.27,82.53,0.6488,-1,-1,-1
526,22,292.02,367.46,66.38,170.47,0.9043,-1,-1,-1
526,24,749.10,139.66,47.86,133.31,0.6044,-1,-1,-1
526,25,457.43,185.50,78.88,145.23,0.7217,-1,-1,-1
526,16,879.52,332.64,49.83,161.54,0.6874,-1,-1,-1
526,23,558.68,290.87,65.47,157.30,0.7979,-1,-1,-1
526,5,856.88,304.54,67.36,151.58,0.5461,-1,-1,-1
526,13,446.31,167.40,45.56,130.62,0.5126,-1,-1,-1
526,-1,1138.45,278.30,53.28,148.48,0.5803,-1,-1,-1
527,5,855.94,304.33,43.92,151.48,0.7449,-1,-1,-1
527,9,514.44,206.67,59.62,148.54,0.8267,-1,-1,-1
527,11,308.19,139.81,49.07,128.02,0.7115,-1,-1,-1
527,16,878.40,335.36,51.07,158.61,0.6955,-1,-1,-1
527,20,600.47,523.91,35.50,73.10,0.6237,-1,-1,-1
527,22,291.70,370.04,66.90,170.28,0.9034,-1,-1,-1
527,23,558.93,291.97,66.94,156.39,0.8280,-1,-1,-1
527,24,749.32,139.43,48.48,133.50,0.6756,-1,-1,-1
527,25,455.40,184.36,73.44,141.25,0.7416,-1,-1,-1
527,-1,1137.03,277.52,52.94,149.51,0.5871,-1,-1,-1
528,5,855.39,304.36,43.66,151.27,0.7843,-1,-1,-1
528,9,509.64,206.91,63.99,147.96,0.8152,-1,-1,-1
528,11,305.74,140.04,48.07,129.20,0.6530,-1,-1,-1
528,16,880.55,328.89,49.51,164.70,0.6973,-1,-1,-1
528,20,596.92,523.69,34.09,67.62,0.6207,-1,-1,-1
528,22,291.68,372.05,66.81,169.64,0.9117,-1,-1,-1
528,23,559.65,293.84,67.27,155.26,0.8462,-1,-1,-1
528,24,748.07,140.54,51.92,132.04,0.7196,-1,-1,-1
528,25,455.43,181.15,69.32,143.53,0.6818,-1,-1,-1
528,-1,1136.13,276.03,55.24,150.78,0.5778,-1,-1,-1
528,-1,435.25,167.80,51.34,155.93,0.5119,-1,-1,-1
529,5,854.49,304.40,45.93,151.35,0.7729,-1,-1,-1
529,9,500.16,207.95,59.27,146.61,0.8091,-1,-1,-1
529,16,883.44,297.50,45.60,196.67,0.7256,-1,-1,-1
529,20,587.54,522.33,34.40,63.16,0.6082,-1,-1,-1
529,22,291.65,374.88,66.25,167.75,0.9059,-1,-1,-1
529,23,560.09,295.67,66.36,153.18,0.8432,-1,-1,-1
529,24,749.02,140.05,55.53,132.65,0.7764,-1,-1,-1
529,25,446.27,173.93,69.04,148.24,0.7355,-1,-1,-1
529,11,301.01,151.74,44.69,118.67,0.5786,-1,-1,-1
529,-1,736.99,84.34,39.18,124.40,0.5087,-1,-1,-1
529,-1,1133.48,272.81,54.08,153.00,0.6155,-1,-1,-1
530,5,853.87,305.02,46.24,150.40,0.7860,-1,-1,-1
530,9,490.03,208.46,64.86,147.57,0.8096,-1,-1,-1
530,11,299.98,153.00,47.42,118.24,0.6903,-1,-1,-1
530,16,884.21,295.12,46.62,199.30,0.7775,-1,-1,-1
530,20,582.76,522.27,35.59,62.58,0.6053,-1,-1,-1
530,22,291.93,375.45,66.27,167.23,0.9081,-1,-1,-1
530,23,560.76,297.19,65.14,151.77,0.8468,-1,-1,-1
530,24,748.15,139.81,57.13,132.75,0.8049,-1,-1,-1
530,25,448.58,173.20,70.89,146.11,0.7676,-1,-1,-1
530,-1,734.02,84.50,44.29,124.02,0.5288,-1,-1,-1
530,-1,1132.10,270.13,55.03,155.56,0.6597,-1,-1,-1
531,5,853.26,305.33,46.91,149.59,0.7974,-1,-1,-1
531,9,487.66,206.28,63.02,151.35,0.8379,-1,-1,-1
531,11,297.87,152.81,49.65,118.92,0.6814,-1,-1,-1
531,16,883.54,290.52,48.40,203.53,0.7790,-1,-1,-1
531,20,579.01,521.85,36.28,61.95,0.6081,-1,-1,-1
531,22,291.98,375.82,66.33,166.62,0.9039,-1,-1,-1
531,23,562.04,297.51,63.87,151.46,0.8573,-1,-1,-1
531,24,747.81,140.34,57.88,132.19,0.7933,-1,-1,-1
531,25,449.15,172.36,63.39,138.62,0.7463,-1,-1,-1
531,-1,733.94,85.10,44.67,123.63,0.5563,-1,-1,-1
531,-1,1130.79,270.60,55.43,155.04,0.6717,-1,-1,-1
532,5,853.17,305.96,49.02,148.97,0.7747,-1,-1,-1
532,9,484.13,205.81,61.50,154.78,0.8498,-1,-1,-1
532,11,295.78,149.34,51.54,124.48,0.6944,-1,-1,-1
532,16,884.07,288.72,50.35,206.61,0.7897,-1,-1,-1
532,20,570.45,522.07,41.47,61.52,0.6289,-1,-1,-1
532,22,291.68,376.16,67.60,165.90,0.9027,-1,-1,-1
532,23,563.49,297.95,62.80,150.57,0.8526,-1,-1,-1
532,24,747.70,140.60,58.04,132.01,0.8037,-1,-1,-1
532,25,443.69,170.49,64.96,135.50,0.8063,-1,-1,-1
532,-1,733.02,84.92,42.02,123.09,0.5399,-1,-1,-1
532,-1,1129.78,270.36,55.09,155.03,0.6587,-1,-1,-1
533,5,852.85,306.57,50.89,148.98,0.7896,-1,-1,-1
533,9,479.65,206.78,61.29,156.19,0.8352,-1,-1,-1
533,11,294.72,149.58,61.53,125.51,0.7332,-1,-1,-1
533,16,886.18,288.20,51.74,209.19,0.7094,-1,-1,-1
533,20,566.79,522.23,41.00,61.58,0.6241,-1,-1,-1
533,22,291.09,377.10,68.86,164.79,0.9049,-1,-1,-1
533,23,566.40,298.11,60.18,150.37,0.8452,-1,-1,-1
533,24,747.46,140.44,57.94,132.13,0.8094,-1,-1,-1
533,25,436.75,169.87,69.02,130.66,0.8104,-1,-1,-1
533,-1,731.51,84.76,42.86,123.68,0.5783,-1,-1,-1
533,-1,1128.13,269.27,55.21,155.47,0.7043,-1,-1,-1
534,5,852.17,308.27,49.95,152.29,0.8018,-1,-1,-1
534,9,474.76,218.63,57.05,144.87,0.8112,-1,-1,-1
534,11,294.41,155.12,59.01,121.70,0.7033,-1,-1,-1
534,16,890.35,292.82,52.41,212.46,0.8106,-1,-1,-1
534,20,560.55,523.47,38.30,60.05,0.6384,-1,-1,-1
534,22,288.53,380.47,73.80,164.67,0.9049,-1,-1,-1
534,23,571.53,297.10,57.60,151.25,0.8251,-1,-1,-1
534,24,747.63,147.36,57.80,125.09,0.7682,-1,-1,-1
534,25,420.65,170.16,85.18,129.86,0.8163,-1,-1,-1
534,19,729.31,84.26,46.89,125.04,0.6195,-1,-1,-1
534,26,1126.34,266.32,57.76,157.45,0.6946,-1,-1,-1
535,5,852.23,308.87,50.98,154.00,0.8131,-1,-1,-1
535,9,473.09,216.33,55.38,146.68,0.8137,-1,-1,-1
535,11,295.45,158.38,55.34,119.40,0.6966,-1,-1,-1
535,16,890.23,297.68,73.79,213.41,0.7733,-1,-1,-1
535,19,728.77,84.54,47.66,124.78,0.6283,-1,-1,-1
535,20,557.77,524.42,37.19,58.98,0.6478,-1,-1,-1
535,22,287.42,383.08,76.39,166.31,0.9038,-1,-1,-1
535,23,574.18,296.53,57.79,151.69,0.8267,-1,-1,-1
535,24,747.68,149.11,57.99,123.23,0.7572,-1,-1,-1
535,25,416.82,170.90,86.35,129.54,0.8010,-1,-1,-1
535,26,1125.52,264.61,58.25,157.74,0.6576,-1,-1,-1
536,5,851.77,309.68,51.38,156.33,0.7887,-1,-1,-1
536,9,468.15,216.21,58.23,146.04,0.7771,-1,-1,-1
536,11,296.60,165.27,53.09,114.07,0.6524,-1,-1,-1
536,16,891.09,301.68,62.03,214.21,0.8097,-1,-1,-1
536,19,728.52,85.47,48.47,124.15,0.6011,-1,-1,-1
536,22,287.89,386.11,78.00,167.29,0.9058,-1,-1,-1
536,23,576.39,295.38,59.24,152.67,0.7753,-1,-1,-1
536,24,748.31,151.11,57.85,121.25,0.7382,-1,-1,-1
536,25,415.51,171.77,82.55,128.53,0.7841,-1,-1,-1
536,26,1125.70,264.21,58.16,153.79,0.6833,-1,-1,-1
536,20,553.91,524.62,37.32,58.79,0.5959,-1,-1,-1
537,5,851.48,310.35,52.94,145.97,0.7706,-1,-1,-1
537,9,462.49,215.24,61.13,146.61,0.7790,-1,-1,-1
537,11,297.49,168.53,50.80,111.86,0.6553,-1,-1,-1
537,16,890.62,306.55,64.83,211.70,0.8292,-1,-1,-1
537,20,549.46,524.39,37.67,59.14,0.6070,-1,-1,-1
537,22,288.18,388.81,79.39,168.18,0.9033,-1,-1,-1
537,23,577.78,294.97,57.44,152.65,0.8364,-1,-1,-1
537,24,750.06,148.35,56.74,124.45,0.7419,-1,-1,-1
537,25,415.79,172.66,76.57,126.51,0.7739,-1,-1,-1
537,26,1124.90,262.89,57.48,152.80,0.6634,-1,-1,-1
537,19,728.17,86.30,47.84,122.98,0.5943,-1,-1,-1
538,5,850.90,311.81,54.53,152.53,0.7787,-1,-1,-1
538,9,458.97,214.91,63.19,146.52,0.7988,-1,-1,-1
538,11,297.38,170.76,51.94,109.96,0.6753,-1,-1,-1
538,16,891.30,354.05,64.47,166.42,0.8092,-1,-1,-1
538,20,545.54,524.39,38.59,58.96,0.6098,-1,-1,-1
538,22,289.36,391.59,80.72,168.93,0.9004,-1,-1,-1
538,23,579.56,294.58,57.59,152.76,0.8406,-1,-1,-1
538,24,753.02,146.60,54.23,126.53,0.7588,-1,-1,-1
538,25,415.61,172.20,75.27,126.51,0.7928,-1,-1,-1
538,26,1124.45,261.64,55.28,152.98,0.6653,-1,-1,-1
538,19,727.78,85.81,48.48,123.35,0.5995,-1,-1,-1
539,5,849.37,314.44,55.43,154.54,0.8167,-1,-1,-1
539,9,458.36,218.99,62.62,140.89,0.6796,-1,-1,-1
539,11,293.30,177.83,52.58,104.82,0.6821,-1,-1,-1
539,16,892.59,334.54,72.42,191.22,0.8158,-1,-1,-1
539,19,724.64,86.93,51.84,121.96,0.6350,-1,-1,-1
539,20,536.81,524.29,41.31,59.02,0.6064,-1,-1,-1
539,22,290.58,397.16,83.59,168.16,0.8976,-1,-1,-1
539,23,583.44,294.73,64.36,152.46,0.8162,-1,-1,-1
539,24,759.40,140.63,49.92,134.53,0.7545,-1,-1,-1
539,25,415.51,172.20,72.00,126.95,0.7415,-1,-1,-1
539,26,1122.77,254.21,58.48,148.58,0.6092,-1,-1,-1
539,-1,454.92,218.71,66.10,141.40,0.6307,-1,-1,-1
540,5,848.59,315.00,56.87,153.68,0.7991,-1,-1,-1
540,9,455.64,220.48,64.39,141.24,0.7710,-1,-1,-1
540,11,292.38,181.05,54.87,102.28,0.6807,-1,-1,-1
540,16,893.62,347.08,71.45,179.02,0.8384,-1,-1,-1
540,19,721.92,86.78,55.41,122.11,0.6302,-1,-1,-1
540,20,532.68,524.06,42.27,59.42,0.6236,-1,-1,-1
540,22,291.43,398.53,84.72,167.64,0.8969,-1,-1,-1
540,23,585.38,294.77,65.53,152.35,0.8500,-1,-1,-1
540,24,762.28,138.59,47.42,138.15,0.7243,-1,-1,-1
540,25,415.77,168.18,71.93,130.62,0.7941,-1,-1,-1
540,26,1121.61,254.86,58.80,148.26,0.6099,-1,-1,-1
541,5,847.85,315.59,52.13,152.73,0.8094,-1,-1,-1
541,9,450.88,221.31,67.59,142.41,0.7729,-1,-1,-1
541,11,291.41,182.15,55.24,101.57,0.7019,-1,-1,-1
541,16,896.56,331.82,71.80,194.21,0.8653,-1,-1,-1
541,19,716.93,88.22,59.81,120.30,0.6803,-1,-1,-1
541,20,528.76,523.21,44.21,60.38,0.6024,-1,-1,-1
541,22,292.33,400.51,86.86,165.80,0.8867,-1,-1,-1
541,23,586.98,294.93,63.71,151.89,0.8672,-1,-1,-1
541,24,763.35,137.96,46.49,139.33,0.7183,-1,-1,-1
541,25,416.08,169.45,70.57,127.61,0.7757,-1,-1,-1
541,26,1121.45,252.10,59.48,151.43,0.6166,-1,-1,-1
542,5,847.46,315.84,49.55,152.65,0.7981,-1,-1,-1
542,9,453.50,221.18,65.52,143.50,0.8061,-1,-1,-1
542,11,291.45,187.69,60.46,95.41,0.6964,-1,-1,-1
542,16,901.33,336.97,71.00,188.43,0.8743,-1,-1,-1
542,19,712.79,90.24,64.02,118.02,0.6606,-1,-1,-1
542,22,295.22,401.36,85.26,164.29,0.9008,-1,-1,-1
542,23,588.61,294.99,62.61,151.60,0.8745,-1,-1,-1
542,24,763.66,139.64,46.56,138.53,0.7231,-1,-1,-1
542,25,415.21,168.71,71.76,126.39,0.7292,-1,-1,-1
542,20,523.12,522.54,47.82,60.94,0.5924,-1,-1,-1
542,26,1120.25,253.55,58.56,147.77,0.5805,-1,-1,-1
543,5,846.45,315.44,49.75,152.61,0.8098,-1,-1,-1
543,9,453.21,220.06,64.94,143.97,0.8409,-1,-1,-1
543,11,291.56,187.62,55.45,94.40,0.6563,-1,-1,-1
543,16,900.68,341.35,76.21,184.44,0.8845,-1,-1,-1
543,19,708.59,90.64,67.98,117.19,0.6490,-1,-1,-1
543,20,517.48,522.46,50.97,61.09,0.6355,-1,-1,-1
543,22,298.18,401.01,83.82,164.30,0.9071,-1,-1,-1
543,23,590.21,294.93,61.37,151.02,0.8743,-1,-1,-1
543,24,765.46,142.60,44.79,135.17,0.7172,-1,-1,-1
543,25,411.66,167.26,74.80,126.73,0.7368,-1,-1,-1
543,26,1119.14,253.06,56.48,149.11,0.6331,-1,-1,-1
544,5,845.72,314.62,45.51,152.40,0.8236,-1,-1,-1
544,9,452.09,216.28,66.02,146.58,0.8248,-1,-1,-1
544,11,291.85,186.06,67.90,94.58,0.7342,-1,-1,-1
544,16,897.04,348.01,86.98,177.79,0.8954,-1,-1,-1
544,19,701.96,91.16,73.68,114.90,0.6546,-1,-1,-1
544,20,507.67,519.98,55.57,63.81,0.6276,-1,-1,-1
544,22,307.05,399.28,77.30,164.56,0.9062,-1,-1,-1
544,23,593.11,293.91,61.64,150.76,0.8813,-1,-1,-1
544,24,766.27,141.17,43.37,137.81,0.6849,-1,-1,-1
544,25,405.39,164.75,78.05,128.86,0.6642,-1,-1,-1
544,26,1116.06,250.60,59.59,143.98,0.6049,-1,-1,-1
545,5,844.25,313.50,46.79,152.62,0.8346,-1,-1,-1
545,9,450.92,214.69,66.88,147.36,0.8380,-1,-1,-1
545,11,291.48,185.52,65.93,94.74,0.6665,-1,-1,-1
545,16,895.36,351.09,92.61,177.24,0.8738,-1,-1,-1
545,19,698.80,91.15,76.30,113.82,0.6606,-1,-1,-1
545,20,502.69,519.25,57.86,64.67,0.6524,-1,-1,-1
545,22,310.37,399.70,74.85,164.62,0.9069,-1,-1,-1
545,23,594.94,293.52,61.64,150.34,0.8665,-1,-1,-1
545,24,767.28,141.13,41.96,139.09,0.6873,-1,-1,-1
545,25,405.82,163.70,76.46,129.56,0.6914,-1,-1,-1
545,26,1115.79,249.38,59.32,146.36,0.6082,-1,-1,-1
546,5,842.72,313.05,46.75,138.60,0.8062,-1,-1,-1
546,9,451.41,212.72,66.14,148.42,0.7520,-1,-1,-1
546,11,292.58,184.13,67.07,103.52,0.6953,-1,-1,-1
546,16,895.62,352.28,95.31,180.09,0.8514,-1,-1,-1
546,19,697.19,89.89,77.64,114.53,0.6515,-1,-1,-1
546,20,498.47,518.31,59.04,65.35,0.6573,-1,-1,-1
546,22,313.56,400.75,73.19,165.94,0.9113,-1,-1,-1
546,23,595.60,292.34,63.34,150.23,0.8364,-1,-1,-1
546,24,769.00,141.41,39.33,138.03,0.6681,-1,-1,-1
546,25,404.89,162.40,77.53,130.27,0.6828,-1,-1,-1
546,26,1114.95,249.23,57.31,143.28,0.6114,-1,-1,-1
547,5,841.64,311.87,47.26,141.88,0.8065,-1,-1,-1
547,9,450.66,211.82,66.52,148.51,0.7991,-1,-1,-1
547,11,291.66,184.42,66.67,110.80,0.7605,-1,-1,-1
547,16,893.57,353.88,99.86,183.04,0.8710,-1,-1,-1
547,19,696.32,91.78,77.47,111.69,0.6399,-1,-1,-1
547,20,491.66,516.94,62.63,66.93,0.6452,-1,-1,-1
547,22,314.71,402.85,72.47,166.75,0.9146,-1,-1,-1
547,23,595.90,291.87,65.52,152.04,0.8646,-1,-1,-1
547,24,767.74,141.52,39.62,138.67,0.7014,-1,-1,-1
547,25,403.35,161.91,74.50,129.80,0.6245,-1,-1,-1
547,26,1114.08,248.92,55.38,144.82,0.6385,-1,-1,-1
548,5,841.01,310.62,47.54,151.65,0.8371,-1,-1,-1
548,9,415.44,161.67,100.01,198.31,0.6251,-1,-1,-1
548,11,293.94,184.50,63.76,112.30,0.7460,-1,-1,-1
548,16,893.05,355.58,102.05,185.27,0.8931,-1,-1,-1
548,19,694.42,92.03,78.23,110.62,0.6686,-1,-1,-1
548,20,486.49,516.65,63.91,66.92,0.6520,-1,-1,-1
548,22,315.95,405.36,71.50,164.45,0.9152,-1,-1,-1
548,23,596.35,291.34,66.97,153.22,0.8403,-1,-1,-1
548,24,766.43,143.22,40.25,137.13,0.6839,-1,-1,-1
548,26,1112.54,249.00,56.10,141.74,0.6571,-1,-1,-1
549,5,838.93,309.01,47.48,151.49,0.8228,-1,-1,-1
549,9,449.58,215.16,62.00,145.05,0.8316,-1,-1,-1
549,11,301.71,186.17,53.96,120.74,0.7835,-1,-1,-1
549,16,891.95,360.29,110.04,186.77,0.8970,-1,-1,-1
549,19,685.29,93.62,81.92,107.46,0.6423,-1,-1,-1
549,20,470.95,515.21,72.44,68.57,0.6652,-1,-1,-1
549,22,320.79,409.48,68.78,161.75,0.9165,-1,-1,-1
549,23,597.30,289.91,67.67,155.38,0.8338,-1,-1,-1
549,24,762.43,141.48,43.66,139.26,0.6653,-1,-1,-1
549,25,401.94,161.20,73.29,128.00,0.6157,-1,-1,-1
549,26,1108.91,245.18,56.79,142.15,0.5879,-1,-1,-1
549,-1,382.59,180.35,53.16,108.26,0.5073,-1,-1,-1
550,5,838.41,307.97,45.57,152.13,0.7958,-1,-1,-1
550,9,447.50,216.08,60.27,144.03,0.7905,-1,-1,-1
550,11,298.11,187.86,57.79,120.71,0.8206,-1,-1,-1
550,16,891.96,360.79,109.46,187.43,0.9044,-1,-1,-1
550,19,682.62,91.83,80.90,108.42,0.6012,-1,-1,-1
550,20,461.74,514.13,78.08,69.90,0.6652,-1,-1,-1
550,22,323.67,410.81,67.44,161.82,0.9101,-1,-1,-1
550,23,597.90,288.88,67.61,151.46,0.7765,-1,-1,-1
550,24,762.07,140.94,43.07,138.90,0.6342,-1,-1,-1
550,25,369.18,180.69,66.56,106.48,0.6144,-1,-1,-1
550,26,1106.76,242.66,55.99,147.10,0.5872,-1,-1,-1
550,-1,400.76,163.36,72.89,124.62,0.5944,-1,-1,-1
551,5,837.04,306.67,46.28,152.39,0.8276,-1,-1,-1
551,9,446.73,216.33,59.11,144.89,0.8156,-1,-1,-1
551,11,296.31,190.34,60.94,117.22,0.7987,-1,-1,-1
551,16,891.47,362.06,109.86,186.46,0.9032,-1,-1,-1
551,19,664.68,91.61,95.17,107.39,0.6138,-1,-1,-1
551,20,460.39,512.70,75.37,71.09,0.6959,-1,-1,-1
551,22,325.60,411.86,67.56,163.16,0.9042,-1,-1,-1
551,23,598.01,288.03,68.26,152.57,0.7710,-1,-1,-1
551,24,761.49,139.50,42.93,139.52,0.6695,-1,-1,-1
551,25,358.03,179.62,75.72,101.90,0.6379,-1,-1,-1
551,13,397.70,162.08,76.45,124.61,0.6770,-1,-1,-1
551,26,1105.50,241.33,55.96,149.98,0.5986,-1,-1,-1
552,5,835.77,305.73,47.46,152.00,0.8257,-1,-1,-1
552,9,451.21,229.04,53.16,136.46,0.7609,-1,-1,-1
552,11,298.76,191.00,60.04,115.93,0.7463,-1,-1,-1
552,13,396.91,163.31,78.91,122.92,0.6453,-1,-1,-1
552,16,891.91,363.94,110.65,184.16,0.8876,-1,-1,-1
552,20,458.93,511.47,73.55,72.69,0.6812,-1,-1,-1
552,22,326.70,412.60,68.32,165.82,0.8883,-1,-1,-1
552,23,598.41,287.47,67.23,146.57,0.8050,-1,-1,-1
552,24,760.12,138.38,43.53,139.58,0.7052,-1,-1,-1
552,19,658.70,89.79,91.87,107.49,0.5802,-1,-1,-1
552,25,352.42,179.46,75.20,96.99,0.5937,-1,-1,-1
552,26,1102.75,240.02,58.80,149.45,0.5934,-1,-1,-1
553,5,835.18,304.45,46.86,152.49,0.8419,-1,-1,-1
553,9,446.78,224.05,56.66,142.44,0.7919,-1,-1,-1
553,11,299.73,190.18,60.64,116.24,0.7483,-1,-1,-1
553,13,395.90,166.39,81.35,118.83,0.6665,-1,-1,-1
553,16,893.35,364.63,109.31,182.48,0.8951,-1,-1,-1
553,20,454.50,509.50,74.33,74.88,0.7131,-1,-1,-1
553,22,326.24,413.50,71.21,165.50,0.8776,-1,-1,-1
553,23,598.65,286.40,67.18,156.43,0.8311,-1,-1,-1
553,24,758.71,137.43,44.29,139.43,0.7242,-1,-1,-1
553,25,347.76,179.66,77.13,99.06,0.6105,-1,-1,-1
553,26,1099.67,238.27,60.96,151.23,0.6136,-1,-1,-1
553,19,656.13,87.90,84.98,108.66,0.5691,-1,-1,-1
554,5,831.62,302.49,52.33,151.47,0.7699,-1,-1,-1
554,9,436.66,232.62,66.12,132.57,0.8241,-1,-1,-1
554,11,303.94,188.86,61.69,122.57,0.7065,-1,-1,-1
554,13,392.93,167.04,94.93,115.81,0.7723,-1,-1,-1
554,16,896.64,364.61,107.00,179.72,0.9012,-1,-1,-1
554,20,449.81,505.93,71.45,78.62,0.7175,-1,-1,-1
554,22,324.79,414.96,75.85,167.23,0.8677,-1,-1,-1
554,23,599.49,285.27,72.84,154.03,0.8522,-1,-1,-1
554,24,753.58,137.90,49.07,138.62,0.6499,-1,-1,-1
554,26,1097.33,233.86,61.13,145.58,0.6043,-1,-1,-1
554,25,351.25,185.29,64.94,94.08,0.5789,-1,-1,-1
555,5,830.11,301.45,52.61,147.40,0.7289,-1,-1,-1
555,9,435.14,215.68,68.87,148.54,0.8259,-1,-1,-1
555,11,306.86,188.22,61.70,128.19,0.7026,-1,-1,-1
555,13,390.61,169.00,101.98,112.07,0.7564,-1,-1,-1
555,16,897.70,366.88,106.17,176.18,0.8387,-1,-1,-1
555,20,449.53,504.29,67.85,80.37,0.6876,-1,-1,-1
555,22,326.35,415.42,74.96,165.18,0.8953,-1,-1,-1
555,23,599.61,284.40,74.69,145.95,0.7978,-1,-1,-1
555,24,751.62,139.38,48.64,135.67,0.6309,-1,-1,-1
555,25,356.60,185.81,55.75,100.33,0.6147,-1,-1,-1
555,26,1097.00,232.78,60.23,143.64,0.6121,-1,-1,-1
556,9,437.52,213.39,68.30,149.76,0.8041,-1,-1,-1
556,11,308.85,188.17,62.86,133.98,0.7306,-1,-1,-1
556,13,388.42,168.61,107.94,111.97,0.7418,-1,-1,-1
556,16,897.64,362.93,106.14,179.33,0.8414,-1,-1,-1
556,20,448.86,502.49,65.55,82.14,0.6745,-1,-1,-1
556,22,330.49,415.01,72.94,163.87,0.8874,-1,-1,-1
556,23,599.68,283.99,79.33,156.14,0.8820,-1,-1,-1
556,24,750.57,138.88,48.39,133.95,0.6077,-1,-1,-1
556,25,355.39,185.01,61.51,106.65,0.6015,-1,-1,-1
556,5,828.53,300.89,52.20,145.90,0.5577,-1,-1,-1
556,26,1096.34,232.85,60.10,141.46,0.5953,-1,-1,-1
556,-1,655.99,71.42,47.44,123.00,0.5254,-1,-1,-1
557,5,826.39,299.73,54.81,151.30,0.7319,-1,-1,-1
557,9,438.59,212.64,69.76,149.75,0.8052,-1,-1,-1
557,11,310.81,188.39,59.18,136.58,0.7531,-1,-1,-1
557,13,389.81,165.56,108.70,112.67,0.6824,-1,-1,-1
557,16,898.07,361.88,105.39,179.71,0.8821,-1,-1,-1
557,20,450.40,500.65,60.10,83.96,0.6690,-1,-1,-1
557,22,334.44,413.54,70.10,164.29,0.8832,-1,-1,-1
557,23,599.44,283.50,81.23,156.54,0.8898,-1,-1,-1
557,24,747.01,137.83,51.16,134.63,0.6082,-1,-1,-1
557,25,353.38,183.08,64.84,109.67,0.6699,-1,-1,-1
557,26,1095.23,231.02,57.77,142.06,0.5880,-1,-1,-1
558,5,825.39,299.34,52.50,151.03,0.7206,-1,-1,-1
558,9,441.02,217.30,68.82,144.37,0.7809,-1,-1,-1
558,11,313.55,186.92,57.27,139.45,0.7253,-1,-1,-1
558,13,392.27,165.55,110.02,112.17,0.6623,-1,-1,-1
558,16,897.53,360.69,105.76,181.59,0.8743,-1,-1,-1
558,20,450.94,499.03,55.26,85.35,0.6973,-1,-1,-1
558,22,335.19,411.08,69.88,162.52,0.8937,-1,-1,-1
558,23,599.30,283.25,82.98,156.12,0.8844,-1,-1,-1
558,24,744.30,137.18,48.97,134.00,0.6468,-1,-1,-1
558,25,350.81,180.86,66.99,110.00,0.6628,-1,-1,-1
558,26,1093.24,229.20,56.98,142.91,0.5949,-1,-1,-1
559,5,822.83,297.91,53.74,142.71,0.7459,-1,-1,-1
559,9,446.93,211.02,65.04,148.41,0.7610,-1,-1,-1
559,11,315.80,192.75,59.31,134.27,0.7665,-1,-1,-1
559,13,404.49,169.64,106.05,108.51,0.6166,-1,-1,-1
559,16,897.71,361.29,105.37,186.68,0.8692,-1,-1,-1
559,20,447.49,496.55,51.97,88.19,0.6982,-1,-1,-1
559,22,335.14,407.18,70.92,163.42,0.9074,-1,-1,-1
559,23,597.49,283.20,84.03,153.29,0.8617,-1,-1,-1
559,24,734.12,138.47,55.16,131.93,0.6806,-1,-1,-1
559,25,352.56,180.86,59.32,102.76,0.6061,-1,-1,-1
559,19,618.00,73.95,64.64,121.74,0.6140,-1,-1,-1
559,26,1091.12,228.00,55.65,143.69,0.5861,-1,-1,-1
560,5,821.97,297.30,52.98,155.48,0.7596,-1,-1,-1
560,9,447.03,212.35,64.98,146.19,0.7882,-1,-1,-1
560,11,317.20,193.54,57.52,132.15,0.7576,-1,-1,-1
560,16,898.62,363.11,101.02,187.04,0.8198,-1,-1,-1
560,19,605.79,74.43,70.29,120.24,0.6106,-1,-1,-1
560,20,444.76,495.25,50.94,89.38,0.7128,-1,-1,-1
560,22,334.69,406.48,71.89,164.41,0.8982,-1,-1,-1
560,23,595.85,283.93,83.63,152.07,0.8828,-1,-1,-1
560,24,729.23,136.19,57.15,133.74,0.6981,-1,-1,-1
560,25,359.22,183.97,50.11,88.90,0.6002,-1,-1,-1
560,26,1089.91,227.61,54.05,142.68,0.6124,-1,-1,-1
561,5,821.25,297.04,52.18,156.55,0.7219,-1,-1,-1
561,9,442.10,211.10,70.60,147.64,0.7688,-1,-1,-1
561,11,318.69,192.93,64.14,131.98,0.7456,-1,-1,-1
561,16,897.76,362.29,104.27,189.80,0.8511,-1,-1,-1
561,20,440.97,493.98,50.30,90.33,0.7447,-1,-1,-1
561,22,334.67,406.59,72.06,164.33,0.8943,-1,-1,-1
561,23,593.36,285.20,84.76,149.83,0.8593,-1,-1,-1
561,24,726.76,135.13,57.51,133.60,0.6800,-1,-1,-1
561,19,601.39,72.22,63.43,121.37,0.5949,-1,-1,-1
561,25,362.22,185.88,46.64,85.41,0.5693,-1,-1,-1
561,26,1088.15,225.60,54.95,150.45,0.5706,-1,-1,-1
561,-1,455.35,167.72,70.89,73.13,0.5184,-1,-1,-1
562,5,819.76,296.67,51.23,157.48,0.7603,-1,-1,-1
562,9,442.04,209.86,72.31,148.11,0.7207,-1,-1,-1
562,11,323.05,193.96,54.87,129.52,0.7345,-1,-1,-1
562,16,897.79,364.12,104.38,189.63,0.8695,-1,-1,-1
562,20,437.90,493.01,49.04,91.31,0.7237,-1,-1,-1
562,22,334.00,407.51,73.59,164.33,0.8984,-1,-1,-1
562,23,587.19,287.38,90.41,145.56,0.8540,-1,-1,-1
562,24,721.34,137.01,60.09,131.70,0.6815,-1,-1,-1
562,25,364.90,186.89,44.44,83.48,0.5830,-1,-1,-1
562,26,1086.49,225.71,55.32,148.30,0.5902,-1,-1,-1
562,-1,441.20,167.92,91.12,107.93,0.5266,-1,-1,-1
563,5,818.65,296.40,51.99,158.51,0.8098,-1,-1,-1
563,9,443.11,180.78,94.10,175.22,0.6686,-1,-1,-1
563,11,324.51,195.52,54.59,117.40,0.6932,-1,-1,-1
563,16,897.09,366.67,105.62,188.08,0.8687,-1,-1,-1
563,20,433.37,491.80,50.05,92.46,0.7530,-1,-1,-1
563,22,333.44,408.22,75.86,163.20,0.8904,-1,-1,-1
563,23,580.66,288.84,95.51,142.57,0.8490,-1,-1,-1
563,24,718.29,138.11,61.06,129.80,0.6918,-1,-1,-1
563,25,366.55,186.65,43.79,85.24,0.6028,-1,-1,-1
563,26,1083.83,224.27,56.49,149.82,0.5860,-1,-1,-1
564,5,816.18,295.89,54.34,159.82,0.7893,-1,-1,-1
564,9,437.66,207.95,75.04,152.35,0.7855,-1,-1,-1
564,11,325.83,202.62,59.77,126.77,0.7794,-1,-1,-1
564,16,894.40,376.60,104.90,178.06,0.8072,-1,-1,-1
564,20,421.19,489.54,54.35,94.87,0.7636,-1,-1,-1
564,22,334.47,410.53,87.31,162.40,0.8993,-1,-1,-1
564,23,554.01,289.81,117.30,140.06,0.8072,-1,-1,-1
564,24,709.78,135.58,60.58,130.37,0.7049,-1,-1,-1
564,25,369.64,185.49,46.75,89.95,0.5510,-1,-1,-1
564,26,1079.02,223.20,57.56,146.93,0.5116,-1,-1,-1
564,-1,577.36,67.15,49.61,121.50,0.5418,-1,-1,-1
564,-1,476.82,163.54,70.31,83.19,0.5017,-1,-1,-1
565,5,813.57,295.02,57.23,160.38,0.7751,-1,-1,-1
565,9,437.51,207.70,78.49,152.90,0.7398,-1,-1,-1
565,11,326.41,207.59,59.92,127.60,0.8280,-1,-1,-1
565,16,892.56,371.68,110.58,182.13,0.8457,-1,-1,-1
565,20,417.87,488.99,52.53,95.35,0.7448,-1,-1,-1
565,22,335.69,411.37,86.84,158.21,0.9070,-1,-1,-1
565,23,574.72,288.56,93.96,140.24,0.7980,-1,-1,-1
565,24,705.31,134.34,60.59,130.44,0.7183,-1,-1,-1
565,13,480.79,160.31,73.45,106.09,0.6207,-1,-1,-1
565,19,570.86,69.66,52.63,117.66,0.6113,-1,-1,-1
565,26,1076.92,221.39,59.83,151.01,0.5138,-1,-1,-1
566,5,810.73,293.41,59.33,161.56,0.8411,-1,-1,-1
566,9,433.27,204.17,80.59,154.90,0.7295,-1,-1,-1
566,11,325.90,212.16,70.68,126.64,0.8697,-1,-1,-1
566,16,891.38,372.15,111.90,180.89,0.8603,-1,-1,-1
566,20,413.18,488.32,53.96,96.02,0.7333,-1,-1,-1
566,22,336.22,411.77,85.36,171.25,0.8744,-1,-1,-1
566,23,563.57,288.03,101.92,140.17,0.8320,-1,-1,-1
566,24,699.12,134.48,62.92,129.74,0.7327,-1,-1,-1
566,25,370.47,188.21,51.85,80.47,0.6073,-1,-1,-1
566,13,486.66,159.33,69.74,113.14,0.5375,-1,-1,-1
566,19,549.54,67.37,69.81,119.66,0.5583,-1,-1,-1
566,26,1075.97,220.93,58.78,150.74,0.5335,-1,-1,-1
567,5,812.08,292.96,55.80,160.47,0.8446,-1,-1,-1
567,9,435.29,185.72,81.51,172.93,0.7428,-1,-1,-1
567,11,323.15,215.98,84.19,122.48,0.8474,-1,-1,-1
567,13,494.75,159.82,64.11,114.44,0.6057,-1,-1,-1
567,16,890.48,373.69,112.63,178.24,0.8642,-1,-1,-1
567,20,405.83,487.03,57.16,97.34,0.7465,-1,-1,-1
567,22,338.11,411.98,79.99,159.38,0.8450,-1,-1,-1
567,23,570.12,287.61,90.97,142.68,0.8156,-1,-1,-1
567,24,693.40,135.26,62.31,131.81,0.7661,-1,-1,-1
567,19,547.03,68.77,68.23,118.59,0.5610,-1,-1,-1
567,25,372.64,190.87,51.70,89.50,0.5764,-1,-1,-1
568,5,814.28,297.17,50.61,155.35,0.8337,-1,-1,-1
568,9,431.17,188.13,95.40,169.86,0.8011,-1,-1,-1
568,11,321.49,219.03,92.30,120.95,0.8366,-1,-1,-1
568,16,889.18,373.80,113.86,176.81,0.8565,-1,-1,-1
568,20,402.07,486.00,56.82,98.68,0.6426,-1,-1,-1
568,22,338.71,412.04,77.35,167.92,0.8543,-1,-1,-1
568,23,572.21,288.37,83.81,145.24,0.7983,-1,-1,-1
568,24,686.51,135.19,62.41,135.16,0.7405,-1,-1,-1
568,13,502.82,163.47,54.18,95.51,0.5189,-1,-1,-1
568,19,538.83,67.39,70.98,119.96,0.5222,-1,-1,-1
568,25,374.86,193.89,54.44,91.77,0.5934,-1,-1,-1
568,-1,1068.18,220.63,65.87,145.64,0.5168,-1,-1,-1
569,5,809.84,297.33,50.49,152.44,0.8101,-1,-1,-1
569,9,444.10,176.87,78.80,178.56,0.8314,-1,-1,-1
569,11,318.81,222.22,99.70,121.28,0.8286,-1,-1,-1
569,16,883.13,374.67,119.56,173.70,0.8898,-1,-1,-1
569,20,389.31,483.65,61.62,100.90,0.7360,-1,-1,-1
569,22,336.84,411.95,80.51,155.69,0.8666,-1,-1,-1
569,23,560.96,291.43,79.29,142.06,0.8073,-1,-1,-1
569,24,675.62,139.54,61.76,136.46,0.7107,-1,-1,-1
569,25,381.01,197.48,57.04,102.36,0.6281,-1,-1,-1
569,19,520.22,65.10,77.27,163.18,0.5549,-1,-1,-1
569,-1,1064.74,218.05,63.21,144.20,0.5440,-1,-1,-1
570,5,808.78,296.41,50.31,152.59,0.6742,-1,-1,-1
570,9,444.84,178.69,77.27,175.95,0.8312,-1,-1,-1
570,11,326.05,223.44,90.60,119.05,0.8543,-1,-1,-1
570,16,880.76,374.84,120.59,172.87,0.8697,-1,-1,-1
570,20,385.60,482.48,61.34,101.69,0.7159,-1,-1,-1
570,22,334.32,410.52,84.51,156.10,0.8703,-1,-1,-1
570,23,556.49,293.56,74.50,143.56,0.7926,-1,-1,-1
570,24,665.48,142.55,61.98,134.38,0.7043,-1,-1,-1
570,25,385.54,198.50,56.15,120.84,0.7251,-1,-1,-1
570,19,518.98,63.35,67.70,156.95,0.5627,-1,-1,-1
570,-1,1068.35,214.13,56.83,148.88,0.5412,-1,-1,-1
571,5,806.97,294.22,50.91,153.94,0.7627,-1,-1,-1
571,9,442.05,182.59,79.07,173.45,0.8548,-1,-1,-1
571,11,336.06,224.53,77.88,118.08,0.8200,-1,-1,-1
571,16,878.67,374.93,121.70,173.89,0.8901,-1,-1,-1
571,19,510.91,150.79,73.13,123.76,0.6562,-1,-1,-1
571,20,378.02,481.31,65.02,102.79,0.7295,-1,-1,-1
571,22,335.43,409.66,86.52,151.97,0.8542,-1,-1,-1
571,23,553.43,294.96,68.11,148.46,0.7366,-1,-1,-1
571,24,665.70,142.73,54.31,134.74,0.6628,-1,-1,-1
571,25,388.25,198.65,57.15,125.51,0.7557,-1,-1,-1
571,-1,509.39,63.20,55.31,121.73,0.5953,-1,-1,-1
571,-1,1070.94,212.87,50.88,149.31,0.5178,-1,-1,-1
572,5,804.20,293.34,58.20,153.59,0.6710,-1,-1,-1
572,9,441.65,186.19,80.82,172.44,0.8487,-1,-1,-1
572,11,343.26,225.61,66.13,118.95,0.8053,-1,-1,-1
572,16,876.20,374.96,122.86,174.65,0.8986,-1,-1,-1
572,19,516.44,150.40,69.90,126.06,0.6119,-1,-1,-1
572,20,375.83,482.33,63.55,101.64,0.7333,-1,-1,-1
572,22,337.12,408.03,86.43,152.66,0.8360,-1,-1,-1
572,23,540.67,296.85,73.01,156.33,0.7310,-1,-1,-1
572,24,660.09,143.81,55.50,133.96,0.6548,-1,-1,-1
572,25,390.90,200.11,65.51,128.27,0.7546,-1,-1,-1
572,-1,1070.16,217.84,48.99,142.50,0.5254,-1,-1,-1
572,-1,504.26,62.58,54.27,122.43,0.6039,-1,-1,-1
573,5,804.57,291.40,51.74,154.39,0.7573,-1,-1,-1
573,9,442.02,189.09,82.57,173.94,0.8464,-1,-1,-1
573,11,340.93,225.79,65.24,122.76,0.7351,-1,-1,-1
573,16,874.54,375.66,123.83,174.20,0.8934,-1,-1,-1
573,19,534.21,150.85,60.33,127.98,0.6041,-1,-1,-1
573,20,371.77,481.75,64.83,102.12,0.7242,-1,-1,-1
573,22,342.08,406.34,82.61,151.25,0.7985,-1,-1,-1
573,23,535.33,297.78,71.73,159.75,0.7677,-1,-1,-1
573,24,658.82,145.72,53.11,133.39,0.6801,-1,-1,-1
573,25,386.92,201.43,71.46,128.00,0.7320,-1,-1,-1
573,-1,496.45,61.71,54.20,122.71,0.5614,-1,-1,-1
573,-1,1068.75,216.30,48.61,142.87,0.5064,-1,-1,-1
574,5,800.05,289.07,53.16,153.57,0.8034,-1,-1,-1
574,9,446.12,198.83,87.32,168.65,0.7993,-1,-1,-1
574,11,339.77,225.17,65.52,127.95,0.7174,-1,-1,-1
574,16,868.49,378.20,127.60,182.35,0.8853,-1,-1,-1
574,19,541.90,167.26,64.02,111.37,0.6523,-1,-1,-1
574,20,369.66,478.23,61.35,105.38,0.7367,-1,-1,-1
574,22,350.22,402.13,77.04,154.11,0.8226,-1,-1,-1
574,23,525.81,299.89,72.42,167.82,0.7448,-1,-1,-1
574,24,650.42,149.45,53.09,135.24,0.6612,-1,-1,-1
574,25,382.89,203.24,79.75,126.76,0.7634,-1,-1,-1
574,-1,486.44,58.87,45.34,128.85,0.5516,-1,-1,-1
575,5,797.20,289.15,55.53,154.12,0.8207,-1,-1,-1
575,9,447.73,204.13,86.66,162.50,0.7891,-1,-1,-1
575,11,338.45,225.29,65.25,130.13,0.7614,-1,-1,-1
575,16,867.13,379.23,128.05,184.07,0.8933,-1,-1,-1
575,19,561.95,152.01,51.73,125.71,0.7376,-1,-1,-1
575,20,360.17,476.11,68.47,107.76,0.7271,-1,-1,-1
575,22,351.76,399.67,76.18,144.70,0.7810,-1,-1,-1
575,23,523.34,301.28,68.94,166.61,0.7630,-1,-1,-1
575,24,645.33,151.75,56.77,132.53,0.6988,-1,-1,-1
575,25,381.85,203.62,83.72,124.32,0.7757,-1,-1,-1
575,-1,480.59,58.46,44.95,131.32,0.5268,-1,-1,-1
575,-1,1065.33,214.68,45.99,147.72,0.5105,-1,-1,-1
576,5,795.07,289.23,56.97,155.77,0.8273,-1,-1,-1
576,9,452.68,206.75,74.64,158.51,0.7802,-1,-1,-1
576,11,338.34,226.58,65.09,131.23,0.7919,-1,-1,-1
576,16,865.31,381.66,127.63,183.07,0.8780,-1,-1,-1
576,19,568.00,152.59,53.73,123.72,0.7393,-1,-1,-1
576,20,361.66,476.14,63.88,107.89,0.7572,-1,-1,-1
576,22,351.32,397.65,77.29,144.95,0.8009,-1,-1,-1
576,23,519.00,302.98,71.71,165.21,0.7713,-1,-1,-1
576,24,640.34,155.35,58.50,128.28,0.6687,-1,-1,-1
576,25,379.54,204.10,91.08,153.56,0.8010,-1,-1,-1
576,-1,468.32,57.57,49.59,132.11,0.5791,-1,-1,-1
576,-1,1063.02,214.67,48.89,152.71,0.5332,-1,-1,-1
577,5,794.17,289.44,56.39,157.83,0.8684,-1,-1,-1
577,9,454.06,207.36,77.54,156.91,0.8275,-1,-1,-1
577,11,339.67,227.90,66.92,133.38,0.7661,-1,-1,-1
577,16,863.89,382.00,127.89,183.89,0.8845,-1,-1,-1
577,19,565.49,152.22,64.44,123.99,0.8057,-1,-1,-1
577,20,353.92,475.18,69.91,108.65,0.7526,-1,-1,-1
577,22,349.52,396.15,78.87,115.42,0.7802,-1,-1,-1
577,23,516.45,303.68,73.08,163.94,0.7744,-1,-1,-1
577,24,630.58,158.34,65.18,125.45,0.6593,-1,-1,-1
577,25,379.47,204.28,92.03,126.61,0.7839,-1,-1,-1
577,-1,1060.46,215.07,49.11,140.24,0.5025,-1,-1,-1
577,-1,461.89,58.51,51.82,134.59,0.6244,-1,-1,-1
578,5,792.98,289.97,57.82,158.24,0.8718,-1,-1,-1
578,9,452.06,214.83,74.51,149.36,0.8119,-1,-1,-1
578,11,344.18,229.87,62.64,132.13,0.8120,-1,-1,-1
578,16,862.91,383.13,127.53,183.79,0.9010,-1,-1,-1
578,19,564.45,151.64,86.61,125.22,0.7852,-1,-1,-1
578,20,348.29,474.58,73.12,109.42,0.8044,-1,-1,-1
578,22,347.82,395.38,80.71,110.77,0.8206,-1,-1,-1
578,23,516.92,303.36,65.46,163.33,0.7757,-1,-1,-1
578,24,628.24,160.22,64.92,122.34,0.6615,-1,-1,-1
578,25,378.11,205.26,90.96,130.47,0.7864,-1,-1,-1
578,-1,455.61,57.86,51.13,136.82,0.6162,-1,-1,-1
579,5,791.88,291.49,66.63,158.93,0.8796,-1,-1,-1
579,11,337.01,217.61,66.00,143.74,0.7419,-1,-1,-1
579,16,863.67,384.43,123.91,181.70,0.8848,-1,-1,-1
579,20,345.62,473.74,73.17,110.48,0.8071,-1,-1,-1
579,22,345.12,393.50,83.21,111.15,0.7938,-1,-1,-1
579,23,509.06,299.45,61.70,166.30,0.6665,-1,-1,-1
579,25,374.57,209.95,110.25,152.33,0.7259,-1,-1,-1
579,19,573.28,153.14,114.88,128.98,0.5115,-1,-1,-1
579,-1,1052.92,214.16,57.63,156.40,0.5232,-1,-1,-1
579,-1,441.81,59.15,56.18,135.47,0.7192,-1,-1,-1
580,5,790.57,292.20,73.32,159.12,0.8918,-1,-1,-1
580,11,330.68,212.31,71.42,148.42,0.7789,-1,-1,-1
580,16,865.54,383.70,120.96,181.65,0.8803,-1,-1,-1
580,20,345.31,473.57,72.56,110.58,0.7903,-1,-1,-1
580,22,343.82,392.77,84.53,112.00,0.7700,-1,-1,-1
580,23,514.01,302.84,49.59,162.29,0.6739,-1,-1,-1
580,25,379.99,208.07,112.56,154.26,0.8144,-1,-1,-1
580,9,474.16,204.53,66.01,138.94,0.6467,-1,-1,-1
580,24,607.34,154.37,79.25,128.01,0.6098,-1,-1,-1
580,19,580.13,154.25,105.96,127.65,0.5440,-1,-1,-1
580,-1,1051.32,214.19,55.77,156.64,0.5169,-1,-1,-1
580,27,433.42,68.55,59.46,124.59,0.7533,-1,-1,-1
581,5,788.45,293.13,80.11,158.44,0.9110,-1,-1,-1
581,11,323.23,207.51,76.68,152.31,0.7245,-1,-1,-1
581,16,866.23,383.36,120.09,181.10,0.8920,-1,-1,-1
581,20,344.80,473.37,72.44,110.81,0.7959,-1,-1,-1
581,22,342.97,391.91,84.91,112.10,0.7997,-1,-1,-1
581,23,486.16,183.75,73.27,280.52,0.7206,-1,-1,-1
581,24,609.33,155.55,79.21,126.85,0.7408,-1,-1,-1
581,25,384.85,200.36,112.71,160.60,0.8344,-1,-1,-1
581,27,420.37,69.76,67.41,122.36,0.7942,-1,-1,-1
581,-1,1049.48,214.17,54.65,156.94,0.5706,-1,-1,-1
582,5,786.99,294.16,84.30,157.34,0.9108,-1,-1,-1
582,11,331.53,215.47,62.70,143.05,0.6087,-1,-1,-1
582,16,867.09,382.77,119.08,181.29,0.8888,-1,-1,-1
582,20,344.12,473.60,72.88,110.63,0.7567,-1,-1,-1
582,22,341.44,390.34,85.69,114.28,0.7834,-1,-1,-1
582,23,492.73,179.19,62.86,284.61,0.6417,-1,-1,-1
582,24,627.16,157.94,73.44,134.93,0.7031,-1,-1,-1
582,25,386.14,196.18,120.98,162.54,0.7409,-1,-1,-1
582,27,409.45,71.18,70.86,120.63,0.7374,-1,-1,-1
582,-1,583.92,147.26,54.02,113.89,0.5425,-1,-1,-1
582,-1,1048.24,213.82,53.47,156.19,0.5410,-1,-1,-1
583,5,785.28,294.87,85.77,156.50,0.9082,-1,-1,-1
583,11,325.25,202.12,69.15,154.64,0.6685,-1,-1,-1
583,16,868.89,382.51,117.55,181.27,0.8800,-1,-1,-1
583,20,344.87,473.67,72.40,110.43,0.7700,-1,-1,-1
583,22,341.33,389.51,85.33,115.18,0.7865,-1,-1,-1
583,23,496.19,175.20,59.48,288.55,0.6663,-1,-1,-1
583,24,631.24,159.54,68.56,133.50,0.7492,-1,-1,-1
583,25,388.10,199.01,116.40,156.73,0.7520,-1,-1,-1
583,27,399.50,72.39,77.16,119.34,0.7506,-1,-1,-1
583,19,577.67,146.64,60.62,114.53,0.6197,-1,-1,-1
583,-1,1047.27,214.01,53.08,156.20,0.5371,-1,-1,-1
584,5,782.48,297.17,86.96,154.17,0.9062,-1,-1,-1
584,11,318.11,168.14,75.83,182.87,0.7369,-1,-1,-1
584,16,869.55,383.95,117.33,180.33,0.8897,-1,-1,-1
584,19,567.98,142.30,85.66,127.66,0.6711,-1,-1,-1
584,20,346.76,474.57,74.07,109.61,0.7587,-1,-1,-1
584,22,341.06,388.17,84.68,115.81,0.8111,-1,-1,-1
584,24,638.55,164.29,65.72,129.40,0.7895,-1,-1,-1
584,25,394.02,216.71,122.53,139.11,0.6857,-1,-1,-1
584,27,390.01,74.17,79.96,122.80,0.7605,-1,-1,-1
584,9,501.05,176.40,63.95,158.35,0.6852,-1,-1,-1
584,-1,505.44,291.91,39.27,173.58,0.5841,-1,-1,-1
584,-1,1046.71,212.81,51.90,157.13,0.5386,-1,-1,-1
585,5,782.44,298.33,86.53,153.26,0.9005,-1,-1,-1
585,9,504.37,181.59,67.19,162.75,0.6386,-1,-1,-1
585,11,313.76,189.15,81.86,157.71,0.6984,-1,-1,-1
585,16,870.30,384.52,117.21,180.17,0.8862,-1,-1,-1
585,20,347.13,475.42,77.59,108.91,0.7158,-1,-1,-1
585,22,342.16,387.80,83.43,116.73,0.7948,-1,-1,-1
585,24,654.48,172.13,57.64,132.93,0.6212,-1,-1,-1
585,25,428.23,219.73,96.27,137.58,0.7454,-1,-1,-1
585,27,387.31,77.27,80.10,120.09,0.7410,-1,-1,-1
585,23,499.46,293.02,42.74,175.58,0.6010,-1,-1,-1
585,19,563.77,138.69,66.86,122.46,0.5758,-1,-1,-1
586,5,784.97,299.35,83.30,152.81,0.8877,-1,-1,-1
586,9,508.51,197.20,71.39,148.10,0.7216,-1,-1,-1
586,11,310.62,199.94,86.76,145.41,0.7569,-1,-1,-1
586,16,872.11,385.33,116.34,179.85,0.8972,-1,-1,-1
586,19,561.64,136.13,62.22,128.40,0.6493,-1,-1,-1
586,20,349.25,476.95,78.16,107.06,0.7130,-1,-1,-1
586,22,342.49,387.72,83.40,118.15,0.7900,-1,-1,-1
586,23,492.86,295.90,52.87,175.16,0.6819,-1,-1,-1
586,24,652.98,170.70,68.27,135.67,0.6976,-1,-1,-1
586,25,426.09,218.33,90.02,138.41,0.7042,-1,-1,-1
586,27,387.24,78.33,73.53,119.47,0.7063,-1,-1,-1
587,5,788.49,299.38,79.62,153.41,0.8640,-1,-1,-1
587,9,518.52,196.92,68.96,158.48,0.7401,-1,-1,-1
587,11,308.23,203.73,92.95,142.65,0.8384,-1,-1,-1
587,16,873.98,386.81,116.01,179.11,0.9075,-1,-1,-1
587,19,555.55,131.89,62.15,130.07,0.6236,-1,-1,-1
587,20,353.12,478.18,77.46,105.76,0.7395,-1,-1,-1
587,22,344.07,386.93,82.74,122.60,0.7869,-1,-1,-1
587,23,487.80,300.15,65.68,172.85,0.7122,-1,-1,-1
587,24,659.48,174.83,72.85,137.73,0.6921,-1,-1,-1
587,25,417.88,216.69,97.35,140.84,0.7162,-1,-1,-1
587,27,386.49,80.19,72.48,118.52,0.7243,-1,-1,-1
587,-1,1050.37,218.09,68.08,153.77,0.5366,-1,-1,-1
588,5,790.76,299.34,77.73,154.17,0.8463,-1,-1,-1
588,9,528.57,194.63,67.72,165.40,0.7368,-1,-1,-1
588,11,305.98,204.03,93.06,142.61,0.8497,-1,-1,-1
588,16,876.13,387.90,115.76,177.96,0.8992,-1,-1,-1
588,19,554.39,126.49,60.01,127.66,0.6216,-1,-1,-1
588,20,356.58,479.62,76.64,104.26,0.7616,-1,-1,-1
588,22,345.52,385.93,82.28,125.84,0.8062,-1,-1,-1
588,23,481.09,305.44,72.57,169.44,0.6850,-1,-1,-1
588,24,670.65,180.11,83.29,137.45,0.7635,-1,-1,-1
588,25,424.73,216.18,96.89,141.89,0.8042,-1,-1,-1
588,27,386.13,80.05,72.47,118.77,0.7326,-1,-1,-1
588,-1,1052.41,218.62,66.97,152.97,0.5538,-1,-1,-1
589,5,799.71,300.07,68.35,154.41,0.7403,-1,-1,-1
589,9,548.32,203.32,59.70,152.65,0.7048,-1,-1,-1
589,11,301.28,205.56,87.68,141.62,0.8417,-1,-1,-1
589,16,882.57,389.61,113.30,178.60,0.8901,-1,-1,-1
589,20,363.89,481.82,75.40,102.35,0.7496,-1,-1,-1
589,22,350.34,386.63,78.77,132.88,0.7752,-1,-1,-1
589,23,476.67,308.47,68.17,167.97,0.6659,-1,-1,-1
589,24,682.94,189.68,105.75,134.09,0.8084,-1,-1,-1
589,25,442.99,216.52,76.96,137.60,0.7263,-1,-1,-1
589,27,386.01,79.09,71.92,120.13,0.7239,-1,-1,-1
589,19,543.44,121.40,62.49,139.38,0.5544,-1,-1,-1
590,5,803.69,300.04,64.29,155.12,0.7385,-1,-1,-1
590,9,557.49,198.53,101.43,158.10,0.7142,-1,-1,-1
590,11,299.08,206.08,83.67,141.06,0.8668,-1,-1,-1
590,16,885.14,390.88,111.76,178.41,0.8768,-1,-1,-1
590,19,535.41,116.89,64.07,142.32,0.6838,-1,-1,-1
590,20,367.43,482.90,74.07,101.09,0.7254,-1,-1,-1
590,22,351.51,386.78,78.94,138.23,0.7551,-1,-1,-1
590,24,689.74,193.91,110.55,130.93,0.8134,-1,-1,-1
590,25,445.55,218.09,81.53,138.45,0.6401,-1,-1,-1
590,27,386.59,78.68,71.61,121.38,0.7052,-1,-1,-1
590,23,478.05,307.17,99.98,170.63,0.5739,-1,-1,-1
591,5,813.70,300.80,56.46,155.61,0.7717,-1,-1,-1
591,9,565.89,200.65,80.02,158.76,0.8009,-1,-1,-1
591,11,298.35,206.57,79.30,140.98,0.8571,-1,-1,-1
591,16,890.14,392.57,109.61,177.55,0.8714,-1,-1,-1
591,19,528.91,120.18,66.34,141.21,0.6838,-1,-1,-1
591,20,373.07,484.25,71.17,99.78,0.6636,-1,-1,-1
591,22,353.55,386.89,78.86,143.93,0.6835,-1,-1,-1
591,24,681.36,198.25,128.98,128.88,0.7439,-1,-1,-1
591,27,387.93,76.28,70.89,124.99,0.6962,-1,-1,-1
591,25,449.76,219.57,76.54,170.63,0.5619,-1,-1,-1
592,5,815.33,301.87,55.28,155.90,0.7477,-1,-1,-1
592,9,574.37,203.45,86.93,156.97,0.8381,-1,-1,-1
592,11,297.57,207.65,77.54,141.03,0.8564,-1,-1,-1
592,16,893.43,394.52,109.34,177.19,0.8693,-1,-1,-1
592,19,520.01,122.49,73.87,140.66,0.6797,-1,-1,-1
592,20,375.41,487.20,71.85,96.48,0.6481,-1,-1,-1
592,22,355.97,387.40,78.16,138.58,0.6924,-1,-1,-1
592,24,705.56,202.02,108.02,126.67,0.8183,-1,-1,-1
592,25,453.55,223.81,65.33,170.20,0.6110,-1,-1,-1
592,27,388.66,77.88,70.92,125.01,0.6960,-1,-1,-1
592,23,480.17,308.44,73.51,170.36,0.7172,-1,-1,-1
593,5,816.43,303.53,53.82,156.41,0.7523,-1,-1,-1
593,9,574.29,205.50,103.74,155.98,0.8850,-1,-1,-1
593,11,293.35,209.14,81.65,141.00,0.8628,-1,-1,-1
593,16,898.43,396.83,106.55,176.91,0.8837,-1,-1,-1
593,19,516.78,122.60,74.80,141.39,0.7320,-1,-1,-1
593,20,379.17,490.50,70.21,93.53,0.6411,-1,-1,-1
593,22,358.06,387.78,77.72,158.06,0.6828,-1,-1,-1
593,23,485.56,307.05,72.24,173.45,0.7143,-1,-1,-1
593,24,713.86,204.96,100.65,125.67,0.8131,-1,-1,-1
593,27,390.33,79.28,72.62,123.62,0.6091,-1,-1,-1
594,5,816.85,306.86,55.23,134.86,0.6859,-1,-1,-1
594,9,574.79,209.02,129.16,154.45,0.8847,-1,-1,-1
594,11,288.17,214.15,81.57,135.89,0.8194,-1,-1,-1
594,16,906.67,400.79,101.31,177.21,0.9045,-1,-1,-1
594,19,514.50,114.13,73.74,150.78,0.7739,-1,-1,-1
594,20,389.10,491.30,63.76,93.13,0.6783,-1,-1,-1
594,22,363.58,392.34,76.01,160.14,0.7452,-1,-1,-1
594,23,495.14,307.67,58.19,175.75,0.7486,-1,-1,-1
594,24,722.65,205.29,93.56,129.10,0.8247,-1,-1,-1
594,27,389.04,85.62,82.74,121.14,0.7045,-1,-1,-1
594,25,461.84,234.28,76.81,124.78,0.7162,-1,-1,-1
595,5,814.19,308.14,59.04,157.36,0.7453,-1,-1,-1
595,9,577.77,211.27,138.52,148.29,0.9029,-1,-1,-1
595,11,286.88,216.38,79.55,132.45,0.8377,-1,-1,-1
595,16,909.74,402.45,99.83,176.74,0.9134,-1,-1,-1
595,19,513.00,105.81,73.96,156.35,0.7620,-1,-1,-1
595,20,392.03,491.62,63.68,92.58,0.6893,-1,-1,-1
595,22,365.89,393.85,74.72,158.48,0.7621,-1,-1,-1
595,23,496.84,308.80,57.71,176.40,0.7968,-1,-1,-1
595,24,724.39,203.27,90.85,133.74,0.8275,-1,-1,-1
595,25,461.67,235.06,83.44,129.75,0.7118,-1,-1,-1
595,27,389.20,88.06,87.14,120.52,0.7024,-1,-1,-1
596,5,792.14,308.97,83.13,158.12,0.6973,-1,-1,-1
596,9,586.70,214.50,135.10,144.48,0.9047,-1,-1,-1
596,11,287.89,218.67,79.00,129.32,0.8250,-1,-1,-1
596,16,912.82,403.72,98.70,177.00,0.9073,-1,-1,-1
596,19,512.08,98.18,71.48,161.67,0.7457,-1,-1,-1
596,20,394.06,493.10,63.90,90.91,0.6837,-1,-1,-1
596,22,368.11,394.26,74.15,158.12,0.7526,-1,-1,-1
596,23,497.24,310.49,60.56,176.05,0.7516,-1,-1,-1
596,24,693.50,200.51,122.78,135.59,0.7737,-1,-1,-1
596,25,461.80,234.69,83.53,122.90,0.7171,-1,-1,-1
596,27,389.26,90.61,91.49,119.13,0.7030,-1,-1,-1
597,5,800.81,309.99,73.75,159.58,0.6335,-1,-1,-1
597,9,598.11,217.04,124.08,143.68,0.9041,-1,-1,-1
597,11,289.97,221.49,76.52,128.26,0.8445,-1,-1,-1
597,16,915.54,405.44,96.84,177.04,0.8908,-1,-1,-1
597,19,509.77,97.59,70.22,159.25,0.7805,-1,-1,-1
597,20,396.51,495.25,63.78,89.03,0.6944,-1,-1,-1
597,22,369.04,395.54,74.63,154.07,0.7757,-1,-1,-1
597,23,499.60,313.14,62.26,175.57,0.7483,-1,-1,-1
597,24,694.64,198.47,117.99,138.26,0.6414,-1,-1,-1
597,25,461.01,234.16,81.91,127.39,0.7165,-1,-1,-1
597,27,388.63,92.54,95.41,119.78,0.7030,-1,-1,-1
598,5,796.84,312.24,80.17,159.17,0.6325,-1,-1,-1
598,9,612.95,219.11,123.05,143.34,0.8681,-1,-1,-1
598,11,289.26,224.00,76.99,128.27,0.8659,-1,-1,-1
598,16,917.15,407.19,96.12,177.59,0.8911,-1,-1,-1
598,19,506.70,99.40,69.38,156.07,0.6822,-1,-1,-1
598,20,398.61,497.31,64.69,86.97,0.6883,-1,-1,-1
598,22,368.84,396.76,76.33,152.71,0.7989,-1,-1,-1
598,23,500.74,317.29,63.57,174.74,0.7692,-1,-1,-1
598,24,717.32,196.28,94.53,140.77,0.7879,-1,-1,-1
598,25,460.43,233.33,78.89,128.18,0.7263,-1,-1,-1
598,27,388.62,95.66,99.27,118.68,0.7025,-1,-1,-1
599,5,789.80,315.21,88.66,160.37,0.6161,-1,-1,-1
599,9,631.69,222.69,92.65,143.54,0.7881,-1,-1,-1
599,11,286.54,227.66,79.96,127.59,0.8774,-1,-1,-1
599,16,919.39,411.73,95.24,176.85,0.8874,-1,-1,-1
599,19,493.85,103.99,74.53,149.29,0.7084,-1,-1,-1
599,20,404.18,501.88,63.90,82.56,0.6527,-1,-1,-1
599,22,367.17,399.46,79.93,150.98,0.8242,-1,-1,-1
599,23,502.53,325.68,69.69,170.13,0.7959,-1,-1,-1
599,24,723.88,197.13,86.67,137.90,0.7412,-1,-1,-1
599,25,459.73,232.10,73.41,150.14,0.7775,-1,-1,-1
599,27,388.87,97.50,100.21,120.98,0.7395,-1,-1,-1
600,5,791.67,316.45,87.43,161.08,0.6143,-1,-1,-1
600,9,621.83,222.87,132.62,145.34,0.8618,-1,-1,-1
600,11,281.11,228.50,84.82,129.36,0.8904,-1,-1,-1
600,16,920.34,413.79,95.05,178.16,0.8965,-1,-1,-1
600,19,489.63,105.34,76.32,145.89,0.7638,-1,-1,-1
600,20,406.54,504.70,62.92,79.56,0.6700,-1,-1,-1
600,22,366.77,401.07,80.06,149.84,0.8372,-1,-1,-1
600,23,503.28,329.66,72.02,169.05,0.7947,-1,-1,-1
600,24,718.24,198.10,92.01,139.25,0.7996,-1,-1,-1
600,25,459.25,232.00,70.97,158.47,0.8233,-1,-1,-1
600,27,388.86,101.14,100.94,119.75,0.7683,-1,-1,-1
601,5,825.38,317.85,52.91,161.59,0.6540,-1,-1,-1
601,9,642.14,222.13,94.61,147.97,0.7178,-1,-1,-1
601,11,274.92,229.79,90.11,131.11,0.9019,-1,-1,-1
601,16,920.56,415.71,95.67,179.37,0.8900,-1,-1,-1
601,19,485.72,106.06,82.00,147.78,0.7924,-1,-1,-1
601,20,409.35,506.98,61.82,77.03,0.6564,-1,-1,-1
601,22,367.22,402.98,79.76,148.25,0.8415,-1,-1,-1
601,23,502.83,331.02,74.05,170.93,0.8162,-1,-1,-1
601,24,716.81,200.40,94.76,138.94,0.8401,-1,-1,-1
601,25,458.03,231.61,68.75,157.64,0.8113,-1,-1,-1
601,27,389.36,102.03,99.94,120.50,0.7808,-1,-1,-1
602,5,827.00,319.23,51.33,162.78,0.6903,-1,-1,-1
602,9,658.22,219.69,96.25,151.86,0.7949,-1,-1,-1
602,11,269.37,231.48,92.05,131.58,0.9081,-1,-1,-1
602,16,921.59,417.82,95.34,179.78,0.8946,-1,-1,-1
602,19,483.73,116.40,82.77,137.71,0.7543,-1,-1,-1
602,20,411.84,510.15,59.81,73.56,0.6758,-1,-1,-1
602,22,365.63,404.64,80.61,150.54,0.8365,-1,-1,-1
602,23,503.52,332.57,72.99,170.94,0.8350,-1,-1,-1
602,24,713.37,202.61,101.21,139.44,0.8293,-1,-1,-1
602,25,457.27,230.96,67.20,157.01,0.8340,-1,-1,-1
602,27,390.75,103.69,97.83,120.51,0.7786,-1,-1,-1
603,5,828.35,319.95,50.77,164.45,0.7555,-1,-1,-1
603,9,644.40,215.03,107.40,157.96,0.7548,-1,-1,-1
603,11,263.42,232.57,92.96,132.33,0.9109,-1,-1,-1
603,16,922.09,419.98,95.07,180.79,0.8948,-1,-1,-1
603,19,480.87,112.36,85.39,144.35,0.8161,-1,-1,-1
603,20,414.55,512.70,59.76,70.92,0.6767,-1,-1,-1
603,22,363.74,406.32,82.28,151.99,0.8326,-1,-1,-1
603,23,502.07,332.57,73.81,172.78,0.8278,-1,-1,-1
603,24,712.90,189.84,104.02,154.31,0.8164,-1,-1,-1
603,25,455.74,230.63,69.03,156.61,0.8048,-1,-1,-1
603,27,395.32,104.80,92.38,120.49,0.6908,-1,-1,-1
603,-1,1047.73,271.11,64.83,133.12,0.5160,-1,-1,-1
604,5,828.40,322.53,51.81,164.91,0.7748,-1,-1,-1
604,9,665.60,210.21,92.59,164.43,0.7607,-1,-1,-1
604,11,253.00,233.36,85.23,136.08,0.8966,-1,-1,-1
604,16,922.04,424.65,94.82,180.42,0.8367,-1,-1,-1
604,19,477.40,114.75,87.94,145.60,0.8030,-1,-1,-1
604,20,418.04,518.11,58.97,65.76,0.6424,-1,-1,-1
604,22,360.37,410.02,81.33,155.18,0.7946,-1,-1,-1
604,23,502.39,333.29,73.32,176.21,0.8221,-1,-1,-1
604,24,728.32,177.96,86.98,169.98,0.7122,-1,-1,-1
604,25,451.70,231.14,64.42,154.68,0.7724,-1,-1,-1
604,27,405.13,104.40,81.67,123.46,0.6780,-1,-1,-1
605,5,828.89,324.79,52.39,164.69,0.7616,-1,-1,-1
605,9,668.22,208.01,85.00,166.64,0.7532,-1,-1,-1
605,11,248.09,233.79,77.72,137.93,0.8938,-1,-1,-1
605,16,921.82,427.12,94.72,176.41,0.8399,-1,-1,-1
605,19,477.18,115.24,87.75,146.38,0.7993,-1,-1,-1
605,22,358.69,411.15,81.27,159.92,0.7906,-1,-1,-1
605,23,505.00,334.14,72.06,176.75,0.8237,-1,-1,-1
605,24,724.21,175.21,87.75,174.13,0.8187,-1,-1,-1
605,25,449.96,232.52,62.65,152.85,0.8046,-1,-1,-1
605,27,409.47,105.04,76.43,124.96,0.6560,-1,-1,-1
605,20,419.47,520.02,60.36,63.95,0.5841,-1,-1,-1
605,-1,1048.97,272.60,73.01,139.90,0.5402,-1,-1,-1
606,5,828.63,326.70,54.00,164.88,0.7639,-1,-1,-1
606,9,673.07,206.50,73.82,167.69,0.7437,-1,-1,-1
606,11,243.16,234.25,68.76,140.53,0.8773,-1,-1,-1
606,16,921.75,429.80,94.58,174.04,0.8334,-1,-1,-1
606,19,474.79,117.78,89.99,143.71,0.7457,-1,-1,-1
606,22,356.47,412.41,80.16,160.16,0.7997,-1,-1,-1
606,23,509.91,334.55,70.44,176.65,0.8309,-1,-1,-1
606,24,728.51,174.93,80.32,174.67,0.7594,-1,-1,-1
606,25,447.93,234.26,66.49,150.10,0.7935,-1,-1,-1
606,27,414.75,106.74,71.19,126.16,0.6354,-1,-1,-1
606,20,424.38,522.75,56.77,61.21,0.5851,-1,-1,-1
606,-1,1049.67,271.77,74.52,142.80,0.5338,-1,-1,-1
607,5,828.38,328.44,55.20,165.25,0.7487,-1,-1,-1
607,9,677.93,205.48,77.65,166.52,0.7339,-1,-1,-1
607,11,237.96,235.15,60.87,142.45,0.8228,-1,-1,-1
607,16,921.65,432.54,94.12,170.88,0.8436,-1,-1,-1
607,19,474.26,123.95,88.77,140.17,0.6441,-1,-1,-1
607,22,354.77,413.58,79.66,162.29,0.8331,-1,-1,-1
607,23,516.19,334.34,67.06,178.54,0.8407,-1,-1,-1
607,24,729.58,176.64,71.38,171.13,0.7125,-1,-1,-1
607,25,444.92,237.08,67.20,148.41,0.7835,-1,-1,-1
607,27,415.60,107.09,69.93,128.01,0.6374,-1,-1,-1
607,20,422.04,524.01,60.15,59.51,0.5559,-1,-1,-1
607,-1,1050.96,272.50,72.92,144.51,0.5458,-1,-1,-1
608,5,827.77,331.06,58.56,164.83,0.7810,-1,-1,-1
608,9,682.74,204.21,64.22,164.63,0.8242,-1,-1,-1
608,11,233.07,237.20,55.43,144.33,0.8430,-1,-1,-1
608,16,921.59,434.95,93.00,168.12,0.8343,-1,-1,-1
608,19,473.31,136.79,88.46,131.08,0.6948,-1,-1,-1
608,20,429.86,526.19,53.11,57.63,0.6002,-1,-1,-1
608,22,353.45,414.78,79.66,164.03,0.8378,-1,-1,-1
608,23,523.70,333.98,61.23,179.06,0.8734,-1,-1,-1
608,24,730.95,177.82,64.66,165.42,0.7521,-1,-1,-1
608,25,440.26,240.88,77.11,147.27,0.8148,-1,-1,-1
608,27,413.79,108.50,68.41,128.39,0.6695,-1,-1,-1
608,-1,1051.80,269.85,72.11,149.63,0.5150,-1,-1,-1
609,5,828.26,335.99,59.44,163.85,0.7990,-1,-1,-1
609,9,685.15,200.70,60.18,160.59,0.8531,-1,-1,-1
609,11,218.83,243.65,57.34,136.87,0.8273,-1,-1,-1
609,16,919.25,440.77,93.08,155.30,0.8092,-1,-1,-1
609,19,470.39,131.80,89.30,141.21,0.7690,-1,-1,-1
609,22,351.75,418.40,76.14,163.69,0.8551,-1,-1,-1
609,23,531.16,332.35,56.36,179.54,0.8383,-1,-1,-1
609,24,730.45,182.30,53.37,154.11,0.7971,-1,-1,-1
609,25,436.44,247.80,83.34,145.63,0.7963,-1,-1,-1
609,27,409.64,113.72,68.70,128.36,0.6399,-1,-1,-1
609,20,438.00,529.73,46.89,54.17,0.5426,-1,-1,-1
609,-1,1053.24,264.47,72.11,160.07,0.5214,-1,-1,-1
610,5,827.48,338.82,59.88,163.78,0.7837,-1,-1,-1
610,9,684.93,198.82,64.94,159.42,0.8717,-1,-1,-1
610,11,210.62,243.84,60.22,142.69,0.7693,-1,-1,-1
610,16,918.91,443.11,92.53,155.26,0.8182,-1,-1,-1
610,19,470.33,141.27,88.35,133.54,0.7367,-1,-1,-1
610,22,351.02,419.84,77.19,163.07,0.8448,-1,-1,-1
610,23,532.60,332.00,55.79,178.47,0.8338,-1,-1,-1
610,24,731.66,185.45,51.23,153.60,0.7531,-1,-1,-1
610,25,434.78,249.45,81.13,146.71,0.7701,-1,-1,-1
610,27,407.84,107.70,68.93,136.85,0.6507,-1,-1,-1
610,-1,1051.86,264.57,74.07,161.76,0.5789,-1,-1,-1
611,5,826.92,341.52,60.84,164.19,0.8001,-1,-1,-1
611,9,685.20,196.88,69.73,157.30,0.8917,-1,-1,-1
611,11,201.96,252.20,62.39,139.09,0.7962,-1,-1,-1
611,16,917.93,445.64,92.60,163.03,0.8195,-1,-1,-1
611,19,468.08,151.45,89.60,126.05,0.7448,-1,-1,-1
611,22,350.17,422.78,81.79,160.57,0.8579,-1,-1,-1
611,23,532.94,332.51,56.66,176.82,0.8392,-1,-1,-1
611,24,733.73,188.10,49.34,140.35,0.7565,-1,-1,-1
611,25,432.49,251.84,88.29,146.85,0.7883,-1,-1,-1
611,27,406.61,121.93,68.08,124.46,0.6648,-1,-1,-1
611,-1,1051.33,265.15,75.67,160.61,0.5645,-1,-1,-1
612,5,825.73,344.68,60.98,164.13,0.7965,-1,-1,-1
612,9,684.50,196.50,71.56,158.07,0.8989,-1,-1,-1
612,11,191.95,256.11,69.42,140.08,0.8158,-1,-1,-1
612,16,917.19,449.36,91.77,169.86,0.8229,-1,-1,-1
612,19,467.14,143.80,88.93,135.91,0.7128,-1,-1,-1
612,22,349.22,425.74,87.20,158.58,0.8527,-1,-1,-1
612,23,532.47,334.40,58.34,176.20,0.8520,-1,-1,-1
612,24,733.96,193.36,48.57,135.08,0.6806,-1,-1,-1
612,25,431.07,255.67,84.20,144.85,0.8024,-1,-1,-1
612,27,405.21,105.15,68.83,143.35,0.6238,-1,-1,-1
612,-1,1050.20,266.19,75.34,159.95,0.5416,-1,-1,-1
613,5,825.32,347.50,60.55,164.51,0.8149,-1,-1,-1
613,9,680.50,195.49,74.57,161.89,0.8378,-1,-1,-1
613,11,180.56,259.70,79.26,142.11,0.8654,-1,-1,-1
613,16,916.76,452.37,91.79,167.93,0.8685,-1,-1,-1
613,19,465.69,138.19,88.32,144.80,0.6792,-1,-1,-1
613,22,349.60,429.04,89.43,156.10,0.8704,-1,-1,-1
613,23,532.11,336.71,59.54,176.50,0.8552,-1,-1,-1
613,24,733.53,199.44,48.55,131.60,0.6015,-1,-1,-1
613,25,428.98,257.80,84.91,144.77,0.8331,-1,-1,-1
613,27,404.39,104.79,68.33,146.83,0.6594,-1,-1,-1
613,-1,1050.21,266.40,48.37,146.76,0.5706,-1,-1,-1
613,-1,447.91,539.67,50.75,175.65,0.5108,-1,-1,-1
614,5,822.14,353.82,60.28,164.01,0.7978,-1,-1,-1
614,9,677.77,195.90,72.18,164.19,0.8073,-1,-1,-1
614,11,163.08,265.93,90.89,142.78,0.8887,-1,-1,-1
614,16,916.76,458.10,90.60,137.28,0.7625,-1,-1,-1
614,19,465.48,141.07,83.90,148.97,0.7849,-1,-1,-1
614,22,349.76,432.97,90.28,152.31,0.8554,-1,-1,-1
614,23,534.49,344.47,62.22,175.11,0.8272,-1,-1,-1
614,24,733.32,211.67,46.75,125.03,0.6680,-1,-1,-1
614,25,427.12,260.57,82.69,146.73,0.8145,-1,-1,-1
614,27,402.58,116.27,68.70,140.33,0.7462,-1,-1,-1
614,-1,450.93,546.06,59.15,173.87,0.5590,-1,-1,-1
615,5,821.31,356.42,60.11,164.64,0.8024,-1,-1,-1
615,9,674.00,196.84,70.01,162.49,0.7691,-1,-1,-1
615,11,159.36,268.32,88.47,143.07,0.8765,-1,-1,-1
615,16,916.52,460.81,91.02,133.80,0.7402,-1,-1,-1
615,19,464.26,156.03,84.45,134.15,0.8003,-1,-1,-1
615,22,350.00,434.80,83.82,150.06,0.8438,-1,-1,-1
615,23,536.58,348.29,64.72,174.64,0.8568,-1,-1,-1
615,24,729.72,210.62,49.29,128.90,0.6163,-1,-1,-1
615,25,426.52,261.06,80.80,147.04,0.8232,-1,-1,-1
615,27,402.18,120.49,67.06,138.88,0.7291,-1,-1,-1
615,-1,451.95,549.12,70.35,170.95,0.5741,-1,-1,-1
615,-1,1046.38,266.64,51.13,153.87,0.5295,-1,-1,-1
616,5,821.05,359.08,59.07,164.69,0.8009,-1,-1,-1
616,9,667.51,198.11,73.08,162.30,0.7972,-1,-1,-1
616,11,156.20,270.49,83.34,143.63,0.8846,-1,-1,-1
616,16,917.89,462.81,89.40,137.95,0.7186,-1,-1,-1
616,19,463.69,158.02,84.74,134.19,0.7881,-1,-1,-1
616,22,350.05,436.94,81.53,147.82,0.8477,-1,-1,-1
616,23,537.15,352.31,68.75,174.09,0.8684,-1,-1,-1
616,24,728.58,209.25,48.09,132.47,0.6327,-1,-1,-1
616,25,424.29,260.70,84.11,150.03,0.8346,-1,-1,-1
616,27,402.46,111.43,67.62,149.93,0.6715,-1,-1,-1
616,-1,451.12,551.83,81.65,168.36,0.6187,-1,-1,-1
617,5,820.64,361.97,58.66,164.06,0.8199,-1,-1,-1
617,9,661.37,198.66,81.01,161.66,0.8284,-1,-1,-1
617,11,153.92,271.81,79.56,144.46,0.9068,-1,-1,-1
617,16,919.75,464.70,87.57,140.01,0.7683,-1,-1,-1
617,19,463.45,158.39,89.58,135.52,0.7496,-1,-1,-1
617,22,350.18,438.20,75.49,146.11,0.8592,-1,-1,-1
617,23,529.89,355.08,81.32,174.54,0.8467,-1,-1,-1
617,24,717.18,208.00,59.09,134.94,0.6788,-1,-1,-1
617,25,421.85,260.90,83.88,150.91,0.8476,-1,-1,-1
617,27,401.89,120.34,65.13,142.81,0.7344,-1,-1,-1
617,-1,450.12,554.40,92.49,165.91,0.5882,-1,-1,-1
618,5,820.52,363.93,56.96,164.24,0.7844,-1,-1,-1
618,9,655.77,203.06,91.34,159.59,0.8152,-1,-1,-1
618,11,148.08,272.12,78.45,146.09,0.9078,-1,-1,-1
618,16,920.75,466.75,87.29,123.27,0.7583,-1,-1,-1
618,19,462.97,157.24,92.74,137.80,0.7307,-1,-1,-1
618,22,350.37,438.78,76.76,146.00,0.8621,-1,-1,-1
618,23,535.07,356.88,79.69,174.83,0.8904,-1,-1,-1
618,24,718.53,206.43,57.63,134.89,0.6190,-1,-1,-1
618,25,419.47,261.24,84.52,152.12,0.8335,-1,-1,-1
618,27,400.84,122.41,65.72,142.55,0.7378,-1,-1,-1
618,-1,448.44,557.26,100.14,163.15,0.5477,-1,-1,-1
618,-1,1042.46,271.65,54.68,155.54,0.5207,-1,-1,-1
619,5,817.96,367.21,56.67,164.61,0.7721,-1,-1,-1
619,9,644.40,206.45,99.24,159.02,0.7624,-1,-1,-1
619,11,134.81,272.94,76.61,149.06,0.8899,-1,-1,-1
619,16,924.27,469.74,85.08,124.30,0.7684,-1,-1,-1
619,19,462.07,160.82,85.52,137.17,0.6759,-1,-1,-1
619,22,351.99,440.54,79.54,144.77,0.8664,-1,-1,-1
619,23,535.71,357.76,85.10,177.31,0.9004,-1,-1,-1
619,25,413.22,262.94,85.98,149.88,0.8282,-1,-1,-1
619,27,398.72,114.23,69.62,154.31,0.6997,-1,-1,-1
619,24,721.15,207.95,55.35,133.26,0.5401,-1,-1,-1
619,-1,1040.17,269.80,50.32,154.26,0.5590,-1,-1,-1
620,5,817.18,368.74,54.82,164.65,0.8182,-1,-1,-1
620,11,127.88,274.59,74.38,148.58,0.8854,-1,-1,-1
620,16,925.69,470.90,84.81,140.90,0.7690,-1,-1,-1
620,19,450.39,160.18,90.97,139.45,0.7056,-1,-1,-1
620,22,352.93,440.94,80.40,144.36,0.8741,-1,-1,-1
620,23,538.61,358.25,82.87,178.21,0.8961,-1,-1,-1
620,25,406.82,264.73,91.90,148.68,0.8376,-1,-1,-1
620,27,397.39,120.87,64.52,150.24,0.7821,-1,-1,-1
620,9,642.98,207.88,126.85,158.25,0.5377,-1,-1,-1
620,-1,1039.38,267.78,49.51,156.21,0.6144,-1,-1,-1
621,5,816.11,370.51,54.99,164.16,0.8266,-1,-1,-1
621,9,641.72,209.28,97.16,158.73,0.6861,-1,-1,-1
621,11,119.53,276.43,71.67,147.99,0.8883,-1,-1,-1
621,16,927.91,472.05,83.50,139.53,0.8002,-1,-1,-1
621,19,457.64,166.67,88.81,134.48,0.7367,-1,-1,-1
621,22,355.74,441.42,80.05,144.23,0.8758,-1,-1,-1
621,23,541.73,358.56,79.24,178.11,0.8923,-1,-1,-1
621,25,398.72,266.68,98.89,148.33,0.8393,-1,-1,-1
621,27,395.45,131.00,84.24,141.62,0.7498,-1,-1,-1
621,-1,1037.87,267.36,49.24,146.55,0.5548,-1,-1,-1
621,-1,448.13,564.89,94.82,155.17,0.5147,-1,-1,-1
621,-1,719.16,209.80,64.68,117.06,0.5048,-1,-1,-1
622,5,815.59,371.83,54.47,164.13,0.8111,-1,-1,-1
622,9,637.71,209.19,96.01,159.01,0.7579,-1,-1,-1
622,11,104.70,277.92,75.68,148.02,0.8950,-1,-1,-1
622,16,929.19,473.44,82.45,139.02,0.8117,-1,-1,-1
622,19,440.06,158.58,99.72,144.05,0.7552,-1,-1,-1
622,22,358.35,441.67,79.95,143.56,0.8777,-1,-1,-1
622,23,544.52,358.46,75.70,178.45,0.8819,-1,-1,-1
622,25,387.74,268.84,107.85,148.04,0.8397,-1,-1,-1
622,27,391.39,122.26,78.17,148.16,0.6321,-1,-1,-1
622,-1,1035.05,266.74,51.95,157.95,0.5870,-1,-1,-1
622,-1,718.38,208.38,66.68,113.69,0.5464,-1,-1,-1
622,-1,448.96,565.79,92.91,154.27,0.5207,-1,-1,-1
623,5,815.43,372.69,53.72,164.73,0.8015,-1,-1,-1
623,9,636.24,209.20,91.48,158.60,0.8175,-1,-1,-1
623,11,91.54,278.96,80.58,148.26,0.8997,-1,-1,-1
623,16,930.56,474.43,81.84,138.20,0.8199,-1,-1,-1
623,19,439.44,159.32,100.30,144.52,0.7986,-1,-1,-1
623,22,360.88,441.63,80.55,143.07,0.8741,-1,-1,-1
623,23,547.49,357.91,72.15,178.39,0.9067,-1,-1,-1
623,25,381.77,272.73,112.83,144.34,0.8624,-1,-1,-1
623,27,387.30,126.40,72.54,142.30,0.7734,-1,-1,-1
623,24,716.03,206.94,67.82,114.00,0.6306,-1,-1,-1
623,-1,1033.28,263.36,54.57,153.36,0.5664,-1,-1,-1
624,5,815.35,372.77,53.20,165.45,0.7904,-1,-1,-1
624,9,636.10,210.78,93.13,155.49,0.8429,-1,-1,-1
624,11,79.63,280.35,90.69,147.43,0.9135,-1,-1,-1
624,16,932.92,474.38,79.73,142.44,0.8368,-1,-1,-1
624,19,433.83,160.03,105.83,143.98,0.7836,-1,-1,-1
624,22,361.91,441.96,81.91,142.59,0.8879,-1,-1,-1
624,23,550.57,356.33,68.91,179.17,0.9043,-1,-1,-1
624,24,714.71,206.82,67.51,113.18,0.6578,-1,-1,-1
624,25,376.44,275.78,117.25,139.04,0.8817,-1,-1,-1
624,27,384.57,132.97,74.72,135.82,0.7717,-1,-1,-1
624,-1,1030.52,260.66,52.26,147.27,0.5802,-1,-1,-1
625,5,816.73,372.76,51.69,166.63,0.7770,-1,-1,-1
625,9,630.95,210.40,100.47,144.40,0.8333,-1,-1,-1
625,11,58.90,282.38,107.90,145.97,0.9249,-1,-1,-1
625,16,937.49,474.64,76.17,137.50,0.8290,-1,-1,-1
625,19,434.60,161.52,105.10,142.41,0.8380,-1,-1,-1
625,22,363.41,442.45,84.28,140.81,0.8879,-1,-1,-1
625,23,551.97,352.45,66.89,179.90,0.9131,-1,-1,-1
625,24,714.03,207.27,69.53,112.17,0.6831,-1,-1,-1
625,25,369.36,279.39,124.31,136.93,0.9010,-1,-1,-1
625,27,381.98,137.20,76.22,133.76,0.8048,-1,-1,-1
625,-1,1026.26,254.86,62.58,153.67,0.5050,-1,-1,-1
626,5,818.26,372.16,50.15,167.77,0.7773,-1,-1,-1
626,9,630.43,211.13,102.69,138.86,0.8413,-1,-1,-1
626,11,54.42,283.47,110.28,144.84,0.9321,-1,-1,-1
626,16,938.90,474.55,74.99,130.79,0.8152,-1,-1,-1
626,19,435.85,163.63,103.66,141.65,0.8381,-1,-1,-1
626,22,364.60,443.03,84.29,141.01,0.8821,-1,-1,-1
626,23,551.06,350.29,68.21,178.87,0.9076,-1,-1,-1
626,24,713.40,206.85,69.93,113.49,0.6742,-1,-1,-1
626,25,367.05,279.47,126.63,137.81,0.8989,-1,-1,-1
626,27,382.44,139.70,74.84,132.10,0.8293,-1,-1,-1
627,5,819.01,371.56,50.05,168.47,0.7695,-1,-1,-1
627,9,637.61,210.47,98.91,135.49,0.8150,-1,-1,-1
627,11,52.19,284.84,109.37,144.13,0.9230,-1,-1,-1
627,16,939.78,474.54,74.52,143.89,0.8199,-1,-1,-1
627,19,432.80,165.74,107.27,140.90,0.8369,-1,-1,-1
627,22,366.57,444.75,84.36,140.03,0.8858,-1,-1,-1
627,23,550.41,348.64,71.37,177.02,0.9010,-1,-1,-1
627,24,711.53,205.16,72.43,114.93,0.6920,-1,-1,-1
627,25,363.86,278.73,129.11,138.81,0.8813,-1,-1,-1
627,27,382.23,139.77,74.70,135.54,0.8176,-1,-1,-1
628,5,819.79,370.55,49.23,169.30,0.7933,-1,-1,-1
628,9,646.20,207.93,95.17,134.62,0.8060,-1,-1,-1
628,11,51.37,284.55,104.98,145.17,0.9208,-1,-1,-1
628,16,939.96,474.27,74.39,144.74,0.8154,-1,-1,-1
628,19,432.81,167.63,109.97,140.23,0.8169,-1,-1,-1
628,22,368.43,446.22,83.09,138.57,0.8816,-1,-1,-1
628,23,549.36,347.47,74.88,174.27,0.9071,-1,-1,-1
628,24,708.90,203.97,75.05,114.30,0.6597,-1,-1,-1
628,25,359.20,277.37,127.27,139.85,0.8733,-1,-1,-1
628,27,381.85,139.45,74.42,138.10,0.8068,-1,-1,-1
629,5,819.96,369.08,49.56,170.00,0.7896,-1,-1,-1
629,9,655.68,205.41,90.45,134.50,0.8169,-1,-1,-1
629,11,50.57,283.17,98.23,146.27,0.9205,-1,-1,-1
629,16,939.93,473.97,74.44,145.16,0.8279,-1,-1,-1
629,19,432.55,166.67,107.39,140.67,0.8623,-1,-1,-1
629,22,369.80,448.48,82.73,136.14,0.8720,-1,-1,-1
629,23,549.34,346.85,77.15,172.50,0.9094,-1,-1,-1
629,24,707.29,201.84,76.81,115.15,0.6524,-1,-1,-1
629,25,353.23,275.16,125.46,140.96,0.8855,-1,-1,-1
629,27,380.45,137.68,75.91,139.06,0.7882,-1,-1,-1
630,5,821.94,366.39,49.94,171.46,0.7718,-1,-1,-1
630,9,656.70,195.08,97.39,142.37,0.8388,-1,-1,-1
630,11,50.34,277.78,75.49,150.69,0.9179,-1,-1,-1
630,16,938.15,473.06,75.27,145.30,0.8278,-1,-1,-1
630,19,440.93,165.23,99.37,140.67,0.8389,-1,-1,-1
630,22,371.50,450.67,84.27,133.67,0.8545,-1,-1,-1
630,23,549.53,347.54,82.82,168.58,0.9027,-1,-1,-1
630,25,346.45,269.25,113.40,145.49,0.8852,-1,-1,-1
630,27,366.81,135.45,89.74,145.17,0.7526,-1,-1,-1
631,5,822.23,365.01,50.60,172.12,0.7471,-1,-1,-1
631,9,656.55,193.14,99.84,144.21,0.8354,-1,-1,-1
631,11,50.28,274.91,73.55,153.20,0.9026,-1,-1,-1
631,16,937.02,473.19,75.70,145.09,0.8126,-1,-1,-1
631,19,451.17,164.89,89.16,139.78,0.8456,-1,-1,-1
631,22,373.06,451.31,84.45,133.01,0.8234,-1,-1,-1
631,23,548.32,349.48,86.27,167.67,0.8970,-1,-1,-1
631,25,343.96,266.59,104.86,147.86,0.8886,-1,-1,-1
631,27,364.99,132.17,89.37,143.48,0.7820,-1,-1,-1
632,5,822.98,363.39,51.05,173.23,0.7496,-1,-1,-1
632,9,657.50,191.80,99.22,144.99,0.8171,-1,-1,-1
632,11,47.52,273.05,73.26,155.34,0.8917,-1,-1,-1
632,16,935.47,473.20,76.11,144.83,0.8416,-1,-1,-1
632,19,454.98,163.74,85.19,140.86,0.8576,-1,-1,-1
632,22,374.57,451.49,85.55,132.82,0.8234,-1,-1,-1
632,23,546.80,352.50,91.88,163.25,0.8801,-1,-1,-1
632,25,342.60,263.43,92.73,150.41,0.8826,-1,-1,-1
632,27,376.53,131.99,76.02,142.98,0.8041,-1,-1,-1
632,-1,694.77,190.95,88.65,118.21,0.5422,-1,-1,-1
633,5,823.19,362.34,51.05,173.46,0.7586,-1,-1,-1
633,9,657.96,189.48,99.44,146.64,0.8487,-1,-1,-1
633,11,42.67,272.73,74.63,156.61,0.8652,-1,-1,-1
633,16,933.49,473.84,76.89,144.18,0.8477,-1,-1,-1
633,19,456.17,163.09,83.82,140.76,0.8595,-1,-1,-1
633,22,375.87,451.93,87.85,132.43,0.8706,-1,-1,-1
633,23,547.29,354.75,93.40,160.15,0.9043,-1,-1,-1
633,25,341.57,260.87,77.62,151.88,0.8849,-1,-1,-1
633,27,376.76,131.45,74.04,143.39,0.7680,-1,-1,-1
634,5,824.34,361.58,50.92,173.42,0.7839,-1,-1,-1
634,9,658.01,186.47,100.93,148.21,0.8311,-1,-1,-1
634,11,34.80,272.29,78.23,158.03,0.8918,-1,-1,-1
634,16,931.87,474.15,77.73,143.82,0.8414,-1,-1,-1
634,19,456.87,165.05,83.56,138.08,0.8463,-1,-1,-1
634,22,377.74,451.45,89.09,132.63,0.8730,-1,-1,-1
634,23,547.50,356.01,93.86,158.98,0.8899,-1,-1,-1
634,25,341.48,258.70,66.10,153.74,0.8798,-1,-1,-1
634,27,377.10,128.16,71.33,145.90,0.7624,-1,-1,-1
635,5,825.06,359.83,52.05,173.87,0.8221,-1,-1,-1
635,9,661.19,183.23,99.78,150.43,0.8136,-1,-1,-1
635,11,16.96,273.11,87.41,156.81,0.9200,-1,-1,-1
635,16,927.59,474.52,79.53,143.53,0.8290,-1,-1,-1
635,19,459.95,162.71,80.70,138.87,0.8505,-1,-1,-1
635,22,383.29,450.12,90.38,133.13,0.8823,-1,-1,-1
635,23,548.26,354.49,95.36,158.70,0.8874,-1,-1,-1
635,25,338.88,256.90,56.85,159.96,0.8617,-1,-1,-1
635,27,379.74,127.09,67.49,145.10,0.7759,-1,-1,-1
636,5,825.55,358.28,52.69,174.77,0.8157,-1,-1,-1
636,9,665.66,178.95,95.55,153.22,0.7794,-1,-1,-1
636,11,11.13,272.99,88.77,156.29,0.9364,-1,-1,-1
636,16,925.16,474.21,81.37,144.22,0.8485,-1,-1,-1
636,19,461.20,162.09,79.00,138.23,0.8596,-1,-1,-1
636,22,387.52,449.41,89.59,133.85,0.8868,-1,-1,-1
636,23,547.95,352.93,95.91,159.02,0.8918,-1,-1,-1
636,25,337.96,257.28,54.68,163.77,0.8617,-1,-1,-1
636,27,380.18,125.81,66.59,145.73,0.7562,-1,-1,-1
637,5,826.64,357.68,53.80,174.52,0.8269,-1,-1,-1
637,9,661.18,177.72,100.97,153.41,0.8100,-1,-1,-1
637,11,5.47,273.21,91.43,155.03,0.9329,-1,-1,-1
637,16,923.38,473.39,82.91,144.59,0.8491,-1,-1,-1
637,19,462.77,161.17,79.19,137.84,0.8556,-1,-1,-1
637,22,391.17,448.61,88.13,135.44,0.8985,-1,-1,-1
637,23,546.74,350.52,96.00,160.45,0.8733,-1,-1,-1
637,25,335.78,259.04,53.52,164.40,0.8387,-1,-1,-1
637,27,383.01,125.01,63.49,145.91,0.7962,-1,-1,-1
638,5,827.40,356.92,54.60,174.67,0.8078,-1,-1,-1
638,9,656.41,175.18,107.87,155.14,0.8425,-1,-1,-1
638,11,2.34,272.84,91.94,154.68,0.9367,-1,-1,-1
638,16,921.98,472.79,85.00,145.06,0.8695,-1,-1,-1
638,19,463.87,160.67,81.08,137.49,0.8447,-1,-1,-1
638,22,394.80,447.65,87.36,137.18,0.8997,-1,-1,-1
638,23,545.64,348.42,95.28,162.17,0.8909,-1,-1,-1
638,25,333.35,261.46,52.29,164.24,0.8546,-1,-1,-1
638,27,384.74,125.10,61.11,144.97,0.8029,-1,-1,-1
639,5,829.56,356.81,55.16,173.56,0.7851,-1,-1,-1
639,9,665.02,173.36,101.01,156.80,0.8256,-1,-1,-1
639,11,2.05,271.76,90.73,154.79,0.9298,-1,-1,-1
639,16,920.73,472.32,87.98,146.07,0.8641,-1,-1,-1
639,19,467.56,158.00,80.40,139.59,0.8395,-1,-1,-1
639,22,398.34,446.91,85.82,138.79,0.9055,-1,-1,-1
639,23,545.09,346.68,93.65,163.11,0.8922,-1,-1,-1
639,25,326.14,263.62,57.93,164.47,0.8440,-1,-1,-1
639,27,385.29,125.09,61.23,144.16,0.8018,-1,-1,-1
640,5,833.76,356.28,55.59,173.19,0.8058,-1,-1,-1
640,9,666.03,170.75,104.01,156.32,0.7823,-1,-1,-1
640,11,3.11,268.00,91.56,157.30,0.9223,-1,-1,-1
640,16,919.15,471.21,93.46,148.35,0.8669,-1,-1,-1
640,19,476.13,153.06,77.69,142.87,0.7978,-1,-1,-1
640,22,405.14,444.80,82.95,139.96,0.8906,-1,-1,-1
640,23,545.88,343.92,86.61,164.79,0.8755,-1,-1,-1
640,25,319.76,266.96,59.56,164.03,0.8649,-1,-1,-1
640,27,389.01,122.87,61.21,145.30,0.7986,-1,-1,-1
640,-1,558.58,546.30,64.50,173.56,0.5471,-1,-1,-1
641,5,837.18,356.05,54.50,173.61,0.8020,-1,-1,-1
641,9,665.12,169.58,107.13,155.87,0.8082,-1,-1,-1
641,11,4.37,264.23,91.14,160.25,0.9006,-1,-1,-1
641,16,918.80,471.18,95.29,148.47,0.8546,-1,-1,-1
641,19,480.47,152.79,75.85,142.69,0.8107,-1,-1,-1
641,22,407.73,443.40,82.53,140.49,0.8973,-1,-1,-1
641,23,544.08,342.25,83.72,166.23,0.8839,-1,-1,-1
641,25,321.85,267.86,56.19,164.02,0.8741,-1,-1,-1
641,27,390.35,120.95,62.02,146.59,0.8143,-1,-1,-1
641,-1,568.63,544.37,58.31,175.77,0.5703,-1,-1,-1
642,5,840.61,355.98,52.77,173.86,0.8112,-1,-1,-1
642,9,673.52,169.72,99.83,153.55,0.7338,-1,-1,-1
642,11,7.83,250.00,89.85,174.30,0.8859,-1,-1,-1
642,16,919.05,470.71,96.58,148.94,0.8555,-1,-1,-1
642,19,488.01,152.81,70.51,140.44,0.8024,-1,-1,-1
642,22,410.93,443.43,80.66,141.18,0.8870,-1,-1,-1
642,23,542.79,340.25,79.93,167.32,0.8716,-1,-1,-1
642,25,324.03,268.41,53.67,161.85,0.8781,-1,-1,-1
642,27,394.13,119.32,59.95,147.94,0.8249,-1,-1,-1
643,5,844.05,355.90,51.51,174.50,0.8085,-1,-1,-1
643,9,673.37,167.08,83.88,147.41,0.6817,-1,-1,-1
643,11,11.00,269.93,88.39,152.56,0.9166,-1,-1,-1
643,16,918.30,470.39,100.86,148.80,0.8461,-1,-1,-1
643,19,499.27,152.95,63.31,137.74,0.7641,-1,-1,-1
643,22,412.60,443.78,80.65,140.02,0.8963,-1,-1,-1
643,23,544.22,338.76,71.32,167.05,0.8582,-1,-1,-1
643,25,324.78,268.14,52.18,161.39,0.8730,-1,-1,-1
643,27,394.54,119.00,60.12,147.25,0.8145,-1,-1,-1
644,5,847.11,356.03,52.91,174.70,0.8005,-1,-1,-1
644,9,670.93,166.14,93.02,150.48,0.6863,-1,-1,-1
644,11,13.61,262.78,86.21,158.17,0.8967,-1,-1,-1
644,16,917.52,469.62,105.18,149.53,0.8230,-1,-1,-1
644,19,510.12,150.56,55.78,140.71,0.7637,-1,-1,-1
644,22,414.39,445.43,81.18,138.09,0.9015,-1,-1,-1
644,23,545.29,337.17,63.02,168.16,0.8404,-1,-1,-1
644,25,324.81,267.71,52.41,160.76,0.8822,-1,-1,-1
644,27,396.32,116.39,65.78,148.13,0.7925,-1,-1,-1
644,-1,590.73,540.29,41.06,42.96,0.5030,-1,-1,-1
645,5,853.16,355.76,52.68,173.28,0.8120,-1,-1,-1
645,9,679.53,157.59,72.69,155.77,0.7181,-1,-1,-1
645,11,22.60,260.30,72.82,159.51,0.9135,-1,-1,-1
645,16,916.93,467.36,112.45,152.87,0.7885,-1,-1,-1
645,19,527.25,148.25,46.63,139.94,0.7469,-1,-1,-1
645,22,419.59,450.13,79.80,135.43,0.8867,-1,-1,-1
645,23,548.29,335.84,59.58,166.19,0.8520,-1,-1,-1
645,25,325.49,265.07,52.89,160.69,0.8811,-1,-1,-1
645,27,392.35,114.59,76.99,147.47,0.7944,-1,-1,-1
646,5,857.54,355.78,50.73,171.84,0.8039,-1,-1,-1
646,9,679.69,152.85,68.70,158.73,0.7179,-1,-1,-1
646,11,27.19,261.48,64.81,157.73,0.9058,-1,-1,-1
646,16,916.46,466.10,119.40,154.19,0.8344,-1,-1,-1
646,19,530.93,145.72,46.27,141.85,0.7316,-1,-1,-1
646,22,421.58,452.72,80.15,132.39,0.8929,-1,-1,-1
646,23,549.38,335.72,61.32,165.13,0.8590,-1,-1,-1
646,25,326.64,263.67,52.16,160.23,0.8880,-1,-1,-1
646,27,388.19,113.82,89.24,147.17,0.8041,-1,-1,-1
646,-1,607.77,535.41,81.19,179.70,0.6036,-1,-1,-1
647,5,860.62,355.25,50.16,170.63,0.8106,-1,-1,-1
647,9,683.22,156.18,59.05,151.53,0.6899,-1,-1,-1
647,11,32.15,261.13,60.12,156.78,0.9155,-1,-1,-1
647,16,916.76,464.95,120.16,154.63,0.8153,-1,-1,-1
647,19,537.72,144.14,45.49,142.17,0.7397,-1,-1,-1
647,22,424.30,454.77,79.20,130.14,0.8816,-1,-1,-1
647,23,543.55,335.76,69.63,162.96,0.8585,-1,-1,-1
647,25,327.22,262.68,53.00,159.35,0.8744,-1,-1,-1
647,27,387.48,113.18,95.39,146.31,0.7995,-1,-1,-1
647,-1,612.34,533.55,89.61,179.20,0.5270,-1,-1,-1
648,5,863.07,355.14,50.85,169.53,0.8187,-1,-1,-1
648,9,681.41,153.75,57.75,153.21,0.6737,-1,-1,-1
648,11,36.04,259.44,58.11,157.31,0.8994,-1,-1,-1
648,16,917.75,463.04,123.41,156.59,0.8507,-1,-1,-1
648,19,541.93,142.74,46.01,143.37,0.7560,-1,-1,-1
648,22,428.05,456.72,77.03,127.62,0.8704,-1,-1,-1
648,23,535.67,336.53,82.16,161.45,0.8834,-1,-1,-1
648,25,324.97,261.51,56.21,158.85,0.8602,-1,-1,-1
648,27,388.64,114.01,98.87,144.44,0.8014,-1,-1,-1
648,-1,618.42,532.52,52.58,50.18,0.5716,-1,-1,-1
649,5,865.31,354.86,51.97,168.19,0.8389,-1,-1,-1
649,9,674.10,152.17,66.10,152.59,0.7760,-1,-1,-1
649,11,38.49,257.77,58.34,157.81,0.9122,-1,-1,-1
649,16,918.53,461.42,125.78,158.68,0.8623,-1,-1,-1
649,19,545.33,144.18,46.52,139.82,0.7574,-1,-1,-1
649,22,431.04,456.61,76.21,126.91,0.8652,-1,-1,-1
649,23,532.35,337.25,88.14,160.01,0.9096,-1,-1,-1
649,25,316.27,260.78,66.30,158.09,0.8839,-1,-1,-1
649,27,390.61,109.32,101.81,148.07,0.8184,-1,-1,-1
649,-1,392.28,110.74,100.06,147.01,0.5896,-1,-1,-1
650,5,867.60,354.01,54.76,166.11,0.7184,-1,-1,-1
650,9,671.53,150.26,69.29,155.75,0.7808,-1,-1,-1
650,11,43.59,255.45,58.15,157.10,0.9043,-1,-1,-1
650,16,920.27,458.42,129.02,161.62,0.8349,-1,-1,-1
650,19,556.46,145.34,43.23,136.70,0.7470,-1,-1,-1
650,22,436.91,457.44,74.30,125.70,0.8324,-1,-1,-1
650,23,531.10,338.39,95.05,158.38,0.8713,-1,-1,-1
650,25,312.26,258.98,73.20,157.15,0.8951,-1,-1,-1
650,27,396.04,108.80,102.40,145.98,0.7988,-1,-1,-1
650,-1,635.39,528.68,58.59,55.12,0.6246,-1,-1,-1
651,5,869.98,353.16,53.71,165.24,0.7451,-1,-1,-1
651,9,670.26,149.83,68.90,157.72,0.7637,-1,-1,-1
651,11,45.47,254.44,59.15,156.70,0.9108,-1,-1,-1
651,16,921.69,456.77,130.30,169.03,0.7984,-1,-1,-1
651,19,559.82,143.08,44.86,137.72,0.7691,-1,-1,-1
651,22,439.91,456.78,73.20,126.44,0.7677,-1,-1,-1
651,23,533.79,338.58,92.43,156.72,0.8776,-1,-1,-1
651,25,314.99,258.09,73.03,156.88,0.9047,-1,-1,-1
651,27,399.44,108.59,100.51,145.09,0.7668,-1,-1,-1
651,-1,640.43,527.14,61.66,56.75,0.6173,-1,-1,-1
652,5,873.63,352.16,52.06,164.39,0.7782,-1,-1,-1
652,9,666.91,149.05,71.99,161.03,0.7590,-1,-1,-1
652,11,47.78,253.57,58.17,156.47,0.9185,-1,-1,-1
652,16,922.72,454.96,132.40,173.23,0.8036,-1,-1,-1
652,19,565.23,139.21,43.69,140.45,0.7551,-1,-1,-1
652,22,442.30,454.88,72.83,129.07,0.7959,-1,-1,-1
652,23,536.36,338.88,87.74,155.06,0.8899,-1,-1,-1
652,25,318.12,256.76,70.47,156.87,0.9008,-1,-1,-1
652,27,405.23,107.09,96.26,145.54,0.8081,-1,-1,-1
652,-1,647.75,525.87,62.16,57.98,0.6159,-1,-1,-1
653,5,876.01,351.58,51.62,163.70,0.8092,-1,-1,-1
653,9,664.68,148.73,76.38,165.70,0.7952,-1,-1,-1
653,11,50.00,252.76,57.53,156.87,0.9123,-1,-1,-1
653,16,924.16,453.59,132.11,172.37,0.8464,-1,-1,-1
653,19,567.12,133.92,44.73,144.48,0.7471,-1,-1,-1
653,22,444.56,454.38,73.98,129.97,0.8461,-1,-1,-1
653,23,539.42,338.90,81.33,153.48,0.8851,-1,-1,-1
653,25,321.18,255.92,68.40,156.08,0.9027,-1,-1,-1
653,27,413.31,107.88,89.54,144.00,0.8374,-1,-1,-1
653,-1,653.36,524.47,64.31,59.32,0.6234,-1,-1,-1
654,5,877.89,350.56,51.24,163.58,0.8168,-1,-1,-1
654,9,662.00,148.72,78.79,167.51,0.7780,-1,-1,-1
654,11,52.32,252.21,56.03,156.35,0.9143,-1,-1,-1
654,16,924.62,452.10,133.53,172.03,0.8744,-1,-1,-1
654,19,570.48,137.03,44.42,140.76,0.7514,-1,-1,-1
654,22,446.81,453.11,73.90,131.19,0.8427,-1,-1,-1
654,23,541.31,338.70,75.10,152.09,0.8704,-1,-1,-1
654,25,324.70,254.86,64.86,156.33,0.9097,-1,-1,-1
654,27,418.83,107.44,84.51,143.09,0.7912,-1,-1,-1
654,-1,659.70,522.68,64.96,60.81,0.6551,-1,-1,-1
655,5,878.86,348.66,53.42,162.75,0.8019,-1,-1,-1
655,9,655.17,155.07,90.69,163.56,0.7914,-1,-1,-1
655,11,56.30,250.72,54.44,156.93,0.8808,-1,-1,-1
655,16,925.96,449.37,133.83,172.45,0.8882,-1,-1,-1
655,19,576.47,138.76,46.99,137.23,0.7649,-1,-1,-1
655,22,450.99,453.25,75.84,130.82,0.8515,-1,-1,-1
655,23,542.96,337.82,69.97,154.93,0.8428,-1,-1,-1
655,25,329.77,253.17,59.95,155.79,0.8915,-1,-1,-1
655,27,432.53,105.63,75.17,141.25,0.7688,-1,-1,-1
655,-1,672.55,518.96,67.05,64.94,0.7516,-1,-1,-1
656,5,876.86,347.72,56.30,162.46,0.8287,-1,-1,-1
656,9,651.38,158.46,92.03,160.89,0.8151,-1,-1,-1
656,11,56.08,250.56,58.09,156.60,0.8903,-1,-1,-1
656,16,926.65,448.02,133.61,172.57,0.8758,-1,-1,-1
656,19,582.59,140.75,45.85,134.70,0.7898,-1,-1,-1
656,22,453.60,453.98,75.27,130.31,0.8574,-1,-1,-1
656,23,540.79,337.88,70.23,159.69,0.8671,-1,-1,-1
656,25,330.88,252.94,57.43,156.16,0.8898,-1,-1,-1
656,27,441.90,104.48,65.30,140.99,0.8108,-1,-1,-1
656,28,677.76,517.44,66.86,66.23,0.7414,-1,-1,-1
657,5,876.77,347.41,57.83,161.89,0.8492,-1,-1,-1
657,9,649.61,159.25,90.29,160.30,0.8310,-1,-1,-1
657,11,56.28,250.55,60.00,156.37,0.8991,-1,-1,-1
657,16,927.44,446.61,133.95,173.28,0.8430,-1,-1,-1
657,19,585.45,142.01,48.40,132.89,0.7955,-1,-1,-1
657,22,456.08,454.07,75.06,130.20,0.8415,-1,-1,-1
657,23,540.24,338.43,71.57,164.19,0.8824,-1,-1,-1
657,25,331.10,253.02,56.84,156.38,0.8930,-1,-1,-1
657,27,449.00,103.71,58.67,141.15,0.8074,-1,-1,-1
657,28,682.64,516.13,67.40,67.24,0.6979,-1,-1,-1
658,5,877.26,346.27,57.99,161.26,0.8667,-1,-1,-1
658,9,645.37,159.68,91.35,159.90,0.7658,-1,-1,-1
658,11,56.13,250.51,64.09,155.65,0.9057,-1,-1,-1
658,16,927.98,445.11,134.12,174.12,0.8754,-1,-1,-1
658,19,587.52,142.43,51.24,131.60,0.7900,-1,-1,-1
658,22,458.18,454.44,75.98,129.79,0.8351,-1,-1,-1
658,23,539.74,339.21,73.29,167.10,0.8806,-1,-1,-1
658,25,331.18,252.91,57.15,156.66,0.8951,-1,-1,-1
658,27,457.63,103.86,51.00,140.08,0.7758,-1,-1,-1
658,28,687.13,514.84,68.24,68.75,0.7644,-1,-1,-1
659,5,878.39,345.33,57.64,161.34,0.8718,-1,-1,-1
659,9,673.98,163.38,62.92,155.81,0.8252,-1,-1,-1
659,11,57.60,250.36,64.52,155.19,0.9003,-1,-1,-1
659,16,929.34,443.68,133.54,175.06,0.8823,-1,-1,-1
659,19,589.35,141.15,54.27,132.38,0.8211,-1,-1,-1
659,22,460.45,455.59,76.65,128.36,0.8289,-1,-1,-1
659,23,539.38,340.12,75.31,170.63,0.8736,-1,-1,-1
659,25,331.31,253.28,57.53,155.63,0.8921,-1,-1,-1
659,27,462.42,103.23,45.68,138.72,0.7885,-1,-1,-1
659,28,692.19,513.74,68.29,69.51,0.7313,-1,-1,-1
660,5,881.21,342.98,56.04,160.84,0.8639,-1,-1,-1
660,9,670.44,170.31,65.23,146.74,0.7480,-1,-1,-1
660,11,62.48,250.84,64.30,152.13,0.8900,-1,-1,-1
660,16,930.19,441.02,132.97,176.73,0.8720,-1,-1,-1
660,19,593.25,139.35,54.04,132.63,0.7963,-1,-1,-1
660,22,466.59,456.22,77.65,127.42,0.8375,-1,-1,-1
660,23,540.30,341.41,81.44,170.56,0.8397,-1,-1,-1
660,25,330.91,253.48,59.43,151.90,0.8727,-1,-1,-1
660,27,467.59,102.48,43.51,136.88,0.7818,-1,-1,-1
660,28,701.55,511.49,70.39,72.57,0.6951,-1,-1,-1
660,-1,1104.10,647.10,63.56,73.04,0.5105,-1,-1,-1
661,5,881.88,342.05,55.18,160.44,0.8454,-1,-1,-1
661,9,666.43,170.39,68.39,146.04,0.7879,-1,-1,-1
661,11,64.75,251.06,63.37,150.93,0.8778,-1,-1,-1
661,16,930.36,439.40,133.03,178.82,0.8823,-1,-1,-1
661,19,594.94,139.81,54.98,131.33,0.8230,-1,-1,-1
661,22,470.60,456.65,75.10,127.19,0.8500,-1,-1,-1
661,23,540.37,342.12,86.91,168.77,0.8378,-1,-1,-1
661,25,330.82,253.92,59.61,151.54,0.8798,-1,-1,-1
661,27,468.60,101.71,44.89,136.59,0.8107,-1,-1,-1
661,28,706.27,510.76,69.17,73.60,0.6771,-1,-1,-1
662,5,883.31,340.74,53.14,160.87,0.8485,-1,-1,-1
662,9,662.96,172.61,71.21,143.63,0.7554,-1,-1,-1
662,11,67.67,251.67,63.43,149.22,0.8767,-1,-1,-1
662,16,932.27,438.01,131.74,179.36,0.8674,-1,-1,-1
662,19,596.77,139.15,54.23,131.09,0.7993,-1,-1,-1
662,22,474.48,456.64,72.48,127.11,0.8502,-1,-1,-1
662,23,541.00,342.44,88.49,168.05,0.8388,-1,-1,-1
662,25,331.05,254.11,59.34,150.77,0.8939,-1,-1,-1
662,27,469.52,100.79,45.63,136.58,0.7942,-1,-1,-1
662,28,709.77,510.00,67.61,74.23,0.6601,-1,-1,-1
663,5,883.76,339.70,53.34,160.17,0.8414,-1,-1,-1
663,9,678.57,169.90,55.58,145.48,0.6700,-1,-1,-1
663,11,70.61,251.85,62.39,147.78,0.8780,-1,-1,-1
663,16,932.79,436.36,131.87,182.14,0.8605,-1,-1,-1
663,19,597.74,137.82,54.66,132.27,0.7437,-1,-1,-1
663,22,478.27,456.30,69.88,127.21,0.8430,-1,-1,-1
663,23,542.56,342.72,86.84,166.79,0.8220,-1,-1,-1
663,25,331.51,254.41,59.21,149.22,0.8929,-1,-1,-1
663,27,469.71,100.28,47.06,136.32,0.7913,-1,-1,-1
663,28,714.20,509.51,67.20,74.79,0.6785,-1,-1,-1
664,5,883.64,338.44,53.75,160.43,0.8258,-1,-1,-1
664,9,675.59,166.76,59.10,148.02,0.6437,-1,-1,-1
664,11,73.19,252.06,60.87,146.79,0.8735,-1,-1,-1
664,16,934.59,434.93,131.34,183.33,0.8384,-1,-1,-1
664,19,598.60,138.21,55.12,131.21,0.7514,-1,-1,-1
664,22,480.53,456.79,70.59,127.16,0.7899,-1,-1,-1
664,23,544.12,342.86,82.26,165.64,0.8012,-1,-1,-1
664,25,331.91,254.95,59.35,147.67,0.8883,-1,-1,-1
664,27,469.44,99.98,48.44,135.65,0.7867,-1,-1,-1
664,28,717.16,509.41,66.24,74.91,0.6924,-1,-1,-1
665,5,880.80,338.09,56.52,160.10,0.7989,-1,-1,-1
665,9,662.50,161.44,71.51,153.04,0.7816,-1,-1,-1
665,11,78.52,252.71,60.22,145.73,0.8951,-1,-1,-1
665,16,936.91,433.84,132.63,183.73,0.8662,-1,-1,-1
665,19,606.03,139.05,49.78,131.63,0.7174,-1,-1,-1
665,22,483.97,457.17,70.71,126.55,0.8494,-1,-1,-1
665,23,550.06,342.90,68.91,164.14,0.8714,-1,-1,-1
665,25,332.23,256.48,59.28,146.10,0.8933,-1,-1,-1
665,27,468.59,101.01,51.28,134.43,0.7823,-1,-1,-1
665,28,724.31,510.50,63.88,73.89,0.7343,-1,-1,-1
666,5,881.25,338.15,55.36,160.08,0.8084,-1,-1,-1
666,9,660.80,161.56,73.30,154.10,0.7288,-1,-1,-1
666,11,80.18,253.59,59.90,144.85,0.8835,-1,-1,-1
666,16,938.02,433.44,133.09,182.99,0.8809,-1,-1,-1
666,19,610.64,140.09,45.86,131.35,0.6849,-1,-1,-1
666,22,485.01,457.77,70.97,125.97,0.8668,-1,-1,-1
666,23,551.98,343.65,66.84,163.22,0.8832,-1,-1,-1
666,25,331.73,257.12,59.70,145.34,0.8875,-1,-1,-1
666,27,467.30,101.98,53.27,133.49,0.7835,-1,-1,-1
666,28,726.91,511.09,63.18,72.88,0.7532,-1,-1,-1
667,5,882.10,338.34,53.22,160.07,0.8255,-1,-1,-1
667,9,657.06,163.01,77.32,151.97,0.7000,-1,-1,-1
667,11,81.89,254.18,59.93,144.94,0.8872,-1,-1,-1
667,16,939.46,433.40,132.98,182.47,0.8886,-1,-1,-1
667,19,615.09,140.47,43.24,132.87,0.6734,-1,-1,-1
667,22,484.98,458.90,71.83,124.84,0.8570,-1,-1,-1
667,23,554.63,344.38,63.86,162.10,0.8806,-1,-1,-1
667,25,331.20,258.56,60.21,144.49,0.8932,-1,-1,-1
667,27,466.27,102.04,54.14,133.42,0.8039,-1,-1,-1
667,28,729.51,511.74,61.80,72.72,0.7266,-1,-1,-1
668,5,881.96,338.38,51.98,160.13,0.8213,-1,-1,-1
668,9,654.68,166.30,79.89,150.85,0.6285,-1,-1,-1
668,11,83.79,254.51,59.61,144.51,0.8807,-1,-1,-1
668,16,940.91,432.45,132.20,180.89,0.8789,-1,-1,-1
668,19,616.71,140.76,42.64,133.36,0.6137,-1,-1,-1
668,22,484.13,459.30,73.75,124.56,0.8462,-1,-1,-1
668,23,555.73,344.98,61.36,161.39,0.8727,-1,-1,-1
668,25,330.49,259.06,60.52,144.15,0.8899,-1,-1,-1
668,27,464.40,103.97,56.26,131.08,0.7998,-1,-1,-1
668,28,732.54,512.31,59.21,72.10,0.7172,-1,-1,-1
669,5,881.08,338.61,52.29,159.67,0.8333,-1,-1,-1
669,9,676.35,169.16,57.32,151.26,0.6377,-1,-1,-1
669,11,84.87,255.02,59.94,143.67,0.8922,-1,-1,-1
669,16,943.39,431.39,130.29,179.26,0.8950,-1,-1,-1
669,22,483.03,459.73,75.78,124.09,0.8329,-1,-1,-1
669,23,555.42,345.38,60.46,160.89,0.8845,-1,-1,-1
669,25,329.83,259.54,60.52,143.59,0.8958,-1,-1,-1
669,27,460.99,103.33,61.73,131.83,0.8054,-1,-1,-1
669,28,735.33,512.51,58.19,71.74,0.7432,-1,-1,-1
669,19,616.52,141.82,42.84,132.56,0.5415,-1,-1,-1
669,-1,645.89,173.39,52.42,132.81,0.5481,-1,-1,-1
670,5,879.55,339.28,52.16,158.39,0.8259,-1,-1,-1
670,9,654.77,178.33,77.21,152.72,0.6957,-1,-1,-1
670,11,86.76,255.67,60.60,142.91,0.8745,-1,-1,-1
670,16,950.84,428.88,123.18,175.08,0.8963,-1,-1,-1
670,22,480.43,461.12,77.44,122.82,0.8543,-1,-1,-1
670,23,547.15,348.50,67.20,160.37,0.8310,-1,-1,-1
670,25,328.29,260.64,61.08,142.25,0.8884,-1,-1,-1
670,27,454.92,103.60,65.04,131.03,0.8128,-1,-1,-1
670,28,739.97,511.58,56.36,72.37,0.7544,-1,-1,-1
671,5,879.15,339.74,52.17,157.73,0.8308,-1,-1,-1
671,9,654.46,181.47,76.65,151.39,0.7200,-1,-1,-1
671,11,87.74,255.84,60.77,142.77,0.8989,-1,-1,-1
671,16,955.10,427.68,119.03,174.56,0.8877,-1,-1,-1
671,22,479.42,462.05,77.95,121.83,0.8349,-1,-1,-1
671,23,549.34,350.30,63.13,163.46,0.7605,-1,-1,-1
671,25,328.42,261.14,60.45,141.69,0.8929,-1,-1,-1
671,27,452.28,104.05,67.19,130.79,0.8452,-1,-1,-1
671,28,741.69,511.12,55.57,72.65,0.7713,-1,-1,-1
671,-1,624.21,144.98,60.87,168.09,0.5039,-1,-1,-1
672,5,878.46,340.17,52.24,157.31,0.8196,-1,-1,-1
672,9,643.83,161.29,89.11,175.27,0.6607,-1,-1,-1
672,11,88.74,256.39,60.90,142.19,0.9032,-1,-1,-1
672,16,960.28,426.36,113.87,174.66,0.8926,-1,-1,-1
672,22,478.97,462.81,77.27,120.79,0.8382,-1,-1,-1
672,23,547.31,353.81,63.80,164.92,0.7321,-1,-1,-1
672,25,327.96,261.78,60.88,141.04,0.8962,-1,-1,-1
672,27,449.38,104.64,70.47,130.57,0.8343,-1,-1,-1
672,28,743.12,511.20,55.62,72.91,0.7548,-1,-1,-1
672,-1,624.60,153.01,59.80,160.90,0.5526,-1,-1,-1
673,5,877.92,340.66,51.43,156.93,0.8328,-1,-1,-1
673,9,656.43,188.68,75.97,152.31,0.7111,-1,-1,-1
673,11,90.57,256.72,60.30,141.80,0.8840,-1,-1,-1
673,16,965.61,425.08,107.89,175.42,0.9072,-1,-1,-1
673,22,478.95,464.44,75.74,118.83,0.8549,-1,-1,-1
673,23,547.63,355.47,60.08,166.86,0.7489,-1,-1,-1
673,25,327.84,262.15,60.93,140.89,0.8909,-1,-1,-1
673,27,446.09,105.23,73.56,130.41,0.8562,-1,-1,-1
673,28,744.30,511.08,54.96,73.16,0.7632,-1,-1,-1
673,-1,616.99,142.48,59.17,172.05,0.5002,-1,-1,-1
674,5,877.30,341.16,50.65,155.99,0.8267,-1,-1,-1
674,9,651.32,191.64,81.23,150.77,0.7574,-1,-1,-1
674,11,92.32,257.29,60.16,141.40,0.8923,-1,-1,-1
674,16,971.47,423.47,101.19,176.10,0.8900,-1,-1,-1
674,22,478.22,465.90,74.39,117.51,0.8385,-1,-1,-1
674,23,547.13,361.69,60.93,160.57,0.7545,-1,-1,-1
674,25,328.16,262.75,60.92,140.13,0.8737,-1,-1,-1
674,27,443.22,106.69,76.72,129.85,0.8468,-1,-1,-1
674,28,745.71,511.11,53.59,73.28,0.7230,-1,-1,-1
675,5,876.46,342.39,50.22,154.09,0.8233,-1,-1,-1
675,9,630.74,159.47,101.19,185.36,0.7329,-1,-1,-1
675,11,95.85,257.87,59.53,140.60,0.8899,-1,-1,-1
675,16,983.49,420.13,85.99,177.27,0.8823,-1,-1,-1
675,22,476.72,466.73,72.08,116.96,0.8044,-1,-1,-1
675,23,547.69,365.22,57.90,156.16,0.7551,-1,-1,-1
675,25,330.22,256.88,59.67,145.64,0.8326,-1,-1,-1
675,27,440.78,115.86,79.65,121.48,0.8524,-1,-1,-1
675,28,747.31,510.29,49.95,73.97,0.7143,-1,-1,-1
675,19,596.49,201.35,67.15,123.80,0.7753,-1,-1,-1
676,5,876.10,342.69,49.78,153.61,0.8191,-1,-1,-1
676,9,630.08,159.27,97.88,188.97,0.7460,-1,-1,-1
676,11,97.44,258.23,59.17,139.93,0.8860,-1,-1,-1
676,16,989.18,419.09,79.08,176.99,0.8812,-1,-1,-1
676,19,592.93,202.82,69.94,130.75,0.7320,-1,-1,-1
676,22,476.31,466.88,70.77,117.12,0.7814,-1,-1,-1
676,23,547.63,366.89,57.38,154.00,0.7433,-1,-1,-1
676,25,330.86,251.78,59.60,150.97,0.8376,-1,-1,-1
676,27,440.68,117.45,80.49,120.38,0.8549,-1,-1,-1
676,28,748.82,509.64,47.39,74.63,0.6822,-1,-1,-1
677,5,875.93,343.17,49.67,152.96,0.8053,-1,-1,-1
677,9,644.24,198.05,79.85,151.44,0.6622,-1,-1,-1
677,11,99.15,258.68,59.05,139.39,0.8864,-1,-1,-1
677,16,994.27,417.66,72.32,177.54,0.8664,-1,-1,-1
677,19,589.05,204.23,64.39,137.15,0.7413,-1,-1,-1
677,22,475.60,467.28,70.00,116.78,0.7818,-1,-1,-1
677,23,547.42,367.42,56.39,153.14,0.7479,-1,-1,-1
677,25,330.87,248.20,59.73,154.24,0.8535,-1,-1,-1
677,27,440.97,120.57,80.75,117.55,0.8199,-1,-1,-1
677,28,749.83,509.25,45.87,74.77,0.6528,-1,-1,-1
678,5,876.11,343.98,49.32,151.73,0.8207,-1,-1,-1
678,9,628.02,155.83,93.10,194.22,0.7587,-1,-1,-1
678,11,100.58,258.89,58.42,139.25,0.8818,-1,-1,-1
678,16,998.84,416.54,66.69,179.15,0.8984,-1,-1,-1
678,19,584.32,206.94,73.84,142.50,0.7842,-1,-1,-1
678,22,475.72,466.96,68.38,116.83,0.8167,-1,-1,-1
678,23,547.32,368.25,56.30,151.94,0.7693,-1,-1,-1
678,25,331.02,246.86,59.56,155.69,0.8612,-1,-1,-1
678,27,441.33,120.93,80.72,117.82,0.8234,-1,-1,-1
678,28,750.47,508.87,45.71,75.19,0.6978,-1,-1,-1
679,5,875.10,344.75,50.29,150.75,0.8183,-1,-1,-1
679,9,634.17,204.04,83.99,145.99,0.7421,-1,-1,-1
679,11,101.55,259.02,59.36,139.29,0.8830,-1,-1,-1
679,16,1001.71,416.06,62.20,179.34,0.8959,-1,-1,-1
679,19,580.98,210.24,64.02,142.10,0.7915,-1,-1,-1
679,22,476.32,466.87,67.65,116.91,0.7930,-1,-1,-1
679,23,547.02,368.49,57.91,151.05,0.7642,-1,-1,-1
679,25,331.42,245.90,59.57,156.64,0.8698,-1,-1,-1
679,27,442.13,123.33,79.95,115.94,0.8278,-1,-1,-1
679,28,751.76,508.65,45.41,75.29,0.7032,-1,-1,-1
680,5,874.86,345.65,50.15,148.86,0.8172,-1,-1,-1
680,9,631.63,212.70,69.17,138.10,0.7412,-1,-1,-1
680,11,103.83,259.24,60.93,139.09,0.8892,-1,-1,-1
680,16,1005.82,415.08,55.76,179.32,0.8912,-1,-1,-1
680,19,575.35,215.76,53.21,136.78,0.8554,-1,-1,-1
680,22,475.91,466.68,67.95,117.10,0.7905,-1,-1,-1
680,23,546.06,368.67,62.46,153.53,0.8142,-1,-1,-1
680,25,329.99,245.91,61.61,156.61,0.8702,-1,-1,-1
680,27,443.07,123.64,78.94,115.93,0.8086,-1,-1,-1
680,28,753.10,507.92,47.21,76.56,0.7402,-1,-1,-1
681,5,874.58,346.29,50.21,148.05,0.8097,-1,-1,-1
681,9,617.66,209.96,72.75,141.10,0.7818,-1,-1,-1
681,11,105.88,259.61,60.30,138.36,0.8926,-1,-1,-1
681,16,1006.48,414.37,53.10,179.17,0.8767,-1,-1,-1
681,19,570.60,218.51,55.26,134.43,0.8816,-1,-1,-1
681,22,475.80,466.79,68.30,117.03,0.7945,-1,-1,-1
681,23,545.88,369.18,65.48,156.90,0.8169,-1,-1,-1
681,25,330.34,246.87,61.86,155.60,0.8669,-1,-1,-1
681,27,442.88,126.99,78.12,112.66,0.8336,-1,-1,-1
681,28,754.61,507.29,46.83,77.02,0.7423,-1,-1,-1
681,-1,624.48,145.74,39.74,95.34,0.5185,-1,-1,-1
682,5,873.66,347.00,50.86,147.06,0.8119,-1,-1,-1
682,9,606.91,209.93,76.27,141.23,0.8182,-1,-1,-1
682,11,107.48,259.44,60.62,138.60,0.8921,-1,-1,-1
682,16,1006.10,413.86,52.48,178.41,0.8666,-1,-1,-1
682,19,564.99,219.10,60.19,134.15,0.8805,-1,-1,-1
682,22,475.96,466.76,67.71,117.03,0.8112,-1,-1,-1
682,23,545.67,369.73,69.55,160.20,0.8229,-1,-1,-1
682,25,327.66,249.00,64.99,153.43,0.8738,-1,-1,-1
682,27,442.97,128.51,77.65,111.40,0.8155,-1,-1,-1
682,28,754.94,507.01,48.56,77.51,0.7557,-1,-1,-1
683,5,873.56,347.69,50.55,146.37,0.7987,-1,-1,-1
683,9,597.51,209.77,82.44,141.37,0.8055,-1,-1,-1
683,11,108.47,259.45,61.80,138.71,0.8831,-1,-1,-1
683,16,1005.34,413.03,51.68,177.73,0.8438,-1,-1,-1
683,19,556.99,219.01,68.63,134.53,0.8701,-1,-1,-1
683,22,476.11,467.07,67.87,116.67,0.7744,-1,-1,-1
683,23,545.07,370.35,74.13,160.63,0.8185,-1,-1,-1
683,25,326.74,251.79,66.48,150.54,0.8479,-1,-1,-1
683,27,442.89,127.09,77.95,113.41,0.7949,-1,-1,-1
683,28,756.17,506.58,49.11,78.22,0.7224,-1,-1,-1
684,5,873.21,348.08,50.57,145.68,0.8090,-1,-1,-1
684,9,591.60,209.60,88.80,141.63,0.7819,-1,-1,-1
684,11,109.92,259.21,61.99,138.92,0.8630,-1,-1,-1
684,16,1002.04,412.03,53.51,176.95,0.8465,-1,-1,-1
684,19,546.42,218.48,77.57,135.07,0.8551,-1,-1,-1
684,22,476.37,466.95,68.04,116.77,0.7756,-1,-1,-1
684,23,545.11,371.13,76.29,159.42,0.8283,-1,-1,-1
684,25,326.83,256.66,67.06,145.71,0.8482,-1,-1,-1
684,27,443.28,126.88,78.38,113.57,0.7446,-1,-1,-1
684,28,757.17,506.34,49.27,78.24,0.7522,-1,-1,-1
685,5,872.27,348.55,51.67,144.61,0.8148,-1,-1,-1
685,9,596.83,210.52,84.90,142.72,0.7755,-1,-1,-1
685,11,112.14,258.45,64.83,139.42,0.8552,-1,-1,-1
685,16,997.34,409.36,55.44,175.29,0.8660,-1,-1,-1
685,19,522.44,218.27,100.90,137.71,0.8610,-1,-1,-1
685,22,477.08,467.07,67.69,116.55,0.7782,-1,-1,-1
685,23,546.00,372.45,77.76,157.56,0.8138,-1,-1,-1
685,25,326.77,262.57,68.03,139.78,0.8488,-1,-1,-1
685,27,442.02,128.25,81.60,112.89,0.7412,-1,-1,-1
685,28,757.96,505.39,51.77,79.13,0.7337,-1,-1,-1
685,-1,623.23,150.32,41.39,127.66,0.5645,-1,-1,-1
686,5,872.22,348.29,51.64,144.31,0.7980,-1,-1,-1
686,9,561.70,212.46,118.76,145.19,0.8157,-1,-1,-1
686,11,114.11,258.75,66.60,139.00,0.8696,-1,-1,-1
686,16,995.44,407.26,55.91,174.44,0.8605,-1,-1,-1
686,19,511.06,218.76,107.36,141.13,0.8478,-1,-1,-1
686,22,477.81,467.35,67.12,116.27,0.7848,-1,-1,-1
686,23,547.84,373.27,76.06,156.48,0.8284,-1,-1,-1
686,25,327.70,262.64,67.83,139.42,0.8491,-1,-1,-1
686,27,440.84,125.06,84.79,116.28,0.7641,-1,-1,-1
686,28,758.72,504.74,52.90,79.98,0.6949,-1,-1,-1
686,-1,623.48,151.28,40.36,127.42,0.5718,-1,-1,-1
687,5,871.67,348.26,51.97,144.33,0.7969,-1,-1,-1
687,9,553.11,214.97,122.87,147.34,0.8366,-1,-1,-1
687,11,115.84,258.68,65.19,138.56,0.8059,-1,-1,-1
687,16,993.96,405.18,56.54,169.76,0.8540,-1,-1,-1
687,19,504.10,219.78,98.20,140.57,0.8436,-1,-1,-1
687,22,478.47,467.30,66.83,116.16,0.7641,-1,-1,-1
687,23,548.41,373.82,75.93,155.43,0.8188,-1,-1,-1
687,25,327.39,262.95,68.85,139.29,0.8454,-1,-1,-1
687,27,440.82,126.58,85.76,115.14,0.7414,-1,-1,-1
687,28,759.87,504.09,53.37,80.74,0.6525,-1,-1,-1
687,-1,624.11,152.31,39.39,128.94,0.5844,-1,-1,-1
688,5,871.47,348.11,51.99,143.99,0.7747,-1,-1,-1
688,9,548.05,218.74,122.72,146.99,0.8220,-1,-1,-1
688,11,118.39,258.79,66.31,138.14,0.8040,-1,-1,-1
688,16,991.98,403.66,58.26,167.57,0.8428,-1,-1,-1
688,19,492.91,219.89,102.33,140.32,0.8887,-1,-1,-1
688,22,479.21,467.47,66.90,115.72,0.7388,-1,-1,-1
688,23,548.50,374.32,76.32,154.52,0.8125,-1,-1,-1
688,25,332.21,263.27,64.60,138.72,0.8447,-1,-1,-1
688,27,443.44,128.89,81.38,113.22,0.6878,-1,-1,-1
688,28,760.69,503.27,54.95,81.60,0.6654,-1,-1,-1
688,-1,623.03,153.82,40.69,127.96,0.6197,-1,-1,-1
689,5,873.47,348.00,50.14,143.99,0.7706,-1,-1,-1
689,9,546.10,222.98,117.31,146.96,0.8312,-1,-1,-1
689,11,121.76,258.96,67.40,138.18,0.7398,-1,-1,-1
689,16,989.66,402.28,59.81,164.78,0.8535,-1,-1,-1
689,19,480.64,219.57,100.81,141.10,0.8499,-1,-1,-1
689,22,479.70,467.19,66.56,115.94,0.7507,-1,-1,-1
689,23,549.13,374.08,77.15,154.41,0.8004,-1,-1,-1
689,25,337.36,263.95,60.01,138.06,0.8210,-1,-1,-1
689,27,444.93,127.92,80.31,114.44,0.6682,-1,-1,-1
689,28,761.83,502.70,55.46,82.09,0.6578,-1,-1,-1
689,-1,623.21,156.37,40.57,125.68,0.6496,-1,-1,-1
690,5,877.51,347.63,46.11,144.36,0.7693,-1,-1,-1
690,9,543.37,230.41,104.53,141.16,0.8166,-1,-1,-1
690,11,128.35,259.44,55.79,136.14,0.7221,-1,-1,-1
690,16,985.41,398.58,64.18,164.72,0.8677,-1,-1,-1
690,19,464.18,220.85,92.93,140.34,0.8429,-1,-1,-1
690,22,480.71,466.66,65.77,116.13,0.7745,-1,-1,-1
690,23,549.52,376.65,79.70,151.66,0.7699,-1,-1,-1
690,25,341.28,264.64,58.04,137.29,0.8455,-1,-1,-1
690,27,447.97,128.41,79.40,115.51,0.6774,-1,-1,-1
690,28,763.71,502.00,58.07,82.99,0.6503,-1,-1,-1
690,-1,619.06,159.61,44.16,122.13,0.6959,-1,-1,-1
691,5,879.34,347.17,44.24,144.80,0.7800,-1,-1,-1
691,9,536.22,232.93,98.86,138.55,0.7859,-1,-1,-1
691,11,132.39,259.77,52.29,134.88,0.7074,-1,-1,-1
691,16,984.15,397.12,64.91,166.00,0.8657,-1,-1,-1
691,19,459.80,220.00,85.53,141.47,0.8309,-1,-1,-1
691,22,481.31,466.50,65.58,116.41,0.7692,-1,-1,-1
691,23,552.72,376.10,77.41,151.89,0.6941,-1,-1,-1
691,25,341.93,265.12,58.68,136.84,0.8513,-1,-1,-1
691,27,449.91,124.64,81.53,119.27,0.6904,-1,-1,-1
691,28,765.08,501.16,58.84,83.56,0.6563,-1,-1,-1
691,-1,617.11,159.59,45.44,122.66,0.6788,-1,-1,-1
692,5,880.72,346.38,43.16,145.33,0.7902,-1,-1,-1
692,9,528.82,234.34,91.67,137.24,0.7854,-1,-1,-1
692,11,135.74,260.22,60.58,134.43,0.7337,-1,-1,-1
692,16,982.67,395.88,66.09,166.64,0.8704,-1,-1,-1
692,19,454.94,220.60,83.14,141.41,0.8388,-1,-1,-1
692,22,482.10,466.12,65.11,117.07,0.8030,-1,-1,-1
692,23,557.80,376.23,72.64,151.62,0.7003,-1,-1,-1
692,25,342.54,265.33,58.98,136.66,0.8562,-1,-1,-1
692,27,451.24,125.53,82.17,118.40,0.7320,-1,-1,-1
692,28,766.40,500.11,60.28,84.79,0.6536,-1,-1,-1
692,-1,616.83,159.81,45.54,123.64,0.6998,-1,-1,-1
693,5,881.73,345.42,42.68,146.17,0.7850,-1,-1,-1
693,9,532.36,235.94,74.60,137.29,0.7926,-1,-1,-1
693,11,139.11,260.72,55.86,134.49,0.8006,-1,-1,-1
693,16,982.34,394.63,66.15,167.06,0.8706,-1,-1,-1
693,19,451.45,221.01,80.61,139.93,0.8590,-1,-1,-1
693,22,482.43,465.92,64.85,118.02,0.8198,-1,-1,-1
693,23,564.91,369.50,68.55,159.19,0.6718,-1,-1,-1
693,25,343.12,265.72,58.90,136.32,0.8633,-1,-1,-1
693,27,451.48,123.78,82.41,120.27,0.7269,-1,-1,-1
693,28,768.04,498.63,60.60,85.85,0.7011,-1,-1,-1
693,-1,616.96,160.09,44.57,124.01,0.6858,-1,-1,-1
694,5,881.54,344.69,42.93,146.89,0.7629,-1,-1,-1
694,9,527.63,236.42,74.52,135.86,0.7383,-1,-1,-1
694,11,141.14,260.90,51.49,134.50,0.7860,-1,-1,-1
694,16,980.74,393.97,67.51,167.46,0.8547,-1,-1,-1
694,19,447.17,222.01,79.08,144.58,0.8579,-1,-1,-1
694,22,482.41,465.85,64.69,118.13,0.8081,-1,-1,-1
694,23,568.69,363.22,68.10,165.92,0.6443,-1,-1,-1
694,25,343.03,266.30,59.50,135.80,0.8660,-1,-1,-1
694,27,454.62,123.84,79.66,119.62,0.7094,-1,-1,-1
694,28,769.78,497.63,60.62,86.84,0.7009,-1,-1,-1
694,-1,617.00,159.38,44.24,124.39,0.6935,-1,-1,-1
695,5,881.91,343.89,43.55,147.14,0.7797,-1,-1,-1
695,9,525.31,239.31,68.37,145.11,0.7784,-1,-1,-1
695,11,143.83,262.82,50.55,132.31,0.7623,-1,-1,-1
695,16,979.36,393.12,70.65,168.00,0.8294,-1,-1,-1
695,19,438.06,224.21,79.23,150.71,0.8118,-1,-1,-1
695,22,482.13,465.61,65.94,118.43,0.7729,-1,-1,-1
695,23,569.58,374.49,66.30,154.20,0.7063,-1,-1,-1
695,25,343.37,267.24,59.44,134.92,0.8630,-1,-1,-1
695,27,470.88,126.08,65.85,109.02,0.6865,-1,-1,-1
695,28,776.60,495.68,57.44,88.50,0.6934,-1,-1,-1
695,-1,382.14,116.65,65.11,121.36,0.5318,-1,-1,-1
695,-1,616.74,160.68,43.47,123.08,0.6962,-1,-1,-1
696,5,880.61,343.42,45.42,147.89,0.8113,-1,-1,-1
696,9,516.13,241.15,72.64,145.64,0.6996,-1,-1,-1
696,11,144.82,263.49,55.19,130.99,0.7717,-1,-1,-1
696,16,978.92,392.26,72.71,169.09,0.8527,-1,-1,-1
696,19,432.61,225.59,81.18,147.20,0.8167,-1,-1,-1
696,22,481.80,465.30,66.60,118.74,0.7908,-1,-1,-1
696,23,569.59,378.06,64.86,150.15,0.6949,-1,-1,-1
696,25,343.18,267.42,60.12,134.60,0.8548,-1,-1,-1
696,27,473.69,122.98,64.85,112.58,0.6705,-1,-1,-1
696,28,778.58,494.85,56.87,89.27,0.7348,-1,-1,-1
696,-1,381.17,117.91,54.17,120.82,0.5324,-1,-1,-1
696,-1,615.97,160.81,43.91,123.38,0.6711,-1,-1,-1
697,5,879.18,342.82,47.99,148.55,0.8058,-1,-1,-1
697,9,512.09,242.75,72.08,145.59,0.7873,-1,-1,-1
697,11,144.89,264.52,55.11,130.01,0.7589,-1,-1,-1
697,16,978.13,391.58,74.00,169.17,0.8513,-1,-1,-1
697,19,426.82,231.29,78.90,143.78,0.8431,-1,-1,-1
697,22,481.61,464.98,66.83,118.92,0.7957,-1,-1,-1
697,23,569.96,378.87,65.88,149.33,0.7273,-1,-1,-1
697,25,343.33,267.61,60.84,134.32,0.8520,-1,-1,-1
697,27,475.02,124.45,66.03,114.77,0.6738,-1,-1,-1
697,28,780.36,494.09,56.39,90.18,0.7373,-1,-1,-1
697,-1,379.87,120.71,50.80,118.02,0.5629,-1,-1,-1
697,-1,614.97,161.21,44.25,123.60,0.6745,-1,-1,-1
698,5,878.88,342.36,49.33,148.86,0.7923,-1,-1,-1
698,9,511.32,243.59,64.70,144.83,0.7465,-1,-1,-1
698,11,146.92,265.66,55.77,128.81,0.7791,-1,-1,-1
698,16,977.97,389.96,74.47,169.85,0.8529,-1,-1,-1
698,19,420.94,235.21,78.53,143.16,0.8304,-1,-1,-1
698,22,481.07,464.67,67.12,119.41,0.7851,-1,-1,-1
698,23,570.10,380.30,66.87,147.84,0.7479,-1,-1,-1
698,25,343.47,267.55,61.93,134.24,0.8338,-1,-1,-1
698,27,477.80,122.83,65.45,116.70,0.6776,-1,-1,-1
698,28,781.77,493.43,55.96,90.59,0.7282,-1,-1,-1
698,-1,379.25,122.12,44.21,116.77,0.5923,-1,-1,-1
698,-1,614.89,162.03,43.96,123.59,0.6978,-1,-1,-1
699,5,877.97,341.68,50.93,149.75,0.8119,-1,-1,-1
699,9,510.73,243.49,55.55,144.88,0.7722,-1,-1,-1
699,11,148.04,267.24,57.89,127.19,0.8182,-1,-1,-1
699,16,977.99,388.66,74.59,169.64,0.8618,-1,-1,-1
699,19,416.23,238.63,77.33,145.00,0.8743,-1,-1,-1
699,22,480.63,464.36,67.68,119.75,0.8048,-1,-1,-1
699,23,570.40,380.47,67.32,147.52,0.7638,-1,-1,-1
699,25,343.93,267.54,61.71,135.25,0.8372,-1,-1,-1
699,27,482.22,122.92,61.59,115.18,0.6727,-1,-1,-1
699,28,782.34,492.60,56.86,91.52,0.7363,-1,-1,-1
699,-1,379.11,122.23,42.36,116.84,0.5811,-1,-1,-1
699,-1,615.31,163.19,43.55,123.68,0.7266,-1,-1,-1
700,5,876.93,340.39,54.64,149.43,0.7647,-1,-1,-1
700,9,509.62,239.56,44.15,148.27,0.7761,-1,-1,-1
700,11,150.67,270.12,58.76,124.28,0.8279,-1,-1,-1
700,16,978.60,384.72,72.14,169.38,0.8728,-1,-1,-1
700,19,406.20,243.88,71.34,139.96,0.8160,-1,-1,-1
700,22,479.15,463.93,68.07,120.23,0.7824,-1,-1,-1
700,23,572.23,382.33,66.25,145.50,0.7278,-1,-1,-1
700,25,344.99,268.20,62.65,135.32,0.8298,-1,-1,-1
700,27,487.68,120.74,55.34,117.14,0.6543,-1,-1,-1
700,28,782.88,491.52,58.16,92.59,0.7464,-1,-1,-1
700,-1,377.17,120.17,42.53,118.92,0.5908,-1,-1,-1
700,29,615.34,163.39,42.64,129.25,0.7153,-1,-1,-1
701,5,877.91,339.52,54.35,148.78,0.7855,-1,-1,-1
701,9,507.78,236.79,44.78,151.15,0.7889,-1,-1,-1
701,11,151.86,271.99,63.10,121.87,0.8282,-1,-1,-1
701,16,979.01,382.61,70.29,168.40,0.8880,-1,-1,-1
701,19,400.47,245.13,69.00,138.78,0.8055,-1,-1,-1
701,22,478.26,463.80,68.38,120.53,0.7952,-1,-1,-1
701,23,572.25,382.59,66.49,145.31,0.7415,-1,-1,-1
701,25,346.13,269.25,65.07,134.76,0.8371,-1,-1,-1
701,27,490.53,120.96,50.05,115.91,0.6335,-1,-1,-1
701,28,783.52,491.28,58.42,92.95,0.7737,-1,-1,-1
701,29,615.01,162.96,42.45,131.54,0.7222,-1,-1,-1
702,5,877.71,338.82,55.43,149.63,0.8119,-1,-1,-1
702,9,502.95,235.10,46.58,152.26,0.7869,-1,-1,-1
702,11,152.85,273.75,65.05,119.86,0.8249,-1,-1,-1
702,16,979.47,380.33,68.17,166.70,0.8852,-1,-1,-1
702,19,400.34,245.42,62.96,138.15,0.7799,-1,-1,-1
702,22,477.44,463.33,67.85,120.75,0.8192,-1,-1,-1
702,23,573.44,382.82,65.42,144.99,0.7245,-1,-1,-1
702,25,347.66,270.33,66.86,133.85,0.8082,-1,-1,-1
702,27,491.86,121.08,48.83,115.56,0.6349,-1,-1,-1
702,28,783.38,491.13,59.34,93.11,0.7900,-1,-1,-1
702,29,615.98,165.16,41.21,130.95,0.7361,-1,-1,-1
703,5,878.57,337.91,55.94,150.23,0.8015,-1,-1,-1
703,9,495.22,234.03,50.08,152.99,0.7710,-1,-1,-1
703,11,153.68,274.93,69.00,118.75,0.8131,-1,-1,-1
703,16,979.88,378.57,66.18,163.34,0.8758,-1,-1,-1
703,19,398.97,246.64,57.82,137.14,0.7189,-1,-1,-1
703,22,476.00,463.19,68.27,120.80,0.8184,-1,-1,-1
703,23,573.13,382.98,65.62,144.74,0.7459,-1,-1,-1
703,25,348.58,271.95,66.21,132.02,0.7961,-1,-1,-1
703,27,492.34,120.54,46.42,115.95,0.6342,-1,-1,-1
703,28,783.45,490.85,59.48,93.38,0.7892,-1,-1,-1
703,29,617.25,164.98,39.61,131.54,0.7156,-1,-1,-1
703,-1,360.99,123.08,45.16,115.92,0.5360,-1,-1,-1
704,5,880.15,336.89,55.55,151.15,0.8320,-1,-1,-1
704,9,483.77,234.36,58.14,151.25,0.7789,-1,-1,-1
704,11,155.62,276.55,68.52,117.36,0.7772,-1,-1,-1
704,16,979.88,376.34,63.30,162.07,0.8738,-1,-1,-1
704,19,401.46,248.73,49.64,135.26,0.7194,-1,-1,-1
704,22,474.82,462.54,68.71,121.36,0.8194,-1,-1,-1
704,23,577.77,383.58,61.08,144.14,0.7394,-1,-1,-1
704,25,349.86,272.94,66.12,131.22,0.7950,-1,-1,-1
704,27,491.93,120.63,47.10,116.02,0.6596,-1,-1,-1
704,28,783.96,490.52,59.36,93.63,0.7861,-1,-1,-1
704,29,617.96,166.17,39.18,130.64,0.7121,-1,-1,-1
704,-1,355.07,123.81,50.21,115.92,0.5090,-1,-1,-1
705,5,882.25,335.88,57.34,150.36,0.8250,-1,-1,-1
705,9,473.09,237.10,62.99,149.18,0.8258,-1,-1,-1
705,11,167.78,277.36,75.54,116.61,0.7015,-1,-1,-1
705,16,980.00,371.75,57.95,158.78,0.8193,-1,-1,-1
705,19,400.66,252.40,41.70,136.59,0.6710,-1,-1,-1
705,22,472.13,461.56,70.10,122.50,0.8188,-1,-1,-1
705,23,581.01,385.15,58.66,143.00,0.7413,-1,-1,-1
705,25,353.19,276.01,69.08,128.30,0.7129,-1,-1,-1
705,27,491.37,121.89,48.08,114.09,0.6597,-1,-1,-1
705,28,784.29,490.37,59.45,93.92,0.7739,-1,-1,-1
705,29,617.78,167.06,40.54,129.83,0.7037,-1,-1,-1
706,5,885.54,335.81,55.80,147.93,0.8361,-1,-1,-1
706,9,465.61,238.32,69.31,148.39,0.8269,-1,-1,-1
706,11,171.00,277.21,77.02,117.00,0.7122,-1,-1,-1
706,16,979.65,369.47,57.43,159.12,0.8362,-1,-1,-1
706,19,394.23,254.09,49.47,137.52,0.6375,-1,-1,-1
706,22,470.64,461.25,70.38,122.77,0.8262,-1,-1,-1
706,23,578.73,383.25,61.28,145.16,0.7525,-1,-1,-1
706,25,354.85,277.23,67.78,127.74,0.7034,-1,-1,-1
706,27,491.63,122.00,47.86,113.95,0.6743,-1,-1,-1
706,28,784.40,490.26,59.33,94.05,0.7743,-1,-1,-1
706,29,617.74,166.56,41.46,129.87,0.7114,-1,-1,-1
707,5,887.54,335.18,55.80,146.90,0.8523,-1,-1,-1
707,9,459.50,240.14,72.08,146.78,0.8458,-1,-1,-1
707,11,173.22,277.21,79.18,117.15,0.7819,-1,-1,-1
707,16,980.03,368.15,54.48,159.59,0.8510,-1,-1,-1
707,22,469.55,460.87,70.84,123.27,0.8362,-1,-1,-1
707,23,577.35,382.84,63.78,145.51,0.7828,-1,-1,-1
707,25,356.83,278.56,76.15,126.64,0.6950,-1,-1,-1
707,27,491.82,122.46,46.86,113.84,0.6687,-1,-1,-1
707,28,784.58,490.37,59.03,93.83,0.7732,-1,-1,-1
707,29,616.38,166.03,43.24,130.59,0.7288,-1,-1,-1
707,19,388.53,255.48,55.57,138.27,0.5870,-1,-1,-1
708,5,891.04,334.89,54.38,144.34,0.8491,-1,-1,-1
708,9,454.24,240.55,73.84,146.37,0.8935,-1,-1,-1
708,11,177.55,277.16,77.59,116.77,0.8395,-1,-1,-1
708,16,979.72,366.89,53.34,160.85,0.8607,-1,-1,-1
708,22,468.98,460.53,71.09,123.32,0.8469,-1,-1,-1
708,23,577.66,382.86,64.01,145.61,0.7887,-1,-1,-1
708,25,358.64,279.12,77.33,126.57,0.7431,-1,-1,-1
708,27,490.38,122.90,47.72,113.34,0.6714,-1,-1,-1
708,28,784.48,490.33,58.86,93.83,0.7760,-1,-1,-1
708,29,616.63,165.58,43.73,131.33,0.7191,-1,-1,-1
708,19,390.14,255.46,54.04,137.69,0.5658,-1,-1,-1
709,5,893.14,334.77,53.20,141.53,0.8520,-1,-1,-1
709,9,452.36,240.52,74.54,146.50,0.8805,-1,-1,-1
709,11,184.58,278.84,72.06,115.17,0.7914,-1,-1,-1
709,16,978.06,365.79,54.20,161.76,0.8351,-1,-1,-1
709,22,467.96,460.40,71.85,124.00,0.8472,-1,-1,-1
709,23,581.25,383.75,61.18,144.75,0.7750,-1,-1,-1
709,25,360.81,280.16,72.12,125.48,0.7141,-1,-1,-1
709,27,490.90,123.02,46.78,113.03,0.6712,-1,-1,-1
709,28,784.47,490.46,58.68,93.60,0.7668,-1,-1,-1
709,29,618.00,165.75,43.74,131.16,0.6868,-1,-1,-1
709,19,387.51,255.46,57.35,138.15,0.5960,-1,-1,-1
710,5,895.45,334.92,53.02,137.49,0.8567,-1,-1,-1
710,9,451.09,237.97,74.16,149.27,0.8622,-1,-1,-1
710,11,193.54,284.64,76.60,119.66,0.8473,-1,-1,-1
710,16,974.21,365.45,55.15,158.35,0.8252,-1,-1,-1
710,19,383.66,254.86,61.94,139.63,0.6792,-1,-1,-1
710,22,467.35,460.30,72.29,123.36,0.8485,-1,-1,-1
710,23,579.68,383.41,64.18,145.16,0.7610,-1,-1,-1
710,25,366.03,280.55,66.14,125.55,0.6694,-1,-1,-1
710,27,490.64,123.48,45.46,112.33,0.6803,-1,-1,-1
710,28,782.98,490.31,59.34,93.92,0.7725,-1,-1,-1
710,29,619.81,166.51,43.91,130.54,0.7062,-1,-1,-1
710,-1,325.33,123.40,59.16,130.40,0.5154,-1,-1,-1
711,5,895.41,335.10,55.05,137.12,0.8588,-1,-1,-1
711,9,451.52,235.61,71.94,150.69,0.8576,-1,-1,-1
711,11,194.18,288.43,81.72,121.11,0.8306,-1,-1,-1
711,16,974.48,365.60,53.75,156.86,0.8358,-1,-1,-1
711,19,381.93,254.58,59.91,132.66,0.6229,-1,-1,-1
711,22,467.35,460.32,72.08,123.25,0.8520,-1,-1,-1
711,23,580.76,383.34,63.34,145.29,0.7485,-1,-1,-1
711,25,368.33,281.89,74.70,124.17,0.7176,-1,-1,-1
711,27,490.46,123.33,44.93,112.45,0.6779,-1,-1,-1
711,28,782.86,490.52,58.49,93.66,0.7728,-1,-1,-1
711,29,620.02,166.11,45.05,131.07,0.7051,-1,-1,-1
711,-1,324.33,124.54,46.24,129.48,0.5004,-1,-1,-1
712,5,894.98,335.10,57.79,137.34,0.8485,-1,-1,-1
712,9,451.72,233.75,70.48,150.19,0.8164,-1,-1,-1
712,11,195.84,293.17,79.58,124.66,0.7879,-1,-1,-1
712,16,973.09,365.20,53.49,155.12,0.8497,-1,-1,-1
712,22,467.28,460.41,72.22,123.26,0.8453,-1,-1,-1
712,23,580.61,382.75,63.71,146.05,0.7317,-1,-1,-1
712,25,369.01,283.94,69.78,122.69,0.6868,-1,-1,-1
712,27,488.95,122.73,46.96,113.12,0.6514,-1,-1,-1
712,28,782.36,490.65,58.31,93.59,0.7740,-1,-1,-1
712,29,621.22,166.44,44.15,130.64,0.7020,-1,-1,-1
712,19,381.99,254.96,63.67,138.17,0.5729,-1,-1,-1
712,-1,323.78,124.85,44.13,128.25,0.5365,-1,-1,-1
713,5,894.39,335.57,60.56,136.99,0.8419,-1,-1,-1
713,9,452.01,231.10,66.41,150.64,0.7899,-1,-1,-1
713,11,201.11,298.20,78.59,122.51,0.8093,-1,-1,-1
713,16,972.17,364.88,51.83,152.84,0.8656,-1,-1,-1
713,19,382.02,255.39,59.09,133.75,0.6249,-1,-1,-1
713,22,467.69,460.68,72.36,122.79,0.8531,-1,-1,-1
713,23,582.16,382.80,62.50,146.42,0.7601,-1,-1,-1
713,25,369.18,286.28,64.71,122.13,0.7197,-1,-1,-1
713,27,488.05,123.74,49.00,112.31,0.6463,-1,-1,-1
713,28,782.02,491.08,57.64,92.82,0.8052,-1,-1,-1
713,29,621.52,167.40,44.81,129.84,0.6922,-1,-1,-1
713,-1,323.18,125.46,34.92,127.28,0.5279,-1,-1,-1
714,5,894.17,335.86,62.63,136.94,0.8412,-1,-1,-1
714,9,450.25,229.47,62.75,149.04,0.7826,-1,-1,-1
714,11,208.19,301.94,69.49,119.05,0.7936,-1,-1,-1
714,16,971.44,363.61,50.85,149.04,0.8502,-1,-1,-1
714,22,468.34,460.94,72.07,122.44,0.8465,-1,-1,-1
714,23,581.55,382.66,63.29,146.62,0.7560,-1,-1,-1
714,25,366.68,289.33,64.64,122.92,0.7450,-1,-1,-1
714,27,488.05,124.06,48.47,112.18,0.6497,-1,-1,-1
714,28,781.93,491.47,56.66,92.64,0.7702,-1,-1,-1
714,29,623.32,169.06,43.92,128.34,0.6875,-1,-1,-1
714,19,382.93,256.38,63.53,137.58,0.5228,-1,-1,-1
714,-1,382.81,255.95,58.08,120.38,0.5763,-1,-1,-1
714,-1,321.58,125.19,32.26,128.21,0.5137,-1,-1,-1
715,5,893.54,336.17,66.86,136.92,0.8590,-1,-1,-1
715,9,440.53,227.45,64.73,151.88,0.7593,-1,-1,-1
715,11,226.59,305.90,54.69,115.75,0.8135,-1,-1,-1
715,16,967.58,359.98,52.18,148.66,0.8672,-1,-1,-1
715,22,469.80,461.52,71.53,122.25,0.8463,-1,-1,-1
715,23,583.58,383.45,61.34,146.18,0.7709,-1,-1,-1
715,25,358.95,294.68,81.82,120.70,0.7583,-1,-1,-1
715,27,488.90,124.72,46.05,112.12,0.6793,-1,-1,-1
715,28,779.85,492.70,55.75,91.52,0.7789,-1,-1,-1
715,29,623.52,170.77,44.90,126.91,0.7378,-1,-1,-1
715,-1,314.58,126.96,34.25,127.62,0.5784,-1,-1,-1
716,5,895.28,336.16,66.30,136.91,0.8523,-1,-1,-1
716,9,451.98,228.24,52.24,146.52,0.8314,-1,-1,-1
716,11,233.93,305.00,51.91,116.53,0.8070,-1,-1,-1
716,16,965.45,357.90,53.21,149.39,0.8627,-1,-1,-1
716,22,471.37,461.35,70.23,122.15,0.8350,-1,-1,-1
716,23,582.97,383.40,61.60,146.29,0.7756,-1,-1,-1
716,25,356.38,296.97,82.91,118.35,0.7936,-1,-1,-1
716,27,487.90,125.05,46.79,111.99,0.6641,-1,-1,-1
716,28,778.12,493.14,55.59,91.20,0.7752,-1,-1,-1
716,29,623.72,171.26,46.15,127.24,0.7320,-1,-1,-1
716,-1,377.09,260.21,65.87,125.71,0.5235,-1,-1,-1
716,-1,305.98,127.68,41.13,127.55,0.6311,-1,-1,-1
717,5,897.61,335.93,64.94,137.36,0.8447,-1,-1,-1
717,9,452.86,229.04,50.49,143.19,0.8424,-1,-1,-1
717,11,236.45,302.71,52.15,118.80,0.7975,-1,-1,-1
717,16,964.45,355.80,53.59,151.66,0.8427,-1,-1,-1
717,22,472.39,461.42,69.72,121.91,0.8346,-1,-1,-1
717,23,582.25,381.77,62.16,147.65,0.7614,-1,-1,-1
717,25,355.82,297.51,82.18,117.88,0.7707,-1,-1,-1
717,27,487.26,125.66,47.08,111.36,0.6878,-1,-1,-1
717,28,776.99,493.47,54.72,90.66,0.7728,-1,-1,-1
717,29,623.69,171.44,47.28,127.06,0.7350,-1,-1,-1
717,19,375.62,262.55,70.44,133.70,0.6539,-1,-1,-1
717,-1,298.27,131.36,46.52,124.37,0.6717,-1,-1,-1
718,5,899.97,335.38,63.45,137.64,0.8385,-1,-1,-1
718,9,451.64,230.39,50.13,140.67,0.8359,-1,-1,-1
718,11,235.55,299.07,70.90,122.47,0.7760,-1,-1,-1
718,16,963.30,354.37,53.52,152.98,0.8356,-1,-1,-1
718,19,375.43,265.47,77.13,131.57,0.6886,-1,-1,-1
718,22,473.50,461.31,69.13,121.88,0.8423,-1,-1,-1
718,23,580.22,380.95,64.13,147.91,0.7565,-1,-1,-1
718,25,355.41,297.68,82.25,117.96,0.7877,-1,-1,-1
718,27,486.20,126.08,47.82,111.09,0.6875,-1,-1,-1
718,28,775.97,494.15,53.36,89.84,0.7523,-1,-1,-1
718,29,623.47,172.79,48.87,125.56,0.7206,-1,-1,-1
718,-1,291.35,134.61,51.99,121.55,0.7116,-1,-1,-1
719,5,902.27,334.83,62.01,138.03,0.8398,-1,-1,-1
719,9,450.37,231.95,48.94,138.32,0.8219,-1,-1,-1
719,11,235.61,294.57,72.62,126.88,0.8130,-1,-1,-1
719,16,962.67,353.55,53.26,154.07,0.8433,-1,-1,-1
719,19,373.37,266.88,81.30,130.17,0.7276,-1,-1,-1
719,22,474.34,460.98,68.95,122.40,0.8544,-1,-1,-1
719,23,587.72,390.04,56.60,137.84,0.7742,-1,-1,-1
719,25,354.71,294.03,80.96,121.97,0.7934,-1,-1,-1
719,27,485.27,126.36,48.57,111.01,0.6564,-1,-1,-1
719,28,774.29,495.04,53.24,88.88,0.7523,-1,-1,-1
719,29,623.78,173.16,49.58,126.58,0.7110,-1,-1,-1
719,30,287.66,134.94,55.20,121.47,0.6976,-1,-1,-1
720,5,908.10,333.16,57.11,139.34,0.8235,-1,-1,-1
720,9,447.21,235.88,48.01,134.90,0.8191,-1,-1,-1
720,11,240.88,285.23,71.85,134.64,0.8971,-1,-1,-1
720,16,959.23,351.64,56.32,155.35,0.8514,-1,-1,-1
720,19,377.60,268.70,76.60,127.85,0.7182,-1,-1,-1
720,22,475.47,460.13,69.46,123.00,0.8478,-1,-1,-1
720,23,582.87,382.22,61.65,143.62,0.7650,-1,-1,-1
720,25,354.31,288.39,74.12,132.43,0.8375,-1,-1,-1
720,27,483.52,126.71,49.88,110.63,0.6420,-1,-1,-1
720,28,770.73,496.47,52.07,88.48,0.6892,-1,-1,-1
720,29,623.76,171.40,51.51,130.63,0.7396,-1,-1,-1
720,30,283.71,136.06,56.67,122.54,0.7010,-1,-1,-1
721,5,909.63,332.00,56.45,140.63,0.8243,-1,-1,-1
721,9,445.65,237.13,47.64,133.88,0.8131,-1,-1,-1
721,11,243.51,281.49,72.94,134.14,0.8991,-1,-1,-1
721,16,957.92,350.71,56.97,155.49,0.8408,-1,-1,-1
721,19,376.39,268.94,77.94,127.13,0.6566,-1,-1,-1
721,22,475.47,460.08,69.89,122.94,0.8231,-1,-1,-1
721,23,581.19,379.80,63.39,145.34,0.7659,-1,-1,-1
721,25,353.31,285.10,69.01,136.78,0.8093,-1,-1,-1
721,27,482.14,126.93,50.34,110.36,0.6769,-1,-1,-1
721,28,767.67,497.27,52.90,87.38,0.6795,-1,-1,-1
721,29,624.05,172.14,51.77,130.98,0.7348,-1,-1,-1
721,30,281.25,136.73,54.95,122.24,0.6564,-1,-1,-1
722,5,908.74,331.19,58.86,142.04,0.8047,-1,-1,-1
722,9,443.94,237.55,48.54,133.73,0.7998,-1,-1,-1
722,11,247.33,278.73,74.56,132.91,0.8807,-1,-1,-1
722,16,956.36,349.27,58.46,154.86,0.8203,-1,-1,-1
722,19,373.67,269.02,80.32,127.76,0.7180,-1,-1,-1
722,22,475.04,460.10,70.65,122.56,0.8480,-1,-1,-1
722,23,579.32,378.32,65.02,146.60,0.8177,-1,-1,-1
722,25,355.93,284.62,58.51,138.55,0.7696,-1,-1,-1
722,27,480.61,126.59,50.80,111.05,0.6907,-1,-1,-1
722,28,766.26,497.72,52.44,86.72,0.6738,-1,-1,-1
722,29,624.72,173.20,51.65,130.64,0.6981,-1,-1,-1
722,30,281.21,136.70,52.82,122.20,0.6924,-1,-1,-1
723,5,907.97,330.77,64.40,142.62,0.7762,-1,-1,-1
723,9,441.26,236.79,50.16,135.05,0.8029,-1,-1,-1
723,11,254.08,277.16,73.19,127.88,0.8397,-1,-1,-1
723,16,955.39,348.06,59.05,154.69,0.8243,-1,-1,-1
723,19,374.62,268.89,78.26,127.32,0.7313,-1,-1,-1
723,22,474.14,460.23,71.58,122.81,0.8650,-1,-1,-1
723,23,580.05,378.55,64.11,146.68,0.8138,-1,-1,-1
723,25,353.47,285.21,53.51,137.52,0.7692,-1,-1,-1
723,27,476.82,127.19,53.87,111.29,0.6966,-1,-1,-1
723,28,764.28,498.16,52.08,86.28,0.6948,-1,-1,-1
723,29,627.04,176.19,50.61,128.86,0.6911,-1,-1,-1
723,30,281.76,138.19,51.28,120.98,0.6943,-1,-1,-1
724,5,906.73,330.55,63.21,143.17,0.8023,-1,-1,-1
724,9,439.01,235.48,51.51,136.69,0.7923,-1,-1,-1
724,11,263.89,275.69,69.10,122.29,0.8015,-1,-1,-1
724,16,952.58,346.82,61.60,155.18,0.8317,-1,-1,-1
724,19,371.92,268.43,80.32,127.42,0.7868,-1,-1,-1
724,22,473.14,460.38,72.93,123.50,0.8776,-1,-1,-1
724,23,580.46,377.78,63.67,146.87,0.8388,-1,-1,-1
724,25,344.86,299.35,61.21,122.44,0.7921,-1,-1,-1
724,27,471.30,126.86,58.50,112.46,0.7085,-1,-1,-1
724,28,763.65,498.96,50.25,85.59,0.7194,-1,-1,-1
724,29,623.54,175.03,62.16,131.33,0.6879,-1,-1,-1
724,30,275.99,138.83,55.44,120.84,0.6415,-1,-1,-1
725,5,904.51,330.63,64.45,143.21,0.7826,-1,-1,-1
725,9,435.02,231.47,51.81,141.30,0.8278,-1,-1,-1
725,11,279.11,271.47,54.94,122.83,0.7738,-1,-1,-1
725,16,948.29,345.68,65.11,154.99,0.8360,-1,-1,-1
725,19,365.40,269.44,84.06,128.24,0.8528,-1,-1,-1
725,22,469.72,461.04,74.52,123.42,0.8754,-1,-1,-1
725,23,580.06,378.07,63.70,145.45,0.8399,-1,-1,-1
725,25,334.78,291.32,69.21,126.24,0.8304,-1,-1,-1
725,27,462.44,128.94,65.47,111.19,0.7309,-1,-1,-1
725,28,762.33,500.40,48.29,83.70,0.7299,-1,-1,-1
725,29,624.31,177.36,66.00,130.28,0.7460,-1,-1,-1
725,30,269.14,139.22,50.80,121.53,0.5972,-1,-1,-1
726,5,903.11,330.58,65.71,143.99,0.7714,-1,-1,-1
726,9,435.73,230.28,49.21,144.08,0.8226,-1,-1,-1
726,11,278.33,268.90,56.20,126.12,0.7966,-1,-1,-1
726,16,946.87,345.21,65.73,155.69,0.8502,-1,-1,-1
726,19,365.74,270.59,82.27,127.50,0.8294,-1,-1,-1
726,22,466.77,461.58,76.92,122.80,0.8667,-1,-1,-1
726,23,580.33,378.52,63.20,144.74,0.8229,-1,-1,-1
726,25,330.91,294.64,72.05,124.19,0.7823,-1,-1,-1
726,27,459.01,128.79,67.28,111.67,0.7307,-1,-1,-1
726,28,759.97,501.57,49.52,82.53,0.7307,-1,-1,-1
726,29,625.82,178.44,65.18,129.57,0.7434,-1,-1,-1
726,30,259.80,138.88,52.70,122.13,0.5677,-1,-1,-1
727,5,902.58,331.19,63.94,144.21,0.7874,-1,-1,-1
727,9,433.72,230.00,49.70,143.21,0.7960,-1,-1,-1
727,11,277.10,265.70,63.05,129.33,0.8212,-1,-1,-1
727,16,938.97,345.28,72.98,156.03,0.8694,-1,-1,-1
727,19,363.39,271.47,83.71,127.96,0.8016,-1,-1,-1
727,22,464.24,461.95,77.65,122.27,0.8663,-1,-1,-1
727,23,580.55,379.87,63.07,143.17,0.8377,-1,-1,-1
727,25,322.85,298.03,79.18,121.95,0.8261,-1,-1,-1
727,27,454.52,130.09,70.79,111.59,0.7066,-1,-1,-1
727,28,757.53,502.37,51.27,81.97,0.7448,-1,-1,-1
727,29,628.20,180.40,63.35,128.15,0.7532,-1,-1,-1
727,30,256.92,140.61,49.90,120.65,0.6299,-1,-1,-1
728,5,901.55,331.58,59.41,144.74,0.7725,-1,-1,-1
728,9,431.55,230.78,50.76,141.07,0.8034,-1,-1,-1
728,11,278.01,262.60,66.88,132.50,0.8026,-1,-1,-1
728,16,929.60,345.15,81.73,156.92,0.8676,-1,-1,-1
728,19,360.67,271.72,84.85,129.31,0.8028,-1,-1,-1
728,22,461.47,462.23,77.58,121.55,0.8549,-1,-1,-1
728,23,580.15,380.40,64.10,142.79,0.8274,-1,-1,-1
728,25,320.40,301.77,80.13,118.80,0.7901,-1,-1,-1
728,27,450.59,129.61,73.19,113.21,0.7310,-1,-1,-1
728,28,756.23,503.29,51.89,81.25,0.7714,-1,-1,-1
728,29,629.19,182.92,63.57,126.25,0.7546,-1,-1,-1
728,30,252.17,140.55,52.70,120.99,0.5818,-1,-1,-1
729,5,900.56,331.91,55.56,145.63,0.6898,-1,-1,-1
729,9,427.45,233.24,53.99,139.04,0.8000,-1,-1,-1
729,11,279.64,260.44,69.33,132.53,0.7389,-1,-1,-1
729,16,922.22,345.79,88.90,156.72,0.8335,-1,-1,-1
729,19,356.37,271.49,86.03,131.55,0.7036,-1,-1,-1
729,22,457.30,463.15,79.40,120.57,0.7951,-1,-1,-1
729,23,579.81,380.66,65.29,143.55,0.8116,-1,-1,-1
729,25,304.80,307.99,94.51,113.58,0.6201,-1,-1,-1
729,27,448.80,128.76,73.64,114.36,0.7351,-1,-1,-1
729,28,754.70,504.69,53.26,79.82,0.7641,-1,-1,-1
729,29,629.45,182.37,62.89,127.03,0.7063,-1,-1,-1
729,30,244.96,138.99,53.67,123.70,0.6219,-1,-1,-1
730,9,411.09,236.76,66.04,138.37,0.8322,-1,-1,-1
730,16,910.30,347.17,98.63,156.37,0.8523,-1,-1,-1
730,19,346.33,270.92,87.16,126.53,0.7432,-1,-1,-1
730,22,449.79,463.93,80.36,119.91,0.7691,-1,-1,-1
730,23,579.85,381.31,64.76,145.65,0.8124,-1,-1,-1
730,25,295.78,303.93,88.93,113.52,0.7150,-1,-1,-1
730,27,444.20,128.37,74.14,115.47,0.8179,-1,-1,-1
730,28,752.04,506.65,54.63,78.09,0.7714,-1,-1,-1
730,29,626.86,182.87,63.14,127.49,0.7330,-1,-1,-1
730,30,231.02,139.93,59.90,126.95,0.6508,-1,-1,-1
730,5,898.64,332.47,52.12,128.90,0.5905,-1,-1,-1
730,11,289.11,257.78,65.82,122.28,0.5547,-1,-1,-1
731,9,405.01,237.41,70.16,137.87,0.8207,-1,-1,-1
731,16,910.25,346.43,96.97,156.29,0.8488,-1,-1,-1
731,22,446.73,463.91,79.37,120.16,0.7645,-1,-1,-1
731,23,580.46,381.48,64.04,147.00,0.7975,-1,-1,-1
731,25,292.29,303.28,81.14,112.33,0.6382,-1,-1,-1
731,27,442.00,128.45,74.83,115.54,0.7782,-1,-1,-1
731,28,749.98,507.26,55.60,77.30,0.7574,-1,-1,-1
731,29,625.27,182.52,65.93,128.15,0.7161,-1,-1,-1
731,30,226.81,141.60,59.08,127.15,0.6753,-1,-1,-1
731,19,338.13,273.16,85.44,128.27,0.5103,-1,-1,-1
732,9,402.15,237.25,70.78,138.99,0.8314,-1,-1,-1
732,16,908.61,345.65,95.91,155.88,0.8306,-1,-1,-1
732,19,335.06,274.41,78.84,130.17,0.7394,-1,-1,-1
732,22,443.90,463.30,77.85,120.32,0.7419,-1,-1,-1
732,23,580.14,381.74,63.85,147.84,0.8077,-1,-1,-1
732,25,281.08,301.73,84.29,111.89,0.6672,-1,-1,-1
732,27,439.74,127.57,74.68,116.82,0.8229,-1,-1,-1
732,28,748.63,508.13,56.74,76.28,0.7699,-1,-1,-1
732,29,623.38,182.38,65.45,127.63,0.7330,-1,-1,-1
732,30,222.44,142.48,57.35,127.13,0.6832,-1,-1,-1
733,9,398.19,236.33,72.90,140.18,0.8372,-1,-1,-1
733,16,907.27,344.74,94.61,155.74,0.8346,-1,-1,-1
733,22,440.78,462.78,76.58,120.71,0.7800,-1,-1,-1
733,23,579.34,382.01,64.52,147.82,0.8293,-1,-1,-1
733,25,280.90,296.94,74.27,116.28,0.6445,-1,-1,-1
733,27,437.21,127.19,74.61,116.88,0.7809,-1,-1,-1
733,28,747.84,508.81,57.76,75.39,0.7598,-1,-1,-1
733,29,620.73,182.36,69.61,128.55,0.7271,-1,-1,-1
733,30,219.76,143.36,57.39,126.67,0.6621,-1,-1,-1
733,19,327.48,276.91,75.54,129.94,0.5261,-1,-1,-1
734,9,394.76,234.81,73.95,141.83,0.8708,-1,-1,-1
734,16,904.07,343.77,90.63,156.17,0.8186,-1,-1,-1
734,19,324.21,276.54,65.61,133.87,0.6940,-1,-1,-1
734,22,437.15,462.83,76.69,120.56,0.8177,-1,-1,-1
734,23,578.87,382.37,65.03,148.30,0.8367,-1,-1,-1
734,25,282.14,293.86,74.32,119.21,0.6666,-1,-1,-1
734,27,435.21,126.78,74.49,117.07,0.7906,-1,-1,-1
734,28,747.55,509.29,58.77,74.97,0.7493,-1,-1,-1
734,29,620.93,183.09,62.17,127.83,0.7641,-1,-1,-1
734,30,216.22,144.24,56.60,125.70,0.7178,-1,-1,-1
735,9,379.65,233.96,87.03,139.55,0.8566,-1,-1,-1
735,16,889.69,334.88,83.54,165.94,0.8809,-1,-1,-1
735,22,432.16,462.93,75.24,120.74,0.8701,-1,-1,-1
735,23,578.17,383.54,63.91,149.61,0.8486,-1,-1,-1
735,25,283.02,287.27,68.53,128.26,0.6317,-1,-1,-1
735,27,430.20,127.50,75.38,119.39,0.7828,-1,-1,-1
735,28,747.61,510.85,61.15,73.65,0.7196,-1,-1,-1
735,29,618.34,183.33,62.28,129.44,0.7657,-1,-1,-1
735,30,208.71,142.45,55.51,128.28,0.7336,-1,-1,-1
736,9,365.28,235.45,101.44,135.43,0.8567,-1,-1,-1
736,16,887.89,335.44,74.62,166.90,0.8138,-1,-1,-1
736,22,430.13,463.37,74.28,119.70,0.8384,-1,-1,-1
736,23,577.35,383.68,64.88,150.67,0.8687,-1,-1,-1
736,25,271.89,283.27,77.05,133.44,0.7087,-1,-1,-1
736,27,427.94,126.31,75.60,119.92,0.7714,-1,-1,-1
736,28,746.72,511.53,63.03,72.84,0.6895,-1,-1,-1
736,29,617.65,187.38,65.27,125.57,0.7672,-1,-1,-1
736,30,204.38,141.74,55.09,129.51,0.7408,-1,-1,-1
736,11,323.18,251.06,63.14,117.98,0.6087,-1,-1,-1
736,-1,274.56,285.15,84.08,138.79,0.5844,-1,-1,-1
737,9,371.14,237.32,95.13,129.60,0.8667,-1,-1,-1
737,16,872.05,336.16,87.17,167.72,0.7209,-1,-1,-1
737,22,427.85,463.86,73.30,119.28,0.8186,-1,-1,-1
737,23,578.77,384.20,63.90,151.20,0.8695,-1,-1,-1
737,25,269.14,279.79,62.93,135.54,0.7132,-1,-1,-1
737,27,424.92,126.64,76.57,119.38,0.7451,-1,-1,-1
737,28,747.36,512.53,63.47,71.65,0.6722,-1,-1,-1
737,29,615.85,187.02,62.50,126.43,0.7473,-1,-1,-1
737,30,200.45,141.32,53.17,130.44,0.7201,-1,-1,-1
738,9,368.00,238.97,97.46,126.35,0.8432,-1,-1,-1
738,16,859.17,336.83,99.52,167.79,0.8322,-1,-1,-1
738,22,425.94,464.80,73.39,118.65,0.8262,-1,-1,-1
738,23,578.99,384.11,62.83,152.37,0.8826,-1,-1,-1
738,25,253.45,277.15,73.02,137.43,0.7997,-1,-1,-1
738,27,423.40,125.89,75.91,119.35,0.7586,-1,-1,-1
738,28,747.72,513.56,64.00,70.72,0.6616,-1,-1,-1
738,29,614.24,188.50,62.71,125.66,0.7596,-1,-1,-1
738,30,196.63,141.21,51.19,130.70,0.6918,-1,-1,-1
738,-1,302.94,284.49,65.36,145.34,0.5596,-1,-1,-1
738,-1,315.83,284.38,56.64,114.19,0.5072,-1,-1,-1
739,9,367.51,241.42,96.64,124.53,0.8268,-1,-1,-1
739,16,851.32,337.17,105.92,167.89,0.7990,-1,-1,-1
739,22,423.96,465.27,73.60,118.39,0.8105,-1,-1,-1
739,23,578.73,384.18,62.31,152.98,0.8933,-1,-1,-1
739,25,244.82,275.23,83.96,138.12,0.8183,-1,-1,-1
739,27,420.78,125.95,76.90,119.81,0.7768,-1,-1,-1
739,28,748.57,514.08,64.15,70.29,0.6383,-1,-1,-1
739,29,611.53,187.79,62.97,126.79,0.7070,-1,-1,-1
739,30,190.27,143.93,54.17,128.29,0.7119,-1,-1,-1
739,-1,301.14,283.96,62.48,147.66,0.5113,-1,-1,-1
740,9,364.60,240.82,95.34,127.46,0.8466,-1,-1,-1
740,16,843.71,340.97,88.82,165.77,0.6916,-1,-1,-1
740,22,419.60,465.95,75.00,117.69,0.7909,-1,-1,-1
740,23,577.40,383.80,62.84,155.79,0.8905,-1,-1,-1
740,25,229.41,272.70,87.49,133.94,0.8457,-1,-1,-1
740,27,416.29,125.66,75.90,121.10,0.7731,-1,-1,-1
740,28,750.76,515.92,64.22,68.45,0.6232,-1,-1,-1
740,29,604.09,187.29,67.29,128.58,0.7276,-1,-1,-1
740,30,179.76,146.10,56.68,127.49,0.6993,-1,-1,-1
740,19,295.79,282.94,69.20,150.68,0.7735,-1,-1,-1
740,-1,328.50,233.72,82.66,134.97,0.5328,-1,-1,-1
740,-1,896.59,337.02,61.56,141.51,0.5283,-1,-1,-1
741,9,366.15,238.30,91.48,130.49,0.8597,-1,-1,-1
741,16,838.13,339.94,88.59,167.09,0.7485,-1,-1,-1
741,19,292.51,284.33,65.87,149.76,0.8328,-1,-1,-1
741,22,417.29,466.05,76.68,117.83,0.8059,-1,-1,-1
741,23,576.62,383.61,63.07,157.14,0.8899,-1,-1,-1
741,25,228.91,273.03,87.96,129.86,0.8302,-1,-1,-1
741,27,414.36,126.45,76.04,121.14,0.7503,-1,-1,-1
741,28,751.84,516.51,63.41,67.55,0.6287,-1,-1,-1
741,29,602.84,188.35,66.85,128.05,0.7469,-1,-1,-1
741,30,176.74,144.04,54.11,132.19,0.6789,-1,-1,-1
741,5,893.69,336.49,63.82,142.83,0.6689,-1,-1,-1
742,5,891.22,336.13,64.60,143.92,0.7137,-1,-1,-1
742,9,367.02,234.40,88.36,134.37,0.8482,-1,-1,-1
742,16,841.96,340.27,83.73,166.55,0.6683,-1,-1,-1
742,19,289.66,286.18,69.24,149.70,0.8439,-1,-1,-1
742,22,415.33,466.97,76.25,116.37,0.8088,-1,-1,-1
742,23,576.08,383.61,63.19,158.36,0.8786,-1,-1,-1
742,25,235.61,273.05,80.18,127.26,0.8384,-1,-1,-1
742,27,413.15,129.71,74.72,114.60,0.6771,-1,-1,-1
742,28,753.77,517.26,63.00,66.55,0.6542,-1,-1,-1
742,29,600.23,190.20,67.74,126.55,0.7818,-1,-1,-1
742,30,172.98,146.16,53.63,131.74,0.6526,-1,-1,-1
743,5,887.93,337.48,67.72,143.08,0.7212,-1,-1,-1
743,9,369.57,232.82,84.08,135.79,0.8385,-1,-1,-1
743,16,829.84,338.85,92.34,168.02,0.6794,-1,-1,-1
743,19,283.67,288.99,78.28,148.60,0.8600,-1,-1,-1
743,22,413.44,467.03,77.63,116.20,0.8055,-1,-1,-1
743,23,575.40,383.69,63.27,159.62,0.8908,-1,-1,-1
743,25,233.01,271.99,81.48,128.06,0.8551,-1,-1,-1
743,27,411.06,130.22,74.87,112.46,0.7161,-1,-1,-1
743,28,755.28,517.41,61.89,66.57,0.6511,-1,-1,-1
743,29,596.98,189.09,68.05,128.33,0.7563,-1,-1,-1
743,30,169.45,144.68,54.24,135.12,0.6865,-1,-1,-1
743,11,336.31,225.75,70.06,103.90,0.6021,-1,-1,-1
744,5,886.36,337.62,68.54,144.34,0.7566,-1,-1,-1
744,9,366.82,229.59,86.18,136.49,0.8198,-1,-1,-1
744,16,857.26,336.96,58.37,169.32,0.7327,-1,-1,-1
744,19,280.56,291.91,88.20,148.43,0.8545,-1,-1,-1
744,22,410.06,466.97,79.22,116.65,0.8175,-1,-1,-1
744,23,574.82,383.68,63.07,160.59,0.8868,-1,-1,-1
744,25,229.57,268.98,85.85,131.71,0.8722,-1,-1,-1
744,27,409.06,127.43,74.59,116.19,0.7221,-1,-1,-1
744,28,756.04,517.64,63.01,66.22,0.6317,-1,-1,-1
744,29,592.64,186.47,67.61,131.06,0.7494,-1,-1,-1
744,30,165.20,143.16,53.94,137.90,0.6684,-1,-1,-1
744,11,339.96,224.96,66.27,107.97,0.5801,-1,-1,-1
745,5,876.45,337.56,76.70,147.22,0.8259,-1,-1,-1
745,9,360.87,227.69,93.77,132.95,0.8412,-1,-1,-1
745,16,806.89,335.71,88.62,159.33,0.7085,-1,-1,-1
745,19,274.96,299.40,110.81,145.17,0.8796,-1,-1,-1
745,22,402.48,468.40,83.52,115.19,0.8194,-1,-1,-1
745,23,574.80,384.30,62.36,162.38,0.8900,-1,-1,-1
745,25,224.46,263.73,92.64,135.80,0.8833,-1,-1,-1
745,27,404.55,128.11,74.21,116.23,0.7026,-1,-1,-1
745,28,757.62,518.31,63.86,65.70,0.6526,-1,-1,-1
745,29,587.85,189.05,67.12,128.48,0.7848,-1,-1,-1
745,30,158.43,145.94,52.86,137.71,0.7121,-1,-1,-1
746,5,872.21,337.26,79.56,149.26,0.8060,-1,-1,-1
746,9,363.59,223.80,92.63,131.03,0.8091,-1,-1,-1
746,16,797.25,335.92,91.24,154.94,0.7286,-1,-1,-1
746,19,271.55,303.33,119.70,142.65,0.8839,-1,-1,-1
746,22,398.21,469.15,84.91,114.50,0.8670,-1,-1,-1
746,23,574.57,384.44,63.59,164.15,0.8811,-1,-1,-1
746,25,223.12,262.10,94.34,136.78,0.8769,-1,-1,-1
746,27,403.02,130.95,72.98,113.57,0.6870,-1,-1,-1
746,28,758.74,519.04,64.47,64.98,0.6313,-1,-1,-1
746,29,586.53,187.61,68.48,131.13,0.7709,-1,-1,-1
746,30,153.87,149.50,52.65,135.16,0.6740,-1,-1,-1
746,11,339.54,223.56,56.64,109.39,0.6439,-1,-1,-1
747,5,869.63,336.81,80.28,150.80,0.7924,-1,-1,-1
747,9,373.63,213.70,83.55,135.39,0.7484,-1,-1,-1
747,11,337.68,221.46,61.74,108.34,0.6996,-1,-1,-1
747,16,795.39,337.38,90.42,157.64,0.7606,-1,-1,-1
747,19,267.72,304.67,130.60,142.96,0.8773,-1,-1,-1
747,22,393.35,470.38,86.69,113.26,0.8624,-1,-1,-1
747,23,574.15,384.39,67.44,165.99,0.8813,-1,-1,-1
747,25,224.90,261.03,93.85,137.87,0.8589,-1,-1,-1
747,27,401.64,130.09,72.14,116.42,0.6652,-1,-1,-1
747,28,759.92,519.71,64.32,64.28,0.6255,-1,-1,-1
747,29,584.20,187.82,67.37,132.28,0.7798,-1,-1,-1
747,30,147.52,149.70,54.95,136.01,0.6489,-1,-1,-1
748,5,864.29,336.00,83.52,153.28,0.8222,-1,-1,-1
748,9,378.97,213.60,78.22,132.42,0.7706,-1,-1,-1
748,11,336.49,219.14,63.67,111.36,0.7111,-1,-1,-1
748,16,795.95,339.69,83.44,154.32,0.7957,-1,-1,-1
748,19,264.29,305.18,133.09,144.93,0.8626,-1,-1,-1
748,22,388.49,471.17,87.32,112.60,0.8276,-1,-1,-1
748,23,573.88,384.35,67.42,167.82,0.8820,-1,-1,-1
748,25,231.06,259.77,89.25,135.60,0.8648,-1,-1,-1
748,29,580.42,186.56,67.77,134.25,0.7647,-1,-1,-1
748,30,144.11,149.83,53.09,136.73,0.6651,-1,-1,-1
748,27,399.19,131.26,70.41,111.34,0.5661,-1,-1,-1
748,28,760.50,520.28,64.20,63.51,0.5576,-1,-1,-1
749,5,860.01,333.72,82.99,156.27,0.8335,-1,-1,-1
749,9,388.90,217.46,86.42,126.83,0.7656,-1,-1,-1
749,11,336.94,216.38,65.78,109.40,0.7222,-1,-1,-1
749,16,791.68,342.93,84.63,151.67,0.8058,-1,-1,-1
749,19,260.46,305.45,139.42,151.73,0.8828,-1,-1,-1
749,22,382.86,472.62,88.82,110.80,0.8260,-1,-1,-1
749,23,573.33,384.25,65.23,170.33,0.8889,-1,-1,-1
749,25,239.07,258.78,83.86,134.77,0.8777,-1,-1,-1
749,27,395.25,138.98,66.80,98.03,0.6121,-1,-1,-1
749,29,579.08,187.87,67.05,133.99,0.7457,-1,-1,-1
749,30,141.16,150.67,51.57,136.71,0.6929,-1,-1,-1
749,28,761.18,520.96,64.06,62.75,0.5190,-1,-1,-1
750,5,849.60,329.79,80.74,157.98,0.7903,-1,-1,-1
750,11,336.37,214.51,63.99,111.76,0.6793,-1,-1,-1
750,16,776.07,350.77,94.07,145.00,0.8307,-1,-1,-1
750,19,259.09,300.77,151.18,166.03,0.8414,-1,-1,-1
750,22,373.72,475.07,84.70,108.03,0.7216,-1,-1,-1
750,23,571.49,384.61,62.70,171.07,0.8778,-1,-1,-1
750,25,258.01,258.45,68.74,137.73,0.8184,-1,-1,-1
750,27,385.33,139.14,74.92,103.05,0.6165,-1,-1,-1
750,29,574.06,189.34,65.24,134.62,0.6929,-1,-1,-1
750,30,131.09,151.89,52.03,137.10,0.6621,-1,-1,-1
750,9,379.19,227.27,89.88,112.26,0.5615,-1,-1,-1
750,28,762.66,523.71,65.10,59.93,0.5860,-1,-1,-1
751,5,844.26,327.64,78.63,158.87,0.7807,-1,-1,-1
751,9,381.02,197.69,106.95,141.52,0.7360,-1,-1,-1
751,11,330.59,210.20,66.33,110.87,0.7317,-1,-1,-1
751,16,769.67,351.46,99.37,144.45,0.8841,-1,-1,-1
751,19,266.32,297.39,145.32,171.12,0.8726,-1,-1,-1
751,22,368.06,474.99,84.57,108.35,0.7601,-1,-1,-1
751,23,569.59,384.75,61.23,171.93,0.8762,-1,-1,-1
751,25,269.65,258.94,59.88,134.91,0.7676,-1,-1,-1
751,27,380.18,140.84,78.37,107.68,0.6382,-1,-1,-1
751,28,763.89,524.68,64.02,59.04,0.6017,-1,-1,-1
751,29,572.73,193.98,61.52,131.77,0.7328,-1,-1,-1
751,30,127.84,151.96,50.11,137.83,0.6508,-1,-1,-1
752,5,828.62,324.73,87.23,159.47,0.7526,-1,-1,-1
752,9,387.08,194.00,94.45,143.63,0.6918,-1,-1,-1
752,11,326.48,209.39,70.19,105.89,0.7181,-1,-1,-1
752,16,758.63,352.94,109.33,144.28,0.9015,-1,-1,-1
752,19,275.05,300.29,139.19,168.91,0.8419,-1,-1,-1
752,22,362.98,475.52,83.32,107.88,0.8018,-1,-1,-1
752,23,567.46,384.80,62.26,172.09,0.8797,-1,-1,-1
752,25,265.53,260.25,68.19,136.15,0.7456,-1,-1,-1
752,29,571.22,196.08,61.11,131.09,0.7169,-1,-1,-1
752,30,121.57,152.15,51.79,139.03,0.6583,-1,-1,-1
752,27,378.77,140.76,75.80,106.56,0.5631,-1,-1,-1
752,28,764.22,526.35,63.42,57.52,0.5917,-1,-1,-1
753,5,811.70,322.93,97.25,159.38,0.8108,-1,-1,-1
753,9,383.21,212.68,88.27,127.24,0.7704,-1,-1,-1
753,11,325.93,211.26,68.10,100.40,0.7464,-1,-1,-1
753,16,748.73,352.10,118.69,146.27,0.8944,-1,-1,-1
753,19,289.61,312.63,120.27,158.87,0.7486,-1,-1,-1
753,22,358.63,476.17,81.96,107.55,0.7922,-1,-1,-1
753,23,565.18,384.82,63.22,171.95,0.8814,-1,-1,-1
753,25,260.43,262.80,78.38,125.19,0.7379,-1,-1,-1
753,29,569.25,196.18,61.18,132.26,0.6974,-1,-1,-1
753,30,115.10,153.83,52.43,139.02,0.6756,-1,-1,-1
753,27,375.62,143.82,81.32,103.66,0.5049,-1,-1,-1
753,28,765.15,527.67,62.78,56.11,0.5666,-1,-1,-1
754,5,803.18,321.91,101.13,157.82,0.7796,-1,-1,-1
754,9,371.52,149.76,107.12,191.65,0.7804,-1,-1,-1
754,11,324.44,207.95,67.67,104.61,0.7309,-1,-1,-1
754,16,744.14,351.76,121.37,146.83,0.8823,-1,-1,-1
754,19,307.48,314.22,109.35,159.02,0.7467,-1,-1,-1
754,22,353.39,476.15,82.06,107.22,0.7875,-1,-1,-1
754,23,562.64,384.75,64.51,172.22,0.8969,-1,-1,-1
754,25,259.59,265.52,81.04,112.39,0.7146,-1,-1,-1
754,29,567.12,196.72,61.25,133.17,0.7165,-1,-1,-1
754,30,107.96,155.24,55.30,139.88,0.7080,-1,-1,-1
755,5,790.45,322.16,102.44,153.62,0.6919,-1,-1,-1
755,11,326.51,203.80,59.77,110.77,0.6649,-1,-1,-1
755,16,732.64,350.73,120.50,145.88,0.8597,-1,-1,-1
755,19,317.42,296.30,118.26,179.78,0.7575,-1,-1,-1
755,22,344.03,478.92,79.69,104.73,0.7784,-1,-1,-1
755,23,556.65,384.60,66.44,171.73,0.8925,-1,-1,-1
755,25,268.42,269.15,86.00,128.59,0.7525,-1,-1,-1
755,29,559.58,195.46,65.96,135.87,0.7407,-1,-1,-1
755,30,93.52,157.19,63.24,143.07,0.7136,-1,-1,-1
755,9,403.07,202.43,80.30,138.22,0.5886,-1,-1,-1
756,5,798.57,323.16,85.47,143.63,0.7638,-1,-1,-1
756,9,405.28,198.60,81.84,144.30,0.6765,-1,-1,-1
756,11,325.89,202.79,56.96,112.07,0.6694,-1,-1,-1
756,16,724.16,350.42,115.05,146.55,0.8720,-1,-1,-1
756,19,321.61,307.84,95.02,167.81,0.8281,-1,-1,-1
756,22,338.94,482.04,78.15,101.49,0.8051,-1,-1,-1
756,23,553.64,384.99,67.48,171.34,0.9001,-1,-1,-1
756,25,272.58,268.94,86.44,125.67,0.7219,-1,-1,-1
756,29,558.27,194.98,63.74,136.91,0.7248,-1,-1,-1
756,30,87.34,157.32,62.48,146.38,0.7377,-1,-1,-1
756,-1,365.55,139.92,112.48,113.20,0.5818,-1,-1,-1
757,5,794.68,324.93,88.71,150.83,0.7653,-1,-1,-1
757,9,412.46,186.88,78.19,155.22,0.7498,-1,-1,-1
757,11,325.17,202.92,55.55,112.72,0.6094,-1,-1,-1
757,16,710.66,351.39,107.54,145.62,0.8489,-1,-1,-1
757,19,327.01,306.23,100.18,165.32,0.7767,-1,-1,-1
757,22,332.85,485.54,76.27,98.29,0.7866,-1,-1,-1
757,23,547.62,385.38,72.15,171.19,0.8868,-1,-1,-1
757,25,271.18,267.49,87.75,119.66,0.7072,-1,-1,-1
757,29,548.56,187.18,72.43,145.38,0.7522,-1,-1,-1
757,30,82.46,159.17,61.70,146.38,0.6899,-1,-1,-1
757,27,363.21,136.64,114.18,122.15,0.6381,-1,-1,-1
758,5,791.64,327.10,91.74,152.66,0.7267,-1,-1,-1
758,9,411.73,186.33,80.49,156.96,0.6864,-1,-1,-1
758,11,322.43,201.90,55.27,113.78,0.6377,-1,-1,-1
758,16,692.49,351.52,106.14,146.76,0.8393,-1,-1,-1
758,19,334.56,305.52,94.23,158.52,0.7661,-1,-1,-1
758,22,324.77,489.38,77.25,94.35,0.7726,-1,-1,-1
758,23,542.11,386.00,75.72,171.01,0.8942,-1,-1,-1
758,25,272.05,266.65,99.35,134.54,0.7973,-1,-1,-1
758,27,369.45,129.25,102.94,129.88,0.6790,-1,-1,-1
758,29,547.17,186.86,71.18,145.14,0.7072,-1,-1,-1
758,30,76.63,160.64,63.46,146.74,0.6923,-1,-1,-1
759,5,802.72,329.10,79.82,151.17,0.7321,-1,-1,-1
759,9,406.78,181.56,92.38,162.51,0.7014,-1,-1,-1
759,11,317.90,200.18,56.56,115.18,0.6467,-1,-1,-1
759,16,674.87,351.61,94.10,148.58,0.8366,-1,-1,-1
759,19,346.63,304.76,84.01,156.79,0.8224,-1,-1,-1
759,22,317.76,494.60,76.69,89.21,0.7432,-1,-1,-1
759,23,538.58,386.15,77.74,170.61,0.8865,-1,-1,-1
759,25,274.81,265.15,97.25,137.30,0.8077,-1,-1,-1
759,27,378.83,120.45,94.48,136.40,0.6854,-1,-1,-1
759,29,544.30,184.88,67.55,144.89,0.7133,-1,-1,-1
759,30,71.57,160.41,63.68,149.06,0.6998,-1,-1,-1
760,5,781.55,328.57,99.66,150.80,0.8294,-1,-1,-1
760,9,413.40,190.71,113.89,158.05,0.7008,-1,-1,-1
760,11,312.01,193.86,62.25,121.13,0.6701,-1,-1,-1
760,16,649.22,349.48,110.47,152.00,0.8924,-1,-1,-1
760,19,358.66,303.84,89.00,163.18,0.7150,-1,-1,-1
760,22,292.39,497.53,86.50,95.08,0.6634,-1,-1,-1
760,23,529.36,385.96,83.04,171.06,0.9055,-1,-1,-1
760,25,286.91,261.90,98.62,142.44,0.8352,-1,-1,-1
760,27,393.59,120.86,80.33,133.57,0.6706,-1,-1,-1
760,29,540.81,178.38,61.68,144.50,0.6996,-1,-1,-1
760,30,62.79,162.16,64.35,150.32,0.7014,-1,-1,-1
760,-1,774.60,534.08,60.63,183.45,0.5342,-1,-1,-1
760,-1,922.68,184.00,49.37,128.83,0.5108,-1,-1,-1
761,5,778.89,326.62,100.53,151.01,0.7978,-1,-1,-1
761,9,418.00,208.69,89.57,140.07,0.6811,-1,-1,-1
761,11,309.99,190.94,61.82,94.76,0.6463,-1,-1,-1
761,16,640.86,347.27,118.30,154.79,0.8770,-1,-1,-1
761,19,392.30,303.49,62.52,163.61,0.7588,-1,-1,-1
761,22,282.88,496.66,88.63,96.66,0.7236,-1,-1,-1
761,23,524.49,385.90,87.06,170.60,0.8982,-1,-1,-1
761,25,294.80,266.87,92.45,138.13,0.7552,-1,-1,-1
761,27,396.60,121.45,78.26,131.85,0.7063,-1,-1,-1
761,29,536.07,176.06,60.52,139.05,0.6392,-1,-1,-1
761,30,58.93,163.13,65.97,149.83,0.7237,-1,-1,-1
761,-1,778.15,533.23,58.86,184.23,0.5277,-1,-1,-1
761,-1,922.31,183.63,50.05,129.37,0.5140,-1,-1,-1
762,5,774.52,323.67,102.37,155.52,0.8057,-1,-1,-1
762,9,429.15,208.87,85.28,140.80,0.7175,-1,-1,-1
762,11,308.18,187.98,61.68,94.56,0.6058,-1,-1,-1
762,16,627.49,344.81,124.76,157.00,0.8340,-1,-1,-1
762,19,404.67,302.57,62.89,163.83,0.8358,-1,-1,-1
762,22,272.16,493.63,93.09,94.17,0.7651,-1,-1,-1
762,23,521.76,384.76,89.43,171.52,0.9027,-1,-1,-1
762,25,304.94,259.91,86.05,146.64,0.8286,-1,-1,-1
762,27,400.26,120.46,72.80,133.40,0.6426,-1,-1,-1
762,29,492.37,175.41,101.15,138.44,0.6463,-1,-1,-1
762,30,59.28,164.90,64.22,147.86,0.7465,-1,-1,-1
762,-1,782.41,532.55,56.71,183.03,0.5411,-1,-1,-1
762,-1,922.19,183.27,50.37,130.04,0.5057,-1,-1,-1
763,5,770.60,320.73,101.01,157.95,0.7804,-1,-1,-1
763,9,435.48,205.20,92.53,143.57,0.7183,-1,-1,-1
763,16,615.27,342.30,120.40,148.17,0.8824,-1,-1,-1
763,19,405.25,299.40,75.42,166.00,0.8664,-1,-1,-1
763,22,261.36,490.03,98.90,100.02,0.7676,-1,-1,-1
763,23,517.18,383.22,93.70,172.34,0.8934,-1,-1,-1
763,25,313.00,260.78,80.64,147.01,0.8377,-1,-1,-1
763,29,534.60,174.98,57.61,138.27,0.6405,-1,-1,-1
763,30,58.37,164.38,64.56,148.23,0.7485,-1,-1,-1
763,11,308.07,187.05,60.43,98.75,0.5673,-1,-1,-1
763,27,403.74,117.85,70.94,134.20,0.5644,-1,-1,-1
763,-1,784.29,531.37,56.63,182.97,0.5465,-1,-1,-1
763,-1,922.25,182.86,49.69,130.20,0.5115,-1,-1,-1
764,5,767.13,317.65,97.73,162.77,0.7829,-1,-1,-1
764,9,446.84,210.63,99.40,136.72,0.6910,-1,-1,-1
764,11,307.40,185.22,59.82,128.54,0.6196,-1,-1,-1
764,16,606.43,341.78,117.04,146.20,0.8801,-1,-1,-1
764,19,405.40,296.74,98.93,167.83,0.8476,-1,-1,-1
764,22,253.82,486.22,103.25,128.64,0.7858,-1,-1,-1
764,23,512.50,381.89,98.00,172.50,0.8871,-1,-1,-1
764,25,319.83,261.55,83.18,147.94,0.8327,-1,-1,-1
764,27,418.84,119.69,58.01,131.14,0.6047,-1,-1,-1
764,29,536.75,175.02,55.09,136.92,0.6115,-1,-1,-1
764,30,54.85,163.49,67.95,148.86,0.7659,-1,-1,-1
764,-1,785.47,529.65,58.12,182.44,0.5389,-1,-1,-1
764,-1,922.26,182.75,49.86,129.82,0.5147,-1,-1,-1
765,5,759.97,311.14,85.31,157.01,0.7585,-1,-1,-1
765,9,489.99,224.57,85.62,122.34,0.6480,-1,-1,-1
765,11,299.71,184.14,62.48,131.65,0.6726,-1,-1,-1
765,16,578.60,340.06,97.28,147.06,0.7814,-1,-1,-1
765,19,414.65,290.03,124.54,161.16,0.7274,-1,-1,-1
765,22,252.50,479.36,91.69,137.62,0.7372,-1,-1,-1
765,23,503.74,382.46,102.16,169.99,0.8561,-1,-1,-1
765,25,327.52,265.67,93.95,151.94,0.8153,-1,-1,-1
765,27,422.33,119.72,71.22,131.31,0.6491,-1,-1,-1
765,29,536.12,173.24,53.88,135.28,0.6004,-1,-1,-1
765,30,53.40,160.96,69.57,150.47,0.7582,-1,-1,-1
765,-1,922.04,182.02,49.35,130.33,0.5007,-1,-1,-1
766,5,753.88,308.72,78.05,152.64,0.7545,-1,-1,-1
766,11,293.72,184.18,69.26,131.83,0.7706,-1,-1,-1
766,16,569.59,339.59,66.11,147.32,0.7261,-1,-1,-1
766,19,422.02,288.42,123.90,159.94,0.7555,-1,-1,-1
766,22,250.03,477.15,88.18,139.43,0.7810,-1,-1,-1
766,23,498.50,384.84,104.81,168.41,0.8040,-1,-1,-1
766,25,325.73,269.04,105.47,156.29,0.8781,-1,-1,-1
766,27,422.08,120.89,83.55,128.58,0.6349,-1,-1,-1
766,29,536.67,172.74,52.98,131.57,0.6011,-1,-1,-1
766,30,52.67,162.49,67.91,148.29,0.7243,-1,-1,-1
766,-1,922.38,181.69,48.90,128.70,0.5164,-1,-1,-1
766,-1,789.20,525.16,63.62,180.56,0.5002,-1,-1,-1
767,5,751.01,306.35,69.29,154.59,0.7731,-1,-1,-1
767,11,292.48,186.33,70.77,129.39,0.7728,-1,-1,-1
767,16,564.08,336.10,67.46,149.32,0.6794,-1,-1,-1
767,19,431.71,289.38,106.37,150.70,0.6835,-1,-1,-1
767,22,247.26,475.09,85.52,142.13,0.8024,-1,-1,-1
767,23,492.22,386.32,111.21,167.61,0.8258,-1,-1,-1
767,25,328.99,273.03,112.13,154.75,0.8614,-1,-1,-1
767,27,426.26,125.23,86.49,124.08,0.6667,-1,-1,-1
767,30,51.34,161.19,64.48,149.21,0.7073,-1,-1,-1
767,29,536.82,173.69,51.91,131.18,0.5677,-1,-1,-1
767,-1,922.56,181.45,49.24,129.14,0.5261,-1,-1,-1
767,-1,482.30,218.34,114.52,139.79,0.5009,-1,-1,-1
768,5,750.63,305.25,62.71,159.30,0.7812,-1,-1,-1
768,11,292.14,187.02,70.37,128.88,0.7269,-1,-1,-1
768,16,557.02,336.99,73.83,146.72,0.6372,-1,-1,-1
768,19,444.99,287.58,112.25,152.84,0.7056,-1,-1,-1
768,22,244.18,470.06,83.80,146.68,0.7706,-1,-1,-1
768,23,484.37,366.64,119.46,188.93,0.7731,-1,-1,-1
768,25,332.55,277.83,114.98,154.72,0.8318,-1,-1,-1
768,27,431.14,126.57,80.13,122.58,0.6974,-1,-1,-1
768,30,50.23,160.87,58.64,149.70,0.7063,-1,-1,-1
768,9,487.25,212.67,121.33,149.47,0.6485,-1,-1,-1
768,29,537.93,173.02,50.60,111.24,0.5024,-1,-1,-1
768,-1,922.26,181.36,50.90,128.41,0.5120,-1,-1,-1
769,5,750.10,304.90,56.60,157.83,0.7767,-1,-1,-1
769,9,492.33,214.06,124.18,146.76,0.6527,-1,-1,-1
769,11,292.17,187.40,70.20,127.91,0.7450,-1,-1,-1
769,16,538.78,335.21,90.24,147.51,0.7101,-1,-1,-1
769,22,240.13,463.31,82.99,149.11,0.7992,-1,-1,-1
769,23,478.64,392.22,126.18,163.83,0.7990,-1,-1,-1
769,25,339.19,280.38,112.54,152.16,0.8214,-1,-1,-1
769,27,428.12,129.18,85.62,119.83,0.7279,-1,-1,-1
769,30,48.10,159.96,51.91,150.60,0.6428,-1,-1,-1
769,19,462.34,285.11,92.48,145.36,0.5463,-1,-1,-1
769,-1,922.20,181.31,50.98,128.32,0.5223,-1,-1,-1
769,-1,794.46,523.92,62.33,59.81,0.5124,-1,-1,-1
770,5,736.52,307.74,56.41,153.50,0.8448,-1,-1,-1
770,9,502.52,214.97,120.74,145.80,0.7891,-1,-1,-1
770,11,299.24,190.05,63.72,123.41,0.7695,-1,-1,-1
770,22,230.31,449.76,79.81,137.54,0.8212,-1,-1,-1
770,23,468.67,383.00,136.04,175.66,0.6908,-1,-1,-1
770,25,354.30,276.61,85.94,153.88,0.8657,-1,-1,-1
770,27,436.86,128.01,78.52,120.61,0.7985,-1,-1,-1
770,30,45.53,160.67,46.89,148.99,0.7114,-1,-1,-1
770,16,504.19,277.58,107.77,199.70,0.5359,-1,-1,-1
770,-1,922.13,181.23,50.40,128.65,0.5628,-1,-1,-1
770,-1,799.14,523.19,63.67,60.77,0.5324,-1,-1,-1
771,5,729.29,310.51,69.28,149.36,0.8347,-1,-1,-1
771,11,302.70,189.22,62.32,118.56,0.7269,-1,-1,-1
771,22,224.60,445.55,78.36,156.29,0.8242,-1,-1,-1
771,23,462.78,399.36,141.77,163.15,0.7751,-1,-1,-1
771,25,358.39,271.86,71.42,156.25,0.8725,-1,-1,-1
771,27,437.68,126.83,77.87,121.51,0.7883,-1,-1,-1
771,30,43.85,161.27,46.79,148.38,0.7342,-1,-1,-1
771,16,493.74,275.45,103.67,196.42,0.5226,-1,-1,-1
771,-1,801.84,522.71,62.70,61.28,0.5653,-1,-1,-1
771,-1,921.96,181.06,50.28,128.31,0.5622,-1,-1,-1
771,-1,554.72,230.24,68.01,130.43,0.5078,-1,-1,-1
772,5,715.64,309.05,83.09,150.58,0.8083,-1,-1,-1
772,11,303.71,194.18,64.52,115.25,0.7608,-1,-1,-1
772,22,214.78,440.93,80.60,167.69,0.8723,-1,-1,-1
772,23,457.26,368.49,147.31,194.98,0.6381,-1,-1,-1
772,25,359.61,267.03,63.85,160.95,0.8726,-1,-1,-1
772,27,438.18,125.07,76.80,123.22,0.8011,-1,-1,-1
772,30,41.22,162.67,46.71,146.70,0.7149,-1,-1,-1
772,19,517.75,272.15,64.65,168.99,0.7547,-1,-1,-1
772,-1,557.40,229.19,62.89,131.40,0.5995,-1,-1,-1
772,-1,804.39,522.15,63.59,62.01,0.5419,-1,-1,-1
772,-1,922.09,181.01,50.40,128.32,0.5310,-1,-1,-1
772,-1,515.14,169.15,78.09,90.04,0.5026,-1,-1,-1
773,5,700.94,311.98,98.22,147.52,0.8348,-1,-1,-1
773,11,303.47,194.23,69.19,118.75,0.7779,-1,-1,-1
773,19,524.06,268.97,72.43,169.58,0.8121,-1,-1,-1
773,22,207.21,438.78,80.13,158.02,0.8774,-1,-1,-1
773,23,458.71,394.26,143.12,168.53,0.7958,-1,-1,-1
773,25,361.93,261.79,61.13,164.39,0.8764,-1,-1,-1
773,27,438.37,123.16,76.40,125.23,0.7778,-1,-1,-1
773,30,35.28,161.98,51.76,147.55,0.6769,-1,-1,-1
773,9,564.72,229.05,54.02,131.47,0.6307,-1,-1,-1
773,16,448.03,333.02,76.55,158.84,0.6952,-1,-1,-1
773,-1,805.72,521.34,64.60,62.73,0.5566,-1,-1,-1
773,-1,921.85,181.07,50.34,127.80,0.5372,-1,-1,-1
774,5,698.83,315.71,99.12,143.23,0.8408,-1,-1,-1
774,9,571.81,226.86,49.89,133.01,0.6820,-1,-1,-1
774,11,305.00,194.91,74.74,118.05,0.7855,-1,-1,-1
774,16,447.72,332.61,65.84,158.99,0.7161,-1,-1,-1
774,19,532.59,263.19,70.00,175.51,0.8033,-1,-1,-1
774,22,207.23,436.26,71.01,150.85,0.8581,-1,-1,-1
774,23,453.78,392.40,140.41,169.57,0.8058,-1,-1,-1
774,25,365.91,258.12,56.70,157.88,0.8674,-1,-1,-1
774,27,438.59,122.14,76.25,126.00,0.8026,-1,-1,-1
774,30,31.82,163.87,55.08,145.09,0.7250,-1,-1,-1
774,-1,807.65,520.12,65.44,64.00,0.5491,-1,-1,-1
774,-1,921.24,180.94,50.76,127.94,0.5215,-1,-1,-1
774,-1,511.03,165.68,83.62,103.29,0.5047,-1,-1,-1
775,5,691.46,310.84,102.86,149.27,0.8107,-1,-1,-1
775,11,311.27,192.33,62.38,120.71,0.6654,-1,-1,-1
775,16,431.56,328.49,70.36,145.93,0.7660,-1,-1,-1
775,19,548.48,266.30,80.44,171.65,0.7709,-1,-1,-1
775,22,202.40,429.67,61.13,151.64,0.8595,-1,-1,-1
775,23,451.42,383.95,121.97,177.07,0.7789,-1,-1,-1
775,25,368.54,252.91,60.61,153.92,0.8590,-1,-1,-1
775,27,439.08,122.06,76.61,125.66,0.8132,-1,-1,-1
775,30,32.15,164.98,54.90,143.55,0.7394,-1,-1,-1
775,9,575.09,230.80,55.37,131.50,0.5338,-1,-1,-1
775,-1,920.54,180.82,51.16,128.11,0.5274,-1,-1,-1
775,-1,512.52,163.17,84.56,117.18,0.5009,-1,-1,-1
775,-1,811.11,518.44,65.37,65.63,0.6304,-1,-1,-1
776,5,684.25,311.46,104.96,149.61,0.8114,-1,-1,-1
776,11,315.55,192.21,55.24,120.72,0.6808,-1,-1,-1
776,16,420.28,326.55,75.46,153.88,0.7928,-1,-1,-1
776,19,557.23,264.00,77.43,175.26,0.7969,-1,-1,-1
776,22,199.42,424.76,59.95,153.88,0.8770,-1,-1,-1
776,23,446.05,380.34,118.37,179.45,0.8172,-1,-1,-1
776,25,368.83,249.95,68.09,156.73,0.8787,-1,-1,-1
776,27,439.22,122.78,76.79,124.75,0.8061,-1,-1,-1
776,30,31.91,165.71,54.37,142.98,0.7627,-1,-1,-1
776,9,577.21,232.37,61.08,133.79,0.5125,-1,-1,-1
776,-1,920.49,180.87,50.88,128.03,0.5392,-1,-1,-1
776,-1,511.54,161.19,86.29,120.21,0.5203,-1,-1,-1
776,-1,812.55,518.04,65.41,66.19,0.6223,-1,-1,-1
777,5,674.43,312.46,107.35,149.56,0.7853,-1,-1,-1
777,9,577.97,224.66,72.10,147.97,0.6138,-1,-1,-1
777,11,319.89,189.54,52.55,123.40,0.6910,-1,-1,-1
777,16,409.63,324.91,80.23,151.90,0.8451,-1,-1,-1
777,19,565.91,266.01,75.67,173.17,0.7698,-1,-1,-1
777,22,193.19,420.44,62.86,156.35,0.8845,-1,-1,-1
777,23,438.29,377.79,115.77,181.14,0.8669,-1,-1,-1
777,25,370.28,246.27,76.42,159.76,0.8758,-1,-1,-1
777,27,439.11,124.41,77.26,122.81,0.8060,-1,-1,-1
777,30,31.75,165.41,54.66,143.36,0.7512,-1,-1,-1
777,-1,512.69,158.54,86.90,123.09,0.5636,-1,-1,-1
777,-1,920.26,181.16,50.69,127.44,0.5293,-1,-1,-1
777,-1,814.45,517.76,64.26,66.50,0.6584,-1,-1,-1
778,5,673.46,319.57,97.11,142.33,0.7606,-1,-1,-1
778,11,321.31,185.34,49.72,127.72,0.7059,-1,-1,-1
778,16,389.94,324.41,90.18,149.91,0.8484,-1,-1,-1
778,19,575.38,276.03,69.24,162.31,0.7357,-1,-1,-1
778,22,189.75,415.04,63.14,160.28,0.8711,-1,-1,-1
778,23,450.25,376.53,93.40,179.72,0.8162,-1,-1,-1
778,25,372.10,243.99,88.89,161.89,0.8659,-1,-1,-1
778,27,437.76,127.01,78.80,120.59,0.8054,-1,-1,-1
778,30,31.71,165.87,54.12,142.60,0.7323,-1,-1,-1
778,9,584.22,227.76,85.83,149.11,0.5879,-1,-1,-1
778,-1,920.46,181.54,49.66,127.04,0.5316,-1,-1,-1
778,-1,815.89,517.45,63.00,66.78,0.6550,-1,-1,-1
779,5,662.89,318.54,94.15,143.32,0.6741,-1,-1,-1
779,11,322.54,161.97,49.61,151.22,0.6732,-1,-1,-1
779,16,378.64,324.72,87.92,152.39,0.8071,-1,-1,-1
779,19,584.59,272.97,70.15,164.45,0.7209,-1,-1,-1
779,22,190.82,409.16,59.76,164.71,0.8760,-1,-1,-1
779,23,442.81,375.39,87.61,175.49,0.8247,-1,-1,-1
779,25,375.63,242.32,94.28,161.56,0.8699,-1,-1,-1
779,27,436.43,128.73,80.42,118.15,0.8049,-1,-1,-1
779,30,31.90,166.39,51.47,144.08,0.7362,-1,-1,-1
779,-1,525.37,156.59,74.32,125.55,0.5043,-1,-1,-1
779,-1,920.45,181.51,49.72,127.03,0.5006,-1,-1,-1
779,-1,817.16,516.83,62.41,67.32,0.6649,-1,-1,-1
780,5,657.36,317.36,74.39,144.49,0.7227,-1,-1,-1
780,11,325.70,152.34,45.55,160.71,0.6422,-1,-1,-1
780,19,598.11,267.10,65.48,166.72,0.7131,-1,-1,-1
780,22,184.76,400.20,61.42,171.66,0.8487,-1,-1,-1
780,23,414.60,377.68,96.03,171.99,0.8297,-1,-1,-1
780,25,383.97,218.30,87.55,171.00,0.7364,-1,-1,-1
780,27,433.39,133.05,83.49,113.66,0.7980,-1,-1,-1
780,30,31.88,167.14,49.51,147.61,0.7230,-1,-1,-1
780,16,356.46,324.78,89.13,150.36,0.5827,-1,-1,-1
780,-1,523.46,155.20,83.66,125.72,0.5548,-1,-1,-1
780,-1,920.57,181.78,48.39,127.76,0.5215,-1,-1,-1
780,-1,819.21,516.27,61.43,67.54,0.6728,-1,-1,-1
781,5,631.24,316.29,100.08,145.83,0.6854,-1,-1,-1
781,16,351.21,333.18,82.87,131.89,0.6047,-1,-1,-1
781,22,180.93,398.21,61.77,171.12,0.8223,-1,-1,-1
781,23,402.50,380.40,98.59,168.37,0.8446,-1,-1,-1
781,25,386.63,208.11,86.38,169.09,0.7856,-1,-1,-1
781,27,433.01,138.33,84.08,108.28,0.7912,-1,-1,-1
781,30,31.69,167.44,52.17,149.37,0.7275,-1,-1,-1
781,11,329.08,144.74,42.56,168.03,0.5678,-1,-1,-1
781,-1,521.51,156.25,91.43,125.19,0.5849,-1,-1,-1
781,-1,920.21,181.93,48.73,128.02,0.5125,-1,-1,-1
781,-1,820.55,516.23,60.06,67.68,0.6844,-1,-1,-1
782,5,645.04,305.98,85.34,156.61,0.7027,-1,-1,-1
782,11,332.80,142.23,38.90,166.04,0.6175,-1,-1,-1
782,16,311.65,332.98,111.99,141.44,0.6523,-1,-1,-1
782,22,178.37,396.23,62.73,172.16,0.8480,-1,-1,-1
782,23,399.21,384.16,98.95,167.72,0.8581,-1,-1,-1
782,25,386.14,202.16,86.30,175.55,0.8368,-1,-1,-1
782,27,432.77,139.75,84.79,107.37,0.7470,-1,-1,-1
782,30,31.84,168.98,58.45,150.32,0.7365,-1,-1,-1
782,-1,602.84,236.29,71.15,128.75,0.5207,-1,-1,-1
782,-1,919.44,183.00,48.93,128.01,0.5188,-1,-1,-1
782,-1,821.43,516.28,59.14,67.69,0.6999,-1,-1,-1
782,-1,524.08,156.81,95.79,126.01,0.6390,-1,-1,-1
783,5,610.55,310.48,115.90,153.11,0.7605,-1,-1,-1
783,16,293.39,335.27,119.73,139.34,0.7635,-1,-1,-1
783,22,176.36,396.53,65.58,168.90,0.8435,-1,-1,-1
783,23,398.14,388.02,100.69,165.98,0.8467,-1,-1,-1
783,25,391.11,231.20,78.93,147.89,0.8055,-1,-1,-1
783,27,428.31,140.52,89.07,107.47,0.6634,-1,-1,-1
783,30,32.12,170.55,36.73,151.79,0.6435,-1,-1,-1
783,-1,528.77,158.68,99.11,128.21,0.5929,-1,-1,-1
783,-1,821.78,517.20,58.65,66.80,0.6468,-1,-1,-1
784,5,591.64,308.31,129.02,156.54,0.8281,-1,-1,-1
784,16,282.35,338.38,120.68,140.58,0.8477,-1,-1,-1
784,22,172.45,395.80,73.22,166.76,0.8558,-1,-1,-1
784,23,397.74,391.57,100.60,162.88,0.8890,-1,-1,-1
784,25,389.28,226.84,77.77,151.59,0.8305,-1,-1,-1
784,27,421.69,144.25,96.04,104.75,0.6980,-1,-1,-1
784,30,31.65,172.65,36.38,151.65,0.6631,-1,-1,-1
784,-1,549.22,161.25,82.51,127.12,0.5870,-1,-1,-1
784,-1,597.56,240.83,88.86,93.48,0.5234,-1,-1,-1
784,-1,335.34,133.26,38.00,171.92,0.5083,-1,-1,-1
784,-1,918.08,186.38,50.57,127.93,0.5066,-1,-1,-1
784,-1,822.10,518.38,58.35,65.70,0.6552,-1,-1,-1
785,5,579.04,311.30,123.37,147.60,0.7913,-1,-1,-1
785,16,274.91,346.35,108.50,139.66,0.8540,-1,-1,-1
785,22,165.10,390.63,80.07,164.03,0.8644,-1,-1,-1
785,23,397.39,392.66,102.74,163.47,0.8569,-1,-1,-1
785,25,371.09,188.60,87.75,190.20,0.7950,-1,-1,-1
785,27,418.95,149.32,98.03,102.71,0.6699,-1,-1,-1
785,30,31.95,175.99,38.83,151.99,0.6349,-1,-1,-1
785,-1,334.54,142.50,46.66,163.28,0.5506,-1,-1,-1
785,-1,822.35,521.63,57.26,62.34,0.5394,-1,-1,-1
785,-1,642.92,259.32,62.32,167.97,0.5322,-1,-1,-1
785,-1,549.76,164.24,86.06,128.90,0.7058,-1,-1,-1
786,5,573.61,312.02,119.12,147.86,0.8663,-1,-1,-1
786,16,274.79,348.21,104.47,139.13,0.8603,-1,-1,-1
786,22,160.98,387.88,80.99,163.26,0.8777,-1,-1,-1
786,23,397.47,391.32,106.74,165.69,0.8063,-1,-1,-1
786,25,388.72,209.79,64.58,167.93,0.7536,-1,-1,-1
786,27,413.59,151.05,99.22,103.69,0.6192,-1,-1,-1
786,30,31.81,178.54,44.91,151.77,0.5994,-1,-1,-1
786,-1,637.54,273.35,68.20,156.28,0.5210,-1,-1,-1
786,-1,822.13,523.71,57.09,60.31,0.5043,-1,-1,-1
786,31,553.66,169.47,82.05,126.48,0.7344,-1,-1,-1
787,5,568.91,314.62,107.54,147.20,0.8639,-1,-1,-1
787,16,274.59,348.97,100.99,140.14,0.8850,-1,-1,-1
787,22,156.09,385.39,82.40,163.77,0.8788,-1,-1,-1
787,25,387.90,208.21,62.30,165.37,0.7713,-1,-1,-1
787,30,31.27,182.79,37.90,149.73,0.6411,-1,-1,-1
787,31,539.00,172.13,98.10,126.89,0.6624,-1,-1,-1
787,9,634.40,276.70,76.26,154.54,0.7389,-1,-1,-1
787,23,398.16,388.33,103.90,168.80,0.5431,-1,-1,-1
787,27,406.97,155.58,97.46,101.83,0.5518,-1,-1,-1
787,-1,339.88,159.87,49.62,149.76,0.5657,-1,-1,-1
788,5,565.91,316.10,93.20,148.57,0.7985,-1,-1,-1
788,9,642.66,282.30,76.52,151.07,0.6850,-1,-1,-1
788,16,274.50,348.46,99.09,143.33,0.8800,-1,-1,-1
788,22,152.18,383.94,80.56,162.43,0.8806,-1,-1,-1
788,23,400.82,385.66,117.68,171.57,0.8364,-1,-1,-1
788,25,390.63,207.74,59.24,161.82,0.7503,-1,-1,-1
788,30,31.50,171.42,51.91,164.30,0.6704,-1,-1,-1
788,31,539.36,175.97,97.71,127.04,0.7088,-1,-1,-1
789,5,560.76,317.75,77.21,149.14,0.8315,-1,-1,-1
789,9,654.88,281.71,79.96,155.19,0.7071,-1,-1,-1
789,16,274.15,346.15,101.65,148.55,0.8747,-1,-1,-1
789,22,147.87,384.18,80.07,161.87,0.8758,-1,-1,-1
789,23,408.08,382.55,114.36,170.85,0.8352,-1,-1,-1
789,25,389.65,212.33,60.16,153.38,0.7919,-1,-1,-1
789,30,30.96,164.95,57.92,173.90,0.7341,-1,-1,-1
789,31,551.11,179.26,85.20,126.98,0.7826,-1,-1,-1
789,-1,914.40,199.85,50.45,129.23,0.5136,-1,-1,-1
790,5,554.25,319.33,67.31,149.94,0.8597,-1,-1,-1
790,9,659.53,290.19,90.55,149.86,0.7591,-1,-1,-1
790,16,273.84,344.62,106.21,151.99,0.8803,-1,-1,-1
790,22,143.68,385.61,79.29,162.59,0.8874,-1,-1,-1
790,23,418.29,380.66,106.20,172.90,0.8679,-1,-1,-1
790,25,384.02,216.10,64.22,145.46,0.7437,-1,-1,-1
790,30,30.76,163.91,58.38,178.59,0.7378,-1,-1,-1
790,31,552.26,182.43,83.05,127.42,0.8373,-1,-1,-1
790,11,346.56,183.20,54.34,139.52,0.6276,-1,-1,-1
790,-1,913.13,204.70,51.32,131.78,0.5498,-1,-1,-1
790,-1,810.25,534.53,61.12,179.10,0.5074,-1,-1,-1
790,-1,659.87,265.47,84.84,155.48,0.5052,-1,-1,-1
791,5,534.86,324.63,79.57,151.79,0.8676,-1,-1,-1
791,9,647.07,292.28,125.59,155.87,0.7618,-1,-1,-1
791,16,274.53,343.73,111.28,156.21,0.8891,-1,-1,-1
791,22,135.68,391.66,74.89,164.25,0.8145,-1,-1,-1
791,23,437.54,377.88,90.52,176.91,0.8649,-1,-1,-1
791,25,379.20,221.67,62.54,138.34,0.7569,-1,-1,-1
791,30,28.50,174.12,59.36,176.38,0.7079,-1,-1,-1
791,31,553.86,190.74,79.98,127.19,0.8390,-1,-1,-1
791,11,345.49,189.84,54.80,147.56,0.5992,-1,-1,-1
791,-1,807.42,542.48,58.41,176.91,0.5354,-1,-1,-1
792,5,510.70,328.97,98.55,149.11,0.8293,-1,-1,-1
792,9,631.46,301.76,146.00,150.30,0.6500,-1,-1,-1
792,11,346.47,181.49,54.82,164.74,0.6638,-1,-1,-1
792,16,279.16,344.82,108.31,156.49,0.9040,-1,-1,-1
792,22,131.28,396.65,71.92,165.03,0.8542,-1,-1,-1
792,23,442.71,378.43,91.07,176.96,0.8530,-1,-1,-1
792,25,388.29,219.02,54.55,143.66,0.7319,-1,-1,-1
792,30,27.79,178.77,58.99,175.93,0.7532,-1,-1,-1
792,31,555.54,193.68,77.60,128.62,0.7845,-1,-1,-1
793,5,511.99,334.29,90.93,139.73,0.8553,-1,-1,-1
793,16,284.68,346.95,102.67,155.69,0.8994,-1,-1,-1
793,22,126.56,401.93,69.72,165.54,0.8423,-1,-1,-1
793,23,448.73,380.36,75.60,176.62,0.8429,-1,-1,-1
793,25,381.83,220.91,58.16,143.96,0.7289,-1,-1,-1
793,30,24.51,182.64,61.64,176.81,0.7530,-1,-1,-1
793,31,559.57,198.36,75.55,128.31,0.8180,-1,-1,-1
793,9,628.03,309.44,155.83,130.32,0.5746,-1,-1,-1
793,-1,678.62,309.77,106.36,128.78,0.5168,-1,-1,-1
793,-1,909.07,221.33,49.34,124.50,0.5114,-1,-1,-1
794,5,505.73,340.31,88.95,131.18,0.8633,-1,-1,-1
794,9,686.05,317.77,103.26,128.37,0.6960,-1,-1,-1
794,16,288.90,349.94,98.47,155.01,0.8949,-1,-1,-1
794,22,122.55,405.28,69.40,166.67,0.8468,-1,-1,-1
794,23,457.50,382.72,67.02,175.43,0.8450,-1,-1,-1
794,25,381.82,221.15,55.57,145.52,0.6724,-1,-1,-1
794,30,22.74,184.60,61.04,180.05,0.7471,-1,-1,-1
794,31,565.76,202.64,72.31,128.50,0.8561,-1,-1,-1
794,-1,345.44,197.85,56.69,162.55,0.5905,-1,-1,-1
794,-1,908.20,224.70,49.23,126.69,0.5720,-1,-1,-1
795,5,490.16,347.11,93.80,123.54,0.7420,-1,-1,-1
795,9,688.51,323.63,104.56,133.35,0.6265,-1,-1,-1
795,16,292.52,354.35,94.53,154.24,0.8894,-1,-1,-1
795,22,111.99,409.62,78.03,167.03,0.8312,-1,-1,-1
795,23,462.37,383.24,69.29,177.50,0.8173,-1,-1,-1
795,25,384.48,221.01,52.63,149.82,0.6390,-1,-1,-1
795,30,19.94,191.81,61.14,177.08,0.7624,-1,-1,-1
795,31,571.76,206.58,70.04,128.91,0.8658,-1,-1,-1
795,11,328.67,199.28,70.98,166.12,0.6072,-1,-1,-1
795,-1,633.12,323.87,105.81,123.95,0.5946,-1,-1,-1
795,-1,906.19,230.48,50.11,125.15,0.5107,-1,-1,-1
796,9,697.28,333.80,95.46,149.89,0.7970,-1,-1,-1
796,11,318.13,207.67,78.36,166.08,0.6081,-1,-1,-1
796,16,300.89,364.55,86.93,155.95,0.8727,-1,-1,-1
796,22,93.74,417.43,92.09,167.11,0.8706,-1,-1,-1
796,23,451.96,397.41,100.24,169.39,0.8052,-1,-1,-1
796,25,385.91,229.59,54.20,141.96,0.6955,-1,-1,-1
796,30,14.75,201.53,63.21,176.27,0.7625,-1,-1,-1
796,31,582.51,214.43,66.11,130.90,0.8782,-1,-1,-1
796,-1,446.61,360.49,65.66,132.03,0.5292,-1,-1,-1
796,-1,903.32,239.47,49.72,124.66,0.5179,-1,-1,-1
796,-1,673.02,305.12,71.59,142.13,0.6715,-1,-1,-1
797,9,702.22,329.66,90.46,160.71,0.8299,-1,-1,-1
797,11,323.28,219.08,72.07,158.28,0.6466,-1,-1,-1
797,16,302.96,369.95,86.24,160.23,0.8673,-1,-1,-1
797,22,89.82,421.30,91.50,165.71,0.8797,-1,-1,-1
797,23,468.61,403.98,73.12,167.25,0.8697,-1,-1,-1
797,25,385.07,234.12,54.77,137.25,0.7163,-1,-1,-1
797,30,13.52,204.93,62.57,177.21,0.7590,-1,-1,-1
797,31,586.21,217.76,64.80,133.44,0.8509,-1,-1,-1
797,5,438.03,365.21,67.98,131.46,0.7643,-1,-1,-1
797,-1,901.20,243.10,48.89,127.81,0.5371,-1,-1,-1
797,-1,797.27,573.20,55.00,146.93,0.5158,-1,-1,-1
797,-1,671.02,308.69,63.85,142.57,0.6722,-1,-1,-1
798,5,437.20,369.33,64.10,130.49,0.8032,-1,-1,-1
798,9,704.45,330.99,86.47,164.04,0.7967,-1,-1,-1
798,11,320.02,224.42,69.05,155.30,0.6920,-1,-1,-1
798,16,303.77,376.14,85.00,159.30,0.8402,-1,-1,-1
798,22,86.63,423.65,85.01,166.45,0.8583,-1,-1,-1
798,23,465.76,409.75,89.90,166.18,0.8336,-1,-1,-1
798,25,383.14,238.01,55.22,131.82,0.7809,-1,-1,-1
798,30,10.25,209.74,63.80,176.20,0.7527,-1,-1,-1
798,31,586.37,221.52,66.10,136.71,0.8382,-1,-1,-1
798,-1,793.89,576.92,55.71,143.26,0.5294,-1,-1,-1
798,-1,898.70,245.65,50.58,127.94,0.5174,-1,-1,-1
798,-1,669.76,311.75,72.45,142.63,0.6388,-1,-1,-1
799,5,422.58,372.07,73.83,130.41,0.8210,-1,-1,-1
799,9,704.43,342.82,84.15,156.02,0.7819,-1,-1,-1
799,11,301.61,222.50,81.45,160.07,0.6111,-1,-1,-1
799,16,302.08,381.85,88.73,157.61,0.8440,-1,-1,-1
799,22,82.38,425.28,72.99,166.28,0.8423,-1,-1,-1
799,23,463.78,414.66,105.23,164.36,0.8533,-1,-1,-1
799,25,382.44,243.39,50.83,125.28,0.7406,-1,-1,-1
799,30,7.80,213.17,62.94,175.88,0.7253,-1,-1,-1
799,31,585.72,225.43,67.50,138.89,0.8309,-1,-1,-1
799,-1,788.21,580.12,57.57,140.06,0.5454,-1,-1,-1
799,-1,896.44,249.66,51.74,127.64,0.5233,-1,-1,-1
799,-1,670.59,314.55,74.94,143.11,0.6263,-1,-1,-1
800,5,409.16,375.11,82.50,131.03,0.8157,-1,-1,-1
800,9,702.42,348.40,84.20,154.40,0.7840,-1,-1,-1
800,11,312.19,241.88,62.28,141.71,0.6516,-1,-1,-1
800,16,301.16,387.38,93.42,154.66,0.7713,-1,-1,-1
800,22,74.77,425.73,63.00,167.61,0.8330,-1,-1,-1
800,23,461.92,417.18,113.98,164.37,0.8813,-1,-1,-1
800,25,381.28,245.22,49.93,123.52,0.7252,-1,-1,-1
800,30,4.20,215.74,61.27,176.82,0.6936,-1,-1,-1
800,31,584.74,230.11,67.70,139.75,0.8510,-1,-1,-1
800,-1,779.61,583.14,65.12,137.16,0.5268,-1,-1,-1
800,-1,894.47,251.69,50.20,125.64,0.5171,-1,-1,-1
800,-1,675.88,317.19,75.05,143.19,0.6612,-1,-1,-1
801,5,394.48,381.29,79.84,131.32,0.7805,-1,-1,-1
801,9,703.40,357.82,81.24,152.04,0.7867,-1,-1,-1
801,11,294.72,241.31,64.89,145.90,0.6350,-1,-1,-1
801,16,301.27,390.06,105.84,158.21,0.7523,-1,-1,-1
801,22,57.96,425.41,58.46,167.85,0.8073,-1,-1,-1
801,23,463.46,418.47,109.40,164.95,0.9013,-1,-1,-1
801,25,372.87,248.30,52.66,125.13,0.7137,-1,-1,-1
801,30,0.43,216.60,59.33,181.24,0.6655,-1,-1,-1
801,31,582.35,234.70,67.93,144.84,0.8195,-1,-1,-1
801,-1,773.64,588.98,65.57,131.22,0.5521,-1,-1,-1
802,5,393.46,384.79,73.34,136.87,0.7863,-1,-1,-1
802,9,702.64,361.36,81.27,153.67,0.7986,-1,-1,-1
802,11,296.51,244.67,58.76,144.63,0.6976,-1,-1,-1
802,16,302.67,389.18,116.88,161.43,0.7307,-1,-1,-1
802,22,48.33,425.56,55.10,168.14,0.7936,-1,-1,-1
802,23,488.23,417.54,82.31,162.39,0.8537,-1,-1,-1
802,25,370.08,246.27,53.15,129.58,0.7296,-1,-1,-1
802,30,0.67,220.39,55.63,179.54,0.6277,-1,-1,-1
802,31,580.95,238.12,67.09,144.73,0.8396,-1,-1,-1
802,-1,771.56,591.55,64.76,128.53,0.5857,-1,-1,-1
802,-1,888.79,259.50,55.65,125.97,0.5139,-1,-1,-1
803,5,368.82,389.00,90.77,138.72,0.7047,-1,-1,-1
803,9,705.06,359.36,83.77,161.70,0.8051,-1,-1,-1
803,11,282.90,241.33,71.53,150.78,0.7020,-1,-1,-1
803,16,302.45,388.12,112.11,163.72,0.6482,-1,-1,-1
803,22,29.57,426.51,61.47,167.18,0.7705,-1,-1,-1
803,23,481.72,416.51,87.72,164.36,0.8251,-1,-1,-1
803,25,363.76,246.59,57.53,130.84,0.7363,-1,-1,-1
803,31,578.59,242.13,66.93,142.00,0.8166,-1,-1,-1
803,30,0.58,222.56,51.95,179.75,0.5270,-1,-1,-1
803,-1,768.92,594.24,67.35,125.82,0.6375,-1,-1,-1
804,5,363.85,392.86,88.75,140.32,0.7445,-1,-1,-1
804,9,705.27,359.91,90.97,162.53,0.8144,-1,-1,-1
804,11,271.36,244.08,74.96,148.99,0.6857,-1,-1,-1
804,16,279.54,385.05,130.20,165.63,0.7606,-1,-1,-1
804,22,11.02,428.54,68.13,165.75,0.7658,-1,-1,-1
804,23,489.68,414.22,81.53,168.99,0.8453,-1,-1,-1
804,25,357.13,246.27,60.12,132.56,0.7063,-1,-1,-1
804,31,577.85,243.64,64.38,142.73,0.7874,-1,-1,-1
804,-1,219.38,240.12,63.71,121.11,0.5108,-1,-1,-1
804,-1,766.56,596.32,66.61,123.77,0.6220,-1,-1,-1
805,5,358.09,396.34,88.49,142.62,0.7866,-1,-1,-1
805,9,697.03,364.94,100.10,159.54,0.8223,-1,-1,-1
805,11,266.91,244.42,76.32,151.23,0.7496,-1,-1,-1
805,16,274.93,383.40,143.63,163.12,0.7876,-1,-1,-1
805,22,0.36,431.79,70.21,162.66,0.7410,-1,-1,-1
805,23,492.87,411.65,82.11,173.52,0.9038,-1,-1,-1
805,25,349.94,246.00,64.48,134.73,0.7484,-1,-1,-1
805,31,577.39,245.55,61.81,142.05,0.7739,-1,-1,-1
805,-1,210.79,241.44,55.88,124.65,0.5107,-1,-1,-1
805,-1,764.28,598.83,67.66,121.20,0.6218,-1,-1,-1
806,5,316.88,401.17,117.01,142.73,0.7735,-1,-1,-1
806,9,700.28,375.48,93.11,153.70,0.7770,-1,-1,-1
806,11,255.82,247.36,79.03,149.79,0.7069,-1,-1,-1
806,16,267.43,377.94,120.86,149.89,0.7915,-1,-1,-1
806,22,1.92,440.17,54.37,155.39,0.6042,-1,-1,-1
806,23,509.28,403.52,76.35,181.01,0.8864,-1,-1,-1
806,25,339.09,246.57,68.77,137.47,0.7189,-1,-1,-1
806,31,576.05,248.70,57.47,142.20,0.7487,-1,-1,-1
806,-1,181.48,247.33,75.62,124.15,0.5350,-1,-1,-1
806,-1,759.97,604.05,69.87,116.00,0.6486,-1,-1,-1
807,5,333.25,401.68,95.38,143.95,0.7831,-1,-1,-1
807,9,700.51,377.32,87.44,152.95,0.7391,-1,-1,-1
807,11,251.53,251.55,75.06,145.93,0.7138,-1,-1,-1
807,16,264.41,375.03,117.39,151.33,0.7906,-1,-1,-1
807,23,519.77,403.57,72.19,182.49,0.8976,-1,-1,-1
807,25,333.93,246.05,71.08,138.56,0.7531,-1,-1,-1
807,31,577.04,249.26,53.45,142.79,0.7444,-1,-1,-1
807,22,0.12,443.67,50.20,154.44,0.5916,-1,-1,-1
807,-1,168.88,250.26,56.47,122.43,0.5620,-1,-1,-1
807,-1,721.99,351.59,69.69,157.98,0.5614,-1,-1,-1
807,-1,757.28,606.27,72.08,113.74,0.6323,-1,-1,-1
808,5,335.81,401.83,87.46,145.54,0.7832,-1,-1,-1
808,9,700.56,380.04,90.81,152.53,0.7932,-1,-1,-1
808,11,245.42,252.35,68.00,145.68,0.7191,-1,-1,-1
808,16,262.74,372.52,116.59,156.70,0.8220,-1,-1,-1
808,23,527.13,400.11,72.28,184.57,0.8959,-1,-1,-1
808,25,327.85,245.73,67.45,139.50,0.7582,-1,-1,-1
808,31,577.31,250.16,51.20,143.19,0.7948,-1,-1,-1
808,-1,155.74,254.64,59.57,119.40,0.5830,-1,-1,-1
808,-1,755.49,608.97,74.73,111.11,0.6263,-1,-1,-1
809,5,338.34,401.41,80.34,147.27,0.7777,-1,-1,-1
809,9,700.10,380.47,93.66,153.93,0.8332,-1,-1,-1
809,11,239.65,252.17,58.23,146.40,0.6893,-1,-1,-1
809,16,262.70,369.91,112.76,156.58,0.8089,-1,-1,-1
809,23,529.49,400.89,78.33,185.33,0.8973,-1,-1,-1
809,25,321.26,244.99,62.24,138.63,0.7405,-1,-1,-1
809,31,578.34,249.91,50.18,144.95,0.8220,-1,-1,-1
809,-1,143.07,254.94,67.89,120.24,0.5789,-1,-1,-1
809,-1,720.47,353.29,73.19,163.07,0.5629,-1,-1,-1
809,-1,754.21,611.09,74.94,108.90,0.6107,-1,-1,-1
810,9,699.96,381.23,91.11,155.55,0.7963,-1,-1,-1
810,11,230.45,247.65,50.30,152.39,0.6382,-1,-1,-1
810,16,261.79,367.87,114.68,152.81,0.7883,-1,-1,-1
810,23,531.78,402.15,83.42,185.81,0.8840,-1,-1,-1
810,25,314.12,242.30,47.72,128.60,0.6889,-1,-1,-1
810,31,578.90,251.27,51.10,144.02,0.8461,-1,-1,-1
810,5,350.74,400.39,62.65,149.95,0.5344,-1,-1,-1
810,-1,752.58,613.06,75.32,106.90,0.5503,-1,-1,-1
810,-1,721.32,353.83,67.23,163.61,0.5435,-1,-1,-1
810,-1,874.46,268.13,52.58,130.04,0.5155,-1,-1,-1
810,-1,127.24,255.45,74.90,120.64,0.6430,-1,-1,-1
811,5,316.68,395.04,87.29,160.44,0.7009,-1,-1,-1
811,9,699.46,379.59,90.11,160.24,0.7494,-1,-1,-1
811,11,212.17,243.76,42.23,157.31,0.6125,-1,-1,-1
811,23,533.87,402.02,93.83,190.25,0.8979,-1,-1,-1
811,25,300.57,234.48,47.46,147.62,0.6863,-1,-1,-1
811,31,579.11,252.98,51.30,145.37,0.8643,-1,-1,-1
811,16,269.22,364.31,108.45,133.90,0.5701,-1,-1,-1
811,-1,749.29,659.90,76.76,60.22,0.5886,-1,-1,-1
811,-1,873.12,268.67,54.57,130.66,0.5455,-1,-1,-1
811,-1,100.14,256.66,81.24,136.15,0.6768,-1,-1,-1
812,5,340.78,394.85,58.81,161.35,0.6822,-1,-1,-1
812,9,701.71,377.63,89.64,163.70,0.8159,-1,-1,-1
812,11,201.42,242.88,41.72,157.13,0.7167,-1,-1,-1
812,23,534.34,415.87,97.94,177.61,0.9025,-1,-1,-1
812,25,295.36,233.09,46.69,148.65,0.6879,-1,-1,-1
812,31,579.09,254.13,55.95,147.24,0.8497,-1,-1,-1
812,16,264.86,363.81,110.02,133.03,0.5407,-1,-1,-1
812,-1,748.04,659.85,78.65,60.33,0.5591,-1,-1,-1
812,-1,725.27,352.10,64.93,90.20,0.5519,-1,-1,-1
812,-1,872.25,267.87,55.17,133.59,0.5293,-1,-1,-1
812,-1,82.92,258.37,87.09,139.86,0.7022,-1,-1,-1
813,5,289.56,387.24,105.57,170.81,0.7665,-1,-1,-1
813,9,705.51,376.43,85.32,164.24,0.8456,-1,-1,-1
813,11,186.24,247.20,43.53,151.52,0.6564,-1,-1,-1
813,23,532.61,415.98,102.96,179.74,0.9069,-1,-1,-1
813,25,289.32,231.40,46.68,150.42,0.6281,-1,-1,-1
813,31,578.96,254.79,66.34,157.08,0.8015,-1,-1,-1
813,-1,746.33,660.10,80.29,59.97,0.5818,-1,-1,-1
813,-1,726.15,351.31,67.03,86.38,0.5557,-1,-1,-1
813,-1,871.78,267.68,55.74,134.15,0.5380,-1,-1,-1
813,32,63.08,262.40,89.57,139.26,0.6554,-1,-1,-1
814,5,284.53,384.94,106.07,175.01,0.8151,-1,-1,-1
814,9,706.68,376.87,84.44,164.32,0.8459,-1,-1,-1
814,11,168.37,251.81,54.00,150.27,0.6993,-1,-1,-1
814,23,534.67,417.84,102.66,179.12,0.9026,-1,-1,-1
814,25,282.60,232.60,47.09,149.81,0.6636,-1,-1,-1
814,31,578.25,256.04,64.96,155.13,0.8240,-1,-1,-1
814,32,48.36,264.27,66.15,143.27,0.6097,-1,-1,-1
814,-1,746.18,660.29,79.55,59.78,0.5705,-1,-1,-1
814,-1,727.75,351.21,70.37,80.96,0.5673,-1,-1,-1
814,-1,871.36,267.75,55.88,135.62,0.5564,-1,-1,-1
814,-1,282.31,363.62,96.70,137.12,0.5023,-1,-1,-1
815,9,708.21,377.60,85.00,162.18,0.8148,-1,-1,-1
815,11,154.79,252.19,63.99,148.72,0.7299,-1,-1,-1
815,23,541.74,417.89,96.73,179.68,0.8745,-1,-1,-1
815,25,272.51,233.66,52.54,148.39,0.7079,-1,-1,-1
815,31,577.57,255.60,61.90,158.48,0.8212,-1,-1,-1
815,32,33.66,267.76,70.55,145.16,0.6004,-1,-1,-1
815,5,280.96,364.34,99.55,137.24,0.5351,-1,-1,-1
815,-1,871.17,266.98,56.54,135.11,0.5949,-1,-1,-1
815,-1,745.99,660.00,80.44,60.02,0.5857,-1,-1,-1
815,-1,729.69,351.41,75.58,75.18,0.5449,-1,-1,-1
816,9,712.07,379.39,90.04,163.64,0.7365,-1,-1,-1
816,11,127.28,256.57,82.54,146.17,0.7965,-1,-1,-1
816,23,562.91,412.27,76.84,175.20,0.8147,-1,-1,-1
816,25,253.15,234.35,65.32,146.93,0.7831,-1,-1,-1
816,31,575.92,254.93,64.70,160.17,0.8173,-1,-1,-1
816,5,278.64,384.41,106.27,160.43,0.5944,-1,-1,-1
816,32,2.66,276.32,61.32,138.17,0.5339,-1,-1,-1
816,-1,751.24,660.05,74.21,59.97,0.5728,-1,-1,-1
816,-1,872.35,265.36,56.91,136.91,0.5515,-1,-1,-1
817,5,306.18,382.90,82.13,163.75,0.6293,-1,-1,-1
817,9,714.88,380.97,95.81,156.76,0.7164,-1,-1,-1
817,11,114.51,261.82,91.23,142.01,0.7689,-1,-1,-1
817,23,572.96,410.70,67.45,174.72,0.8076,-1,-1,-1
817,25,246.08,234.53,69.34,146.37,0.8222,-1,-1,-1
817,31,576.18,252.96,67.35,162.88,0.8028,-1,-1,-1
817,32,0.05,273.62,48.85,141.40,0.5160,-1,-1,-1
817,-1,873.32,265.72,56.69,137.06,0.5689,-1,-1,-1
817,-1,751.64,660.65,71.93,59.45,0.5479,-1,-1,-1
818,5,294.46,382.27,85.00,171.22,0.7375,-1,-1,-1
818,9,717.87,381.28,101.68,159.55,0.6866,-1,-1,-1
818,11,103.60,257.78,97.13,148.41,0.8109,-1,-1,-1
818,23,577.22,407.86,70.97,184.11,0.8175,-1,-1,-1
818,25,241.20,233.32,70.13,146.91,0.8071,-1,-1,-1
818,31,576.39,253.49,62.16,160.60,0.8328,-1,-1,-1
818,16,338.34,356.23,77.34,114.28,0.6461,-1,-1,-1
818,-1,752.22,660.67,71.32,59.39,0.5755,-1,-1,-1
818,-1,873.81,264.56,58.39,138.71,0.5042,-1,-1,-1
819,5,299.50,380.51,86.54,169.04,0.8412,-1,-1,-1
819,9,719.11,382.48,105.13,164.07,0.7485,-1,-1,-1
819,11,95.28,256.01,100.21,150.22,0.7883,-1,-1,-1
819,16,343.30,353.87,79.38,120.09,0.7498,-1,-1,-1
819,23,581.00,411.77,72.19,177.89,0.8520,-1,-1,-1
819,25,237.15,232.95,69.86,147.20,0.8069,-1,-1,-1
819,31,577.60,251.59,62.21,165.53,0.8212,-1,-1,-1
819,-1,752.49,661.21,71.25,58.82,0.5689,-1,-1,-1
819,-1,874.79,263.55,58.48,142.83,0.5522,-1,-1,-1
820,5,300.19,379.40,75.69,170.16,0.8533,-1,-1,-1
820,9,727.08,384.44,98.10,164.58,0.6984,-1,-1,-1
820,11,88.37,251.80,99.35,154.81,0.7946,-1,-1,-1
820,16,354.42,352.54,75.94,122.93,0.6620,-1,-1,-1
820,23,584.76,412.94,73.90,174.95,0.8475,-1,-1,-1
820,25,232.48,230.65,70.89,150.32,0.8028,-1,-1,-1
820,31,574.62,253.59,64.57,163.37,0.8140,-1,-1,-1
820,-1,752.98,660.87,71.73,59.15,0.5943,-1,-1,-1
820,-1,875.52,262.56,60.43,144.37,0.5204,-1,-1,-1
821,5,294.35,376.73,71.48,169.70,0.8606,-1,-1,-1
821,9,731.56,385.26,97.30,167.10,0.6964,-1,-1,-1
821,11,74.31,250.95,85.30,156.09,0.8162,-1,-1,-1
821,16,356.01,348.56,81.75,137.33,0.8032,-1,-1,-1
821,23,590.04,417.79,103.08,169.23,0.8851,-1,-1,-1
821,25,222.01,228.54,74.85,152.95,0.7858,-1,-1,-1
821,31,576.03,254.73,63.98,166.73,0.8451,-1,-1,-1
821,-1,878.57,261.05,57.13,144.29,0.5314,-1,-1,-1
821,-1,754.96,659.96,72.49,60.01,0.6068,-1,-1,-1
822,5,293.02,376.35,67.88,170.01,0.8635,-1,-1,-1
822,9,732.89,382.99,98.73,171.22,0.6840,-1,-1,-1
822,11,64.98,250.78,77.99,156.11,0.7922,-1,-1,-1
822,16,367.36,346.82,67.95,135.33,0.8498,-1,-1,-1
822,23,593.87,419.98,109.67,169.81,0.8335,-1,-1,-1
822,25,207.70,227.06,82.95,154.64,0.7837,-1,-1,-1
822,31,576.45,255.84,63.64,168.74,0.8610,-1,-1,-1
822,-1,879.72,260.55,57.37,145.16,0.5322,-1,-1,-1
822,-1,754.49,659.83,73.63,60.18,0.6252,-1,-1,-1
823,5,292.61,376.81,63.85,166.34,0.8387,-1,-1,-1
823,9,735.19,395.86,97.82,160.31,0.6641,-1,-1,-1
823,11,52.80,250.08,70.02,157.57,0.8039,-1,-1,-1
823,16,364.30,344.73,92.06,133.83,0.8813,-1,-1,-1
823,23,603.35,423.73,107.80,173.08,0.8276,-1,-1,-1
823,25,202.60,225.10,80.86,157.13,0.7700,-1,-1,-1
823,31,575.16,256.00,66.15,173.46,0.8613,-1,-1,-1
823,-1,881.37,260.25,58.13,146.49,0.5205,-1,-1,-1
823,-1,755.13,660.54,73.78,59.44,0.6373,-1,-1,-1
824,5,290.72,377.61,61.93,167.10,0.8452,-1,-1,-1
824,9,733.89,393.60,100.62,164.03,0.6945,-1,-1,-1
824,11,39.95,250.34,60.24,157.57,0.7037,-1,-1,-1
824,16,365.50,342.68,105.01,145.75,0.8727,-1,-1,-1
824,23,613.64,425.57,97.16,172.98,0.8726,-1,-1,-1
824,25,193.59,224.69,83.44,157.77,0.7673,-1,-1,-1
824,31,573.47,256.91,69.01,175.27,0.8675,-1,-1,-1
824,-1,881.56,259.22,61.31,148.13,0.5267,-1,-1,-1
824,-1,755.95,660.88,73.75,59.10,0.6483,-1,-1,-1
825,5,287.91,379.12,59.79,165.47,0.8239,-1,-1,-1
825,9,736.23,385.57,98.75,173.19,0.7124,-1,-1,-1
825,11,25.33,249.36,56.31,158.91,0.6991,-1,-1,-1
825,16,372.93,341.63,106.94,148.21,0.8673,-1,-1,-1
825,23,620.00,425.77,90.98,174.55,0.8858,-1,-1,-1
825,25,185.12,221.52,84.41,161.26,0.7713,-1,-1,-1
825,31,571.96,257.02,71.82,175.63,0.8689,-1,-1,-1
825,-1,882.94,258.12,60.22,150.28,0.5927,-1,-1,-1
825,-1,758.91,660.68,71.80,59.31,0.5828,-1,-1,-1
826,5,278.98,381.32,62.72,165.31,0.8593,-1,-1,-1
826,9,740.87,387.16,95.23,178.59,0.7499,-1,-1,-1
826,11,0.37,249.19,54.41,164.61,0.6314,-1,-1,-1
826,16,395.69,341.24,128.83,149.67,0.9032,-1,-1,-1
826,23,625.38,422.23,85.27,181.95,0.8936,-1,-1,-1
826,25,168.64,215.99,80.68,165.82,0.7896,-1,-1,-1
826,31,569.07,256.83,73.89,176.35,0.8786,-1,-1,-1
826,-1,886.98,255.46,60.36,150.58,0.5766,-1,-1,-1
826,-1,760.71,661.18,70.71,58.83,0.6665,-1,-1,-1
827,5,275.81,381.40,63.57,166.94,0.8599,-1,-1,-1
827,9,742.09,385.27,95.11,181.77,0.7823,-1,-1,-1
827,16,413.17,342.11,131.75,150.78,0.8996,-1,-1,-1
827,23,626.00,416.87,84.61,188.81,0.9022,-1,-1,-1
827,25,160.57,214.96,76.56,166.90,0.7800,-1,-1,-1
827,31,567.06,256.17,74.78,177.50,0.8938,-1,-1,-1
827,-1,887.32,252.90,61.01,155.22,0.5979,-1,-1,-1
827,-1,743.20,355.23,84.14,89.32,0.5619,-1,-1,-1
827,-1,761.27,660.93,70.20,59.01,0.6953,-1,-1,-1
828,5,271.37,379.50,65.12,168.36,0.8656,-1,-1,-1
828,9,737.05,381.30,100.67,187.37,0.8037,-1,-1,-1
828,16,430.18,343.68,128.95,154.73,0.8569,-1,-1,-1
828,23,628.86,395.43,81.05,210.23,0.8768,-1,-1,-1
828,25,154.81,213.38,70.44,168.43,0.7113,-1,-1,-1
828,31,564.34,254.07,75.57,179.75,0.8828,-1,-1,-1
828,-1,761.34,660.82,70.34,59.11,0.7020,-1,-1,-1
828,-1,740.20,351.88,85.85,97.04,0.6266,-1,-1,-1
828,-1,888.36,252.73,60.30,154.72,0.6187,-1,-1,-1
829,5,267.38,376.92,65.78,171.31,0.8604,-1,-1,-1
829,9,729.91,376.64,107.01,192.06,0.8500,-1,-1,-1
829,16,451.02,345.37,118.54,157.83,0.8696,-1,-1,-1
829,23,626.33,363.00,82.72,241.79,0.8845,-1,-1,-1
829,25,149.39,213.39,64.75,168.70,0.7282,-1,-1,-1
829,31,562.27,252.79,76.88,180.60,0.8867,-1,-1,-1
829,33,761.65,660.84,69.65,59.08,0.7388,-1,-1,-1
829,-1,736.74,346.30,88.76,106.82,0.6496,-1,-1,-1
829,-1,888.86,251.81,59.82,155.54,0.6414,-1,-1,-1
830,5,264.66,373.43,66.34,174.67,0.8555,-1,-1,-1
830,9,736.92,380.63,98.68,186.67,0.7690,-1,-1,-1
830,16,463.79,344.18,105.96,158.20,0.8530,-1,-1,-1
830,23,626.97,341.01,80.57,261.38,0.8710,-1,-1,-1
830,25,145.66,213.95,59.62,168.45,0.7415,-1,-1,-1
830,31,560.88,250.08,79.58,182.53,0.8698,-1,-1,-1
830,33,761.16,660.87,69.59,59.03,0.7324,-1,-1,-1
830,-1,727.71,341.78,93.38,122.00,0.6800,-1,-1,-1
830,-1,889.05,249.38,60.16,155.30,0.6374,-1,-1,-1
831,5,266.32,367.93,60.61,181.00,0.8274,-1,-1,-1
831,9,743.18,374.32,90.63,190.94,0.8658,-1,-1,-1
831,16,478.82,348.95,91.33,150.31,0.8232,-1,-1,-1
831,23,622.30,320.41,62.83,257.48,0.8208,-1,-1,-1
831,25,137.31,213.25,59.95,165.81,0.7482,-1,-1,-1
831,31,560.77,248.55,71.83,180.80,0.8421,-1,-1,-1
831,33,760.92,660.97,70.51,59.02,0.6978,-1,-1,-1
831,-1,888.40,245.20,61.04,155.33,0.5710,-1,-1,-1
831,-1,724.01,335.15,69.02,133.69,0.6131,-1,-1,-1
832,5,267.41,367.44,59.85,182.36,0.8481,-1,-1,-1
832,9,745.13,374.88,88.26,188.33,0.8775,-1,-1,-1
832,16,489.28,348.75,106.40,148.39,0.8669,-1,-1,-1
832,23,601.94,319.19,83.03,242.92,0.8332,-1,-1,-1
832,25,128.55,215.10,67.99,162.75,0.7931,-1,-1,-1
832,31,560.86,250.06,71.01,177.16,0.8305,-1,-1,-1
832,33,760.73,660.93,70.95,59.11,0.6537,-1,-1,-1
832,-1,888.42,243.74,61.15,155.89,0.5636,-1,-1,-1
832,-1,722.09,333.04,70.61,159.67,0.6736,-1,-1,-1
833,5,269.26,367.59,59.68,182.34,0.8399,-1,-1,-1
833,9,742.95,364.97,91.26,199.91,0.8667,-1,-1,-1
833,16,495.96,347.59,117.84,147.61,0.8614,-1,-1,-1
833,23,617.02,316.19,66.24,238.15,0.8409,-1,-1,-1
833,25,116.13,213.86,81.10,161.97,0.7973,-1,-1,-1
833,31,563.51,247.88,71.16,177.82,0.8169,-1,-1,-1
833,33,760.67,660.66,71.96,59.35,0.5961,-1,-1,-1
833,-1,888.58,242.55,60.93,155.17,0.5979,-1,-1,-1
833,-1,719.18,331.83,65.35,184.89,0.7015,-1,-1,-1
834,5,269.29,369.10,62.82,182.17,0.8399,-1,-1,-1
834,9,741.03,366.22,92.99,202.90,0.8746,-1,-1,-1
834,16,500.03,346.61,117.05,147.03,0.8444,-1,-1,-1
834,23,616.48,292.88,65.93,248.92,0.8461,-1,-1,-1
834,25,106.68,211.74,90.28,162.75,0.8155,-1,-1,-1
834,31,565.02,249.86,65.36,172.08,0.7696,-1,-1,-1
834,33,760.49,660.74,73.18,59.25,0.6277,-1,-1,-1
834,-1,888.65,239.97,61.11,155.82,0.5870,-1,-1,-1
834,34,715.25,330.83,67.75,192.65,0.6792,-1,-1,-1
835,5,267.27,371.18,67.29,181.18,0.8412,-1,-1,-1
835,9,736.10,371.05,97.30,203.77,0.8214,-1,-1,-1
835,16,510.35,345.58,108.21,145.80,0.8605,-1,-1,-1
835,23,614.47,297.35,67.16,233.74,0.8477,-1,-1,-1
835,25,103.49,208.83,93.53,162.63,0.8199,-1,-1,-1
835,31,563.81,253.96,84.28,163.60,0.6186,-1,-1,-1
835,33,760.12,660.87,72.88,59.10,0.6579,-1,-1,-1
835,34,703.41,329.65,93.47,186.19,0.7307,-1,-1,-1
835,-1,888.19,237.05,61.74,161.51,0.5868,-1,-1,-1
836,5,259.97,376.05,89.15,174.95,0.8264,-1,-1,-1
836,9,720.47,373.79,117.77,196.69,0.8807,-1,-1,-1
836,16,507.38,337.30,112.45,147.51,0.8288,-1,-1,-1
836,23,607.77,294.18,88.87,217.91,0.7853,-1,-1,-1
836,25,104.14,203.39,94.10,162.29,0.8485,-1,-1,-1
836,31,561.21,258.75,63.47,146.49,0.7169,-1,-1,-1
836,33,759.02,660.40,73.73,59.44,0.6893,-1,-1,-1
836,34,701.10,324.73,92.68,188.51,0.8245,-1,-1,-1
836,-1,887.55,233.11,59.83,154.49,0.6129,-1,-1,-1
837,5,261.16,378.41,89.53,171.10,0.8250,-1,-1,-1
837,9,718.13,375.76,118.95,190.32,0.8820,-1,-1,-1
837,16,497.81,330.81,122.45,150.14,0.8836,-1,-1,-1
837,23,606.11,262.51,100.29,240.96,0.8737,-1,-1,-1
837,25,101.96,201.21,93.49,160.45,0.8446,-1,-1,-1
837,31,561.39,260.47,64.69,140.29,0.7775,-1,-1,-1
837,33,758.48,660.45,73.83,59.40,0.6562,-1,-1,-1
837,34,701.11,320.20,88.85,191.00,0.8314,-1,-1,-1
837,-1,886.83,228.96,60.07,164.87,0.5919,-1,-1,-1
838,5,265.52,380.74,86.25,166.69,0.7846,-1,-1,-1
838,9,715.94,373.78,120.26,187.14,0.8673,-1,-1,-1
838,16,491.87,323.30,128.13,153.39,0.8973,-1,-1,-1
838,23,602.02,272.65,108.93,221.53,0.8486,-1,-1,-1
838,25,98.70,195.78,88.41,161.81,0.8115,-1,-1,-1
838,31,562.53,260.29,60.61,136.51,0.6770,-1,-1,-1
838,33,756.30,660.64,75.71,59.18,0.6137,-1,-1,-1
838,34,699.94,313.92,72.96,185.02,0.8659,-1,-1,-1
838,-1,885.47,225.82,60.21,154.37,0.6008,-1,-1,-1
839,5,267.59,380.45,87.93,159.35,0.7977,-1,-1,-1
839,9,715.27,371.83,120.54,184.15,0.8568,-1,-1,-1
839,16,483.43,316.44,136.33,154.66,0.8835,-1,-1,-1
839,23,600.75,279.27,115.66,206.60,0.8686,-1,-1,-1
839,25,91.57,192.54,87.46,159.73,0.8061,-1,-1,-1
839,31,560.78,255.83,57.53,133.30,0.6395,-1,-1,-1
839,34,698.76,306.48,74.29,186.98,0.8500,-1,-1,-1
839,33,754.52,659.43,77.42,60.49,0.5916,-1,-1,-1
839,-1,883.97,221.82,60.86,160.07,0.6360,-1,-1,-1
840,5,260.91,379.86,97.02,151.76,0.8216,-1,-1,-1
840,9,715.50,367.78,119.55,181.27,0.8432,-1,-1,-1
840,16,483.59,309.31,128.61,155.73,0.9019,-1,-1,-1
840,23,592.12,274.01,120.15,203.98,0.8575,-1,-1,-1
840,25,84.98,186.75,88.09,161.51,0.7761,-1,-1,-1
840,34,695.96,299.12,74.32,188.13,0.8788,-1,-1,-1
840,31,561.00,251.79,54.86,133.31,0.5691,-1,-1,-1
840,33,752.15,659.57,79.54,60.36,0.5499,-1,-1,-1
840,-1,883.61,216.69,59.23,156.26,0.6047,-1,-1,-1
841,5,252.32,375.67,109.50,143.82,0.8459,-1,-1,-1
841,9,713.37,356.69,120.68,179.66,0.8277,-1,-1,-1
841,16,486.69,294.49,124.00,158.88,0.8669,-1,-1,-1
841,23,589.01,268.24,116.36,194.97,0.8171,-1,-1,-1
841,25,93.23,180.84,71.50,158.39,0.7648,-1,-1,-1
841,33,745.48,600.96,84.49,119.06,0.7116,-1,-1,-1
841,34,694.13,286.62,75.59,190.01,0.8119,-1,-1,-1
841,-1,881.94,207.34,59.46,156.45,0.5771,-1,-1,-1
842,5,251.19,374.62,112.87,138.64,0.8415,-1,-1,-1
842,9,710.27,350.53,123.77,179.06,0.8207,-1,-1,-1
842,16,488.48,289.22,123.27,158.82,0.8607,-1,-1,-1
842,23,573.55,267.28,119.01,188.91,0.7413,-1,-1,-1
842,25,93.48,176.67,68.56,160.09,0.7956,-1,-1,-1
842,33,745.88,593.93,82.54,125.93,0.7173,-1,-1,-1
842,34,692.74,282.41,76.79,186.25,0.8190,-1,-1,-1
842,-1,544.70,228.95,68.85,130.85,0.5679,-1,-1,-1
842,-1,881.47,201.49,56.60,155.52,0.6282,-1,-1,-1
843,5,252.16,373.46,106.51,133.68,0.8420,-1,-1,-1
843,9,714.95,346.41,118.37,176.30,0.8522,-1,-1,-1
843,16,491.76,286.99,116.82,158.70,0.8578,-1,-1,-1
843,23,601.26,266.53,82.20,182.97,0.8016,-1,-1,-1
843,25,93.44,174.83,65.90,159.70,0.7841,-1,-1,-1
843,33,746.26,586.93,81.90,133.08,0.6702,-1,-1,-1
843,34,693.37,279.47,73.52,184.67,0.7699,-1,-1,-1
843,31,535.98,222.37,76.07,125.85,0.6241,-1,-1,-1
843,-1,880.65,198.92,56.14,153.26,0.6576,-1,-1,-1
844,5,254.75,373.16,93.56,128.11,0.8254,-1,-1,-1
844,9,715.49,340.72,116.73,175.42,0.8249,-1,-1,-1
844,16,494.37,284.40,107.79,161.77,0.8615,-1,-1,-1
844,23,603.71,266.93,74.86,184.51,0.7965,-1,-1,-1
844,25,93.17,173.26,70.94,158.73,0.7855,-1,-1,-1
844,31,526.55,215.53,85.50,125.88,0.6796,-1,-1,-1
844,33,746.21,579.88,81.47,139.99,0.6434,-1,-1,-1
844,34,694.66,277.79,68.68,201.43,0.7794,-1,-1,-1
844,-1,879.81,194.99,56.25,152.64,0.6432,-1,-1,-1
845,5,257.15,372.18,85.09,121.74,0.8610,-1,-1,-1
845,9,704.86,332.69,126.81,177.58,0.8281,-1,-1,-1
845,16,498.24,283.89,105.21,163.25,0.8890,-1,-1,-1
845,23,601.62,266.88,83.64,180.60,0.8237,-1,-1,-1
845,25,95.57,179.35,75.15,147.60,0.8167,-1,-1,-1
845,31,520.35,211.19,89.84,130.51,0.7274,-1,-1,-1
845,33,746.69,573.18,78.71,146.88,0.6743,-1,-1,-1
845,34,693.33,277.64,67.08,188.73,0.7131,-1,-1,-1
845,-1,879.10,191.01,56.58,154.19,0.5967,-1,-1,-1
846,5,260.92,370.04,81.96,114.13,0.7231,-1,-1,-1
846,9,697.31,322.09,126.65,177.30,0.8376,-1,-1,-1
846,16,504.14,285.06,97.26,163.87,0.8791,-1,-1,-1
846,23,589.33,264.89,88.15,173.38,0.7487,-1,-1,-1
846,25,92.70,180.09,89.71,138.98,0.8161,-1,-1,-1
846,31,522.81,202.27,87.45,141.74,0.7780,-1,-1,-1
846,33,758.51,560.80,67.98,159.12,0.7155,-1,-1,-1
846,34,691.01,282.15,60.43,171.62,0.6084,-1,-1,-1
846,-1,879.05,185.90,54.62,148.97,0.5281,-1,-1,-1
847,5,263.20,364.89,80.55,121.39,0.8008,-1,-1,-1
847,9,699.38,314.19,119.20,175.92,0.7837,-1,-1,-1
847,16,507.71,286.17,85.17,164.61,0.8927,-1,-1,-1
847,23,603.13,261.67,86.92,170.07,0.8287,-1,-1,-1
847,25,89.55,180.38,99.59,135.27,0.8833,-1,-1,-1
847,31,523.38,198.67,88.49,140.68,0.8210,-1,-1,-1
847,33,759.87,554.87,67.80,165.05,0.7646,-1,-1,-1
847,34,690.89,284.95,62.75,168.30,0.6591,-1,-1,-1
847,-1,879.45,181.48,54.23,148.33,0.5817,-1,-1,-1
848,5,264.59,362.44,81.14,133.64,0.8138,-1,-1,-1
848,9,695.56,308.71,115.99,167.73,0.8081,-1,-1,-1
848,16,510.51,287.10,83.67,161.54,0.9224,-1,-1,-1
848,23,595.30,256.53,85.74,171.53,0.8169,-1,-1,-1
848,25,88.36,177.02,107.46,133.78,0.8965,-1,-1,-1
848,31,520.87,193.64,90.44,131.82,0.7684,-1,-1,-1
848,33,759.77,549.49,69.30,170.36,0.8020,-1,-1,-1
848,34,688.10,286.65,66.85,163.53,0.6661,-1,-1,-1
848,-1,880.84,178.36,52.78,150.18,0.5954,-1,-1,-1
849,5,265.09,363.48,83.84,133.57,0.7950,-1,-1,-1
849,9,689.19,311.13,113.54,156.52,0.8269,-1,-1,-1
849,16,509.88,288.90,112.01,155.46,0.8630,-1,-1,-1
849,23,603.75,250.06,73.71,172.99,0.8512,-1,-1,-1
849,25,89.16,172.30,113.19,135.57,0.8639,-1,-1,-1
849,31,518.93,189.46,95.31,123.67,0.8169,-1,-1,-1
849,33,759.38,544.45,71.71,175.57,0.8060,-1,-1,-1
849,34,687.12,286.95,88.28,153.19,0.5294,-1,-1,-1
849,-1,882.43,177.69,51.57,144.75,0.5556,-1,-1,-1
850,9,681.65,313.64,107.71,145.99,0.7596,-1,-1,-1
850,16,506.44,289.91,97.52,150.16,0.9239,-1,-1,-1
850,23,608.78,242.50,64.33,176.82,0.8594,-1,-1,-1
850,25,85.42,168.78,121.27,135.80,0.8966,-1,-1,-1
850,31,517.27,186.39,99.30,128.21,0.8785,-1,-1,-1
850,33,757.08,540.32,74.41,180.00,0.8202,-1,-1,-1
850,34,659.51,284.17,122.08,139.88,0.7137,-1,-1,-1
850,-1,884.77,174.94,50.03,138.37,0.5482,-1,-1,-1
851,16,497.86,286.21,114.96,148.78,0.9277,-1,-1,-1
851,23,601.85,227.79,75.70,181.40,0.8501,-1,-1,-1
851,25,85.60,161.63,117.66,134.40,0.8792,-1,-1,-1
851,31,513.44,178.10,94.36,127.72,0.8534,-1,-1,-1
851,33,752.71,537.39,84.87,182.79,0.8034,-1,-1,-1
851,34,664.54,279.74,110.05,170.54,0.6526,-1,-1,-1
851,-1,890.82,168.84,53.89,143.00,0.5555,-1,-1,-1
852,16,494.14,282.78,123.98,152.01,0.9311,-1,-1,-1
852,23,601.23,220.11,83.88,185.82,0.8778,-1,-1,-1
852,25,78.30,159.60,115.16,131.55,0.8377,-1,-1,-1
852,31,512.24,177.83,80.06,124.79,0.8971,-1,-1,-1
852,33,754.39,537.80,88.20,182.27,0.8265,-1,-1,-1
852,34,672.95,277.75,109.21,167.02,0.8180,-1,-1,-1
852,5,258.50,371.31,80.35,127.30,0.6532,-1,-1,-1
852,-1,891.46,167.60,56.75,142.63,0.5770,-1,-1,-1
853,16,487.09,279.91,134.68,153.85,0.9293,-1,-1,-1
853,23,592.65,213.42,99.48,180.34,0.8813,-1,-1,-1
853,25,77.60,157.32,105.64,132.42,0.8642,-1,-1,-1
853,31,509.33,176.78,84.42,124.36,0.8845,-1,-1,-1
853,33,757.71,538.75,89.92,181.14,0.8298,-1,-1,-1
853,34,675.30,277.36,111.08,183.33,0.8561,-1,-1,-1
853,-1,891.12,166.05,64.59,142.26,0.5935,-1,-1,-1
854,16,485.78,277.18,137.26,154.54,0.9338,-1,-1,-1
854,23,588.03,206.89,109.64,177.58,0.8778,-1,-1,-1
854,25,72.98,167.82,97.61,120.49,0.8306,-1,-1,-1
854,31,505.34,175.33,93.09,124.25,0.8988,-1,-1,-1
854,33,762.07,540.63,90.66,179.28,0.7911,-1,-1,-1
854,34,677.34,277.84,113.33,184.86,0.8434,-1,-1,-1
854,-1,678.90,277.62,111.69,160.16,0.5605,-1,-1,-1
854,-1,891.17,164.58,73.41,144.82,0.5217,-1,-1,-1
855,16,488.12,275.77,128.67,155.22,0.9278,-1,-1,-1
855,23,594.81,201.42,106.86,175.27,0.8679,-1,-1,-1
855,25,69.66,154.62,95.68,132.59,0.7608,-1,-1,-1
855,31,500.77,165.54,104.62,133.60,0.8984,-1,-1,-1
855,33,766.64,542.02,93.33,177.87,0.7279,-1,-1,-1
855,34,674.98,281.60,112.69,183.90,0.6763,-1,-1,-1
855,5,259.25,375.13,98.29,126.58,0.6687,-1,-1,-1
855,9,677.12,277.74,114.53,158.46,0.7953,-1,-1,-1
855,-1,896.57,164.14,74.35,142.61,0.5658,-1,-1,-1
856,5,256.32,383.59,106.22,140.72,0.7385,-1,-1,-1
856,16,492.92,276.71,108.18,153.25,0.9143,-1,-1,-1
856,23,618.07,194.25,69.13,160.65,0.7092,-1,-1,-1
856,25,56.74,146.42,118.61,140.32,0.8812,-1,-1,-1
856,31,492.51,169.04,118.11,128.23,0.8881,-1,-1,-1
856,33,779.82,544.82,95.74,175.01,0.7041,-1,-1,-1
856,34,668.31,278.57,74.82,186.80,0.5874,-1,-1,-1
857,5,254.15,387.69,88.58,146.58,0.7984,-1,-1,-1
857,16,491.49,277.97,98.95,152.03,0.9135,-1,-1,-1
857,23,595.32,195.85,93.70,129.45,0.7118,-1,-1,-1
857,25,51.43,146.25,126.92,141.09,0.8921,-1,-1,-1
857,31,489.61,166.95,117.02,123.63,0.8858,-1,-1,-1
857,33,782.91,545.55,101.16,174.28,0.7532,-1,-1,-1
857,34,652.80,280.72,128.89,184.74,0.7447,-1,-1,-1
857,9,653.10,279.24,130.24,160.86,0.6855,-1,-1,-1
857,-1,1184.89,294.67,94.71,143.89,0.5215,-1,-1,-1
858,5,253.88,390.85,98.20,146.41,0.8247,-1,-1,-1
858,9,677.65,279.27,110.16,153.96,0.7379,-1,-1,-1
858,16,485.83,280.00,93.91,150.41,0.9266,-1,-1,-1
858,23,643.08,195.35,52.93,123.00,0.7171,-1,-1,-1
858,25,50.02,146.35,130.67,141.60,0.8931,-1,-1,-1
858,31,488.43,167.28,107.73,118.43,0.8277,-1,-1,-1
858,33,787.13,546.00,105.19,173.81,0.8243,-1,-1,-1
858,34,649.79,287.61,124.05,177.93,0.7923,-1,-1,-1
858,-1,1194.73,292.75,84.70,146.34,0.5264,-1,-1,-1
859,5,256.90,393.95,98.42,142.29,0.9044,-1,-1,-1
859,9,676.16,281.35,118.49,144.54,0.7788,-1,-1,-1
859,16,482.45,281.79,106.27,148.65,0.9218,-1,-1,-1
859,23,648.58,191.71,56.86,125.43,0.6977,-1,-1,-1
859,25,54.39,147.81,128.04,140.40,0.8661,-1,-1,-1
859,31,489.36,167.84,96.16,117.99,0.8724,-1,-1,-1
859,33,790.20,546.73,110.87,172.74,0.8516,-1,-1,-1
859,34,646.88,282.72,119.23,182.58,0.8620,-1,-1,-1
860,5,260.14,397.09,98.77,138.07,0.8999,-1,-1,-1
860,9,677.17,281.98,124.02,143.95,0.6835,-1,-1,-1
860,16,483.15,281.65,116.74,150.71,0.9254,-1,-1,-1
860,25,53.15,149.03,121.05,139.52,0.7942,-1,-1,-1
860,31,491.39,167.79,84.96,118.80,0.8620,-1,-1,-1
860,33,794.09,548.30,113.93,171.14,0.8943,-1,-1,-1
860,34,647.58,283.75,128.60,180.95,0.8630,-1,-1,-1
860,23,626.27,195.74,86.69,128.46,0.5218,-1,-1,-1
860,-1,932.91,177.05,81.88,126.00,0.5180,-1,-1,-1
861,5,270.23,400.13,106.49,132.23,0.9199,-1,-1,-1
861,9,688.40,282.63,123.17,136.08,0.7566,-1,-1,-1
861,16,492.69,281.61,123.53,154.90,0.9331,-1,-1,-1
861,23,667.13,204.01,69.40,100.04,0.7668,-1,-1,-1
861,25,69.03,155.84,85.72,132.33,0.8140,-1,-1,-1
861,31,496.53,166.54,99.47,122.53,0.8924,-1,-1,-1
861,33,800.82,551.22,106.66,165.80,0.8916,-1,-1,-1
861,34,666.47,315.07,130.43,149.28,0.8713,-1,-1,-1
862,5,276.73,400.52,111.42,146.04,0.9092,-1,-1,-1
862,16,499.39,281.41,120.53,156.43,0.9319,-1,-1,-1
862,25,73.70,156.03,96.69,131.24,0.8146,-1,-1,-1
862,31,499.75,169.76,101.00,119.86,0.8825,-1,-1,-1
862,33,803.51,552.29,97.62,161.93,0.7891,-1,-1,-1
862,34,670.60,306.21,133.46,156.78,0.8232,-1,-1,-1
862,9,687.32,282.60,126.02,158.13,0.5935,-1,-1,-1
862,23,673.73,209.38,75.66,101.42,0.5753,-1,-1,-1
863,5,284.88,402.77,114.20,152.96,0.9201,-1,-1,-1
863,16,505.81,281.98,116.12,159.20,0.9263,-1,-1,-1
863,23,678.69,213.37,112.16,137.29,0.7790,-1,-1,-1
863,25,81.50,156.42,109.72,130.78,0.8402,-1,-1,-1
863,31,496.73,172.82,110.52,115.61,0.8669,-1,-1,-1
863,33,806.92,552.98,101.06,159.30,0.8399,-1,-1,-1
863,34,677.85,299.67,131.63,166.22,0.8623,-1,-1,-1
864,5,293.17,405.28,118.17,159.41,0.9209,-1,-1,-1
864,16,513.41,282.36,107.09,157.03,0.9238,-1,-1,-1
864,23,686.12,215.70,116.62,133.18,0.8706,-1,-1,-1
864,25,88.13,156.39,120.29,130.15,0.8860,-1,-1,-1
864,31,509.41,167.23,96.89,117.94,0.8701,-1,-1,-1
864,33,805.16,552.85,117.26,157.22,0.7852,-1,-1,-1
864,34,682.17,315.56,92.98,152.79,0.6407,-1,-1,-1
864,9,699.09,287.03,112.62,160.86,0.7351,-1,-1,-1
865,5,301.91,407.91,113.29,163.61,0.9277,-1,-1,-1
865,9,703.70,289.19,96.92,111.96,0.7202,-1,-1,-1
865,16,520.26,283.71,83.38,154.01,0.8268,-1,-1,-1
865,23,692.82,216.70,121.34,131.70,0.8687,-1,-1,-1
865,25,93.93,155.10,127.11,131.99,0.8913,-1,-1,-1
865,31,515.97,174.21,85.45,113.61,0.8590,-1,-1,-1
865,33,806.64,551.86,128.49,155.36,0.8544,-1,-1,-1
865,34,684.99,317.58,126.91,149.86,0.8967,-1,-1,-1
866,5,321.19,415.44,87.77,154.10,0.8404,-1,-1,-1
866,9,701.19,291.11,122.63,143.65,0.8829,-1,-1,-1
866,16,514.80,284.96,99.86,145.96,0.8761,-1,-1,-1
866,23,709.92,216.77,122.21,120.41,0.9096,-1,-1,-1
866,25,121.39,155.67,114.19,123.43,0.7884,-1,-1,-1
866,31,531.42,181.83,66.52,105.68,0.8688,-1,-1,-1
866,33,827.29,549.26,75.79,152.83,0.6571,-1,-1,-1
866,34,695.33,318.90,102.82,146.55,0.8741,-1,-1,-1
867,5,331.11,417.40,80.83,149.79,0.9212,-1,-1,-1
867,9,700.83,289.27,139.35,144.44,0.9041,-1,-1,-1
867,16,517.30,283.78,114.04,149.73,0.9036,-1,-1,-1
867,23,719.87,214.17,115.02,115.61,0.8827,-1,-1,-1
867,25,142.71,160.93,93.69,117.97,0.7704,-1,-1,-1
867,31,527.97,181.56,90.20,106.89,0.8802,-1,-1,-1
867,33,834.64,548.83,68.46,153.06,0.8013,-1,-1,-1
867,34,699.35,318.72,91.01,145.62,0.8840,-1,-1,-1
867,-1,996.83,181.00,70.42,119.39,0.5916,-1,-1,-1
868,5,334.92,417.51,97.35,147.24,0.9163,-1,-1,-1
868,9,708.45,288.77,146.46,144.87,0.9029,-1,-1,-1
868,16,536.74,282.69,110.62,150.64,0.8937,-1,-1,-1
868,23,730.99,213.82,99.48,115.90,0.8526,-1,-1,-1
868,25,137.73,159.78,83.14,118.99,0.7602,-1,-1,-1
868,31,526.48,184.16,110.36,105.04,0.8645,-1,-1,-1
868,34,699.24,316.95,107.14,146.45,0.8760,-1,-1,-1
868,33,840.61,549.36,67.28,152.35,0.5772,-1,-1,-1
868,-1,1007.79,181.12,65.77,116.36,0.6678,-1,-1,-1
869,5,339.46,417.11,109.56,145.39,0.9249,-1,-1,-1
869,9,720.82,288.98,145.00,143.74,0.8449,-1,-1,-1
869,16,546.18,281.70,112.13,149.59,0.8984,-1,-1,-1
869,23,743.86,214.88,92.23,116.48,0.8349,-1,-1,-1
869,25,162.12,159.55,78.66,118.93,0.7880,-1,-1,-1
869,31,524.94,183.82,128.22,106.27,0.8887,-1,-1,-1
869,34,703.43,317.96,117.17,143.79,0.8435,-1,-1,-1
869,-1,1015.51,182.39,78.04,113.94,0.6228,-1,-1,-1
870,5,346.87,417.01,116.66,154.07,0.9220,-1,-1,-1
870,9,744.31,290.39,131.10,135.89,0.8324,-1,-1,-1
870,16,548.87,281.50,120.48,147.38,0.9303,-1,-1,-1
870,23,751.39,212.62,98.65,119.79,0.8534,-1,-1,-1
870,25,167.53,158.51,93.94,118.87,0.8293,-1,-1,-1
870,31,528.32,178.30,134.27,111.80,0.8754,-1,-1,-1
870,34,708.05,318.44,123.40,144.61,0.8825,-1,-1,-1
870,-1,854.32,551.19,86.56,146.57,0.5643,-1,-1,-1
870,-1,1018.11,180.38,96.17,116.58,0.7137,-1,-1,-1
871,5,368.56,418.94,114.40,164.85,0.9237,-1,-1,-1
871,9,764.51,296.13,119.13,147.25,0.8885,-1,-1,-1
871,16,571.20,283.86,107.41,149.66,0.9271,-1,-1,-1
871,23,769.06,205.49,109.77,127.74,0.8814,-1,-1,-1
871,25,190.52,160.33,104.40,119.65,0.8468,-1,-1,-1
871,31,562.75,179.36,102.83,105.54,0.8292,-1,-1,-1
871,34,725.24,319.39,86.02,146.22,0.7326,-1,-1,-1
871,33,859.55,552.46,113.14,143.07,0.6369,-1,-1,-1
871,35,1042.03,180.27,96.15,118.19,0.7634,-1,-1,-1
871,-1,0.13,233.33,63.03,144.58,0.8123,-1,-1,-1
872,5,379.93,421.80,108.18,165.57,0.9188,-1,-1,-1
872,9,772.74,298.31,109.95,137.86,0.8973,-1,-1,-1
872,16,583.74,285.10,93.55,148.08,0.9197,-1,-1,-1
872,23,780.90,189.40,116.12,138.91,0.8332,-1,-1,-1
872,25,197.63,157.57,111.82,119.15,0.8002,-1,-1,-1
872,31,574.31,181.69,86.01,103.21,0.8169,-1,-1,-1
872,34,733.65,320.31,85.48,147.31,0.8521,-1,-1,-1
872,35,1054.67,180.70,83.67,119.98,0.7389,-1,-1,-1
872,33,866.37,553.05,79.57,145.31,0.5733,-1,-1,-1
872,36,0.34,233.70,84.44,143.58,0.8963,-1,-1,-1
873,5,388.85,425.79,99.95,167.20,0.9076,-1,-1,-1
873,9,782.40,300.10,96.78,137.08,0.8852,-1,-1,-1
873,16,596.59,285.89,74.66,145.79,0.9072,-1,-1,-1
873,23,793.77,189.95,111.70,135.51,0.8622,-1,-1,-1
873,25,208.90,157.52,63.66,118.94,0.6534,-1,-1,-1
873,31,579.12,183.30,74.39,98.89,0.7949,-1,-1,-1
873,33,876.58,553.47,74.12,66.47,0.6942,-1,-1,-1
873,34,741.11,321.41,77.11,146.45,0.8418,-1,-1,-1
873,35,1065.84,183.44,75.73,117.56,0.7030,-1,-1,-1
873,36,1.45,231.95,98.92,144.45,0.9198,-1,-1,-1
874,5,398.29,429.72,88.67,161.25,0.8744,-1,-1,-1
874,9,790.39,301.30,83.71,136.58,0.8954,-1,-1,-1
874,16,602.72,286.13,66.42,144.46,0.8841,-1,-1,-1
874,23,806.56,191.11,105.97,120.13,0.8563,-1,-1,-1
874,25,222.49,159.36,86.34,116.22,0.6308,-1,-1,-1
874,31,586.68,183.31,87.27,103.03,0.8510,-1,-1,-1
874,33,882.35,553.99,72.72,65.90,0.7014,-1,-1,-1
874,34,748.29,322.79,77.36,144.16,0.8307,-1,-1,-1
874,35,1076.93,179.26,82.07,122.78,0.7066,-1,-1,-1
874,36,5.80,231.54,115.17,146.87,0.9135,-1,-1,-1
875,5,403.67,432.89,82.83,155.39,0.9008,-1,-1,-1
875,9,798.95,302.02,85.72,134.47,0.8820,-1,-1,-1
875,16,606.30,285.52,81.17,143.52,0.8775,-1,-1,-1
875,23,820.70,194.64,98.04,114.59,0.8333,-1,-1,-1
875,25,235.97,159.74,48.05,115.79,0.6767,-1,-1,-1
875,31,548.53,188.49,142.01,101.32,0.7944,-1,-1,-1
875,33,888.07,554.50,71.30,65.28,0.6734,-1,-1,-1
875,34,753.20,323.93,76.29,142.42,0.8638,-1,-1,-1
875,35,1084.82,183.08,91.55,119.38,0.7836,-1,-1,-1
875,36,18.15,233.11,116.20,146.25,0.9086,-1,-1,-1
876,5,417.69,435.50,93.48,148.16,0.9002,-1,-1,-1
876,9,815.70,303.40,104.93,132.62,0.9039,-1,-1,-1
876,16,618.68,283.04,102.16,146.40,0.9260,-1,-1,-1
876,23,840.90,191.08,82.31,120.62,0.8117,-1,-1,-1
876,25,259.86,158.29,66.90,116.53,0.7568,-1,-1,-1
876,31,597.99,187.94,112.68,104.74,0.8517,-1,-1,-1
876,33,903.54,555.08,68.05,64.45,0.7146,-1,-1,-1
876,34,760.50,322.25,105.49,135.19,0.7992,-1,-1,-1
876,35,1104.27,178.47,97.27,122.11,0.8485,-1,-1,-1
876,36,51.15,238.87,101.14,138.40,0.9155,-1,-1,-1
877,5,423.83,436.09,105.34,145.27,0.9239,-1,-1,-1
877,9,824.97,304.51,106.70,130.21,0.9042,-1,-1,-1
877,16,624.97,281.91,107.78,147.59,0.9284,-1,-1,-1
877,23,852.37,195.65,71.28,116.37,0.8003,-1,-1,-1
877,25,268.53,155.20,79.90,119.86,0.7346,-1,-1,-1
877,31,618.70,188.29,94.87,101.72,0.8342,-1,-1,-1
877,33,911.33,555.14,68.94,64.92,0.6985,-1,-1,-1
877,34,764.21,321.27,111.84,132.99,0.8528,-1,-1,-1
877,35,1115.96,185.36,93.10,112.14,0.8355,-1,-1,-1
877,36,68.67,237.47,89.35,139.86,0.9067,-1,-1,-1
878,5,432.61,437.19,110.35,150.93,0.9110,-1,-1,-1
878,9,832.90,306.14,113.07,123.82,0.8853,-1,-1,-1
878,16,628.49,282.36,114.58,148.06,0.9330,-1,-1,-1
878,23,863.29,198.91,75.44,112.72,0.8332,-1,-1,-1
878,25,281.89,153.47,88.14,121.63,0.8505,-1,-1,-1
878,31,628.19,191.85,82.23,94.41,0.7901,-1,-1,-1
878,33,919.46,554.10,68.52,65.08,0.7970,-1,-1,-1
878,34,776.98,319.93,112.14,137.95,0.9068,-1,-1,-1
878,35,1125.11,188.46,88.27,110.05,0.8599,-1,-1,-1
878,36,86.18,234.73,78.86,144.19,0.8747,-1,-1,-1
879,5,442.30,438.26,113.44,157.31,0.8893,-1,-1,-1
879,9,839.86,308.98,114.09,124.21,0.8065,-1,-1,-1
879,16,641.58,285.42,107.65,148.42,0.9224,-1,-1,-1
879,23,870.78,193.25,85.25,119.09,0.8584,-1,-1,-1
879,25,291.23,157.18,95.75,115.49,0.8498,-1,-1,-1
879,31,634.36,194.02,66.92,99.39,0.7635,-1,-1,-1
879,33,926.75,551.78,68.73,68.26,0.7162,-1,-1,-1
879,34,781.85,319.87,115.60,137.06,0.8964,-1,-1,-1
879,35,1136.50,190.57,76.26,109.57,0.8614,-1,-1,-1
879,36,105.40,233.98,81.50,145.25,0.8743,-1,-1,-1
880,5,450.20,444.35,114.05,155.47,0.8680,-1,-1,-1
880,9,850.13,310.58,107.81,122.88,0.6866,-1,-1,-1
880,16,658.51,286.72,93.32,147.81,0.9150,-1,-1,-1
880,23,882.49,192.83,88.06,118.80,0.8613,-1,-1,-1
880,25,299.13,158.49,98.40,112.85,0.7542,-1,-1,-1
880,31,645.85,193.72,65.26,101.28,0.8323,-1,-1,-1
880,34,789.88,320.80,91.11,141.20,0.7830,-1,-1,-1
880,35,1145.14,191.72,66.43,109.87,0.8508,-1,-1,-1
880,36,124.14,236.94,81.21,141.90,0.8812,-1,-1,-1
880,-1,931.64,549.58,111.73,143.49,0.5623,-1,-1,-1
881,5,473.12,449.79,93.81,156.79,0.8467,-1,-1,-1
881,9,864.06,315.47,95.19,129.97,0.8758,-1,-1,-1
881,16,666.81,289.69,81.80,144.26,0.9080,-1,-1,-1
881,23,896.34,197.48,101.82,107.43,0.8654,-1,-1,-1
881,25,327.88,169.15,61.60,107.01,0.6463,-1,-1,-1
881,31,656.85,193.08,91.50,102.51,0.8423,-1,-1,-1
881,34,809.27,323.79,57.11,138.91,0.8562,-1,-1,-1
881,35,1163.03,190.78,84.57,114.64,0.8399,-1,-1,-1
881,36,157.62,241.66,80.65,138.64,0.8800,-1,-1,-1
881,33,944.72,547.44,67.09,72.41,0.8197,-1,-1,-1
882,5,474.28,452.13,88.15,152.52,0.8506,-1,-1,-1
882,9,873.75,317.02,82.75,128.85,0.8675,-1,-1,-1
882,16,671.78,288.34,78.16,145.33,0.8810,-1,-1,-1
882,23,905.18,201.09,106.96,103.57,0.8563,-1,-1,-1
882,25,344.33,175.83,46.35,99.65,0.7116,-1,-1,-1
882,31,667.20,194.75,93.51,98.56,0.8527,-1,-1,-1
882,33,950.98,547.71,65.51,71.83,0.8095,-1,-1,-1
882,34,811.47,324.21,75.63,138.70,0.8236,-1,-1,-1
882,35,1173.86,192.95,89.31,112.13,0.8492,-1,-1,-1
882,36,173.31,238.01,81.65,141.05,0.8609,-1,-1,-1
882,-1,0.36,341.73,43.32,139.74,0.6266,-1,-1,-1
883,5,474.10,455.75,83.57,146.90,0.8626,-1,-1,-1
883,9,879.68,317.58,76.78,128.90,0.8560,-1,-1,-1
883,16,682.76,286.87,85.31,145.96,0.8955,-1,-1,-1
883,23,919.37,202.53,95.84,103.99,0.8217,-1,-1,-1
883,25,337.30,159.74,65.81,115.69,0.7052,-1,-1,-1
883,31,670.94,192.65,95.32,105.29,0.7350,-1,-1,-1
883,33,958.18,548.70,62.49,71.28,0.7552,-1,-1,-1
883,34,812.12,325.40,81.53,135.20,0.8217,-1,-1,-1
883,35,1180.44,197.18,92.74,107.80,0.8433,-1,-1,-1
883,36,188.42,241.87,84.97,138.79,0.7998,-1,-1,-1
883,-1,-0.13,344.27,52.73,140.50,0.8315,-1,-1,-1
884,5,477.70,454.81,92.70,146.11,0.8179,-1,-1,-1
884,9,886.21,316.76,87.85,142.18,0.8240,-1,-1,-1
884,16,691.80,284.85,91.07,146.57,0.9209,-1,-1,-1
884,23,937.52,199.36,80.99,107.96,0.7944,-1,-1,-1
884,25,363.99,168.15,63.54,106.89,0.6476,-1,-1,-1
884,31,672.77,196.80,94.35,107.91,0.7235,-1,-1,-1
884,34,817.60,325.62,94.22,134.95,0.8759,-1,-1,-1
884,35,1186.29,199.43,93.95,112.87,0.8117,-1,-1,-1
884,36,204.45,241.14,70.77,139.68,0.7804,-1,-1,-1
884,33,963.93,549.17,60.79,70.93,0.5527,-1,-1,-1
884,37,12.08,345.13,58.34,138.59,0.8023,-1,-1,-1
885,5,485.38,454.85,104.35,144.15,0.9000,-1,-1,-1
885,9,892.58,315.77,84.32,118.06,0.7827,-1,-1,-1
885,16,702.42,283.76,94.17,143.95,0.9197,-1,-1,-1
885,23,945.32,201.99,73.96,105.83,0.7947,-1,-1,-1
885,25,358.19,158.86,88.93,114.76,0.7382,-1,-1,-1
885,31,683.03,199.04,83.40,105.31,0.6830,-1,-1,-1
885,33,966.91,550.49,84.98,139.83,0.6511,-1,-1,-1
885,34,825.25,326.01,99.76,135.01,0.9060,-1,-1,-1
885,35,1199.40,199.77,80.51,107.62,0.7676,-1,-1,-1
885,36,220.01,248.77,83.84,132.14,0.8659,-1,-1,-1
885,37,35.66,345.12,50.06,138.78,0.7930,-1,-1,-1
886,5,507.87,455.70,108.41,147.71,0.9066,-1,-1,-1
886,9,907.26,315.66,101.96,129.85,0.8794,-1,-1,-1
886,16,710.43,283.72,109.68,138.16,0.9248,-1,-1,-1
886,23,963.31,199.14,60.01,110.42,0.7578,-1,-1,-1
886,25,395.42,160.34,83.50,115.13,0.7503,-1,-1,-1
886,33,975.48,550.41,100.11,138.43,0.8628,-1,-1,-1
886,34,834.64,327.64,95.67,132.88,0.8726,-1,-1,-1
886,35,1219.59,200.86,58.79,108.81,0.7133,-1,-1,-1
886,36,245.01,249.48,82.63,130.02,0.9005,-1,-1,-1
886,37,59.71,343.50,65.16,140.48,0.8589,-1,-1,-1
886,31,692.06,200.87,66.61,86.73,0.5445,-1,-1,-1
886,-1,21.64,237.84,71.63,131.04,0.7955,-1,-1,-1
887,5,506.75,457.22,119.58,150.34,0.9046,-1,-1,-1
887,9,913.36,316.54,106.10,130.76,0.8925,-1,-1,-1
887,16,721.50,284.14,104.61,139.05,0.9118,-1,-1,-1
887,23,974.58,202.17,68.50,108.32,0.7918,-1,-1,-1
887,25,400.61,173.41,89.71,101.27,0.7398,-1,-1,-1
887,31,707.15,197.38,77.05,105.80,0.7461,-1,-1,-1
887,33,984.30,550.01,106.33,138.49,0.8533,-1,-1,-1
887,34,840.11,328.79,80.82,133.92,0.8674,-1,-1,-1
887,36,260.44,253.73,89.89,124.27,0.9061,-1,-1,-1
887,37,69.90,341.54,79.57,141.63,0.8938,-1,-1,-1
887,35,1236.49,201.31,43.62,109.90,0.5037,-1,-1,-1
887,38,40.74,235.97,69.96,126.11,0.8261,-1,-1,-1
888,5,507.66,460.94,125.16,153.61,0.8873,-1,-1,-1
888,9,921.21,318.44,117.25,133.53,0.8923,-1,-1,-1
888,16,737.33,285.82,91.53,140.03,0.9087,-1,-1,-1
888,23,981.33,202.37,76.80,108.39,0.8430,-1,-1,-1
888,25,405.47,173.81,68.94,100.56,0.6148,-1,-1,-1
888,31,714.36,200.79,82.92,104.79,0.8625,-1,-1,-1
888,33,987.77,549.96,112.85,136.06,0.8084,-1,-1,-1
888,34,853.95,330.30,93.09,132.54,0.8921,-1,-1,-1
888,36,277.38,252.22,92.08,122.53,0.9090,-1,-1,-1
888,37,82.61,340.84,89.81,142.52,0.8979,-1,-1,-1
888,38,61.38,236.31,65.80,121.64,0.8332,-1,-1,-1
889,5,517.91,464.41,115.30,151.71,0.8566,-1,-1,-1
889,9,930.82,320.38,114.75,136.64,0.9183,-1,-1,-1
889,16,746.55,286.06,82.22,139.43,0.9060,-1,-1,-1
889,23,988.48,201.10,83.42,106.78,0.8566,-1,-1,-1
889,31,719.25,201.74,89.57,102.25,0.8497,-1,-1,-1
889,33,995.39,550.34,113.08,126.24,0.8471,-1,-1,-1
889,34,862.58,332.11,76.53,130.60,0.8752,-1,-1,-1
889,36,299.35,254.48,80.91,119.99,0.9109,-1,-1,-1
889,37,97.23,339.35,94.55,143.09,0.8947,-1,-1,-1
889,38,81.31,240.93,60.39,115.41,0.8147,-1,-1,-1
889,25,429.68,161.66,47.95,101.09,0.5991,-1,-1,-1
890,5,536.65,465.92,92.40,151.69,0.8555,-1,-1,-1
890,9,946.38,323.01,101.65,135.79,0.9042,-1,-1,-1
890,16,758.03,286.01,67.25,139.32,0.9003,-1,-1,-1
890,23,987.75,194.29,96.57,109.25,0.8962,-1,-1,-1
890,25,439.20,167.43,43.05,105.99,0.6238,-1,-1,-1
890,31,721.35,201.37,94.07,104.25,0.8868,-1,-1,-1
890,33,1000.36,550.75,109.63,115.36,0.8038,-1,-1,-1
890,34,865.69,333.04,64.29,130.37,0.8819,-1,-1,-1
890,36,313.89,252.98,71.04,121.30,0.8939,-1,-1,-1
890,37,114.69,339.25,91.16,141.06,0.8914,-1,-1,-1
890,38,102.83,236.41,52.87,118.35,0.8056,-1,-1,-1
890,-1,221.32,288.44,76.26,38.85,0.5715,-1,-1,-1
891,5,554.15,464.98,63.32,148.89,0.8209,-1,-1,-1
891,9,964.67,327.36,79.24,131.24,0.9002,-1,-1,-1
891,16,776.79,280.70,61.36,141.48,0.8820,-1,-1,-1
891,23,1004.52,200.30,95.85,108.60,0.8343,-1,-1,-1
891,25,461.65,163.49,45.44,109.27,0.6972,-1,-1,-1
891,31,731.32,206.74,79.85,102.87,0.7975,-1,-1,-1
891,34,869.25,331.04,87.44,132.45,0.8995,-1,-1,-1
891,36,335.90,252.84,62.80,119.64,0.7821,-1,-1,-1
891,37,160.42,340.82,54.75,134.17,0.8171,-1,-1,-1
891,33,1011.19,551.17,89.18,103.09,0.5253,-1,-1,-1
891,-1,267.08,287.10,75.55,37.51,0.5523,-1,-1,-1
892,5,556.32,464.20,66.65,147.01,0.9020,-1,-1,-1
892,9,967.19,327.83,72.99,131.07,0.9047,-1,-1,-1
892,16,783.10,278.85,72.08,141.44,0.9119,-1,-1,-1
892,23,1022.35,206.54,83.80,102.28,0.7678,-1,-1,-1
892,25,471.40,171.27,54.74,100.77,0.6700,-1,-1,-1
892,31,738.91,209.25,60.09,100.03,0.7574,-1,-1,-1
892,33,996.69,549.69,76.31,139.79,0.8132,-1,-1,-1
892,34,874.52,329.19,94.70,132.98,0.9222,-1,-1,-1
892,36,352.39,252.45,56.38,116.84,0.8112,-1,-1,-1
892,37,178.73,339.57,44.64,132.75,0.8297,-1,-1,-1
892,38,160.00,235.57,38.77,108.50,0.6793,-1,-1,-1
892,-1,289.75,286.10,71.16,36.78,0.5372,-1,-1,-1
893,5,555.73,462.99,82.97,146.42,0.9133,-1,-1,-1
893,9,972.87,327.56,79.63,131.35,0.8866,-1,-1,-1
893,16,785.07,276.21,84.39,138.37,0.9064,-1,-1,-1
893,23,1040.64,198.91,34.43,110.05,0.6234,-1,-1,-1
893,31,737.74,208.71,70.66,99.87,0.6486,-1,-1,-1
893,33,1016.85,548.25,72.45,141.08,0.8567,-1,-1,-1
893,34,877.20,327.78,100.48,131.59,0.9208,-1,-1,-1
893,36,364.39,251.31,62.39,113.70,0.8701,-1,-1,-1
893,37,192.08,337.66,44.18,132.81,0.8430,-1,-1,-1
893,38,172.09,235.83,43.10,98.42,0.7301,-1,-1,-1
893,25,480.13,176.99,64.72,94.01,0.5545,-1,-1,-1
894,5,557.95,461.39,93.89,143.56,0.9183,-1,-1,-1
894,9,983.16,327.68,87.13,131.76,0.9096,-1,-1,-1
894,16,791.31,275.14,92.12,132.93,0.9302,-1,-1,-1
894,23,1053.17,198.01,53.16,111.73,0.7559,-1,-1,-1
894,25,484.09,172.89,74.35,97.34,0.6889,-1,-1,-1
894,31,752.79,209.26,58.93,88.10,0.7273,-1,-1,-1
894,33,1025.02,545.58,83.21,144.46,0.8998,-1,-1,-1
894,34,873.65,327.17,113.68,125.15,0.9279,-1,-1,-1
894,36,375.04,249.53,68.93,112.29,0.8204,-1,-1,-1
894,37,203.21,335.27,52.29,133.37,0.8481,-1,-1,-1
894,38,183.24,227.80,50.02,104.37,0.7860,-1,-1,-1
895,5,561.51,460.27,99.75,148.00,0.9265,-1,-1,-1
895,9,991.89,328.50,91.54,130.96,0.9146,-1,-1,-1
895,16,795.28,275.44,99.79,127.36,0.9073,-1,-1,-1
895,23,1059.00,201.61,48.58,109.09,0.7414,-1,-1,-1
895,25,479.79,172.64,87.48,90.44,0.7451,-1,-1,-1
895,31,756.21,209.25,64.86,91.25,0.8228,-1,-1,-1
895,33,1030.33,543.58,93.21,148.20,0.9017,-1,-1,-1
895,34,876.83,327.54,115.12,129.29,0.9242,-1,-1,-1
895,36,383.79,250.13,70.79,110.63,0.8101,-1,-1,-1
895,37,212.30,332.91,64.33,134.16,0.8354,-1,-1,-1
895,38,196.44,223.95,55.80,108.85,0.7545,-1,-1,-1
896,5,551.14,467.05,123.97,150.58,0.8912,-1,-1,-1
896,9,1000.95,332.02,109.23,135.38,0.9178,-1,-1,-1
896,16,821.91,276.91,88.27,120.77,0.8955,-1,-1,-1
896,23,1077.30,197.41,64.09,116.21,0.8117,-1,-1,-1
896,31,759.87,210.32,64.07,97.99,0.7883,-1,-1,-1
896,33,1021.66,543.31,125.58,140.44,0.8662,-1,-1,-1
896,34,908.15,330.94,81.33,128.38,0.8851,-1,-1,-1
896,36,408.31,251.87,62.55,111.62,0.8115,-1,-1,-1
896,37,229.97,328.25,78.45,139.47,0.8216,-1,-1,-1
896,38,223.17,222.54,52.02,105.15,0.7637,-1,-1,-1
896,25,494.81,172.95,64.43,93.09,0.5412,-1,-1,-1
897,5,555.19,467.42,122.54,151.87,0.8968,-1,-1,-1
897,9,1003.16,334.93,116.77,134.51,0.9115,-1,-1,-1
897,16,814.38,276.28,98.51,113.50,0.8418,-1,-1,-1
897,23,1083.34,198.89,75.88,116.21,0.8810,-1,-1,-1
897,25,504.68,162.77,62.50,103.21,0.6036,-1,-1,-1
897,31,773.75,214.01,48.03,96.92,0.7709,-1,-1,-1
897,33,1025.23,544.29,127.44,142.11,0.8783,-1,-1,-1
897,34,910.62,331.38,72.30,129.40,0.8539,-1,-1,-1
897,36,421.60,254.26,61.28,108.43,0.8013,-1,-1,-1
897,37,239.27,326.10,74.26,141.97,0.8087,-1,-1,-1
897,38,240.39,219.70,45.61,113.10,0.7596,-1,-1,-1
898,5,564.47,470.32,110.98,149.46,0.8787,-1,-1,-1
898,9,1013.64,338.58,113.29,135.65,0.9100,-1,-1,-1
898,16,829.16,279.08,82.24,110.23,0.8989,-1,-1,-1
898,23,1081.38,200.95,91.17,114.91,0.8670,-1,-1,-1
898,25,521.75,162.42,56.96,104.57,0.6553,-1,-1,-1
898,31,780.57,219.39,46.40,91.55,0.7752,-1,-1,-1
898,33,1036.23,546.52,115.96,144.23,0.8647,-1,-1,-1
898,34,917.54,331.44,58.55,129.79,0.8387,-1,-1,-1
898,36,434.27,255.78,69.34,107.66,0.8088,-1,-1,-1
898,37,254.97,351.07,62.36,117.40,0.7289,-1,-1,-1
898,38,256.81,219.38,41.94,109.72,0.7332,-1,-1,-1
899,5,577.04,474.13,93.53,145.69,0.8956,-1,-1,-1
899,9,1028.33,342.02,100.64,136.91,0.8760,-1,-1,-1
899,16,834.81,278.64,74.28,114.42,0.8661,-1,-1,-1
899,23,1085.80,200.73,100.27,117.09,0.8684,-1,-1,-1
899,31,779.41,222.53,57.54,88.70,0.7845,-1,-1,-1
899,33,1053.95,548.39,92.65,143.92,0.8390,-1,-1,-1
899,34,909.51,330.91,84.45,130.54,0.8252,-1,-1,-1
899,36,436.10,256.92,82.53,105.88,0.7711,-1,-1,-1
899,37,272.10,334.47,50.81,134.17,0.8095,-1,-1,-1
899,38,273.52,219.08,38.42,107.41,0.6487,-1,-1,-1
899,25,534.47,160.20,41.84,106.30,0.5423,-1,-1,-1
900,5,576.28,475.33,87.04,144.93,0.8857,-1,-1,-1
900,9,1047.08,344.98,80.82,134.97,0.8854,-1,-1,-1
900,16,845.65,277.34,64.45,118.61,0.8180,-1,-1,-1
900,23,1095.30,201.94,100.98,117.07,0.8620,-1,-1,-1
900,31,778.59,224.69,73.30,88.55,0.8284,-1,-1,-1
900,33,1053.35,549.77,84.86,144.39,0.8751,-1,-1,-1
900,34,913.71,330.09,92.75,131.92,0.8842,-1,-1,-1
900,36,440.76,256.26,74.12,106.61,0.8459,-1,-1,-1
900,37,291.11,335.13,48.16,133.43,0.7722,-1,-1,-1
900,38,288.27,214.86,38.43,113.64,0.7097,-1,-1,-1
900,25,547.63,159.01,35.87,107.06,0.5497,-1,-1,-1
901,5,583.11,476.84,79.36,139.95,0.8700,-1,-1,-1
901,9,1056.31,348.77,63.12,134.81,0.8873,-1,-1,-1
901,16,859.43,274.12,89.97,122.83,0.8369,-1,-1,-1
901,23,1132.21,207.45,76.49,114.90,0.8270,-1,-1,-1
901,31,771.18,227.65,108.44,92.21,0.8564,-1,-1,-1
901,33,1057.02,550.73,86.91,147.09,0.8679,-1,-1,-1
901,34,916.34,331.34,112.31,132.78,0.8693,-1,-1,-1
901,36,457.35,256.83,88.46,104.09,0.9149,-1,-1,-1
901,37,304.57,333.96,54.00,130.32,0.8501,-1,-1,-1
901,38,310.95,209.63,48.67,112.05,0.8359,-1,-1,-1
901,25,565.07,170.93,52.01,96.50,0.5206,-1,-1,-1
902,5,589.30,476.58,89.16,142.59,0.9111,-1,-1,-1
902,9,1059.40,348.98,77.75,136.88,0.8944,-1,-1,-1
902,16,871.87,273.98,78.83,118.13,0.8636,-1,-1,-1
902,23,1151.71,209.00,38.45,115.18,0.7238,-1,-1,-1
902,25,572.08,159.56,58.85,108.04,0.6684,-1,-1,-1
902,31,785.18,233.42,96.48,88.90,0.7651,-1,-1,-1
902,33,1065.73,550.70,97.08,148.20,0.8977,-1,-1,-1
902,34,913.39,332.89,98.97,132.06,0.8120,-1,-1,-1
902,36,473.75,257.57,82.06,103.53,0.9022,-1,-1,-1
902,37,309.23,333.18,66.64,130.69,0.8823,-1,-1,-1
902,38,322.26,209.58,49.52,109.41,0.8365,-1,-1,-1
903,5,597.01,477.44,93.98,142.57,0.9191,-1,-1,-1
903,9,1064.80,348.53,90.75,138.97,0.9040,-1,-1,-1
903,16,884.50,273.80,65.66,116.53,0.8606,-1,-1,-1
903,23,1161.01,210.21,44.29,115.92,0.7104,-1,-1,-1
903,25,575.84,164.10,72.06,103.07,0.6175,-1,-1,-1
903,31,787.89,239.57,99.91,85.38,0.7141,-1,-1,-1
903,33,1068.08,551.43,106.85,148.26,0.8978,-1,-1,-1
903,34,922.00,334.77,73.68,131.90,0.8188,-1,-1,-1
903,36,491.84,258.07,70.99,104.16,0.8963,-1,-1,-1
903,37,316.08,332.75,77.36,132.23,0.8686,-1,-1,-1
903,38,332.74,207.16,50.33,111.49,0.8119,-1,-1,-1
904,5,593.94,478.74,107.37,141.93,0.9102,-1,-1,-1
904,9,1068.77,348.47,105.59,140.85,0.9080,-1,-1,-1
904,16,890.58,275.39,66.55,115.87,0.8361,-1,-1,-1
904,23,1169.74,210.79,49.54,116.39,0.7123,-1,-1,-1
904,31,799.14,234.97,82.37,89.77,0.7575,-1,-1,-1
904,33,1059.86,552.71,126.22,145.27,0.8660,-1,-1,-1
904,34,934.96,336.42,68.76,95.01,0.6365,-1,-1,-1
904,36,511.35,259.06,55.74,104.18,0.8694,-1,-1,-1
904,37,322.38,333.27,86.77,133.28,0.8832,-1,-1,-1
904,38,342.93,206.71,58.55,110.97,0.7875,-1,-1,-1
904,25,574.83,162.86,59.39,102.59,0.5636,-1,-1,-1
905,5,586.77,480.29,120.95,140.59,0.9192,-1,-1,-1
905,9,1074.49,348.86,114.46,136.40,0.9064,-1,-1,-1
905,16,898.60,276.39,58.95,114.05,0.8238,-1,-1,-1
905,23,1178.47,214.67,61.20,115.51,0.7049,-1,-1,-1
905,31,807.68,238.97,64.73,87.72,0.7452,-1,-1,-1
905,33,1061.75,554.81,128.32,142.51,0.8645,-1,-1,-1
905,34,931.30,338.10,95.42,130.93,0.8079,-1,-1,-1
905,36,525.59,259.86,53.67,103.11,0.8716,-1,-1,-1
905,37,334.84,334.68,87.51,129.37,0.8964,-1,-1,-1
905,38,353.73,207.45,52.68,108.89,0.8496,-1,-1,-1
906,5,617.45,487.75,93.22,131.36,0.9157,-1,-1,-1
906,9,1090.35,352.49,120.68,133.92,0.8617,-1,-1,-1
906,16,921.67,280.24,57.50,112.94,0.8171,-1,-1,-1
906,23,1197.64,211.67,78.87,119.42,0.7109,-1,-1,-1
906,31,827.95,236.56,68.56,91.45,0.8014,-1,-1,-1
906,33,1091.16,560.59,97.94,144.33,0.8108,-1,-1,-1
906,34,962.11,338.27,66.72,134.11,0.7900,-1,-1,-1
906,36,543.08,260.28,60.29,104.09,0.8379,-1,-1,-1
906,37,369.81,338.18,72.23,124.12,0.8819,-1,-1,-1
906,38,373.07,212.72,59.51,103.29,0.8544,-1,-1,-1
906,-1,604.70,164.41,54.64,100.05,0.5489,-1,-1,-1
907,5,625.12,489.99,81.27,128.43,0.8837,-1,-1,-1
907,9,1102.57,355.57,73.22,129.55,0.7093,-1,-1,-1
907,16,929.60,280.63,50.68,108.92,0.8197,-1,-1,-1
907,23,1200.81,223.48,77.76,108.10,0.7379,-1,-1,-1
907,31,820.73,241.89,93.61,84.03,0.8550,-1,-1,-1
907,33,1109.91,563.64,73.75,145.09,0.8032,-1,-1,-1
907,34,966.06,335.89,76.41,134.92,0.7652,-1,-1,-1
907,36,548.42,261.15,65.10,105.73,0.8746,-1,-1,-1
907,37,389.28,336.83,62.64,126.16,0.8333,-1,-1,-1
907,38,382.65,213.95,63.56,101.35,0.8278,-1,-1,-1
907,-1,623.22,172.02,42.09,93.80,0.5594,-1,-1,-1
908,5,626.49,492.20,71.82,125.89,0.8539,-1,-1,-1
908,9,1122.32,359.49,99.64,126.16,0.8090,-1,-1,-1
908,16,934.06,280.20,53.84,113.28,0.8178,-1,-1,-1
908,23,1210.04,224.34,69.67,111.48,0.6505,-1,-1,-1
908,31,827.14,235.72,98.90,97.62,0.8864,-1,-1,-1
908,33,1113.56,565.68,66.93,147.07,0.8209,-1,-1,-1
908,34,965.39,334.94,90.91,131.92,0.8316,-1,-1,-1
908,36,553.49,262.97,71.11,106.00,0.8930,-1,-1,-1
908,37,407.10,333.92,52.60,128.08,0.8496,-1,-1,-1
908,38,414.99,216.15,43.72,91.30,0.5887,-1,-1,-1
908,-1,634.54,170.44,42.04,94.88,0.5397,-1,-1,-1
909,5,631.29,493.29,61.05,126.36,0.8751,-1,-1,-1
909,9,1133.33,362.90,81.89,131.11,0.7856,-1,-1,-1
909,16,940.80,280.38,51.80,114.56,0.8369,-1,-1,-1
909,31,828.97,236.51,103.96,104.17,0.8329,-1,-1,-1
909,33,1116.69,565.79,71.04,151.76,0.8150,-1,-1,-1
909,34,972.91,334.01,102.41,136.54,0.8992,-1,-1,-1
909,36,559.83,265.23,75.66,107.82,0.8947,-1,-1,-1
909,37,422.89,330.80,43.80,131.14,0.8313,-1,-1,-1
909,38,404.86,216.86,68.35,103.32,0.7880,-1,-1,-1
909,23,1224.15,215.13,55.70,127.82,0.5575,-1,-1,-1
909,-1,649.54,170.18,38.06,96.00,0.5695,-1,-1,-1
910,5,635.26,494.33,59.14,125.23,0.8803,-1,-1,-1
910,9,1142.19,365.90,44.89,113.86,0.7974,-1,-1,-1
910,16,941.49,280.88,55.17,114.78,0.8549,-1,-1,-1
910,31,835.87,238.28,97.06,110.29,0.8005,-1,-1,-1
910,33,1119.50,566.47,90.24,153.20,0.8788,-1,-1,-1
910,34,963.39,334.31,121.97,134.87,0.8989,-1,-1,-1
910,36,567.42,267.33,80.45,109.43,0.8840,-1,-1,-1
910,37,436.23,328.36,42.23,138.63,0.8316,-1,-1,-1
910,38,416.32,216.07,73.29,103.89,0.7940,-1,-1,-1
911,5,638.81,481.79,70.97,138.13,0.8837,-1,-1,-1
911,9,1156.99,369.07,54.95,109.21,0.7040,-1,-1,-1
911,16,956.15,282.59,54.61,116.22,0.8330,-1,-1,-1
911,31,852.03,240.57,75.06,113.78,0.8276,-1,-1,-1
911,33,1108.34,568.70,130.00,150.97,0.8768,-1,-1,-1
911,34,976.35,336.59,118.71,140.03,0.8853,-1,-1,-1
911,36,595.67,270.81,72.63,102.42,0.7720,-1,-1,-1
911,37,454.91,325.62,45.76,139.85,0.8043,-1,-1,-1
911,38,447.26,214.30,76.80,105.14,0.8770,-1,-1,-1
911,25,660.75,165.40,52.29,90.76,0.6213,-1,-1,-1
912,5,639.93,474.96,74.42,145.28,0.8921,-1,-1,-1
912,9,1157.89,369.40,88.22,138.37,0.8023,-1,-1,-1
912,16,974.81,283.83,42.36,117.64,0.8110,-1,-1,-1
912,31,851.98,243.59,71.09,111.34,0.8496,-1,-1,-1
912,33,1106.85,572.01,137.78,147.62,0.8555,-1,-1,-1
912,34,989.48,337.90,101.32,140.52,0.8886,-1,-1,-1
912,36,607.29,272.00,73.18,109.92,0.8759,-1,-1,-1
912,37,461.88,325.61,50.11,138.72,0.7147,-1,-1,-1
912,38,462.79,212.74,68.47,106.37,0.8578,-1,-1,-1
912,25,660.25,167.53,63.80,88.78,0.5938,-1,-1,-1
913,5,638.32,470.83,77.58,149.14,0.9132,-1,-1,-1
913,9,1162.71,370.51,99.42,146.71,0.8755,-1,-1,-1
913,16,981.60,284.92,41.98,83.85,0.6928,-1,-1,-1
913,25,661.04,165.68,76.75,94.43,0.6299,-1,-1,-1
913,31,857.20,245.23,72.91,111.71,0.8992,-1,-1,-1
913,33,1116.51,575.07,127.69,144.00,0.8592,-1,-1,-1
913,34,997.31,339.25,60.69,110.22,0.6534,-1,-1,-1
913,36,623.09,273.21,64.72,109.51,0.8910,-1,-1,-1
913,37,468.69,326.58,53.24,131.14,0.7502,-1,-1,-1
913,38,478.61,209.90,55.60,109.27,0.8714,-1,-1,-1
913,-1,786.02,287.17,67.29,45.28,0.5150,-1,-1,-1
914,5,634.27,471.11,84.49,148.66,0.9221,-1,-1,-1
914,9,1157.70,372.46,118.73,147.25,0.8742,-1,-1,-1
914,16,986.31,284.35,42.83,108.04,0.7718,-1,-1,-1
914,25,665.00,152.50,76.69,109.08,0.6221,-1,-1,-1
914,31,861.05,247.19,78.72,113.08,0.8913,-1,-1,-1
914,33,1141.18,578.65,97.06,140.81,0.8204,-1,-1,-1
914,34,1002.84,337.56,52.29,129.90,0.7191,-1,-1,-1
914,36,637.49,274.80,58.02,108.61,0.9002,-1,-1,-1
914,37,475.23,328.36,55.70,113.07,0.7870,-1,-1,-1
914,38,491.13,208.05,47.52,111.31,0.8676,-1,-1,-1
915,5,630.84,472.41,90.49,147.92,0.9222,-1,-1,-1
915,9,1167.35,374.60,110.85,147.99,0.6698,-1,-1,-1
915,16,988.02,282.82,47.19,87.63,0.7524,-1,-1,-1
915,25,670.46,159.16,68.45,103.11,0.7145,-1,-1,-1
915,31,855.87,249.73,90.37,113.72,0.8921,-1,-1,-1
915,33,1151.30,582.02,77.32,138.19,0.8369,-1,-1,-1
915,34,1002.19,336.07,60.97,129.38,0.7242,-1,-1,-1
915,36,643.10,276.65,59.57,107.30,0.9014,-1,-1,-1
915,37,477.44,330.87,62.11,143.52,0.9027,-1,-1,-1
915,38,496.87,205.95,50.35,113.08,0.8626,-1,-1,-1
916,5,637.26,480.29,89.67,140.11,0.9221,-1,-1,-1
916,9,1182.82,382.28,58.80,109.16,0.7745,-1,-1,-1
916,16,987.35,280.79,55.40,115.68,0.7554,-1,-1,-1
916,31,846.97,257.87,83.07,115.24,0.6676,-1,-1,-1
916,33,1146.08,585.78,65.44,134.15,0.8252,-1,-1,-1
916,34,996.16,335.38,96.09,146.95,0.8151,-1,-1,-1
916,36,655.06,278.74,58.19,109.73,0.9071,-1,-1,-1
916,37,488.48,339.13,67.01,138.74,0.8869,-1,-1,-1
916,38,510.45,202.83,51.86,116.65,0.8849,-1,-1,-1
916,25,699.71,163.16,50.40,102.37,0.5096,-1,-1,-1
917,5,643.97,485.30,86.91,134.87,0.9205,-1,-1,-1
917,16,982.24,280.46,61.14,122.76,0.6314,-1,-1,-1
917,31,843.39,263.65,81.11,111.49,0.8197,-1,-1,-1
917,33,1142.85,587.18,78.59,132.84,0.8872,-1,-1,-1
917,34,989.38,335.69,112.21,146.83,0.8981,-1,-1,-1
917,36,653.45,279.63,63.39,111.50,0.8840,-1,-1,-1
917,37,498.00,342.45,63.76,137.04,0.9040,-1,-1,-1
917,38,514.79,203.11,53.99,119.73,0.8807,-1,-1,-1
917,9,1184.01,385.79,51.60,155.25,0.5619,-1,-1,-1
918,5,649.72,492.22,83.47,127.45,0.9144,-1,-1,-1
918,9,1186.96,388.74,45.78,147.97,0.6675,-1,-1,-1
918,16,973.53,281.29,70.25,127.11,0.6227,-1,-1,-1
918,31,847.21,267.46,77.80,109.42,0.7558,-1,-1,-1
918,33,1142.81,589.65,84.32,130.50,0.8720,-1,-1,-1
918,34,973.43,340.66,133.04,142.80,0.8537,-1,-1,-1
918,36,648.50,280.27,71.76,108.82,0.9018,-1,-1,-1
918,37,509.68,343.88,58.04,136.80,0.8871,-1,-1,-1
918,38,518.00,204.50,55.97,122.37,0.8785,-1,-1,-1
918,25,695.91,160.88,65.50,106.17,0.6445,-1,-1,-1
919,5,649.48,500.29,83.82,119.97,0.8984,-1,-1,-1
919,9,1174.69,389.64,64.89,117.78,0.7556,-1,-1,-1
919,16,975.03,282.24,68.91,133.96,0.7605,-1,-1,-1
919,25,695.86,159.30,72.99,107.76,0.7051,-1,-1,-1
919,31,848.57,270.42,71.33,107.03,0.8008,-1,-1,-1
919,33,1139.05,592.62,96.81,127.53,0.8630,-1,-1,-1
919,34,967.61,350.05,137.31,136.11,0.8363,-1,-1,-1
919,36,644.69,281.57,78.05,107.85,0.9180,-1,-1,-1
919,37,519.81,344.74,54.71,138.41,0.8606,-1,-1,-1
919,38,516.48,205.56,62.74,126.36,0.9018,-1,-1,-1
920,5,648.64,508.53,82.28,112.01,0.8615,-1,-1,-1
920,9,1171.86,388.53,71.44,140.24,0.6614,-1,-1,-1
920,25,699.28,159.27,76.15,107.60,0.6441,-1,-1,-1
920,31,852.21,272.43,66.56,107.55,0.8657,-1,-1,-1
920,33,1137.56,596.44,97.30,123.66,0.8282,-1,-1,-1
920,34,969.13,352.99,128.79,135.75,0.7493,-1,-1,-1
920,36,643.93,281.44,80.41,108.17,0.9124,-1,-1,-1
920,37,526.76,345.15,53.13,140.10,0.8645,-1,-1,-1
920,38,515.34,207.71,67.74,125.75,0.8698,-1,-1,-1
920,16,985.55,283.94,56.39,112.57,0.5209,-1,-1,-1
920,-1,986.04,283.86,95.95,116.20,0.5541,-1,-1,-1
921,9,1159.21,385.08,116.10,157.25,0.8356,-1,-1,-1
921,25,717.63,158.51,70.91,107.34,0.6588,-1,-1,-1
921,31,822.39,276.39,112.21,114.53,0.9140,-1,-1,-1
921,33,1136.74,602.68,79.01,117.16,0.7682,-1,-1,-1
921,34,985.18,346.99,85.29,145.71,0.7537,-1,-1,-1
921,36,655.95,281.12,83.56,109.24,0.8950,-1,-1,-1
921,37,529.98,346.48,61.68,140.89,0.8583,-1,-1,-1
921,38,507.95,213.62,81.88,126.34,0.9004,-1,-1,-1
921,5,617.56,519.08,105.69,171.68,0.5131,-1,-1,-1
921,16,981.41,284.66,53.75,107.45,0.5772,-1,-1,-1
922,5,618.04,521.01,99.74,169.84,0.6173,-1,-1,-1
922,9,1155.38,383.73,124.05,162.35,0.8992,-1,-1,-1
922,16,964.03,283.64,85.31,138.28,0.6445,-1,-1,-1
922,25,727.88,155.77,62.89,109.63,0.6684,-1,-1,-1
922,31,817.43,279.16,116.01,119.44,0.9218,-1,-1,-1
922,33,1134.18,603.65,64.55,116.25,0.8044,-1,-1,-1
922,34,977.99,337.29,75.65,156.14,0.8313,-1,-1,-1
922,36,666.66,282.32,73.13,108.56,0.8953,-1,-1,-1
922,37,533.19,348.32,62.47,138.58,0.8921,-1,-1,-1
922,38,505.24,216.14,86.41,125.61,0.9147,-1,-1,-1
923,5,609.39,521.65,103.18,170.09,0.7023,-1,-1,-1
923,9,1143.95,382.65,132.78,163.66,0.8448,-1,-1,-1
923,16,954.72,282.36,104.46,140.83,0.7464,-1,-1,-1
923,25,739.43,151.44,61.73,113.01,0.6228,-1,-1,-1
923,31,818.29,282.25,111.06,121.46,0.9298,-1,-1,-1
923,33,1131.29,603.71,57.61,116.26,0.8755,-1,-1,-1
923,34,974.14,334.42,78.84,159.85,0.8407,-1,-1,-1
923,36,665.97,283.84,67.32,107.71,0.9058,-1,-1,-1
923,37,536.88,349.83,62.24,136.19,0.9074,-1,-1,-1
923,38,503.26,218.35,93.05,124.70,0.9195,-1,-1,-1
924,5,597.79,521.95,108.85,170.99,0.6861,-1,-1,-1
924,9,1133.91,381.79,109.35,171.08,0.8339,-1,-1,-1
924,16,966.42,281.89,98.21,139.12,0.7678,-1,-1,-1
924,25,742.00,149.45,71.10,113.80,0.6677,-1,-1,-1
924,31,827.62,284.43,89.60,118.80,0.9135,-1,-1,-1
924,33,1127.57,602.90,64.49,117.05,0.8484,-1,-1,-1
924,34,968.19,331.03,86.95,163.63,0.8882,-1,-1,-1
924,36,661.26,285.13,72.09,107.43,0.8960,-1,-1,-1
924,37,537.78,350.43,64.40,134.17,0.8689,-1,-1,-1
924,38,501.88,220.94,96.70,122.63,0.9079,-1,-1,-1
924,-1,513.91,113.61,55.07,122.47,0.5995,-1,-1,-1
925,9,1131.90,382.38,105.29,174.51,0.8647,-1,-1,-1
925,16,966.93,280.71,101.36,130.97,0.8282,-1,-1,-1
925,25,739.44,147.06,86.49,115.48,0.6621,-1,-1,-1
925,31,841.64,285.87,65.47,117.48,0.9167,-1,-1,-1
925,33,1123.52,601.80,70.75,118.26,0.8785,-1,-1,-1
925,34,960.35,328.54,100.81,164.60,0.8816,-1,-1,-1
925,36,658.20,287.12,83.99,115.34,0.8763,-1,-1,-1
925,37,530.55,352.17,75.09,128.55,0.8651,-1,-1,-1
925,38,503.12,218.81,99.87,124.40,0.9107,-1,-1,-1
925,5,635.12,522.63,66.99,156.85,0.5012,-1,-1,-1
925,-1,636.96,522.90,65.43,96.22,0.5075,-1,-1,-1
926,9,1145.96,384.65,93.26,180.33,0.8641,-1,-1,-1
926,16,967.02,281.85,98.48,117.72,0.7728,-1,-1,-1
926,25,747.79,142.86,99.11,118.90,0.7240,-1,-1,-1
926,31,844.13,287.57,66.14,124.18,0.8906,-1,-1,-1
926,33,1118.60,601.48,73.38,118.46,0.8728,-1,-1,-1
926,34,932.73,326.35,135.68,155.67,0.9137,-1,-1,-1
926,36,659.05,289.56,109.77,106.75,0.8607,-1,-1,-1
926,37,523.28,355.49,99.80,119.46,0.8636,-1,-1,-1
926,38,514.57,219.75,103.89,121.89,0.9229,-1,-1,-1
926,-1,637.04,525.13,60.95,94.60,0.5991,-1,-1,-1
926,-1,498.64,111.75,65.87,120.19,0.5455,-1,-1,-1
927,9,1159.45,383.40,62.82,182.27,0.8600,-1,-1,-1
927,16,965.25,281.41,93.21,115.00,0.6555,-1,-1,-1
927,25,756.80,139.55,80.41,124.58,0.6900,-1,-1,-1
927,31,830.02,287.36,81.44,136.44,0.8886,-1,-1,-1
927,33,1116.33,601.70,72.07,118.03,0.8707,-1,-1,-1
927,34,923.00,329.81,144.13,142.93,0.8470,-1,-1,-1
927,36,660.05,290.27,114.08,121.14,0.8880,-1,-1,-1
927,37,520.97,354.97,105.19,118.15,0.8778,-1,-1,-1
927,38,524.41,216.75,103.21,122.47,0.9033,-1,-1,-1
927,-1,636.54,524.66,59.37,95.21,0.5612,-1,-1,-1
927,-1,506.39,108.47,64.14,119.96,0.6155,-1,-1,-1
928,9,1165.63,380.14,59.21,184.65,0.8472,-1,-1,-1
928,16,965.81,279.57,81.13,115.66,0.6494,-1,-1,-1
928,25,766.23,134.54,73.20,131.33,0.7619,-1,-1,-1
928,31,822.49,287.25,88.66,138.35,0.8823,-1,-1,-1
928,33,1113.34,601.16,68.54,118.56,0.8705,-1,-1,-1
928,34,920.39,324.71,142.78,145.04,0.8887,-1,-1,-1
928,36,659.46,288.98,117.84,122.03,0.9123,-1,-1,-1
928,37,520.75,352.10,109.09,120.88,0.8727,-1,-1,-1
928,38,532.55,210.83,101.71,125.41,0.9126,-1,-1,-1
928,5,637.14,522.74,58.38,97.23,0.7587,-1,-1,-1
928,-1,513.45,103.64,55.09,120.88,0.5333,-1,-1,-1
929,5,638.81,518.36,56.93,101.28,0.6356,-1,-1,-1
929,9,1155.54,375.09,70.57,187.46,0.8801,-1,-1,-1
929,25,776.63,130.42,69.29,132.18,0.7691,-1,-1,-1
929,31,820.37,287.66,90.23,139.26,0.8970,-1,-1,-1
929,33,1110.86,600.62,62.97,119.19,0.8732,-1,-1,-1
929,34,923.70,321.36,128.38,146.18,0.8927,-1,-1,-1
929,36,656.14,286.50,122.94,124.58,0.9091,-1,-1,-1
929,37,521.03,348.61,114.96,125.10,0.8892,-1,-1,-1
929,38,542.67,203.64,94.24,128.98,0.9001,-1,-1,-1
929,16,983.62,275.35,50.75,118.11,0.5438,-1,-1,-1
930,5,638.66,512.61,57.30,108.12,0.6254,-1,-1,-1
930,9,1147.58,368.57,93.87,191.17,0.8736,-1,-1,-1
930,25,787.66,128.19,66.54,130.40,0.7536,-1,-1,-1
930,31,816.89,288.39,93.72,142.95,0.9060,-1,-1,-1
930,33,1109.35,598.89,56.64,121.09,0.8747,-1,-1,-1
930,34,935.69,318.26,103.19,145.85,0.8846,-1,-1,-1
930,36,652.03,283.62,128.63,127.66,0.9163,-1,-1,-1
930,37,526.50,345.26,116.39,132.36,0.8965,-1,-1,-1
930,38,552.57,197.32,87.73,131.73,0.9108,-1,-1,-1
930,-1,515.24,91.81,47.12,124.30,0.5022,-1,-1,-1
931,5,638.68,503.55,61.35,117.79,0.7713,-1,-1,-1
931,9,1132.28,358.97,124.57,194.43,0.9379,-1,-1,-1
931,25,810.87,120.51,66.79,131.85,0.7157,-1,-1,-1
931,31,819.19,290.96,91.39,136.72,0.8934,-1,-1,-1
931,33,1093.13,593.48,63.58,126.39,0.8727,-1,-1,-1
931,34,936.86,311.00,75.89,148.53,0.8319,-1,-1,-1
931,36,663.57,283.68,124.58,121.95,0.9282,-1,-1,-1
931,37,549.10,341.89,111.39,142.25,0.9024,-1,-1,-1
931,38,576.49,185.38,72.96,137.19,0.8846,-1,-1,-1
931,16,982.20,259.54,37.72,156.52,0.6043,-1,-1,-1
931,-1,496.15,84.77,71.27,123.45,0.5849,-1,-1,-1
932,5,639.25,500.03,62.98,121.56,0.8142,-1,-1,-1
932,9,1110.48,356.03,151.29,185.52,0.9460,-1,-1,-1
932,16,981.45,256.08,40.01,155.44,0.6591,-1,-1,-1
932,25,823.71,117.41,65.71,132.73,0.7713,-1,-1,-1
932,31,811.12,291.88,100.83,134.29,0.8910,-1,-1,-1
932,33,1088.05,589.61,68.56,130.65,0.8753,-1,-1,-1
932,34,923.32,308.54,82.03,149.49,0.8412,-1,-1,-1
932,36,675.29,283.74,117.04,119.55,0.9330,-1,-1,-1
932,37,559.88,341.02,114.27,139.79,0.9081,-1,-1,-1
932,38,588.32,181.47,67.64,138.25,0.8983,-1,-1,-1
932,-1,493.97,84.12,75.40,121.65,0.5217,-1,-1,-1
933,5,639.91,497.83,64.29,122.08,0.8766,-1,-1,-1
933,9,1097.88,353.81,165.99,175.45,0.9459,-1,-1,-1
933,25,836.76,115.15,67.09,133.94,0.7243,-1,-1,-1
933,31,809.69,292.23,104.19,132.14,0.8905,-1,-1,-1
933,33,1084.88,585.91,76.79,134.02,0.8589,-1,-1,-1
933,34,919.36,303.40,96.12,156.63,0.8663,-1,-1,-1
933,36,687.01,283.62,107.71,118.39,0.9217,-1,-1,-1
933,37,570.68,346.19,107.57,132.22,0.8636,-1,-1,-1
933,38,600.63,179.72,65.82,137.91,0.9024,-1,-1,-1
933,-1,495.24,82.73,79.15,122.65,0.6154,-1,-1,-1
934,5,641.61,497.05,65.63,123.07,0.8571,-1,-1,-1
934,9,1096.21,352.48,167.01,169.68,0.9375,-1,-1,-1
934,25,851.15,112.40,66.70,136.90,0.6831,-1,-1,-1
934,31,812.70,292.87,104.60,132.24,0.9032,-1,-1,-1
934,33,1078.25,583.56,88.17,136.30,0.8469,-1,-1,-1
934,34,918.06,299.43,103.36,158.14,0.8676,-1,-1,-1
934,36,699.45,281.64,100.57,118.55,0.8980,-1,-1,-1
934,37,578.93,349.70,116.20,127.99,0.8883,-1,-1,-1
934,38,612.74,177.22,66.94,138.54,0.8940,-1,-1,-1
934,-1,974.57,252.27,39.69,96.90,0.5421,-1,-1,-1
934,-1,506.19,84.17,72.15,120.34,0.6001,-1,-1,-1
935,5,643.45,496.79,67.49,123.54,0.8181,-1,-1,-1
935,9,1096.55,351.58,162.25,169.60,0.9339,-1,-1,-1
935,25,864.08,105.93,67.85,145.07,0.6662,-1,-1,-1
935,31,818.13,293.73,102.99,134.76,0.8550,-1,-1,-1
935,33,1072.56,581.74,103.24,138.21,0.8593,-1,-1,-1
935,34,907.43,297.99,124.28,153.98,0.8881,-1,-1,-1
935,36,709.16,278.80,97.61,118.06,0.8827,-1,-1,-1
935,37,590.44,350.33,112.44,136.07,0.8426,-1,-1,-1
935,38,625.18,174.14,69.21,139.73,0.8833,-1,-1,-1
935,-1,968.94,252.03,48.04,93.01,0.5871,-1,-1,-1
935,-1,518.35,82.93,63.71,120.15,0.5628,-1,-1,-1
936,5,648.30,472.45,74.23,147.50,0.8558,-1,-1,-1
936,9,1116.19,349.22,120.62,167.99,0.9222,-1,-1,-1
936,25,891.35,105.41,68.03,147.24,0.6822,-1,-1,-1
936,31,831.82,297.95,99.69,145.57,0.8411,-1,-1,-1
936,33,1069.80,579.68,109.91,140.33,0.8589,-1,-1,-1
936,34,900.40,294.18,114.54,153.43,0.7516,-1,-1,-1
936,36,728.42,273.71,92.93,129.87,0.8998,-1,-1,-1
936,37,601.17,338.97,107.05,165.93,0.9051,-1,-1,-1
936,38,647.27,170.72,77.15,143.58,0.8991,-1,-1,-1
936,-1,956.06,248.47,81.09,183.27,0.5526,-1,-1,-1
936,-1,523.27,77.98,69.41,126.48,0.6049,-1,-1,-1
937,5,648.41,493.15,78.95,126.89,0.8554,-1,-1,-1
937,9,1130.91,346.33,91.24,169.15,0.9153,-1,-1,-1
937,25,904.57,104.91,67.88,148.04,0.6529,-1,-1,-1
937,31,840.83,301.33,95.18,142.25,0.8582,-1,-1,-1
937,33,1071.37,577.64,104.96,142.54,0.8746,-1,-1,-1
937,34,913.70,292.27,111.30,153.49,0.7231,-1,-1,-1
937,36,734.96,272.23,93.23,136.48,0.9159,-1,-1,-1
937,37,602.28,326.46,103.92,184.84,0.9218,-1,-1,-1
937,38,658.21,170.90,79.25,144.67,0.9014,-1,-1,-1
937,-1,522.88,76.57,78.38,126.43,0.5592,-1,-1,-1
937,-1,955.61,246.18,75.13,116.04,0.6673,-1,-1,-1
938,5,649.91,495.29,81.33,124.94,0.8309,-1,-1,-1
938,9,1124.45,343.07,80.19,171.44,0.8936,-1,-1,-1
938,25,918.64,106.53,66.18,144.86,0.6670,-1,-1,-1
938,31,852.70,304.46,92.19,138.37,0.8763,-1,-1,-1
938,33,1073.36,575.50,90.37,144.63,0.8700,-1,-1,-1
938,34,929.49,290.24,98.49,154.53,0.6887,-1,-1,-1
938,36,736.07,272.41,98.48,141.59,0.9175,-1,-1,-1
938,37,608.03,322.05,96.04,183.41,0.8717,-1,-1,-1
938,38,668.98,170.66,82.80,145.31,0.9025,-1,-1,-1
938,-1,1.71,619.12,68.24,83.31,0.5016,-1,-1,-1
938,-1,943.85,243.46,93.25,162.13,0.7393,-1,-1,-1
939,5,651.84,493.98,83.09,126.45,0.9078,-1,-1,-1
939,9,1114.22,338.89,79.76,175.06,0.9104,-1,-1,-1
939,25,931.15,106.76,64.30,143.80,0.6860,-1,-1,-1
939,31,866.87,307.24,86.02,137.62,0.8392,-1,-1,-1
939,33,1074.83,572.14,69.10,147.98,0.8640,-1,-1,-1
939,34,949.97,241.90,92.04,163.34,0.8014,-1,-1,-1
939,36,734.17,273.26,106.87,143.71,0.9144,-1,-1,-1
939,37,616.16,323.59,85.83,189.93,0.8449,-1,-1,-1
939,38,678.94,169.65,87.52,147.78,0.8888,-1,-1,-1
939,-1,940.97,285.27,82.81,158.47,0.5854,-1,-1,-1
940,5,654.05,493.44,83.59,127.09,0.8974,-1,-1,-1
940,9,1108.37,334.36,97.93,179.08,0.9136,-1,-1,-1
940,25,942.04,107.15,66.49,142.30,0.7455,-1,-1,-1
940,31,875.99,308.70,77.19,146.02,0.8660,-1,-1,-1
940,33,1073.43,568.19,67.37,151.56,0.8914,-1,-1,-1
940,34,951.55,241.22,95.14,159.99,0.7862,-1,-1,-1
940,36,733.82,275.32,113.82,143.80,0.9228,-1,-1,-1
940,37,626.80,317.96,78.63,203.45,0.8099,-1,-1,-1
940,38,690.49,170.20,88.46,145.16,0.9070,-1,-1,-1
940,-1,554.67,75.85,59.48,116.26,0.5523,-1,-1,-1
940,-1,633.71,46.38,51.46,97.28,0.5086,-1,-1,-1
940,-1,28.91,613.40,68.04,83.29,0.5026,-1,-1,-1
941,5,662.21,490.89,92.07,129.10,0.9129,-1,-1,-1
941,9,1094.38,327.09,125.27,183.75,0.9393,-1,-1,-1
941,25,959.79,105.90,66.50,141.79,0.7546,-1,-1,-1
941,31,894.96,310.90,76.23,133.40,0.7805,-1,-1,-1
941,33,1046.69,561.52,96.31,158.69,0.8245,-1,-1,-1
941,36,741.27,281.94,120.64,140.93,0.9208,-1,-1,-1
941,37,630.52,321.42,95.04,199.47,0.8737,-1,-1,-1
941,38,713.65,169.26,84.60,144.42,0.9121,-1,-1,-1
941,34,951.40,273.66,80.10,167.26,0.5826,-1,-1,-1
941,-1,56.15,608.68,66.70,84.17,0.5025,-1,-1,-1
942,5,665.98,489.03,100.26,130.93,0.8833,-1,-1,-1
942,9,1073.76,324.90,147.99,178.30,0.9398,-1,-1,-1
942,25,966.63,106.52,67.94,141.87,0.8066,-1,-1,-1
942,31,883.92,312.78,115.43,154.66,0.6850,-1,-1,-1
942,33,1031.43,559.65,109.73,160.56,0.8743,-1,-1,-1
942,36,750.71,283.45,115.17,138.30,0.9068,-1,-1,-1
942,37,614.14,332.73,125.30,182.85,0.8745,-1,-1,-1
942,38,724.77,168.98,80.41,143.44,0.9076,-1,-1,-1
942,-1,67.94,606.53,67.41,85.74,0.5250,-1,-1,-1
943,5,667.34,488.03,110.90,132.27,0.9145,-1,-1,-1
943,9,1061.96,323.69,159.41,175.16,0.9441,-1,-1,-1
943,25,973.58,107.53,69.55,141.97,0.7686,-1,-1,-1
943,33,1024.29,558.68,111.98,161.45,0.8765,-1,-1,-1
943,36,743.52,283.21,128.55,136.96,0.9132,-1,-1,-1
943,37,624.20,355.43,131.06,166.97,0.9029,-1,-1,-1
943,38,735.33,167.91,75.45,142.80,0.9105,-1,-1,-1
943,34,952.63,269.55,76.81,165.29,0.6933,-1,-1,-1
943,31,892.59,314.49,103.51,158.64,0.5917,-1,-1,-1
943,-1,989.07,241.28,63.04,85.86,0.5596,-1,-1,-1
943,-1,78.99,603.36,66.85,82.48,0.5561,-1,-1,-1
943,-1,681.30,42.73,48.67,95.49,0.5031,-1,-1,-1
944,5,666.39,488.48,122.13,131.91,0.7893,-1,-1,-1
944,9,1054.73,323.44,161.29,170.90,0.9336,-1,-1,-1
944,25,980.67,108.03,70.50,141.32,0.7941,-1,-1,-1
944,31,899.46,310.98,96.91,161.34,0.7905,-1,-1,-1
944,33,1020.73,558.20,109.57,161.94,0.8799,-1,-1,-1
944,34,958.27,270.63,74.08,166.20,0.6215,-1,-1,-1
944,36,747.64,283.04,121.88,136.06,0.8845,-1,-1,-1
944,37,628.12,372.02,140.56,157.90,0.8831,-1,-1,-1
944,38,745.31,166.26,70.35,143.81,0.9048,-1,-1,-1
944,-1,90.84,601.53,65.66,83.01,0.5589,-1,-1,-1
944,-1,690.73,41.97,48.89,94.57,0.5098,-1,-1,-1
944,-1,992.62,239.02,58.10,93.27,0.6205,-1,-1,-1
945,5,661.55,478.81,133.68,141.63,0.8881,-1,-1,-1
945,9,1053.22,323.90,154.65,171.49,0.9218,-1,-1,-1
945,25,988.80,108.87,70.81,143.17,0.7605,-1,-1,-1
945,31,900.93,314.48,115.26,158.64,0.8438,-1,-1,-1
945,33,1022.79,558.90,100.34,161.19,0.8499,-1,-1,-1
945,36,764.95,281.79,100.62,141.61,0.8850,-1,-1,-1
945,37,633.50,377.92,100.35,163.13,0.8856,-1,-1,-1
945,38,754.46,164.74,66.69,143.63,0.9009,-1,-1,-1
945,-1,100.69,599.32,65.30,84.97,0.5634,-1,-1,-1
946,5,648.23,478.98,160.72,141.39,0.8876,-1,-1,-1
946,9,1060.55,324.89,118.52,169.71,0.8969,-1,-1,-1
946,25,1000.00,109.32,75.23,142.56,0.7865,-1,-1,-1
946,31,903.37,320.74,110.39,152.14,0.8210,-1,-1,-1
946,33,1029.18,557.16,75.64,162.90,0.8445,-1,-1,-1
946,36,765.20,281.80,103.89,153.90,0.8552,-1,-1,-1
946,37,645.59,391.10,134.14,156.19,0.8520,-1,-1,-1
946,38,767.44,161.39,62.92,144.98,0.8794,-1,-1,-1
946,-1,116.48,595.41,64.57,85.10,0.5658,-1,-1,-1
946,-1,978.11,231.88,74.17,145.93,0.5623,-1,-1,-1
947,5,645.04,484.69,161.31,135.64,0.8810,-1,-1,-1
947,9,1065.32,323.32,93.48,170.96,0.8371,-1,-1,-1
947,25,1011.56,110.72,68.08,135.16,0.7216,-1,-1,-1
947,31,911.65,320.97,103.06,161.83,0.8490,-1,-1,-1
947,33,1015.96,555.75,79.86,164.05,0.7952,-1,-1,-1
947,36,774.58,284.43,93.92,157.77,0.8846,-1,-1,-1
947,37,649.17,399.55,128.95,119.22,0.8223,-1,-1,-1
947,38,772.80,160.61,60.66,145.24,0.8798,-1,-1,-1
947,34,987.76,229.97,64.08,147.04,0.6891,-1,-1,-1
947,-1,123.70,593.79,63.54,84.16,0.5936,-1,-1,-1
947,-1,923.69,271.89,74.06,146.11,0.6061,-1,-1,-1
948,5,638.25,488.00,156.53,132.36,0.8574,-1,-1,-1
948,9,1058.31,321.77,78.82,171.02,0.8273,-1,-1,-1
948,25,1016.28,113.35,67.58,131.43,0.7558,-1,-1,-1
948,31,921.55,324.70,90.91,161.89,0.7943,-1,-1,-1
948,33,981.84,553.68,106.86,166.19,0.7595,-1,-1,-1
948,34,981.26,229.26,67.38,148.13,0.7322,-1,-1,-1
948,36,781.29,288.06,88.71,155.89,0.9001,-1,-1,-1
948,37,646.56,409.17,128.80,133.76,0.8021,-1,-1,-1
948,38,777.04,160.60,60.18,145.05,0.8602,-1,-1,-1
948,-1,128.37,593.49,64.16,84.78,0.5681,-1,-1,-1
948,-1,927.81,271.00,66.39,147.41,0.6497,-1,-1,-1
949,5,630.82,489.53,147.49,129.89,0.8162,-1,-1,-1
949,9,1051.92,319.29,73.42,173.75,0.7485,-1,-1,-1
949,25,1019.45,113.24,66.19,131.49,0.6985,-1,-1,-1
949,31,931.90,321.76,84.36,166.93,0.8321,-1,-1,-1
949,33,969.05,553.19,118.96,166.55,0.7142,-1,-1,-1
949,34,981.66,229.27,62.99,146.70,0.7150,-1,-1,-1
949,36,788.77,291.65,84.05,152.29,0.8854,-1,-1,-1
949,38,780.53,161.08,58.72,144.33,0.8118,-1,-1,-1
949,37,658.06,418.92,110.28,135.02,0.5017,-1,-1,-1
949,-1,132.52,593.56,63.10,83.47,0.5836,-1,-1,-1
949,-1,923.49,267.97,63.14,149.45,0.6565,-1,-1,-1
950,5,621.20,482.28,135.37,136.82,0.7948,-1,-1,-1
950,9,1043.11,317.24,64.23,177.44,0.8081,-1,-1,-1
950,25,1020.64,113.10,65.10,132.25,0.7194,-1,-1,-1
950,31,938.49,322.67,78.43,171.61,0.8458,-1,-1,-1
950,33,968.12,552.39,119.50,167.52,0.6387,-1,-1,-1
950,34,978.16,227.40,64.44,133.76,0.7061,-1,-1,-1
950,36,794.28,296.66,82.47,150.39,0.9005,-1,-1,-1
950,37,666.57,427.51,90.04,133.01,0.6566,-1,-1,-1
950,38,781.23,163.15,60.51,143.17,0.8730,-1,-1,-1
950,-1,906.65,265.79,80.21,151.77,0.7295,-1,-1,-1
950,-1,136.28,592.91,62.54,84.31,0.6119,-1,-1,-1
951,5,607.37,471.58,150.54,148.71,0.7728,-1,-1,-1
951,9,1004.85,314.87,96.45,176.06,0.8491,-1,-1,-1
951,25,1025.45,111.40,62.15,139.66,0.7836,-1,-1,-1
951,31,952.45,327.69,80.04,176.64,0.8416,-1,-1,-1
951,34,970.99,221.62,69.61,131.87,0.7516,-1,-1,-1
951,36,802.48,303.18,78.41,156.28,0.9065,-1,-1,-1
951,37,668.60,435.22,93.32,125.64,0.6229,-1,-1,-1
951,38,778.37,168.18,69.56,141.60,0.9047,-1,-1,-1
951,-1,143.04,591.50,63.26,84.35,0.5776,-1,-1,-1
951,-1,740.36,36.42,48.36,96.16,0.5068,-1,-1,-1
951,39,894.03,259.75,93.04,158.58,0.8421,-1,-1,-1
952,5,596.95,469.58,134.17,150.37,0.7959,-1,-1,-1
952,9,995.01,314.80,94.92,170.78,0.8216,-1,-1,-1
952,25,1028.47,111.79,59.43,142.27,0.7628,-1,-1,-1
952,31,953.49,329.85,82.85,176.32,0.7958,-1,-1,-1
952,34,972.81,217.93,68.91,130.65,0.7434,-1,-1,-1
952,36,806.17,304.61,74.92,158.20,0.9128,-1,-1,-1
952,37,670.65,435.76,94.69,124.97,0.7390,-1,-1,-1
952,38,777.52,171.05,73.37,141.02,0.8997,-1,-1,-1
952,39,888.66,257.25,93.49,159.97,0.8857,-1,-1,-1
952,-1,146.96,591.40,64.91,84.86,0.5619,-1,-1,-1
953,5,602.70,463.75,133.72,156.09,0.7896,-1,-1,-1
953,9,991.34,315.34,94.05,169.21,0.7579,-1,-1,-1
953,25,1031.75,110.95,57.05,144.24,0.7503,-1,-1,-1
953,31,958.37,331.64,72.23,175.85,0.7305,-1,-1,-1
953,34,962.62,214.23,80.72,144.27,0.7254,-1,-1,-1
953,36,810.84,306.43,73.36,160.35,0.9096,-1,-1,-1
953,37,670.38,435.75,99.46,125.18,0.6739,-1,-1,-1
953,38,778.02,173.77,77.24,142.93,0.8927,-1,-1,-1
953,39,884.22,256.39,98.05,161.67,0.8909,-1,-1,-1
953,-1,993.06,550.15,62.17,160.59,0.5726,-1,-1,-1
953,-1,151.35,590.68,63.02,85.08,0.5661,-1,-1,-1
954,5,603.80,460.68,129.91,159.33,0.8783,-1,-1,-1
954,9,1009.37,315.48,62.81,160.40,0.6248,-1,-1,-1
954,25,1037.61,112.10,53.51,145.91,0.7168,-1,-1,-1
954,31,961.94,336.61,69.84,171.21,0.6948,-1,-1,-1
954,34,961.48,211.76,83.69,147.28,0.7467,-1,-1,-1
954,36,814.02,308.46,75.62,164.45,0.9068,-1,-1,-1
954,37,657.25,433.72,117.05,127.87,0.7957,-1,-1,-1
954,38,778.74,176.00,80.44,144.25,0.9087,-1,-1,-1
954,39,881.61,256.55,101.98,164.90,0.8920,-1,-1,-1
954,-1,156.54,590.24,62.67,84.77,0.5691,-1,-1,-1
955,5,591.77,457.51,139.55,161.75,0.8807,-1,-1,-1
955,25,1043.36,113.29,52.41,145.70,0.7242,-1,-1,-1
955,31,967.89,342.29,70.92,166.70,0.7005,-1,-1,-1
955,34,957.50,211.02,89.27,148.55,0.7766,-1,-1,-1
955,36,817.69,311.58,77.23,165.90,0.8931,-1,-1,-1
955,37,650.91,430.67,127.78,131.26,0.7799,-1,-1,-1
955,38,782.21,178.45,81.36,146.04,0.9064,-1,-1,-1
955,39,880.50,259.37,97.89,166.60,0.8952,-1,-1,-1
955,9,1014.09,315.38,59.67,150.69,0.5677,-1,-1,-1
955,-1,988.27,546.88,47.59,72.40,0.6304,-1,-1,-1
956,5,588.83,456.40,137.28,162.79,0.8926,-1,-1,-1
956,25,1047.86,114.77,53.96,145.53,0.6678,-1,-1,-1
956,31,973.26,344.89,105.62,165.74,0.8036,-1,-1,-1
956,34,963.43,210.98,85.19,149.23,0.7876,-1,-1,-1
956,36,821.40,313.64,78.53,165.73,0.8926,-1,-1,-1
956,37,644.70,426.98,133.20,135.13,0.8428,-1,-1,-1
956,38,787.21,180.73,81.45,146.41,0.8841,-1,-1,-1
956,39,880.49,263.17,96.86,168.85,0.8908,-1,-1,-1
956,-1,985.13,545.81,48.33,73.77,0.6394,-1,-1,-1
957,5,580.64,455.73,127.67,141.71,0.8795,-1,-1,-1
957,25,1061.22,120.13,54.00,142.34,0.7023,-1,-1,-1
957,31,987.14,346.98,101.60,182.39,0.8356,-1,-1,-1
957,34,970.32,213.21,84.93,147.53,0.7544,-1,-1,-1
957,36,832.80,317.02,83.31,165.12,0.8608,-1,-1,-1
957,37,665.29,417.73,93.64,147.13,0.8061,-1,-1,-1
957,38,800.17,182.79,78.30,147.36,0.8472,-1,-1,-1
957,39,880.44,273.34,101.12,161.87,0.8004,-1,-1,-1
957,-1,975.76,545.63,56.21,74.24,0.5016,-1,-1,-1
958,5,582.73,454.39,110.15,139.42,0.8776,-1,-1,-1
958,25,1068.87,122.41,53.24,141.11,0.7528,-1,-1,-1
958,31,995.97,352.33,97.98,183.37,0.8485,-1,-1,-1
958,34,969.93,215.07,88.58,149.40,0.8034,-1,-1,-1
958,36,840.33,318.98,83.24,163.47,0.8609,-1,-1,-1
958,37,642.03,413.04,135.23,152.34,0.8386,-1,-1,-1
958,38,804.28,183.84,78.25,146.61,0.8707,-1,-1,-1
958,39,886.08,278.55,95.40,146.59,0.8237,-1,-1,-1
958,-1,958.52,325.60,73.64,152.91,0.5903,-1,-1,-1
958,-1,956.50,544.68,75.62,75.71,0.6901,-1,-1,-1
959,5,586.54,453.09,90.58,140.99,0.9089,-1,-1,-1
959,25,1075.94,123.89,54.37,141.61,0.7722,-1,-1,-1
959,31,1004.76,354.98,91.67,186.48,0.8845,-1,-1,-1
959,34,996.90,218.02,64.16,105.61,0.7377,-1,-1,-1
959,36,846.89,320.20,80.39,163.45,0.8455,-1,-1,-1
959,37,644.81,408.34,119.93,156.98,0.9019,-1,-1,-1
959,38,810.95,183.95,76.55,147.66,0.8754,-1,-1,-1
959,39,888.81,283.89,89.61,142.19,0.7875,-1,-1,-1
959,9,943.30,309.89,88.33,170.64,0.8345,-1,-1,-1
959,-1,196.30,592.91,58.46,91.33,0.5351,-1,-1,-1
959,-1,954.71,545.03,77.60,75.13,0.7129,-1,-1,-1
960,5,594.38,452.25,97.25,144.82,0.8828,-1,-1,-1
960,9,934.22,310.69,94.37,170.48,0.8506,-1,-1,-1
960,25,1084.21,125.23,52.98,140.73,0.7931,-1,-1,-1
960,31,1013.43,359.54,82.59,188.02,0.8891,-1,-1,-1
960,34,997.75,222.76,67.45,118.20,0.7843,-1,-1,-1
960,36,853.74,322.56,80.58,161.88,0.8499,-1,-1,-1
960,37,649.36,403.85,110.20,157.68,0.8761,-1,-1,-1
960,38,817.67,184.42,75.32,147.34,0.8788,-1,-1,-1
960,39,891.23,288.00,80.00,136.54,0.7528,-1,-1,-1
960,40,954.93,546.30,76.50,73.84,0.6823,-1,-1,-1
961,5,598.99,450.63,87.74,147.99,0.8387,-1,-1,-1
961,9,930.93,312.17,98.44,170.10,0.8388,-1,-1,-1
961,25,1089.32,124.91,56.02,142.04,0.7880,-1,-1,-1
961,31,1020.51,363.93,79.34,187.30,0.8610,-1,-1,-1
961,34,999.46,226.80,71.26,120.32,0.8100,-1,-1,-1
961,36,861.12,322.26,70.09,166.26,0.8813,-1,-1,-1
961,37,651.30,401.27,112.30,160.24,0.8909,-1,-1,-1
961,38,823.48,185.51,75.21,147.76,0.9104,-1,-1,-1
961,39,895.94,291.31,74.16,150.30,0.7700,-1,-1,-1
961,40,955.39,547.36,76.01,73.02,0.7049,-1,-1,-1
962,5,596.34,440.02,88.52,158.26,0.8988,-1,-1,-1
962,9,937.48,316.29,107.62,170.95,0.8681,-1,-1,-1
962,25,1093.35,127.35,67.73,142.21,0.8379,-1,-1,-1
962,31,1030.49,372.79,79.94,183.10,0.8527,-1,-1,-1
962,34,1011.72,230.39,69.50,115.59,0.8370,-1,-1,-1
962,36,868.76,334.25,74.82,167.92,0.8855,-1,-1,-1
962,37,651.80,400.95,120.29,153.44,0.7741,-1,-1,-1
962,38,833.89,188.05,76.82,146.46,0.8879,-1,-1,-1
962,40,974.49,547.53,52.22,72.49,0.6409,-1,-1,-1
962,39,909.31,292.66,51.17,111.95,0.5634,-1,-1,-1
963,5,591.12,444.80,96.90,154.57,0.8674,-1,-1,-1
963,9,943.93,317.87,91.49,169.90,0.8837,-1,-1,-1
963,25,1096.91,129.68,71.33,141.44,0.8355,-1,-1,-1
963,31,1037.23,377.71,79.96,179.52,0.8333,-1,-1,-1
963,34,1017.02,229.07,71.45,121.57,0.7995,-1,-1,-1
963,36,871.46,339.08,77.35,171.15,0.9072,-1,-1,-1
963,37,633.48,403.49,136.35,152.55,0.7831,-1,-1,-1
963,38,836.19,191.14,78.26,145.98,0.8995,-1,-1,-1
963,39,893.67,293.21,64.61,155.71,0.6429,-1,-1,-1
963,40,975.21,547.26,47.89,73.08,0.5906,-1,-1,-1
964,5,592.43,440.13,93.61,159.05,0.8980,-1,-1,-1
964,9,947.97,318.52,77.97,171.87,0.8575,-1,-1,-1
964,25,1102.02,130.01,73.77,142.00,0.8277,-1,-1,-1
964,31,1045.53,381.34,79.41,177.39,0.8463,-1,-1,-1
964,34,1025.76,227.45,70.81,123.60,0.8042,-1,-1,-1
964,36,874.68,348.74,82.33,169.52,0.9152,-1,-1,-1
964,37,654.17,406.38,112.62,150.85,0.6532,-1,-1,-1
964,38,831.84,194.34,86.35,146.70,0.8645,-1,-1,-1
964,40,975.06,546.43,45.13,73.45,0.6519,-1,-1,-1
965,5,595.93,438.59,90.85,162.46,0.8703,-1,-1,-1
965,9,952.89,318.22,61.35,170.49,0.8400,-1,-1,-1
965,25,1109.10,131.91,73.97,142.16,0.8392,-1,-1,-1
965,31,1067.01,386.25,68.41,175.76,0.8198,-1,-1,-1
965,34,1027.63,225.55,75.48,142.51,0.8164,-1,-1,-1
965,36,881.25,356.21,85.03,163.83,0.8886,-1,-1,-1
965,37,655.32,408.84,111.17,149.03,0.6262,-1,-1,-1
965,38,834.02,197.98,87.33,147.34,0.8767,-1,-1,-1
965,40,975.50,545.77,42.13,74.08,0.6189,-1,-1,-1
965,39,870.34,293.52,85.56,131.19,0.7931,-1,-1,-1
966,5,598.77,439.09,102.71,163.26,0.8457,-1,-1,-1
966,9,958.65,316.86,48.98,172.29,0.7974,-1,-1,-1
966,25,1116.53,132.99,73.72,142.22,0.8363,-1,-1,-1
966,31,1077.25,390.37,65.56,175.89,0.8341,-1,-1,-1
966,34,1034.06,224.05,80.46,145.13,0.8579,-1,-1,-1
966,36,887.56,363.54,89.43,159.76,0.8900,-1,-1,-1
966,38,833.00,201.97,89.97,143.83,0.8707,-1,-1,-1
966,39,874.83,293.42,81.31,131.39,0.8341,-1,-1,-1
966,40,975.57,545.52,40.96,74.03,0.6467,-1,-1,-1
966,37,650.06,411.84,101.55,146.76,0.5271,-1,-1,-1
966,-1,596.25,412.03,155.81,145.03,0.5452,-1,-1,-1
967,5,602.04,414.58,122.73,189.63,0.9162,-1,-1,-1
967,9,957.06,313.49,50.18,176.38,0.7014,-1,-1,-1
967,25,1129.13,132.00,73.58,143.26,0.8572,-1,-1,-1
967,31,1090.24,400.91,71.69,174.04,0.8770,-1,-1,-1
967,34,1045.61,222.95,81.14,147.83,0.9061,-1,-1,-1
967,36,897.22,376.81,92.57,155.55,0.8459,-1,-1,-1
967,38,842.39,208.12,83.36,138.71,0.9083,-1,-1,-1
967,39,884.47,291.54,73.31,135.35,0.8664,-1,-1,-1
967,40,973.14,545.80,40.81,73.89,0.6469,-1,-1,-1
968,5,611.55,416.78,113.55,188.00,0.9218,-1,-1,-1
968,9,946.17,313.30,66.05,158.37,0.7379,-1,-1,-1
968,25,1134.15,130.48,74.50,145.10,0.8645,-1,-1,-1
968,31,1090.39,406.31,81.49,181.17,0.9116,-1,-1,-1
968,34,1050.10,222.41,84.89,148.98,0.9106,-1,-1,-1
968,36,900.71,381.47,91.74,157.06,0.7823,-1,-1,-1
968,38,846.19,208.74,80.99,138.74,0.8768,-1,-1,-1
968,39,889.13,289.13,68.03,138.87,0.8834,-1,-1,-1
968,40,970.48,547.25,41.44,72.72,0.6132,-1,-1,-1
968,-1,404.97,251.92,77.59,106.17,0.5238,-1,-1,-1
969,5,611.89,418.63,117.13,185.69,0.8988,-1,-1,-1
969,9,935.35,313.62,89.72,143.65,0.7374,-1,-1,-1
969,25,1138.56,128.52,73.89,148.11,0.8604,-1,-1,-1
969,31,1093.80,409.95,85.15,188.42,0.9180,-1,-1,-1
969,34,1053.23,223.17,89.61,148.82,0.9284,-1,-1,-1
969,36,903.65,388.12,98.93,160.48,0.8523,-1,-1,-1
969,38,848.72,207.11,79.95,140.85,0.8704,-1,-1,-1
969,39,891.02,285.44,66.92,144.26,0.8812,-1,-1,-1
969,40,961.43,548.84,47.18,71.39,0.5911,-1,-1,-1
970,5,617.08,414.56,113.52,190.51,0.8800,-1,-1,-1
970,9,892.23,315.59,105.96,177.38,0.7885,-1,-1,-1
970,25,1141.07,128.12,74.43,147.75,0.8699,-1,-1,-1
970,31,1094.86,414.28,87.69,193.59,0.8939,-1,-1,-1
970,34,1055.08,224.04,93.65,148.44,0.9223,-1,-1,-1
970,36,907.56,390.89,127.66,166.81,0.8047,-1,-1,-1
970,38,850.38,204.34,78.93,144.54,0.8789,-1,-1,-1
970,39,892.03,282.16,64.71,146.69,0.8477,-1,-1,-1
970,40,952.17,552.15,51.50,67.70,0.5396,-1,-1,-1
970,-1,406.55,246.61,76.52,112.21,0.5033,-1,-1,-1
971,5,615.47,411.03,115.02,194.50,0.8632,-1,-1,-1
971,9,884.59,317.53,113.59,174.95,0.8775,-1,-1,-1
971,25,1141.55,127.82,75.02,148.14,0.8498,-1,-1,-1
971,31,1096.14,417.54,90.34,196.15,0.8942,-1,-1,-1
971,34,1056.43,226.08,99.02,147.83,0.9235,-1,-1,-1
971,36,908.66,391.97,131.92,166.03,0.8759,-1,-1,-1
971,38,852.63,200.40,77.40,148.52,0.8687,-1,-1,-1
971,39,891.11,279.93,62.87,150.60,0.8427,-1,-1,-1
971,40,940.47,554.35,57.03,66.01,0.5548,-1,-1,-1
971,-1,404.79,254.27,77.61,105.02,0.5142,-1,-1,-1
972,5,617.07,425.15,108.14,182.37,0.8657,-1,-1,-1
972,9,883.43,317.86,108.31,176.52,0.9039,-1,-1,-1
972,25,1143.10,126.20,74.41,150.57,0.8047,-1,-1,-1
972,31,1092.67,424.69,99.66,192.55,0.8915,-1,-1,-1
972,34,1056.41,228.29,110.46,149.58,0.9110,-1,-1,-1
972,36,919.36,396.79,118.25,163.69,0.8674,-1,-1,-1
972,38,856.44,197.47,75.34,152.28,0.7973,-1,-1,-1
972,39,872.50,276.85,68.14,154.66,0.7362,-1,-1,-1
972,37,600.23,401.83,101.10,143.20,0.6345,-1,-1,-1
972,40,932.57,555.21,51.33,64.29,0.5398,-1,-1,-1
973,5,614.57,425.56,88.21,184.00,0.8338,-1,-1,-1
973,9,881.28,317.83,104.52,177.67,0.8895,-1,-1,-1
973,25,1144.55,125.81,72.77,151.04,0.8115,-1,-1,-1
973,31,1095.37,426.97,93.49,191.82,0.8883,-1,-1,-1
973,34,1055.58,229.52,116.11,149.21,0.9114,-1,-1,-1
973,36,924.92,400.03,104.44,161.13,0.8650,-1,-1,-1
973,39,868.05,277.11,66.47,155.62,0.6871,-1,-1,-1
973,38,860.29,196.11,73.87,151.99,0.5453,-1,-1,-1
973,40,926.49,554.75,50.58,64.71,0.5233,-1,-1,-1
974,5,610.41,429.96,90.51,183.72,0.8258,-1,-1,-1
974,9,871.35,311.06,86.85,183.99,0.8616,-1,-1,-1
974,25,1144.91,124.83,71.42,154.33,0.7355,-1,-1,-1
974,31,1101.69,430.45,85.38,188.13,0.8663,-1,-1,-1
974,36,932.19,405.71,94.34,156.60,0.6690,-1,-1,-1
974,34,1070.06,231.26,103.36,127.67,0.5515,-1,-1,-1
974,40,926.15,556.03,42.99,63.19,0.5038,-1,-1,-1
975,5,606.15,432.47,90.27,181.33,0.8615,-1,-1,-1
975,9,860.37,312.90,89.91,183.89,0.8786,-1,-1,-1
975,25,1147.50,125.15,69.15,153.40,0.8451,-1,-1,-1
975,31,1100.32,431.71,88.11,188.26,0.8893,-1,-1,-1
975,34,1053.68,230.04,126.74,148.46,0.9250,-1,-1,-1
975,36,935.18,407.95,88.88,159.41,0.8586,-1,-1,-1
975,38,877.10,196.90,57.87,114.67,0.6380,-1,-1,-1
976,5,602.52,435.37,90.58,178.77,0.8221,-1,-1,-1
976,9,853.64,312.59,85.21,184.27,0.9056,-1,-1,-1
976,25,1145.68,125.99,69.27,152.61,0.8384,-1,-1,-1
976,31,1100.45,432.50,88.76,188.16,0.8988,-1,-1,-1
976,34,1053.06,230.30,128.97,151.39,0.9249,-1,-1,-1
976,36,933.58,412.10,94.49,155.35,0.8869,-1,-1,-1
976,38,874.99,199.08,74.36,136.85,0.8470,-1,-1,-1
977,5,592.74,463.06,81.96,149.97,0.8298,-1,-1,-1
977,9,811.75,314.87,106.79,183.73,0.9175,-1,-1,-1
977,25,1139.81,126.83,67.54,151.88,0.8400,-1,-1,-1
977,31,1102.16,433.78,86.68,187.08,0.8872,-1,-1,-1
977,34,1056.40,230.65,125.25,149.91,0.9148,-1,-1,-1
977,36,928.16,418.24,125.64,148.43,0.9150,-1,-1,-1
977,38,870.36,202.44,77.43,133.75,0.8488,-1,-1,-1
977,37,616.53,400.16,97.44,169.01,0.6324,-1,-1,-1
977,-1,897.73,549.76,45.99,69.68,0.5050,-1,-1,-1
978,5,588.71,442.30,89.51,170.23,0.8051,-1,-1,-1
978,9,794.75,315.52,115.01,184.58,0.9065,-1,-1,-1
978,25,1137.34,126.24,65.70,153.60,0.8474,-1,-1,-1
978,31,1101.99,434.18,86.15,186.27,0.9068,-1,-1,-1
978,34,1059.87,231.22,120.08,152.40,0.9217,-1,-1,-1
978,36,923.10,420.19,135.05,146.05,0.9274,-1,-1,-1
978,37,607.38,402.61,115.13,167.09,0.7498,-1,-1,-1
978,38,870.64,202.78,73.41,135.35,0.8728,-1,-1,-1
978,-1,887.50,548.11,49.41,71.08,0.5994,-1,-1,-1
979,5,585.58,441.15,85.53,171.14,0.8304,-1,-1,-1
979,9,778.73,317.95,120.59,181.95,0.8972,-1,-1,-1
979,25,1134.30,126.22,65.44,152.98,0.8578,-1,-1,-1
979,31,1100.80,435.30,86.39,187.08,0.9170,-1,-1,-1
979,34,1062.62,231.27,115.20,155.50,0.9222,-1,-1,-1
979,36,921.83,422.77,134.17,143.27,0.9221,-1,-1,-1
979,37,597.63,405.08,127.98,165.08,0.8419,-1,-1,-1
979,38,866.26,202.98,73.37,134.64,0.8607,-1,-1,-1
979,-1,877.85,547.60,51.06,71.73,0.5565,-1,-1,-1
980,5,580.28,448.40,78.54,163.74,0.7775,-1,-1,-1
980,9,772.00,298.11,119.71,201.63,0.9005,-1,-1,-1
980,25,1132.06,127.26,63.53,151.67,0.8396,-1,-1,-1
980,31,1101.12,437.77,84.98,192.14,0.9159,-1,-1,-1
980,34,1065.67,231.54,109.08,160.39,0.9261,-1,-1,-1
980,36,924.77,426.15,127.96,141.12,0.8976,-1,-1,-1
980,37,588.58,407.44,137.11,164.33,0.8906,-1,-1,-1
980,38,863.95,201.54,72.39,136.61,0.8707,-1,-1,-1
980,-1,867.84,546.88,54.08,72.69,0.5607,-1,-1,-1
981,5,575.03,439.65,82.17,173.91,0.7444,-1,-1,-1
981,9,766.84,312.68,117.84,186.74,0.8465,-1,-1,-1
981,25,1129.96,127.45,60.74,150.55,0.8137,-1,-1,-1
981,31,1099.53,441.55,86.38,197.00,0.9120,-1,-1,-1
981,34,1068.46,233.33,102.90,163.01,0.9159,-1,-1,-1
981,36,934.45,430.03,113.49,140.58,0.8753,-1,-1,-1
981,37,581.44,410.04,141.67,161.73,0.8752,-1,-1,-1
981,38,861.22,198.84,73.11,136.83,0.8616,-1,-1,-1
981,-1,594.77,127.47,57.95,141.60,0.5059,-1,-1,-1
982,5,567.03,437.88,85.70,177.23,0.8263,-1,-1,-1
982,9,755.69,301.51,114.05,196.17,0.8695,-1,-1,-1
982,25,1121.51,126.08,63.86,150.47,0.7846,-1,-1,-1
982,31,1095.78,448.42,96.94,204.47,0.9101,-1,-1,-1
982,34,1067.70,236.92,97.79,167.59,0.9001,-1,-1,-1
982,36,951.78,437.53,113.86,147.46,0.9059,-1,-1,-1
982,37,577.85,413.13,136.95,157.17,0.8927,-1,-1,-1
982,38,847.21,192.12,81.52,142.36,0.8655,-1,-1,-1
982,-1,817.51,545.11,82.12,74.67,0.5411,-1,-1,-1
982,-1,355.87,247.12,77.54,115.44,0.5045,-1,-1,-1
983,5,560.08,437.99,86.60,175.69,0.8658,-1,-1,-1
983,9,751.94,304.01,110.34,191.54,0.8805,-1,-1,-1
983,25,1117.85,123.69,64.92,151.58,0.7574,-1,-1,-1
983,31,1091.32,451.45,104.21,206.67,0.9058,-1,-1,-1
983,34,1064.28,238.39,98.23,162.74,0.8715,-1,-1,-1
983,36,959.78,439.75,113.08,152.42,0.8959,-1,-1,-1
983,37,577.32,413.64,132.84,155.86,0.8438,-1,-1,-1
983,38,847.31,188.39,78.97,142.72,0.8869,-1,-1,-1
983,-1,812.39,544.32,78.93,75.39,0.5460,-1,-1,-1
983,-1,573.66,124.38,59.71,139.85,0.5014,-1,-1,-1
984,5,555.73,438.11,91.78,175.30,0.8869,-1,-1,-1
984,9,746.53,306.00,110.40,188.75,0.8697,-1,-1,-1
984,25,1114.07,121.67,67.02,151.19,0.7384,-1,-1,-1
984,31,1092.17,453.21,103.63,210.54,0.8899,-1,-1,-1
984,34,1058.72,239.53,100.24,161.47,0.8443,-1,-1,-1
984,36,966.48,441.15,110.44,157.59,0.8950,-1,-1,-1
984,37,581.67,414.67,124.19,154.11,0.7970,-1,-1,-1
984,38,846.46,184.77,75.52,148.81,0.8766,-1,-1,-1
984,-1,570.21,123.59,56.73,140.14,0.5373,-1,-1,-1
984,-1,804.68,542.70,77.07,175.91,0.5186,-1,-1,-1
985,5,550.51,437.29,96.12,174.47,0.8944,-1,-1,-1
985,9,741.63,315.89,101.69,177.86,0.8742,-1,-1,-1
985,25,1112.31,119.89,66.11,152.41,0.8058,-1,-1,-1
985,31,1104.71,457.07,91.58,206.76,0.9024,-1,-1,-1
985,34,1054.76,240.22,100.38,145.47,0.8836,-1,-1,-1
985,36,967.11,442.40,109.24,161.32,0.8971,-1,-1,-1
985,37,580.07,416.10,120.67,151.77,0.8579,-1,-1,-1
985,38,838.15,182.30,78.25,151.37,0.8898,-1,-1,-1
985,-1,565.58,134.81,52.77,131.13,0.5310,-1,-1,-1
985,-1,191.53,610.52,64.47,88.49,0.5259,-1,-1,-1
985,-1,799.31,541.44,73.33,78.02,0.6846,-1,-1,-1
986,5,544.16,436.03,96.07,174.73,0.8315,-1,-1,-1
986,9,737.09,315.06,99.85,177.59,0.8543,-1,-1,-1
986,25,1110.46,119.16,64.28,153.02,0.7789,-1,-1,-1
986,31,1074.71,440.73,120.45,223.28,0.8596,-1,-1,-1
986,34,1051.11,242.68,101.27,137.76,0.8715,-1,-1,-1
986,36,966.28,443.36,105.82,163.85,0.8719,-1,-1,-1
986,37,584.97,416.24,110.02,151.51,0.8399,-1,-1,-1
986,38,834.58,180.30,75.92,153.16,0.8979,-1,-1,-1
986,-1,790.08,539.94,72.41,79.75,0.6298,-1,-1,-1
987,5,533.75,433.27,91.67,177.38,0.8346,-1,-1,-1
987,9,720.94,307.66,148.23,183.75,0.7846,-1,-1,-1
987,25,1102.36,116.23,67.36,154.91,0.7240,-1,-1,-1
987,31,1092.99,459.86,91.91,201.21,0.8937,-1,-1,-1
987,34,1044.99,245.03,100.36,112.45,0.8489,-1,-1,-1
987,36,964.91,447.56,93.33,164.67,0.8381,-1,-1,-1
987,37,602.70,411.71,82.50,154.87,0.8414,-1,-1,-1
987,38,829.56,178.94,68.51,150.07,0.8865,-1,-1,-1
987,-1,177.02,610.00,65.72,87.37,0.5457,-1,-1,-1
987,-1,770.82,536.93,73.66,82.96,0.6460,-1,-1,-1
988,5,529.86,431.50,109.38,177.99,0.8648,-1,-1,-1
988,9,714.98,305.03,150.96,186.26,0.8787,-1,-1,-1
988,25,1097.75,112.67,69.59,158.46,0.6972,-1,-1,-1
988,31,1089.17,459.04,89.51,200.08,0.8766,-1,-1,-1
988,34,1043.42,244.56,95.94,128.93,0.8210,-1,-1,-1
988,36,963.67,447.91,86.54,163.91,0.7718,-1,-1,-1
988,37,594.37,407.89,85.44,157.64,0.8329,-1,-1,-1
988,38,826.55,179.57,66.26,149.15,0.8807,-1,-1,-1
988,-1,172.97,608.69,63.63,87.45,0.5363,-1,-1,-1
988,-1,762.49,534.55,74.12,85.31,0.6277,-1,-1,-1
989,5,527.27,430.13,112.99,178.27,0.7904,-1,-1,-1
989,9,700.81,305.99,125.30,183.81,0.6033,-1,-1,-1
989,25,1093.65,113.07,74.53,157.09,0.7470,-1,-1,-1
989,31,1087.29,457.51,83.46,200.09,0.8822,-1,-1,-1
989,34,1042.29,243.90,93.15,138.13,0.8617,-1,-1,-1
989,36,962.53,447.87,86.27,162.25,0.8269,-1,-1,-1
989,37,589.79,405.80,84.99,158.27,0.7906,-1,-1,-1
989,38,822.09,180.21,68.61,147.12,0.8874,-1,-1,-1
989,-1,168.77,608.31,63.93,86.69,0.5320,-1,-1,-1
989,-1,748.64,532.39,78.85,87.51,0.5201,-1,-1,-1
990,5,524.64,428.94,124.45,177.91,0.8699,-1,-1,-1
990,9,690.40,319.42,116.82,169.56,0.6319,-1,-1,-1
990,25,1087.24,112.40,83.14,155.70,0.8043,-1,-1,-1
990,31,1086.15,455.54,79.90,200.03,0.8950,-1,-1,-1
990,34,1042.21,243.13,88.71,146.18,0.8563,-1,-1,-1
990,36,960.02,446.41,87.22,161.65,0.8346,-1,-1,-1
990,37,586.03,404.17,80.46,158.13,0.7914,-1,-1,-1
990,38,815.34,180.97,75.76,146.04,0.9032,-1,-1,-1
990,-1,728.93,529.28,91.38,175.35,0.5112,-1,-1,-1
991,5,520.89,427.90,125.72,177.29,0.8416,-1,-1,-1
991,9,679.82,313.23,124.78,174.97,0.7504,-1,-1,-1
991,25,1081.97,110.50,90.30,156.29,0.7645,-1,-1,-1
991,31,1085.24,452.94,75.24,201.47,0.8673,-1,-1,-1
991,34,1044.51,241.10,82.08,134.99,0.7907,-1,-1,-1
991,36,953.68,445.45,88.06,161.42,0.7779,-1,-1,-1
991,37,581.01,402.95,79.34,160.15,0.8147,-1,-1,-1
991,38,809.03,181.20,82.44,145.39,0.9127,-1,-1,-1
991,-1,160.11,606.77,64.33,87.21,0.5554,-1,-1,-1
991,-1,707.15,526.84,104.17,93.37,0.6090,-1,-1,-1
992,5,512.94,427.12,77.17,175.99,0.8030,-1,-1,-1
992,9,668.54,322.87,119.67,167.41,0.8836,-1,-1,-1
992,25,1067.58,108.98,104.93,148.28,0.7038,-1,-1,-1
992,31,1055.68,422.28,97.30,236.91,0.7957,-1,-1,-1
992,34,1041.71,246.33,78.45,147.25,0.8144,-1,-1,-1
992,36,941.58,449.07,86.48,164.10,0.8739,-1,-1,-1
992,37,567.84,404.48,79.42,172.19,0.8510,-1,-1,-1
992,38,797.59,181.50,86.75,143.87,0.8941,-1,-1,-1
992,-1,679.51,523.66,115.89,96.49,0.6323,-1,-1,-1
993,5,510.31,427.80,78.05,174.65,0.8096,-1,-1,-1
993,9,664.99,326.13,115.51,169.74,0.8936,-1,-1,-1
993,25,1060.34,108.97,107.25,141.51,0.6810,-1,-1,-1
993,31,1075.55,457.27,77.13,205.74,0.8582,-1,-1,-1
993,34,1029.46,246.80,91.29,151.53,0.8087,-1,-1,-1
993,36,930.76,450.91,93.00,163.20,0.9167,-1,-1,-1
993,37,562.63,407.70,76.59,176.56,0.8596,-1,-1,-1
993,38,791.12,181.83,87.24,144.13,0.9166,-1,-1,-1
993,-1,147.18,603.67,64.61,86.32,0.5212,-1,-1,-1
993,-1,670.93,522.53,116.35,98.02,0.7409,-1,-1,-1
994,5,506.46,428.36,84.26,173.18,0.7653,-1,-1,-1
994,9,657.34,328.03,116.71,171.89,0.8746,-1,-1,-1
994,25,1053.86,109.67,111.10,142.05,0.7104,-1,-1,-1
994,31,1069.21,460.12,80.88,207.33,0.8567,-1,-1,-1
994,34,1019.57,249.29,107.40,156.70,0.8446,-1,-1,-1
994,36,920.46,453.55,104.18,159.69,0.8980,-1,-1,-1
994,37,561.07,413.06,68.58,177.20,0.8140,-1,-1,-1
994,38,785.54,182.05,85.62,143.89,0.9101,-1,-1,-1
994,-1,1228.34,110.33,51.49,150.43,0.5553,-1,-1,-1
994,-1,287.61,254.55,78.20,103.08,0.5097,-1,-1,-1
994,-1,142.81,603.51,65.75,84.45,0.5076,-1,-1,-1
994,41,663.52,520.59,114.31,99.59,0.6429,-1,-1,-1
995,5,503.35,429.32,77.38,171.84,0.8271,-1,-1,-1
995,9,650.97,329.96,116.29,169.94,0.9031,-1,-1,-1
995,25,1044.69,109.62,108.21,146.35,0.6927,-1,-1,-1
995,31,1064.90,462.90,84.49,208.76,0.8772,-1,-1,-1
995,34,1006.05,253.19,120.91,158.75,0.8938,-1,-1,-1
995,36,912.95,455.25,108.79,157.30,0.9208,-1,-1,-1
995,37,556.05,418.85,64.12,178.92,0.8225,-1,-1,-1
995,38,779.61,181.74,85.24,144.24,0.9151,-1,-1,-1
995,41,655.03,520.35,115.36,100.01,0.7372,-1,-1,-1
995,-1,1219.97,113.26,59.34,148.28,0.6146,-1,-1,-1
996,5,502.31,430.10,68.57,169.97,0.8448,-1,-1,-1
996,9,645.76,328.80,114.51,170.03,0.6820,-1,-1,-1
996,31,1058.48,466.75,87.72,208.09,0.8629,-1,-1,-1
996,34,1001.41,255.09,120.39,154.63,0.8617,-1,-1,-1
996,36,907.94,458.53,108.09,152.67,0.9110,-1,-1,-1
996,37,549.01,424.19,66.76,174.88,0.8153,-1,-1,-1
996,38,774.38,181.52,86.00,145.13,0.9095,-1,-1,-1
996,41,646.07,519.99,115.02,100.32,0.7417,-1,-1,-1
996,25,1038.40,109.80,102.20,147.38,0.5973,-1,-1,-1
996,-1,134.38,602.43,64.74,85.82,0.5315,-1,-1,-1
996,-1,693.97,311.01,65.32,168.94,0.5283,-1,-1,-1
996,-1,1209.82,112.85,64.01,147.79,0.6465,-1,-1,-1
997,5,496.79,432.44,75.45,169.66,0.8200,-1,-1,-1
997,9,628.22,329.08,119.19,168.86,0.7374,-1,-1,-1
997,25,1024.16,109.06,59.90,150.95,0.6886,-1,-1,-1
997,31,1038.97,463.51,101.03,214.26,0.8836,-1,-1,-1
997,34,991.05,256.11,116.33,153.69,0.8742,-1,-1,-1
997,36,905.13,459.65,95.86,148.90,0.8996,-1,-1,-1
997,37,538.04,433.77,68.14,164.07,0.8028,-1,-1,-1
997,38,769.56,179.54,83.29,145.93,0.9104,-1,-1,-1
997,41,626.15,519.47,117.39,101.06,0.7377,-1,-1,-1
997,-1,127.18,601.35,64.26,85.46,0.5609,-1,-1,-1
997,-1,1191.33,113.47,60.49,143.98,0.6832,-1,-1,-1
997,-1,682.04,311.55,63.78,165.09,0.6605,-1,-1,-1
998,5,493.55,433.29,67.75,174.83,0.8335,-1,-1,-1
998,9,620.82,329.02,117.49,168.97,0.8810,-1,-1,-1
998,25,1016.63,107.92,80.97,154.02,0.6114,-1,-1,-1
998,31,1029.89,471.11,105.58,207.08,0.9038,-1,-1,-1
998,34,990.84,256.61,113.34,151.99,0.8931,-1,-1,-1
998,36,904.81,461.05,93.31,147.22,0.9078,-1,-1,-1
998,37,532.49,435.41,71.80,161.28,0.7865,-1,-1,-1
998,38,767.60,177.82,81.07,145.14,0.9222,-1,-1,-1
998,41,617.35,519.58,117.62,101.48,0.7319,-1,-1,-1
998,-1,123.32,600.93,62.87,83.94,0.5388,-1,-1,-1
998,-1,678.43,312.96,56.70,148.54,0.7014,-1,-1,-1
998,-1,1183.46,115.59,60.02,139.03,0.6578,-1,-1,-1
999,5,483.87,434.50,68.38,174.94,0.8621,-1,-1,-1
999,9,610.88,327.34,113.66,171.02,0.8826,-1,-1,-1
999,25,1008.23,107.60,87.97,151.24,0.6412,-1,-1,-1
999,31,1024.46,478.73,106.72,202.64,0.8664,-1,-1,-1
999,34,991.15,257.34,110.37,152.70,0.8949,-1,-1,-1
999,36,911.01,462.48,86.94,144.31,0.8781,-1,-1,-1
999,37,529.50,435.05,63.86,161.44,0.8039,-1,-1,-1
999,38,766.53,176.60,77.86,143.53,0.9072,-1,-1,-1
999,41,607.88,519.04,117.92,102.11,0.7466,-1,-1,-1
999,42,668.89,316.72,57.33,143.77,0.7019,-1,-1,-1
999,-1,1174.42,116.28,60.87,136.49,0.6872,-1,-1,-1
1000,5,476.13,435.78,70.41,176.04,0.8838,-1,-1,-1
1000,9,607.30,326.40,102.54,171.52,0.8658,-1,-1,-1
1000,25,1002.80,106.32,78.21,149.94,0.6372,-1,-1,-1
1000,31,1028.43,482.78,97.63,202.57,0.8777,-1,-1,-1
1000,34,993.24,257.67,107.92,152.29,0.8954,-1,-1,-1
1000,36,916.68,464.32,82.92,144.08,0.8930,-1,-1,-1
1000,37,523.09,434.27,66.52,161.66,0.8010,-1,-1,-1
1000,38,764.97,175.67,73.94,142.29,0.9031,-1,-1,-1
1000,41,598.75,519.82,117.30,100.91,0.7405,-1,-1,-1
1000,42,664.47,317.23,57.49,144.16,0.6676,-1,-1,-1
1000,-1,1166.60,116.07,60.30,135.89,0.6398,-1,-1,-1
1001,5,470.13,436.65,66.33,177.49,0.8210,-1,-1,-1
1001,9,603.25,324.70,92.69,172.18,0.8859,-1,-1,-1
1001,25,997.05,106.59,82.85,147.38,0.6666,-1,-1,-1
1001,31,1016.92,485.67,102.15,204.52,0.8262,-1,-1,-1
1001,34,995.88,257.88,103.68,152.61,0.8504,-1,-1,-1
1001,36,923.29,464.40,80.81,150.60,0.8363,-1,-1,-1
1001,37,504.26,432.62,84.38,163.09,0.8039,-1,-1,-1
1001,38,762.02,174.75,70.33,141.62,0.9064,-1,-1,-1
1001,41,587.84,519.22,119.55,101.98,0.7707,-1,-1,-1
1001,42,657.98,318.45,60.25,147.96,0.6903,-1,-1,-1
1001,-1,1158.77,116.34,62.29,135.85,0.6351,-1,-1,-1
1002,5,459.38,437.17,63.18,180.14,0.8120,-1,-1,-1
1002,9,594.98,321.78,73.17,176.50,0.8587,-1,-1,-1
1002,25,986.68,107.16,72.66,145.17,0.6822,-1,-1,-1
1002,31,1029.42,493.20,82.14,198.67,0.8702,-1,-1,-1
1002,34,1002.93,258.37,86.02,157.23,0.8526,-1,-1,-1
1002,36,932.42,466.31,76.69,153.67,0.8681,-1,-1,-1
1002,37,491.59,428.38,88.66,166.54,0.8377,-1,-1,-1
1002,38,755.40,176.52,65.60,139.13,0.8952,-1,-1,-1
1002,41,579.34,517.80,110.74,103.61,0.7460,-1,-1,-1
1002,42,647.12,319.44,64.81,157.99,0.7541,-1,-1,-1
1002,-1,98.02,600.80,63.15,83.28,0.5034,-1,-1,-1
1002,-1,1144.97,116.57,60.74,135.65,0.6887,-1,-1,-1
1002,-1,1228.26,274.23,51.55,137.88,0.6499,-1,-1,-1
1003,5,453.87,437.32,59.48,179.88,0.7886,-1,-1,-1
1003,9,591.28,321.53,67.41,176.21,0.8262,-1,-1,-1
1003,25,980.02,108.10,72.17,143.60,0.7027,-1,-1,-1
1003,31,1032.11,497.46,76.69,193.70,0.8931,-1,-1,-1
1003,34,1008.13,258.95,77.43,159.48,0.8361,-1,-1,-1
1003,36,930.04,469.02,83.32,151.38,0.8651,-1,-1,-1
1003,37,484.93,427.17,90.66,167.22,0.8229,-1,-1,-1
1003,38,750.86,177.40,64.69,138.09,0.8838,-1,-1,-1
1003,41,578.23,517.00,102.84,106.29,0.7098,-1,-1,-1
1003,42,640.60,320.57,68.13,162.84,0.8376,-1,-1,-1
1003,-1,1220.68,274.39,59.55,141.56,0.6673,-1,-1,-1
1003,-1,1139.06,117.40,60.90,134.45,0.6428,-1,-1,-1
1004,5,447.12,436.92,62.95,179.92,0.8427,-1,-1,-1
1004,9,584.35,320.34,62.49,183.41,0.8155,-1,-1,-1
1004,25,973.99,106.19,70.10,145.80,0.6928,-1,-1,-1
1004,31,1029.03,500.56,71.12,189.57,0.8641,-1,-1,-1
1004,34,1010.34,259.32,70.75,164.05,0.8494,-1,-1,-1
1004,36,929.12,471.57,89.81,147.95,0.8573,-1,-1,-1
1004,37,478.00,425.46,92.87,168.13,0.8298,-1,-1,-1
1004,38,743.16,178.71,72.85,136.96,0.8893,-1,-1,-1
1004,41,571.17,515.69,102.77,106.41,0.7944,-1,-1,-1
1004,42,634.21,321.07,69.31,166.71,0.8441,-1,-1,-1
1004,-1,1214.73,274.46,65.26,140.41,0.6426,-1,-1,-1
1004,-1,1131.40,117.04,58.30,134.53,0.6238,-1,-1,-1
1005,5,440.24,436.92,59.87,179.74,0.8413,-1,-1,-1
1005,9,578.33,320.03,64.55,184.87,0.8009,-1,-1,-1
1005,25,967.57,105.90,70.38,146.02,0.7095,-1,-1,-1
1005,31,1023.66,502.14,70.24,187.16,0.8510,-1,-1,-1
1005,34,1007.88,260.55,66.98,164.56,0.8574,-1,-1,-1
1005,36,928.35,474.54,96.09,145.23,0.8760,-1,-1,-1
1005,37,469.68,424.45,98.43,167.76,0.8465,-1,-1,-1
1005,38,737.04,181.02,83.01,134.11,0.8865,-1,-1,-1
1005,41,566.56,514.37,99.12,107.24,0.8071,-1,-1,-1
1005,42,627.95,321.28,67.43,170.99,0.8234,-1,-1,-1
1005,-1,1122.68,117.10,58.88,133.95,0.5754,-1,-1,-1
1005,-1,1207.50,274.29,71.84,139.45,0.7039,-1,-1,-1
1006,5,433.39,437.01,61.46,179.12,0.8485,-1,-1,-1
1006,9,573.87,319.52,60.60,184.94,0.8229,-1,-1,-1
1006,25,962.46,106.13,69.48,145.42,0.7230,-1,-1,-1
1006,31,1018.83,503.14,68.90,184.42,0.8662,-1,-1,-1
1006,34,1004.28,261.50,66.98,162.95,0.8600,-1,-1,-1
1006,36,921.64,475.98,105.37,144.07,0.8904,-1,-1,-1
1006,37,464.19,423.27,100.10,166.76,0.8653,-1,-1,-1
1006,38,730.89,181.97,92.07,133.13,0.9068,-1,-1,-1
1006,41,565.38,513.54,93.01,108.06,0.8130,-1,-1,-1
1006,42,620.80,321.67,66.70,169.90,0.8659,-1,-1,-1
1006,-1,392.76,183.38,52.60,146.01,0.5025,-1,-1,-1
1006,43,1199.89,266.80,77.44,146.88,0.6760,-1,-1,-1
1006,-1,1114.90,116.90,59.20,133.48,0.6265,-1,-1,-1
1007,5,418.81,438.19,60.53,177.60,0.8355,-1,-1,-1
1007,9,553.73,319.19,69.02,186.17,0.8079,-1,-1,-1
1007,25,951.62,104.23,68.02,145.24,0.7866,-1,-1,-1
1007,31,1009.27,501.53,66.42,183.00,0.8064,-1,-1,-1
1007,34,995.58,263.19,66.73,164.71,0.8192,-1,-1,-1
1007,36,916.68,479.72,108.38,139.52,0.8802,-1,-1,-1
1007,37,455.13,420.25,96.49,164.01,0.8769,-1,-1,-1
1007,38,719.75,181.84,99.78,131.86,0.9136,-1,-1,-1
1007,41,554.57,512.48,89.48,108.68,0.8135,-1,-1,-1
1007,42,609.51,322.51,66.08,167.58,0.8783,-1,-1,-1
1007,43,1185.58,274.18,83.48,136.45,0.7661,-1,-1,-1
1007,-1,1097.72,115.52,60.69,134.01,0.6298,-1,-1,-1
1008,5,412.56,438.41,57.14,177.26,0.8381,-1,-1,-1
1008,9,547.28,318.40,69.60,185.27,0.8214,-1,-1,-1
1008,25,948.02,104.89,65.10,143.53,0.7745,-1,-1,-1
1008,31,1005.26,499.54,64.44,183.28,0.7919,-1,-1,-1
1008,34,990.26,263.40,67.39,166.69,0.8351,-1,-1,-1
1008,36,921.87,482.01,92.09,137.80,0.8774,-1,-1,-1
1008,37,453.24,419.04,94.16,163.50,0.8827,-1,-1,-1
1008,38,715.72,180.92,98.56,132.26,0.9206,-1,-1,-1
1008,41,553.35,510.12,84.34,110.34,0.8257,-1,-1,-1
1008,42,602.83,322.42,68.33,167.48,0.8893,-1,-1,-1
1008,43,1178.70,273.53,79.37,136.17,0.7962,-1,-1,-1
1008,-1,1088.94,114.09,61.57,134.39,0.5543,-1,-1,-1
1009,5,406.50,439.14,56.71,178.09,0.8200,-1,-1,-1
1009,9,540.12,316.97,72.81,187.56,0.8322,-1,-1,-1
1009,25,943.62,103.04,65.40,144.62,0.7590,-1,-1,-1
1009,31,1001.16,498.04,63.42,182.88,0.7051,-1,-1,-1
1009,34,984.27,263.64,68.52,165.72,0.8191,-1,-1,-1
1009,36,930.46,484.79,85.13,134.10,0.8109,-1,-1,-1
1009,37,454.12,417.96,86.90,163.20,0.8690,-1,-1,-1
1009,38,711.37,179.44,97.29,132.98,0.9120,-1,-1,-1
1009,41,552.54,509.36,78.95,111.56,0.8183,-1,-1,-1
1009,42,598.97,322.05,66.82,167.11,0.8734,-1,-1,-1
1009,43,1172.64,273.35,80.98,135.01,0.7649,-1,-1,-1
1009,-1,1080.45,112.23,63.87,135.18,0.6043,-1,-1,-1
1010,5,400.63,439.01,52.76,176.13,0.8000,-1,-1,-1
1010,9,535.28,315.58,71.28,187.77,0.8214,-1,-1,-1
1010,25,940.39,96.99,63.18,150.04,0.7473,-1,-1,-1
1010,31,996.15,495.95,63.46,183.21,0.7341,-1,-1,-1
1010,34,981.58,263.51,66.68,164.19,0.7719,-1,-1,-1
1010,36,933.53,488.58,75.93,130.37,0.7687,-1,-1,-1
1010,37,451.58,416.52,83.99,161.85,0.8818,-1,-1,-1
1010,38,709.49,177.18,94.25,134.53,0.9024,-1,-1,-1
1010,41,551.02,508.41,75.27,112.60,0.8307,-1,-1,-1
1010,42,594.60,321.04,65.66,165.86,0.8493,-1,-1,-1
1010,43,1166.10,272.40,78.82,134.54,0.8073,-1,-1,-1
1010,-1,1072.12,110.05,65.70,136.23,0.6438,-1,-1,-1
1011,5,395.74,439.59,48.02,178.91,0.7796,-1,-1,-1
1011,9,529.56,312.83,72.62,189.54,0.8410,-1,-1,-1
1011,25,936.66,100.92,61.99,145.09,0.6664,-1,-1,-1
1011,31,992.98,494.61,62.75,182.11,0.6607,-1,-1,-1
1011,34,973.95,263.74,68.67,162.75,0.7912,-1,-1,-1
1011,36,934.67,490.94,73.37,128.30,0.7236,-1,-1,-1
1011,37,450.02,414.90,82.76,160.39,0.8654,-1,-1,-1
1011,38,709.09,176.10,89.15,133.59,0.8696,-1,-1,-1
1011,41,549.92,507.14,71.63,113.87,0.7631,-1,-1,-1
1011,42,590.11,320.26,65.56,165.23,0.8434,-1,-1,-1
1011,43,1159.43,270.21,78.75,135.15,0.8021,-1,-1,-1
1011,-1,1065.70,106.61,65.48,139.16,0.6231,-1,-1,-1
1012,5,383.28,441.12,46.06,178.73,0.7744,-1,-1,-1
1012,9,516.63,310.31,73.87,191.67,0.8698,-1,-1,-1
1012,25,930.58,94.54,56.95,149.39,0.6563,-1,-1,-1
1012,34,972.31,261.93,59.82,162.93,0.7660,-1,-1,-1
1012,36,936.43,498.20,71.70,121.32,0.6819,-1,-1,-1
1012,37,441.79,413.51,83.99,155.98,0.9014,-1,-1,-1
1012,38,713.55,171.47,74.24,133.78,0.8486,-1,-1,-1
1012,41,546.48,504.46,65.84,116.24,0.7770,-1,-1,-1
1012,42,579.19,318.18,66.49,166.34,0.8692,-1,-1,-1
1012,43,1148.06,268.74,79.60,134.38,0.8523,-1,-1,-1
1012,31,988.14,491.49,58.27,127.27,0.5832,-1,-1,-1
1012,-1,1055.36,104.17,63.04,139.94,0.6135,-1,-1,-1
1013,5,376.62,441.53,48.38,178.10,0.8027,-1,-1,-1
1013,9,511.75,308.64,73.72,193.60,0.8629,-1,-1,-1
1013,25,925.72,96.15,55.61,147.64,0.6379,-1,-1,-1
1013,31,991.75,490.26,50.00,129.35,0.7329,-1,-1,-1
1013,34,969.92,261.16,57.66,161.61,0.7387,-1,-1,-1
1013,36,938.86,499.69,60.94,112.51,0.6763,-1,-1,-1
1013,37,438.34,412.68,83.07,155.94,0.9059,-1,-1,-1
1013,38,717.39,170.46,65.69,134.26,0.8431,-1,-1,-1
1013,41,545.91,503.99,63.49,116.77,0.7958,-1,-1,-1
1013,42,573.88,318.32,67.25,165.27,0.8776,-1,-1,-1
1013,43,1141.96,266.27,83.70,135.70,0.7951,-1,-1,-1
1013,-1,1048.95,96.18,63.29,146.25,0.5806,-1,-1,-1
1014,5,371.51,442.15,48.83,177.60,0.7792,-1,-1,-1
1014,9,504.74,307.77,77.89,195.56,0.8418,-1,-1,-1
1014,25,920.56,95.15,57.48,147.55,0.6425,-1,-1,-1
1014,31,987.93,485.14,48.79,134.28,0.7067,-1,-1,-1
1014,34,969.72,259.52,54.55,162.25,0.7511,-1,-1,-1
1014,36,940.47,498.26,58.52,120.72,0.7481,-1,-1,-1
1014,37,434.05,411.79,83.30,155.49,0.9046,-1,-1,-1
1014,38,721.82,169.78,57.75,136.03,0.8211,-1,-1,-1
1014,41,545.47,503.02,61.87,117.29,0.7487,-1,-1,-1
1014,42,567.50,317.55,69.73,164.85,0.8577,-1,-1,-1
1014,43,1136.48,266.55,81.33,133.86,0.8173,-1,-1,-1
1014,-1,1042.98,99.21,62.50,142.65,0.5433,-1,-1,-1
1015,5,365.89,442.55,51.26,177.14,0.7935,-1,-1,-1
1015,9,505.52,308.26,71.73,190.96,0.8520,-1,-1,-1
1015,25,915.55,94.53,57.25,147.22,0.6142,-1,-1,-1
1015,31,983.31,476.21,52.35,144.05,0.7203,-1,-1,-1
1015,34,964.92,258.48,56.44,162.05,0.7783,-1,-1,-1
1015,36,942.09,494.69,55.72,123.83,0.7207,-1,-1,-1
1015,37,430.64,411.25,83.76,154.89,0.9017,-1,-1,-1
1015,38,726.95,168.97,51.39,138.55,0.8035,-1,-1,-1
1015,41,544.98,501.26,62.16,118.69,0.7415,-1,-1,-1
1015,42,553.58,317.13,79.80,164.42,0.8681,-1,-1,-1
1015,43,1131.02,265.24,80.82,133.39,0.8458,-1,-1,-1
1015,-1,1038.21,97.06,59.74,142.57,0.5259,-1,-1,-1
1016,5,361.44,442.36,53.27,177.42,0.7789,-1,-1,-1
1016,9,501.47,308.11,70.79,189.57,0.8482,-1,-1,-1
1016,31,966.68,468.16,68.81,152.36,0.6908,-1,-1,-1
1016,34,964.42,257.38,55.11,161.32,0.7810,-1,-1,-1
1016,36,942.37,490.70,53.71,117.87,0.6464,-1,-1,-1
1016,37,427.69,410.04,83.71,154.62,0.8989,-1,-1,-1
1016,38,732.64,167.89,44.84,139.53,0.7880,-1,-1,-1
1016,41,543.65,500.46,64.79,119.70,0.7695,-1,-1,-1
1016,42,546.39,317.44,83.77,161.37,0.8401,-1,-1,-1
1016,43,1126.73,262.61,81.50,135.43,0.8173,-1,-1,-1
1016,25,910.75,91.76,58.60,148.39,0.5433,-1,-1,-1
1016,-1,315.28,202.80,54.80,138.11,0.5348,-1,-1,-1
1016,-1,1033.15,92.04,55.31,145.63,0.5272,-1,-1,-1
1017,5,354.65,441.72,60.82,178.02,0.8022,-1,-1,-1
1017,9,489.09,307.07,78.89,188.40,0.8682,-1,-1,-1
1017,31,961.93,454.92,73.78,164.47,0.7272,-1,-1,-1
1017,34,960.80,254.91,53.25,161.48,0.8358,-1,-1,-1
1017,37,425.69,404.66,81.21,157.03,0.9002,-1,-1,-1
1017,38,735.42,166.38,42.23,145.30,0.8053,-1,-1,-1
1017,41,539.85,499.19,72.38,121.22,0.7781,-1,-1,-1
1017,42,535.20,316.79,89.06,160.44,0.8498,-1,-1,-1
1017,43,1118.54,261.56,79.64,132.61,0.8181,-1,-1,-1
1017,25,901.14,93.01,57.18,125.64,0.5294,-1,-1,-1
1017,36,942.97,480.77,47.41,119.40,0.5515,-1,-1,-1
1018,5,351.34,441.26,66.19,178.64,0.8365,-1,-1,-1
1018,9,484.22,304.57,80.71,188.80,0.8624,-1,-1,-1
1018,31,947.98,453.40,89.52,167.16,0.8166,-1,-1,-1
1018,34,958.11,253.89,54.42,160.91,0.8222,-1,-1,-1
1018,37,426.19,402.37,80.75,156.98,0.8871,-1,-1,-1
1018,38,733.92,166.53,47.18,144.34,0.8166,-1,-1,-1
1018,41,538.50,497.81,78.01,122.53,0.8115,-1,-1,-1
1018,42,533.79,315.67,87.17,160.19,0.8643,-1,-1,-1
1018,43,1114.48,259.83,79.09,133.15,0.8581,-1,-1,-1
1018,36,943.40,476.54,43.94,115.88,0.5647,-1,-1,-1
1018,-1,300.61,201.25,60.84,155.50,0.5386,-1,-1,-1
1019,5,347.45,439.70,70.06,178.42,0.8528,-1,-1,-1
1019,9,480.86,303.01,83.07,189.10,0.8424,-1,-1,-1
1019,31,940.52,477.95,86.51,142.06,0.7335,-1,-1,-1
1019,34,956.40,253.25,55.17,159.53,0.7764,-1,-1,-1
1019,37,426.77,400.72,77.91,156.87,0.8696,-1,-1,-1
1019,38,731.36,166.41,56.40,143.19,0.8171,-1,-1,-1
1019,41,537.21,496.40,81.96,123.96,0.7709,-1,-1,-1
1019,42,529.82,315.08,88.39,159.76,0.8650,-1,-1,-1
1019,43,1110.85,258.26,78.87,133.02,0.8170,-1,-1,-1
1019,36,938.79,472.75,46.55,146.18,0.5938,-1,-1,-1
1019,-1,892.97,87.95,56.37,146.49,0.5537,-1,-1,-1
1019,-1,297.72,202.12,62.23,135.25,0.5055,-1,-1,-1
1020,5,345.20,438.62,71.83,178.47,0.8754,-1,-1,-1
1020,9,479.48,300.28,88.73,186.18,0.8290,-1,-1,-1
1020,31,959.87,458.40,79.98,160.88,0.6948,-1,-1,-1
1020,34,956.07,252.80,54.53,157.92,0.7978,-1,-1,-1
1020,36,930.53,469.76,55.78,150.46,0.6806,-1,-1,-1
1020,37,425.78,399.35,77.12,156.77,0.8472,-1,-1,-1
1020,38,729.16,165.41,61.40,142.84,0.8522,-1,-1,-1
1020,41,536.71,495.43,84.87,124.99,0.7532,-1,-1,-1
1020,42,529.97,313.58,86.31,160.36,0.8467,-1,-1,-1
1020,43,1107.24,257.16,79.89,132.29,0.8255,-1,-1,-1
1020,-1,888.14,86.13,56.64,146.42,0.5861,-1,-1,-1
1020,-1,296.66,206.13,61.21,129.72,0.5041,-1,-1,-1
1021,5,343.13,437.21,72.60,178.23,0.8724,-1,-1,-1
1021,9,477.59,298.59,87.07,174.12,0.8202,-1,-1,-1
1021,31,958.99,461.42,83.50,159.13,0.8012,-1,-1,-1
1021,34,950.93,252.10,59.98,155.55,0.8268,-1,-1,-1
1021,36,918.76,468.13,63.75,151.60,0.7721,-1,-1,-1
1021,37,424.07,398.19,79.15,155.95,0.8314,-1,-1,-1
1021,38,726.46,164.71,62.41,142.31,0.8627,-1,-1,-1
1021,41,538.30,493.88,86.95,126.40,0.7655,-1,-1,-1
1021,42,530.94,312.32,82.53,159.48,0.8357,-1,-1,-1
1021,43,1103.30,255.65,79.16,132.32,0.8301,-1,-1,-1
1021,-1,883.68,85.05,54.59,145.59,0.5729,-1,-1,-1
1021,-1,291.65,210.07,63.86,120.92,0.5034,-1,-1,-1
1022,5,337.06,434.53,73.56,178.06,0.8456,-1,-1,-1
1022,9,474.81,295.17,73.03,184.15,0.7733,-1,-1,-1
1022,31,955.32,469.79,86.42,151.18,0.8591,-1,-1,-1
1022,34,943.46,250.69,67.64,156.54,0.8858,-1,-1,-1
1022,36,906.92,466.37,70.17,153.24,0.7971,-1,-1,-1
1022,37,420.11,396.06,76.20,154.95,0.8138,-1,-1,-1
1022,38,723.42,162.63,61.26,142.46,0.8638,-1,-1,-1
1022,41,541.49,491.21,89.58,129.60,0.7798,-1,-1,-1
1022,42,527.30,310.03,81.31,158.23,0.7833,-1,-1,-1
1022,43,1097.07,251.90,79.08,132.40,0.8245,-1,-1,-1
1022,-1,875.80,82.73,49.13,143.84,0.5501,-1,-1,-1
1023,5,331.46,433.28,75.65,176.35,0.8610,-1,-1,-1
1023,9,474.13,294.12,70.45,177.99,0.7564,-1,-1,-1
1023,31,950.65,468.51,92.73,152.43,0.8264,-1,-1,-1
1023,34,941.07,250.40,69.71,156.34,0.8920,-1,-1,-1
1023,36,904.53,466.34,72.86,153.30,0.7525,-1,-1,-1
1023,37,419.65,394.61,77.44,155.10,0.8557,-1,-1,-1
1023,38,723.16,162.29,58.89,141.67,0.8801,-1,-1,-1
1023,41,544.44,489.57,89.56,131.09,0.8119,-1,-1,-1
1023,42,523.21,308.64,81.16,156.45,0.8156,-1,-1,-1
1023,43,1093.34,251.59,79.15,131.49,0.8439,-1,-1,-1
1023,-1,871.90,81.79,48.03,142.42,0.5377,-1,-1,-1
1024,5,326.79,432.17,76.68,175.43,0.8894,-1,-1,-1
1024,9,473.02,293.35,70.83,169.03,0.7254,-1,-1,-1
1024,31,946.51,467.91,98.18,153.26,0.8373,-1,-1,-1
1024,34,938.08,250.31,75.74,156.07,0.8802,-1,-1,-1
1024,36,901.54,465.32,75.25,154.75,0.7515,-1,-1,-1
1024,37,420.10,393.59,76.83,154.55,0.8658,-1,-1,-1
1024,38,723.90,161.41,55.54,141.34,0.8614,-1,-1,-1
1024,41,550.19,487.93,85.41,133.13,0.7852,-1,-1,-1
1024,42,521.91,307.20,79.19,154.80,0.8058,-1,-1,-1
1024,43,1090.02,250.81,80.80,131.05,0.8289,-1,-1,-1
1025,5,324.29,430.60,74.45,175.40,0.8909,-1,-1,-1
1025,9,472.74,292.65,69.86,166.98,0.7429,-1,-1,-1
1025,31,942.62,466.02,101.56,154.70,0.8327,-1,-1,-1
1025,34,935.32,250.98,88.66,155.37,0.8839,-1,-1,-1
1025,36,900.06,462.79,75.47,156.11,0.7648,-1,-1,-1
1025,37,419.28,392.00,74.52,154.26,0.8494,-1,-1,-1
1025,38,724.94,160.82,51.70,140.88,0.8355,-1,-1,-1
1025,41,555.38,487.10,82.55,134.33,0.7952,-1,-1,-1
1025,42,522.41,305.21,75.02,152.80,0.8193,-1,-1,-1
1025,43,1086.77,250.46,78.63,129.98,0.8411,-1,-1,-1
1025,-1,275.97,211.30,66.09,142.75,0.5078,-1,-1,-1
1026,5,322.26,429.31,72.74,175.36,0.8957,-1,-1,-1
1026,9,471.42,291.97,71.78,182.16,0.7661,-1,-1,-1
1026,31,937.63,469.28,105.94,151.16,0.8524,-1,-1,-1
1026,34,933.41,251.78,96.15,156.55,0.8842,-1,-1,-1
1026,36,899.53,460.28,78.64,159.23,0.7669,-1,-1,-1
1026,37,417.44,390.49,74.23,154.47,0.8486,-1,-1,-1
1026,38,727.06,159.77,47.30,141.14,0.8216,-1,-1,-1
1026,41,555.30,486.36,84.81,134.76,0.7996,-1,-1,-1
1026,42,522.94,303.88,71.26,151.89,0.8294,-1,-1,-1
1026,43,1083.49,249.25,78.77,129.53,0.8418,-1,-1,-1
1026,-1,861.75,82.95,48.93,132.41,0.5000,-1,-1,-1
1027,5,319.15,426.24,63.93,174.81,0.8836,-1,-1,-1
1027,9,470.20,289.76,63.60,155.14,0.6750,-1,-1,-1
1027,31,930.55,471.00,113.71,150.17,0.8760,-1,-1,-1
1027,34,928.60,253.26,99.51,153.72,0.8882,-1,-1,-1
1027,36,906.71,457.38,70.71,152.86,0.7521,-1,-1,-1
1027,37,413.14,387.46,72.13,154.73,0.8687,-1,-1,-1
1027,38,734.57,158.18,39.27,140.47,0.8018,-1,-1,-1
1027,41,553.39,484.16,91.43,136.83,0.8210,-1,-1,-1
1027,42,518.99,300.69,67.25,150.19,0.8456,-1,-1,-1
1027,43,1076.78,247.28,78.76,128.71,0.8538,-1,-1,-1
1027,-1,852.05,83.85,53.77,127.03,0.5305,-1,-1,-1
1027,-1,267.07,217.03,62.11,133.58,0.5019,-1,-1,-1
1028,5,317.70,425.23,60.78,174.63,0.8686,-1,-1,-1
1028,9,469.57,289.54,58.15,151.36,0.6803,-1,-1,-1
1028,31,927.43,470.18,116.98,151.16,0.8147,-1,-1,-1
1028,34,930.07,253.44,95.53,152.49,0.8543,-1,-1,-1
1028,36,915.87,457.83,64.10,140.75,0.7772,-1,-1,-1
1028,37,411.84,386.73,72.97,154.23,0.8612,-1,-1,-1
1028,38,735.35,157.40,40.08,140.92,0.7794,-1,-1,-1
1028,41,552.05,483.81,94.02,137.20,0.7962,-1,-1,-1
1028,42,517.62,299.27,65.28,150.37,0.8272,-1,-1,-1
1028,43,1074.12,247.12,76.46,128.27,0.8376,-1,-1,-1
1028,-1,262.17,211.36,61.74,147.86,0.5284,-1,-1,-1
1028,-1,843.71,88.00,59.42,120.19,0.5160,-1,-1,-1
1029,5,315.34,423.61,59.20,175.01,0.8828,-1,-1,-1
1029,9,467.38,288.51,57.07,149.64,0.7358,-1,-1,-1
1029,31,921.28,471.72,129.31,149.17,0.7808,-1,-1,-1
1029,34,931.08,253.00,91.93,151.71,0.8454,-1,-1,-1
1029,36,924.58,459.00,54.87,133.04,0.7104,-1,-1,-1
1029,37,410.86,385.58,73.58,153.94,0.8759,-1,-1,-1
1029,38,734.59,157.81,44.17,139.75,0.8174,-1,-1,-1
1029,41,548.12,483.20,102.78,138.21,0.8384,-1,-1,-1
1029,42,514.85,298.48,64.18,150.72,0.8405,-1,-1,-1
1029,43,1070.43,246.15,76.85,128.17,0.8223,-1,-1,-1
1029,-1,835.40,84.31,65.43,122.27,0.5878,-1,-1,-1
1029,-1,261.15,213.11,58.75,145.19,0.5407,-1,-1,-1
1030,5,313.10,422.12,59.10,174.65,0.8637,-1,-1,-1
1030,9,463.81,287.47,62.77,148.13,0.7169,-1,-1,-1
1030,31,918.78,467.70,135.63,152.88,0.8575,-1,-1,-1
1030,34,938.88,252.26,81.43,151.45,0.8153,-1,-1,-1
1030,36,925.45,459.95,55.73,110.81,0.6730,-1,-1,-1
1030,37,409.84,384.65,72.23,153.92,0.8687,-1,-1,-1
1030,38,733.68,156.59,46.78,139.79,0.8176,-1,-1,-1
1030,41,546.50,482.84,105.24,138.24,0.7917,-1,-1,-1
1030,42,513.87,297.17,63.33,151.81,0.8184,-1,-1,-1
1030,43,1067.71,244.01,78.87,128.97,0.8236,-1,-1,-1
1030,-1,828.51,84.87,69.55,120.40,0.5562,-1,-1,-1
1030,-1,259.64,212.80,57.36,148.70,0.5333,-1,-1,-1
1031,5,311.47,420.86,59.11,174.56,0.8815,-1,-1,-1
1031,9,460.87,286.05,66.91,148.61,0.7288,-1,-1,-1
1031,31,919.27,466.18,136.29,154.60,0.8338,-1,-1,-1
1031,34,932.57,251.33,84.93,151.16,0.8329,-1,-1,-1
1031,36,925.23,460.45,56.05,109.73,0.7222,-1,-1,-1
1031,37,408.89,382.82,69.87,154.22,0.8778,-1,-1,-1
1031,38,732.84,156.97,49.80,138.70,0.8473,-1,-1,-1
1031,41,545.19,482.37,106.21,138.90,0.8129,-1,-1,-1
1031,42,511.56,295.82,64.50,151.17,0.8156,-1,-1,-1
1031,43,1064.91,243.60,76.15,128.18,0.8356,-1,-1,-1
1031,25,823.34,83.72,72.28,119.93,0.6020,-1,-1,-1
1031,-1,257.28,214.88,56.62,154.56,0.5353,-1,-1,-1
1032,5,306.00,418.40,62.13,173.89,0.8695,-1,-1,-1
1032,9,455.50,282.40,74.07,149.63,0.7717,-1,-1,-1
1032,25,814.58,83.58,74.75,118.30,0.6457,-1,-1,-1
1032,31,930.54,463.35,139.72,154.10,0.8209,-1,-1,-1
1032,34,936.02,249.43,83.85,150.32,0.8813,-1,-1,-1
1032,36,924.82,458.26,54.88,121.18,0.7474,-1,-1,-1
1032,37,405.77,379.74,69.84,154.15,0.8738,-1,-1,-1
1032,38,731.63,158.68,55.12,135.43,0.8379,-1,-1,-1
1032,41,541.65,479.92,110.98,141.82,0.7816,-1,-1,-1
1032,42,513.45,294.06,58.38,150.54,0.8297,-1,-1,-1
1032,43,1057.73,242.23,77.34,128.13,0.8260,-1,-1,-1
1032,-1,246.10,221.40,63.14,151.80,0.5536,-1,-1,-1
1033,5,303.68,416.96,63.22,174.17,0.8727,-1,-1,-1
1033,9,454.54,281.76,74.33,149.05,0.7522,-1,-1,-1
1033,25,811.67,81.72,72.07,119.90,0.6431,-1,-1,-1
1033,31,959.11,461.59,113.25,154.71,0.7803,-1,-1,-1
1033,34,939.69,247.54,80.09,151.54,0.8914,-1,-1,-1
1033,36,924.17,453.70,54.11,149.39,0.8117,-1,-1,-1
1033,37,404.94,378.08,68.87,154.19,0.8658,-1,-1,-1
1033,38,730.01,159.17,56.28,134.53,0.8447,-1,-1,-1
1033,41,542.64,478.25,109.85,142.58,0.7910,-1,-1,-1
1033,42,513.49,293.03,57.43,149.90,0.8347,-1,-1,-1
1033,43,1054.06,241.40,75.01,127.68,0.8434,-1,-1,-1
1033,-1,248.63,224.24,58.54,146.45,0.5513,-1,-1,-1
1034,5,301.38,415.67,65.00,174.11,0.8778,-1,-1,-1
1034,9,455.18,280.82,70.21,149.27,0.7354,-1,-1,-1
1034,25,807.35,84.28,70.59,117.27,0.6051,-1,-1,-1
1034,31,956.16,459.56,124.42,154.46,0.8582,-1,-1,-1
1034,34,942.74,246.46,75.61,151.06,0.8785,-1,-1,-1
1034,36,924.00,448.27,52.04,147.64,0.8245,-1,-1,-1
1034,37,400.48,377.61,72.80,153.44,0.8658,-1,-1,-1
1034,38,728.17,159.16,57.48,134.20,0.8215,-1,-1,-1
1034,41,540.56,476.54,111.96,145.33,0.7959,-1,-1,-1
1034,42,513.00,292.20,56.05,148.75,0.8432,-1,-1,-1
1034,43,1050.48,240.12,73.94,127.70,0.8425,-1,-1,-1
1034,-1,248.63,225.05,57.03,147.35,0.5450,-1,-1,-1
1035,5,299.13,414.50,66.20,173.31,0.8802,-1,-1,-1
1035,9,457.30,279.79,67.73,148.63,0.7016,-1,-1,-1
1035,25,801.54,84.40,69.15,116.14,0.6040,-1,-1,-1
1035,31,959.70,456.51,125.49,155.85,0.8723,-1,-1,-1
1035,34,945.77,245.63,69.57,150.85,0.8878,-1,-1,-1
1035,36,920.80,441.34,52.74,153.49,0.8541,-1,-1,-1
1035,37,398.75,376.60,73.80,152.27,0.8679,-1,-1,-1
1035,38,727.80,158.91,56.42,133.59,0.8155,-1,-1,-1
1035,41,541.37,474.48,107.64,147.51,0.7978,-1,-1,-1
1035,42,509.67,290.62,57.41,148.42,0.8543,-1,-1,-1
1035,43,1047.37,239.13,73.47,127.54,0.8533,-1,-1,-1
1035,-1,244.76,225.42,57.01,147.30,0.5436,-1,-1,-1
1036,5,297.65,413.79,66.13,172.71,0.8565,-1,-1,-1
1036,9,457.03,278.16,65.30,149.04,0.7133,-1,-1,-1
1036,31,958.39,452.28,121.47,158.77,0.8227,-1,-1,-1
1036,34,941.38,245.27,69.90,149.42,0.8723,-1,-1,-1
1036,36,920.54,434.52,51.15,157.67,0.8305,-1,-1,-1
1036,37,397.25,375.72,76.43,150.75,0.8763,-1,-1,-1
1036,38,726.96,158.16,54.76,133.52,0.7696,-1,-1,-1
1036,41,550.11,472.28,94.27,149.25,0.7646,-1,-1,-1
1036,42,507.61,289.61,57.55,147.28,0.8418,-1,-1,-1
1036,43,1043.37,238.27,74.92,127.86,0.8379,-1,-1,-1
1036,25,796.03,83.80,66.44,115.91,0.5822,-1,-1,-1
1036,-1,241.78,225.46,56.96,145.55,0.5416,-1,-1,-1
1037,5,295.09,412.54,65.60,172.03,0.8144,-1,-1,-1
1037,9,457.00,276.94,70.86,149.83,0.7060,-1,-1,-1
1037,31,958.88,445.26,116.05,162.83,0.9031,-1,-1,-1
1037,34,934.61,245.62,68.40,146.63,0.8763,-1,-1,-1
1037,36,915.04,424.14,51.22,157.68,0.8214,-1,-1,-1
1037,37,394.39,374.76,80.85,147.62,0.8954,-1,-1,-1
1037,38,723.31,158.82,49.79,130.43,0.7586,-1,-1,-1
1037,41,566.69,469.79,67.20,151.21,0.7844,-1,-1,-1
1037,42,505.04,287.60,57.12,145.42,0.8439,-1,-1,-1
1037,43,1035.78,236.18,72.52,129.08,0.8433,-1,-1,-1
1037,25,783.78,73.86,60.41,125.99,0.5829,-1,-1,-1
1037,-1,236.53,227.85,55.31,144.11,0.5425,-1,-1,-1
1038,5,292.74,412.45,66.15,170.53,0.8316,-1,-1,-1
1038,9,454.38,276.74,68.85,150.00,0.6723,-1,-1,-1
1038,31,961.61,443.10,113.54,162.64,0.9050,-1,-1,-1
1038,34,931.57,245.80,67.89,146.01,0.8748,-1,-1,-1
1038,36,911.37,419.33,52.32,154.85,0.8134,-1,-1,-1
1038,37,392.78,374.62,84.80,145.98,0.9029,-1,-1,-1
1038,38,720.95,159.62,49.36,128.70,0.7913,-1,-1,-1
1038,41,574.74,469.37,59.33,151.55,0.7409,-1,-1,-1
1038,42,504.35,286.23,55.76,145.77,0.8475,-1,-1,-1
1038,43,1033.13,235.12,71.55,130.31,0.8397,-1,-1,-1
1038,25,781.67,73.39,51.09,126.70,0.5270,-1,-1,-1
1038,-1,233.88,227.34,56.13,146.45,0.5568,-1,-1,-1
1039,5,291.33,412.72,66.07,169.82,0.7990,-1,-1,-1
1039,9,452.84,276.81,71.82,150.25,0.6971,-1,-1,-1
1039,31,964.24,442.02,111.15,159.09,0.8911,-1,-1,-1
1039,34,928.15,246.48,71.68,144.19,0.8669,-1,-1,-1
1039,36,907.71,414.84,52.35,152.76,0.8093,-1,-1,-1
1039,37,391.81,374.76,87.43,144.60,0.8970,-1,-1,-1
1039,38,718.12,158.95,48.40,128.72,0.7732,-1,-1,-1
1039,41,587.43,469.42,49.30,151.91,0.7179,-1,-1,-1
1039,42,502.50,285.95,56.20,145.73,0.8097,-1,-1,-1
1039,43,1028.68,234.92,73.20,130.39,0.8185,-1,-1,-1
1039,25,778.62,74.59,45.05,126.81,0.5079,-1,-1,-1
1039,-1,232.20,231.13,54.21,140.70,0.5741,-1,-1,-1
1040,5,289.58,413.20,66.09,169.07,0.8130,-1,-1,-1
1040,9,450.71,276.73,70.45,151.04,0.6801,-1,-1,-1
1040,31,968.78,441.93,109.54,158.02,0.8930,-1,-1,-1
1040,34,924.12,247.51,81.77,143.52,0.8857,-1,-1,-1
1040,36,902.27,410.68,54.45,150.30,0.8289,-1,-1,-1
1040,37,390.21,375.17,88.52,143.55,0.8932,-1,-1,-1
1040,38,714.69,160.01,48.32,128.29,0.7868,-1,-1,-1
1040,41,589.88,469.97,48.67,151.84,0.7061,-1,-1,-1
1040,42,499.97,285.17,57.13,146.85,0.7868,-1,-1,-1
1040,43,1025.12,234.35,70.72,131.51,0.8538,-1,-1,-1
1040,25,772.62,75.37,43.59,126.78,0.5382,-1,-1,-1
1040,-1,228.89,236.23,55.21,135.75,0.5782,-1,-1,-1
1041,5,287.64,413.51,66.97,168.27,0.8253,-1,-1,-1
1041,9,448.22,277.07,65.48,149.83,0.6939,-1,-1,-1
1041,31,971.25,441.29,112.95,156.79,0.8708,-1,-1,-1
1041,34,919.53,248.84,90.87,144.47,0.8817,-1,-1,-1
1041,36,898.97,406.92,54.77,147.01,0.8193,-1,-1,-1
1041,37,387.72,375.51,90.38,143.57,0.8904,-1,-1,-1
1041,38,711.20,160.43,49.83,128.91,0.7776,-1,-1,-1
1041,41,587.45,470.86,51.75,150.48,0.7300,-1,-1,-1
1041,42,498.54,284.07,58.30,148.29,0.8055,-1,-1,-1
1041,43,1022.25,233.51,69.41,132.83,0.8543,-1,-1,-1
1041,25,766.81,77.82,44.38,124.38,0.5283,-1,-1,-1
1041,-1,226.27,238.71,57.19,134.44,0.5724,-1,-1,-1
1042,5,283.56,413.74,69.90,167.57,0.8319,-1,-1,-1
1042,9,442.63,277.07,68.26,166.05,0.7008,-1,-1,-1
1042,31,985.64,438.82,102.06,150.19,0.8313,-1,-1,-1
1042,34,915.43,250.61,96.48,144.49,0.8675,-1,-1,-1
1042,36,892.24,401.04,56.74,138.73,0.7754,-1,-1,-1
1042,37,385.56,375.87,87.15,143.57,0.8938,-1,-1,-1
1042,38,703.69,160.75,51.76,129.88,0.8046,-1,-1,-1
1042,41,582.43,473.29,68.20,147.18,0.7268,-1,-1,-1
1042,42,495.37,283.54,57.54,148.54,0.7904,-1,-1,-1
1042,43,1017.77,230.81,66.75,135.62,0.8259,-1,-1,-1
1042,25,748.82,78.71,53.86,124.40,0.5683,-1,-1,-1
1042,-1,218.37,235.93,60.86,139.27,0.5499,-1,-1,-1
1043,5,281.70,414.07,71.11,166.98,0.8342,-1,-1,-1
1043,9,439.87,277.12,52.33,162.42,0.6919,-1,-1,-1
1043,31,995.64,436.66,93.41,151.56,0.8579,-1,-1,-1
1043,34,912.97,251.26,95.95,143.85,0.8685,-1,-1,-1
1043,36,887.05,397.85,58.30,136.09,0.8145,-1,-1,-1
1043,37,382.83,375.69,86.75,143.71,0.8947,-1,-1,-1
1043,38,699.23,160.42,52.80,130.85,0.8264,-1,-1,-1
1043,41,580.29,475.07,80.06,145.40,0.7749,-1,-1,-1
1043,42,493.67,283.49,57.18,148.86,0.8103,-1,-1,-1
1043,43,1015.59,228.80,64.58,137.34,0.8465,-1,-1,-1
1043,25,738.53,76.76,61.22,126.10,0.5621,-1,-1,-1
1043,-1,216.34,244.79,61.27,129.44,0.5682,-1,-1,-1
1044,5,280.11,414.27,72.04,166.88,0.8208,-1,-1,-1
1044,9,437.50,277.18,62.22,166.87,0.7171,-1,-1,-1
1044,31,1005.74,434.72,85.64,164.01,0.8422,-1,-1,-1
1044,34,911.09,251.75,94.90,143.39,0.8706,-1,-1,-1
1044,36,884.10,396.25,57.67,137.02,0.8034,-1,-1,-1
1044,37,380.25,374.60,87.34,144.64,0.8896,-1,-1,-1
1044,38,695.93,160.35,53.06,131.23,0.8030,-1,-1,-1
1044,41,577.63,477.25,85.87,143.35,0.7673,-1,-1,-1
1044,42,492.18,283.86,56.17,148.77,0.8012,-1,-1,-1
1044,43,1012.99,226.98,63.43,139.33,0.8555,-1,-1,-1
1044,25,732.37,76.98,65.08,126.30,0.5525,-1,-1,-1
1044,-1,211.05,247.31,65.33,135.28,0.5290,-1,-1,-1
1045,5,277.77,414.42,69.97,166.92,0.8652,-1,-1,-1
1045,9,434.64,277.81,63.19,165.57,0.7123,-1,-1,-1
1045,31,1015.98,433.91,94.47,168.42,0.8346,-1,-1,-1
1045,34,908.31,252.17,95.10,142.92,0.8736,-1,-1,-1
1045,36,881.51,394.97,56.37,138.61,0.8095,-1,-1,-1
1045,37,380.12,374.10,85.01,144.77,0.8793,-1,-1,-1
1045,38,692.56,161.24,52.73,130.72,0.7669,-1,-1,-1
1045,41,572.55,478.92,92.58,142.37,0.7862,-1,-1,-1
1045,42,488.44,284.34,56.08,148.07,0.8148,-1,-1,-1
1045,43,1010.54,225.95,61.29,140.53,0.8367,-1,-1,-1
1045,25,724.70,77.72,69.38,125.74,0.5592,-1,-1,-1
1045,-1,206.42,249.76,67.26,147.12,0.5402,-1,-1,-1
1046,5,276.13,415.19,68.30,166.30,0.8633,-1,-1,-1
1046,9,431.82,278.49,50.12,165.07,0.6710,-1,-1,-1
1046,31,1013.90,432.71,97.02,168.63,0.8560,-1,-1,-1
1046,34,906.78,252.19,94.97,143.32,0.8739,-1,-1,-1
1046,36,879.57,393.28,53.36,141.04,0.8092,-1,-1,-1
1046,37,382.86,372.88,80.98,145.21,0.8814,-1,-1,-1
1046,38,688.05,160.00,52.26,132.57,0.7638,-1,-1,-1
1046,41,571.31,480.33,93.52,140.66,0.8047,-1,-1,-1
1046,42,483.82,284.65,57.83,149.65,0.7903,-1,-1,-1
1046,43,1008.00,225.12,60.08,141.43,0.8040,-1,-1,-1
1046,25,722.34,77.55,67.63,126.15,0.5944,-1,-1,-1
1046,-1,204.53,251.13,66.73,132.14,0.5156,-1,-1,-1
1047,5,273.72,416.57,66.92,165.88,0.8699,-1,-1,-1
1047,9,426.38,279.82,52.55,163.71,0.6688,-1,-1,-1
1047,31,1011.89,432.86,117.02,167.55,0.8568,-1,-1,-1
1047,34,900.77,252.04,96.41,143.96,0.8632,-1,-1,-1
1047,36,874.60,389.15,52.96,145.32,0.8054,-1,-1,-1
1047,37,393.71,372.36,67.35,146.33,0.8746,-1,-1,-1
1047,38,681.31,160.40,50.40,132.44,0.7819,-1,-1,-1
1047,41,572.84,481.82,92.58,138.53,0.7852,-1,-1,-1
1047,42,479.77,285.61,54.93,148.12,0.8019,-1,-1,-1
1047,43,1001.13,223.32,58.58,144.03,0.8373,-1,-1,-1
1047,25,716.94,77.29,66.95,127.38,0.5978,-1,-1,-1
1048,5,271.85,416.76,67.60,165.90,0.8819,-1,-1,-1
1048,9,424.27,280.02,49.42,168.60,0.7274,-1,-1,-1
1048,31,1013.23,433.28,120.87,167.04,0.9039,-1,-1,-1
1048,34,897.66,251.63,98.27,144.39,0.8803,-1,-1,-1
1048,36,869.43,387.43,55.10,147.01,0.7915,-1,-1,-1
1048,37,396.72,371.49,62.38,147.36,0.8513,-1,-1,-1
1048,38,678.93,160.06,48.19,132.87,0.7944,-1,-1,-1
1048,41,579.05,481.53,92.73,139.31,0.7743,-1,-1,-1
1048,42,478.03,285.62,53.79,147.15,0.8470,-1,-1,-1
1048,43,997.76,221.71,57.66,145.37,0.8736,-1,-1,-1
1048,25,714.54,79.81,64.42,124.75,0.5682,-1,-1,-1
1049,5,269.96,416.83,68.30,165.85,0.8903,-1,-1,-1
1049,9,422.03,280.62,50.95,171.88,0.7250,-1,-1,-1
1049,31,1017.15,433.30,122.52,166.83,0.9217,-1,-1,-1
1049,34,896.83,250.88,97.49,145.02,0.8796,-1,-1,-1
1049,36,865.40,385.75,56.22,148.08,0.7667,-1,-1,-1
1049,37,395.87,369.96,61.16,148.72,0.8517,-1,-1,-1
1049,38,676.20,160.19,46.46,132.86,0.8097,-1,-1,-1
1049,41,586.65,480.53,82.63,139.57,0.8230,-1,-1,-1
1049,42,476.24,284.87,54.86,146.87,0.8616,-1,-1,-1
1049,43,993.65,219.53,58.04,147.74,0.8515,-1,-1,-1
1049,25,712.02,79.13,60.62,125.08,0.5626,-1,-1,-1
1050,5,267.94,416.98,68.18,165.56,0.8729,-1,-1,-1
1050,9,419.51,280.48,53.10,174.53,0.7084,-1,-1,-1
1050,31,1020.51,430.54,122.75,169.85,0.9168,-1,-1,-1
1050,34,895.61,249.74,95.85,145.95,0.8445,-1,-1,-1
1050,36,862.66,383.56,55.75,147.88,0.7645,-1,-1,-1
1050,37,394.18,369.02,61.54,149.62,0.8415,-1,-1,-1
1050,38,672.86,158.78,47.02,133.70,0.7719,-1,-1,-1
1050,41,594.13,479.40,74.64,140.70,0.8023,-1,-1,-1
1050,42,472.93,284.31,57.53,145.55,0.8292,-1,-1,-1
1050,43,989.02,218.10,57.16,149.53,0.7891,-1,-1,-1
1050,25,707.29,76.03,58.45,126.49,0.5242,-1,-1,-1
1051,5,266.10,416.90,68.03,165.61,0.8802,-1,-1,-1
1051,9,417.05,280.60,55.86,176.50,0.6958,-1,-1,-1
1051,31,1026.58,424.54,119.42,175.79,0.9226,-1,-1,-1
1051,34,896.36,249.58,91.77,145.74,0.8308,-1,-1,-1
1051,36,859.33,380.10,56.34,146.88,0.7813,-1,-1,-1
1051,37,392.82,367.91,65.96,150.85,0.8150,-1,-1,-1
1051,38,669.79,158.21,46.21,134.39,0.7382,-1,-1,-1
1051,41,603.52,478.55,69.17,141.90,0.7720,-1,-1,-1
1051,42,468.47,283.52,60.59,144.81,0.8241,-1,-1,-1
1051,43,984.65,216.25,58.40,149.93,0.7806,-1,-1,-1
1051,25,703.25,75.08,53.49,125.29,0.5754,-1,-1,-1
1052,5,262.96,417.03,65.38,165.53,0.8751,-1,-1,-1
1052,9,413.95,281.22,61.51,174.00,0.7099,-1,-1,-1
1052,31,1042.69,409.71,106.05,190.71,0.9071,-1,-1,-1
1052,34,892.30,247.63,89.58,147.56,0.8687,-1,-1,-1
1052,36,853.58,372.36,58.24,148.26,0.6494,-1,-1,-1
1052,37,387.81,365.75,68.45,152.82,0.8232,-1,-1,-1
1052,38,662.30,155.43,41.46,136.31,0.7335,-1,-1,-1
1052,41,623.98,476.93,50.57,139.53,0.7072,-1,-1,-1
1052,42,466.82,281.82,59.84,142.42,0.8031,-1,-1,-1
1052,43,974.70,212.16,60.10,149.74,0.8000,-1,-1,-1
1053,5,261.16,417.22,64.55,165.61,0.8554,-1,-1,-1
1053,9,413.40,281.25,59.75,171.93,0.6783,-1,-1,-1
1053,31,1044.98,406.32,105.83,193.27,0.9103,-1,-1,-1
1053,34,890.61,246.71,88.49,148.37,0.8802,-1,-1,-1
1053,36,852.26,364.29,58.21,151.88,0.6314,-1,-1,-1
1053,37,385.48,365.53,70.75,153.39,0.8463,-1,-1,-1
1053,38,658.48,153.50,42.73,138.52,0.7331,-1,-1,-1
1053,41,628.75,476.98,55.20,138.89,0.8110,-1,-1,-1
1053,42,462.60,281.27,63.59,140.27,0.8051,-1,-1,-1
1053,43,970.67,209.60,60.00,149.15,0.8135,-1,-1,-1
1053,-1,175.56,256.02,64.98,130.13,0.5077,-1,-1,-1
1054,5,259.18,417.30,63.83,165.56,0.8524,-1,-1,-1
1054,9,412.13,281.43,56.29,174.01,0.6313,-1,-1,-1
1054,31,1041.78,405.19,110.66,193.27,0.9109,-1,-1,-1
1054,34,890.66,245.80,85.75,148.56,0.8871,-1,-1,-1
1054,36,851.51,362.57,58.64,148.19,0.7354,-1,-1,-1
1054,37,382.58,364.83,71.64,153.52,0.8484,-1,-1,-1
1054,38,653.65,155.81,44.20,135.60,0.7157,-1,-1,-1
1054,41,628.45,477.02,63.80,132.33,0.7966,-1,-1,-1
1054,42,458.23,280.40,66.93,138.77,0.8163,-1,-1,-1
1054,43,964.48,207.26,62.15,150.30,0.7984,-1,-1,-1
1055,5,257.10,417.53,63.52,165.68,0.8575,-1,-1,-1
1055,9,409.81,281.21,58.67,173.71,0.6490,-1,-1,-1
1055,31,1038.28,404.79,116.15,192.94,0.9049,-1,-1,-1
1055,34,887.80,244.82,86.19,149.24,0.8913,-1,-1,-1
1055,36,851.65,360.47,56.58,145.42,0.7820,-1,-1,-1
1055,37,379.83,364.75,70.15,153.51,0.8258,-1,-1,-1
1055,38,648.51,159.25,45.25,131.68,0.7241,-1,-1,-1
1055,41,629.10,477.92,70.98,120.19,0.8087,-1,-1,-1
1055,42,458.59,279.90,64.59,138.50,0.8096,-1,-1,-1
1055,43,961.59,204.97,61.74,152.12,0.8279,-1,-1,-1
1056,5,254.79,418.03,63.17,165.28,0.8592,-1,-1,-1
1056,9,407.54,281.27,54.67,173.89,0.6901,-1,-1,-1
1056,31,1044.05,403.60,111.31,193.88,0.8868,-1,-1,-1
1056,34,886.29,243.64,84.82,148.57,0.8979,-1,-1,-1
1056,36,852.98,358.00,55.28,142.95,0.7560,-1,-1,-1
1056,37,376.46,366.45,69.52,152.08,0.8044,-1,-1,-1
1056,38,644.08,159.30,45.63,131.64,0.7790,-1,-1,-1
1056,41,631.86,478.82,75.36,113.89,0.7785,-1,-1,-1
1056,42,449.48,279.39,70.71,139.03,0.8003,-1,-1,-1
1056,43,959.30,204.39,61.78,153.25,0.8002,-1,-1,-1
1057,5,249.53,418.54,63.46,164.85,0.8733,-1,-1,-1
1057,9,402.29,280.98,58.99,165.04,0.6553,-1,-1,-1
1057,31,1053.28,407.44,98.80,188.70,0.8606,-1,-1,-1
1057,34,881.10,241.33,83.33,147.67,0.8844,-1,-1,-1
1057,36,849.56,356.77,60.71,136.13,0.8201,-1,-1,-1
1057,37,371.29,366.16,68.79,152.42,0.8377,-1,-1,-1
1057,38,635.20,152.57,49.53,137.06,0.7866,-1,-1,-1
1057,41,635.04,481.34,81.42,105.76,0.7614,-1,-1,-1
1057,42,444.35,278.29,71.29,139.39,0.8291,-1,-1,-1
1057,43,954.68,192.42,59.75,164.55,0.7633,-1,-1,-1
1057,-1,655.51,72.81,50.25,123.61,0.5082,-1,-1,-1
1058,5,246.95,418.98,63.28,164.35,0.8715,-1,-1,-1
1058,9,398.46,281.09,65.75,166.41,0.6518,-1,-1,-1
1058,31,1054.87,411.26,96.04,184.93,0.8919,-1,-1,-1
1058,34,879.53,240.13,80.78,147.50,0.8909,-1,-1,-1
1058,36,846.09,356.91,66.06,134.70,0.8263,-1,-1,-1
1058,37,368.58,366.21,69.80,151.92,0.8519,-1,-1,-1
1058,38,631.67,148.78,49.62,140.07,0.7989,-1,-1,-1
1058,41,639.38,481.86,80.33,103.68,0.7861,-1,-1,-1
1058,42,445.52,278.18,67.35,139.42,0.8138,-1,-1,-1
1058,43,950.50,199.73,61.39,157.01,0.8198,-1,-1,-1
1058,-1,634.57,83.29,66.82,113.72,0.5470,-1,-1,-1
1059,5,244.88,419.37,62.79,163.79,0.8799,-1,-1,-1
1059,9,397.71,279.92,64.26,168.11,0.6740,-1,-1,-1
1059,31,1056.08,414.40,89.43,181.70,0.9190,-1,-1,-1
1059,34,874.55,238.97,80.38,146.00,0.9052,-1,-1,-1
1059,36,844.09,357.57,68.81,133.51,0.8490,-1,-1,-1
1059,37,366.35,365.88,71.40,152.46,0.8637,-1,-1,-1
1059,38,626.19,149.46,50.46,135.98,0.8093,-1,-1,-1
1059,41,644.85,481.94,76.26,102.50,0.8195,-1,-1,-1
1059,42,443.90,278.07,66.25,140.03,0.8200,-1,-1,-1
1059,43,948.86,187.76,59.79,168.95,0.8349,-1,-1,-1
1060,5,242.53,419.81,63.30,163.89,0.8842,-1,-1,-1
1060,9,398.22,279.76,59.41,165.33,0.6512,-1,-1,-1
1060,31,1057.19,414.92,88.32,179.91,0.9222,-1,-1,-1
1060,34,868.46,238.23,82.26,145.89,0.9138,-1,-1,-1
1060,36,840.73,358.77,74.72,131.85,0.8736,-1,-1,-1
1060,37,363.65,365.56,69.73,152.62,0.8717,-1,-1,-1
1060,38,621.23,149.63,50.75,131.65,0.7943,-1,-1,-1
1060,41,649.00,481.04,73.99,103.43,0.8229,-1,-1,-1
1060,42,443.03,277.90,64.88,139.80,0.7962,-1,-1,-1
1060,43,946.97,196.21,58.58,159.92,0.8607,-1,-1,-1
1060,-1,628.29,72.47,67.38,123.92,0.5411,-1,-1,-1
1061,5,240.31,419.87,61.83,163.76,0.8478,-1,-1,-1
1061,9,395.64,279.08,62.58,164.90,0.6354,-1,-1,-1
1061,31,1058.83,412.81,86.57,180.25,0.9122,-1,-1,-1
1061,34,866.31,237.69,81.52,143.73,0.8900,-1,-1,-1
1061,36,837.54,359.38,80.44,131.26,0.8691,-1,-1,-1
1061,37,361.67,365.22,69.72,153.39,0.8480,-1,-1,-1
1061,38,618.42,148.97,49.00,129.36,0.7732,-1,-1,-1
1061,41,655.17,480.39,66.79,103.79,0.8201,-1,-1,-1
1061,42,445.49,277.50,60.17,140.66,0.7660,-1,-1,-1
1061,43,944.49,194.49,58.46,161.60,0.8430,-1,-1,-1
1062,5,234.67,420.04,62.60,163.63,0.8692,-1,-1,-1
1062,31,1054.52,410.28,92.93,173.74,0.9104,-1,-1,-1
1062,34,860.40,236.55,79.06,142.60,0.9000,-1,-1,-1
1062,36,833.53,358.77,85.83,131.93,0.8613,-1,-1,-1
1062,37,359.13,364.59,71.89,154.35,0.8389,-1,-1,-1
1062,38,609.17,144.85,68.94,128.28,0.8119,-1,-1,-1
1062,41,660.91,478.90,57.81,105.21,0.8493,-1,-1,-1
1062,42,431.41,276.96,69.76,141.06,0.7776,-1,-1,-1
1062,43,940.16,189.30,54.46,166.54,0.8145,-1,-1,-1
1062,9,384.66,278.57,61.93,165.27,0.5274,-1,-1,-1
1063,5,232.73,420.01,62.45,164.06,0.8822,-1,-1,-1
1063,31,1044.78,412.82,105.01,169.85,0.9015,-1,-1,-1
1063,34,859.20,236.71,74.25,141.76,0.8968,-1,-1,-1
1063,36,831.58,357.15,86.45,133.44,0.8523,-1,-1,-1
1063,37,357.07,364.05,71.20,154.83,0.8390,-1,-1,-1
1063,38,604.98,141.47,66.34,131.10,0.7839,-1,-1,-1
1063,41,663.36,478.06,51.98,105.86,0.8358,-1,-1,-1
1063,42,431.45,276.89,68.32,141.22,0.8014,-1,-1,-1
1063,43,935.57,191.05,54.75,163.21,0.7883,-1,-1,-1
1063,9,380.98,277.76,59.52,176.57,0.5795,-1,-1,-1
1063,-1,737.01,67.25,47.38,123.92,0.5273,-1,-1,-1
1064,5,230.19,419.89,62.94,164.46,0.8818,-1,-1,-1
1064,9,382.24,277.12,67.10,182.02,0.6383,-1,-1,-1
1064,31,1042.31,414.55,111.69,168.47,0.8883,-1,-1,-1
1064,34,855.74,236.82,75.51,141.76,0.8852,-1,-1,-1
1064,36,832.43,354.06,84.76,136.39,0.8640,-1,-1,-1
1064,37,356.70,363.18,68.06,155.98,0.8337,-1,-1,-1
1064,38,601.91,140.88,59.71,131.26,0.8037,-1,-1,-1
1064,41,665.83,477.28,43.33,107.02,0.7974,-1,-1,-1
1064,42,428.55,276.69,69.64,142.01,0.8303,-1,-1,-1
1064,43,933.21,189.07,52.82,163.58,0.8212,-1,-1,-1
1064,-1,732.75,67.74,50.02,123.23,0.5357,-1,-1,-1
1065,5,228.36,419.80,63.26,164.72,0.8624,-1,-1,-1
1065,31,1040.96,413.11,119.75,168.73,0.8852,-1,-1,-1
1065,34,853.04,236.46,75.82,141.70,0.8662,-1,-1,-1
1065,36,835.24,351.54,82.58,138.86,0.8509,-1,-1,-1
1065,37,356.13,363.27,68.17,155.82,0.8312,-1,-1,-1
1065,38,598.02,143.27,56.77,128.74,0.7564,-1,-1,-1
1065,41,668.72,477.10,44.06,106.77,0.7963,-1,-1,-1
1065,42,429.62,276.08,66.65,143.07,0.8186,-1,-1,-1
1065,43,931.30,188.89,49.31,162.59,0.7860,-1,-1,-1
1065,9,386.40,276.93,63.14,183.95,0.5943,-1,-1,-1
1065,-1,730.89,68.38,48.54,122.63,0.5132,-1,-1,-1
1066,5,227.48,420.02,61.75,164.99,0.8399,-1,-1,-1
1066,31,1044.69,411.82,116.74,169.23,0.8461,-1,-1,-1
1066,34,851.58,236.57,74.66,141.73,0.8234,-1,-1,-1
1066,36,838.34,349.88,79.85,138.28,0.8203,-1,-1,-1
1066,37,356.17,363.34,67.09,155.81,0.8384,-1,-1,-1
1066,38,593.78,140.85,55.72,130.80,0.7472,-1,-1,-1
1066,41,671.18,477.36,44.97,106.93,0.7265,-1,-1,-1
1066,42,430.62,275.92,63.96,143.16,0.8210,-1,-1,-1
1066,43,926.78,190.57,48.20,158.66,0.7653,-1,-1,-1
1066,9,383.96,276.73,64.79,187.88,0.5865,-1,-1,-1
1066,-1,727.55,69.27,48.56,121.78,0.5054,-1,-1,-1
1067,5,226.01,419.84,57.77,165.01,0.8650,-1,-1,-1
1067,31,1062.27,410.48,102.64,169.90,0.8518,-1,-1,-1
1067,34,845.01,236.06,75.43,136.10,0.8095,-1,-1,-1
1067,36,849.17,346.47,73.50,140.61,0.8189,-1,-1,-1
1067,37,355.47,363.23,62.27,155.93,0.8310,-1,-1,-1
1067,38,585.61,137.62,55.89,134.02,0.7780,-1,-1,-1
1067,41,673.15,479.09,50.55,104.94,0.7625,-1,-1,-1
1067,42,424.38,275.73,67.04,143.43,0.8079,-1,-1,-1
1067,43,919.65,187.58,48.34,153.96,0.7758,-1,-1,-1
1067,9,377.83,275.87,66.91,187.79,0.5699,-1,-1,-1
1067,-1,723.26,69.06,44.83,121.90,0.5257,-1,-1,-1
1068,5,222.88,419.79,58.37,165.28,0.8534,-1,-1,-1
1068,31,1072.36,410.32,97.07,168.98,0.8675,-1,-1,-1
1068,34,841.48,235.45,78.09,134.68,0.8146,-1,-1,-1
1068,36,855.43,345.30,69.39,142.10,0.8236,-1,-1,-1
1068,37,354.75,362.71,61.72,156.39,0.8410,-1,-1,-1
1068,38,580.29,136.86,55.87,134.02,0.7602,-1,-1,-1
1068,41,670.71,480.20,57.99,103.70,0.7531,-1,-1,-1
1068,42,422.76,275.09,67.26,143.69,0.7896,-1,-1,-1
1068,43,915.47,185.71,48.64,152.35,0.7519,-1,-1,-1
1068,9,375.34,275.64,67.32,186.55,0.5870,-1,-1,-1
1068,-1,719.72,67.71,45.84,123.17,0.5015,-1,-1,-1
1069,5,220.36,419.24,58.84,165.84,0.8406,-1,-1,-1
1069,9,375.28,275.66,66.68,186.31,0.6002,-1,-1,-1
1069,31,1080.57,409.78,94.24,169.48,0.8746,-1,-1,-1
1069,34,838.04,234.48,80.31,134.04,0.8200,-1,-1,-1
1069,36,857.04,347.17,69.31,140.91,0.7794,-1,-1,-1
1069,37,353.21,362.67,62.21,156.27,0.8555,-1,-1,-1
1069,38,575.99,139.37,56.36,131.66,0.7877,-1,-1,-1
1069,41,663.67,481.48,69.15,102.32,0.7512,-1,-1,-1
1069,42,416.17,274.54,71.52,144.30,0.7687,-1,-1,-1
1069,43,911.25,184.78,49.20,151.78,0.7995,-1,-1,-1
1069,-1,716.47,67.58,43.87,123.37,0.5441,-1,-1,-1
1070,5,218.20,419.16,58.49,166.04,0.8696,-1,-1,-1
1070,31,1085.63,409.22,90.75,169.03,0.8876,-1,-1,-1
1070,34,836.15,233.95,81.45,135.07,0.8238,-1,-1,-1
1070,36,858.18,346.14,70.33,143.07,0.8049,-1,-1,-1
1070,37,352.46,362.76,62.85,156.54,0.8682,-1,-1,-1
1070,38,570.46,137.45,57.29,132.91,0.8252,-1,-1,-1
1070,41,661.98,483.61,73.98,100.48,0.7970,-1,-1,-1
1070,42,409.63,274.32,75.93,144.70,0.8426,-1,-1,-1
1070,43,908.55,185.66,48.09,150.16,0.7921,-1,-1,-1
1070,9,373.10,275.53,65.83,184.87,0.5690,-1,-1,-1
1070,-1,712.79,69.67,44.65,121.26,0.5519,-1,-1,-1
1071,5,215.41,419.15,59.52,165.52,0.8681,-1,-1,-1
1071,31,1085.56,408.23,91.18,168.36,0.8869,-1,-1,-1
1071,34,834.31,233.37,81.97,133.45,0.8046,-1,-1,-1
1071,36,859.08,345.52,71.75,144.34,0.8466,-1,-1,-1
1071,37,351.16,362.50,60.78,156.70,0.8429,-1,-1,-1
1071,38,562.47,136.60,60.56,133.52,0.7715,-1,-1,-1
1071,41,664.32,485.02,74.92,99.15,0.7699,-1,-1,-1
1071,42,409.48,273.70,73.58,144.91,0.8361,-1,-1,-1
1071,43,903.85,184.66,49.91,151.80,0.7625,-1,-1,-1
1071,-1,708.45,69.11,45.95,121.91,0.5401,-1,-1,-1
1072,5,211.69,418.66,58.97,166.67,0.8805,-1,-1,-1
1072,31,1084.42,405.05,92.73,169.35,0.8919,-1,-1,-1
1072,34,828.81,232.57,74.28,135.46,0.8369,-1,-1,-1
1072,36,861.13,343.15,73.09,146.51,0.8826,-1,-1,-1
1072,37,347.26,361.41,62.34,157.86,0.8570,-1,-1,-1
1072,38,558.34,137.49,56.88,130.14,0.7197,-1,-1,-1
1072,41,670.56,486.00,70.86,97.92,0.7542,-1,-1,-1
1072,42,415.51,273.38,62.83,144.27,0.8353,-1,-1,-1
1072,43,896.49,184.44,53.41,151.81,0.7753,-1,-1,-1
1072,-1,702.68,68.13,47.15,122.61,0.5246,-1,-1,-1
1073,5,209.13,418.48,59.13,167.16,0.8756,-1,-1,-1
1073,31,1086.55,403.07,87.97,168.84,0.8852,-1,-1,-1
1073,34,825.45,231.45,74.30,137.79,0.8646,-1,-1,-1
1073,36,860.85,343.58,74.33,143.96,0.8607,-1,-1,-1
1073,37,345.56,360.75,62.26,158.79,0.8674,-1,-1,-1
1073,38,546.34,136.64,67.52,129.28,0.7974,-1,-1,-1
1073,41,677.04,485.69,70.79,98.51,0.8034,-1,-1,-1
1073,42,407.35,273.62,68.15,144.77,0.8281,-1,-1,-1
1073,43,891.13,184.27,53.44,152.03,0.8094,-1,-1,-1
1073,-1,699.62,67.18,48.28,123.66,0.5318,-1,-1,-1
1073,-1,365.88,274.98,63.67,122.81,0.5254,-1,-1,-1
1074,5,206.92,418.49,59.73,167.49,0.8944,-1,-1,-1
1074,31,1089.34,402.01,82.32,165.83,0.8884,-1,-1,-1
1074,34,824.14,230.84,73.09,141.33,0.8751,-1,-1,-1
1074,36,859.66,344.56,78.17,142.05,0.8681,-1,-1,-1
1074,37,342.84,360.34,63.39,158.97,0.8624,-1,-1,-1
1074,38,549.31,135.88,61.92,127.55,0.7646,-1,-1,-1
1074,41,685.69,485.41,64.48,99.17,0.7955,-1,-1,-1
1074,42,400.56,273.41,72.17,145.20,0.8244,-1,-1,-1
1074,43,884.96,184.32,55.19,152.20,0.7853,-1,-1,-1
1074,-1,699.24,66.32,45.28,124.39,0.5513,-1,-1,-1
1075,5,204.55,418.23,59.68,167.91,0.8734,-1,-1,-1
1075,31,1093.42,399.78,78.30,161.90,0.8889,-1,-1,-1
1075,34,820.70,229.93,75.84,146.13,0.8731,-1,-1,-1
1075,36,858.39,345.66,79.92,141.56,0.8589,-1,-1,-1
1075,37,340.57,360.35,63.63,159.23,0.8477,-1,-1,-1
1075,38,545.36,135.82,60.05,124.19,0.6546,-1,-1,-1
1075,41,704.21,484.59,45.87,100.07,0.7420,-1,-1,-1
1075,42,400.29,272.91,70.21,145.40,0.8181,-1,-1,-1
1075,43,883.30,183.72,53.50,151.98,0.7731,-1,-1,-1
1075,9,361.29,274.19,61.20,163.13,0.6163,-1,-1,-1
1075,-1,697.23,67.59,45.15,123.06,0.5228,-1,-1,-1
1076,5,202.21,417.78,60.09,168.24,0.8773,-1,-1,-1
1076,9,359.57,274.07,60.26,167.33,0.7589,-1,-1,-1
1076,31,1099.18,397.36,73.21,161.84,0.8918,-1,-1,-1
1076,34,817.13,228.39,80.75,145.72,0.8863,-1,-1,-1
1076,36,859.03,346.17,77.80,141.06,0.8622,-1,-1,-1
1076,37,338.28,359.75,63.93,159.86,0.8680,-1,-1,-1
1076,38,541.29,133.41,62.28,125.07,0.7607,-1,-1,-1
1076,41,709.20,483.14,42.86,100.81,0.8027,-1,-1,-1
1076,42,398.71,272.98,68.79,145.71,0.8434,-1,-1,-1
1076,43,880.83,183.52,53.41,151.41,0.7870,-1,-1,-1
1076,-1,694.86,66.51,46.32,123.79,0.5226,-1,-1,-1
1077,5,197.77,417.08,61.29,168.72,0.8855,-1,-1,-1
1077,9,356.49,273.72,58.63,168.26,0.6684,-1,-1,-1
1077,31,1105.72,393.49,68.57,164.53,0.8851,-1,-1,-1
1077,34,808.36,226.20,89.85,144.51,0.9045,-1,-1,-1
1077,36,865.24,347.33,68.06,139.49,0.8602,-1,-1,-1
1077,37,333.39,358.25,65.62,159.96,0.8717,-1,-1,-1
1077,38,536.31,133.91,52.37,124.49,0.7785,-1,-1,-1
1077,41,715.50,481.69,40.18,102.77,0.7865,-1,-1,-1
1077,42,397.42,273.47,65.13,145.59,0.8574,-1,-1,-1
1077,43,873.63,181.35,56.34,150.25,0.8170,-1,-1,-1
1077,-1,690.25,64.03,50.40,125.49,0.5041,-1,-1,-1
1078,5,195.11,417.12,62.60,168.82,0.8969,-1,-1,-1
1078,9,354.21,273.74,59.64,167.23,0.6575,-1,-1,-1
1078,31,1106.97,392.65,67.77,165.45,0.8489,-1,-1,-1
1078,34,804.49,224.73,88.85,143.75,0.8962,-1,-1,-1
1078,36,868.15,347.26,63.68,139.51,0.8421,-1,-1,-1
1078,37,332.02,357.47,65.98,159.23,0.8673,-1,-1,-1
1078,38,531.09,133.00,51.32,125.04,0.8112,-1,-1,-1
1078,41,718.12,481.58,41.02,102.60,0.8057,-1,-1,-1
1078,42,398.65,273.99,62.21,144.98,0.8455,-1,-1,-1
1078,43,870.49,179.76,55.32,149.84,0.8166,-1,-1,-1
1078,-1,688.17,65.75,51.19,123.46,0.5366,-1,-1,-1
1079,5,192.98,416.85,63.23,169.00,0.9032,-1,-1,-1
1079,9,351.26,274.01,58.26,165.69,0.7053,-1,-1,-1
1079,31,1108.57,391.54,68.07,166.21,0.7629,-1,-1,-1
1079,34,801.39,222.97,86.23,143.45,0.9171,-1,-1,-1
1079,36,874.30,346.44,56.63,140.19,0.8229,-1,-1,-1
1079,37,330.10,357.26,68.17,158.34,0.8638,-1,-1,-1
1079,38,525.79,132.87,49.71,124.60,0.8522,-1,-1,-1
1079,41,720.65,481.51,45.37,103.03,0.7989,-1,-1,-1
1079,42,392.01,274.28,67.22,145.10,0.8596,-1,-1,-1
1079,43,868.26,176.82,52.76,152.37,0.8019,-1,-1,-1
1079,-1,687.89,65.56,50.00,123.60,0.5722,-1,-1,-1
1080,5,190.15,416.76,64.78,169.49,0.9037,-1,-1,-1
1080,9,350.27,273.88,55.67,163.15,0.7114,-1,-1,-1
1080,31,1109.23,390.78,64.59,167.41,0.7604,-1,-1,-1
1080,34,797.86,221.63,83.89,145.33,0.8976,-1,-1,-1
1080,36,880.00,345.32,51.35,141.14,0.8158,-1,-1,-1
1080,37,328.63,356.51,68.68,158.39,0.8663,-1,-1,-1
1080,38,517.06,133.10,54.85,123.86,0.8369,-1,-1,-1
1080,41,723.21,482.41,56.14,101.74,0.7707,-1,-1,-1
1080,42,388.13,274.54,69.35,144.56,0.8651,-1,-1,-1
1080,43,865.45,162.01,50.00,165.63,0.7265,-1,-1,-1
1080,-1,688.18,65.51,49.27,123.29,0.6015,-1,-1,-1
1081,5,187.92,416.97,64.78,169.31,0.9030,-1,-1,-1
1081,9,348.29,274.16,57.55,161.66,0.6450,-1,-1,-1
1081,31,1110.85,390.10,61.43,168.09,0.6972,-1,-1,-1
1081,34,796.14,220.24,76.99,146.53,0.9068,-1,-1,-1
1081,36,885.30,344.33,46.64,142.15,0.8197,-1,-1,-1
1081,37,326.33,356.05,69.30,157.39,0.8632,-1,-1,-1
1081,38,508.91,133.57,60.87,123.14,0.8752,-1,-1,-1
1081,41,725.61,483.28,64.45,101.01,0.8025,-1,-1,-1
1081,42,390.30,274.68,65.68,144.61,0.8549,-1,-1,-1
1081,43,862.19,166.70,46.40,156.41,0.7537,-1,-1,-1
1081,-1,687.36,65.68,50.36,123.06,0.6134,-1,-1,-1
1082,5,183.96,416.60,66.34,170.48,0.9189,-1,-1,-1
1082,31,1111.27,387.07,65.06,169.59,0.7520,-1,-1,-1
1082,34,790.53,217.59,67.28,147.90,0.9068,-1,-1,-1
1082,36,891.81,342.35,43.05,144.30,0.8083,-1,-1,-1
1082,37,324.47,352.70,69.83,158.51,0.8492,-1,-1,-1
1082,38,495.18,133.49,71.27,123.33,0.8822,-1,-1,-1
1082,41,732.56,485.15,76.21,99.15,0.8251,-1,-1,-1
1082,42,381.31,275.01,74.69,143.15,0.8504,-1,-1,-1
1082,43,855.21,166.36,40.47,149.19,0.7953,-1,-1,-1
1082,9,337.85,274.42,67.16,157.31,0.5898,-1,-1,-1
1082,-1,685.49,65.70,53.93,122.47,0.6084,-1,-1,-1
1083,5,181.90,417.12,66.51,170.11,0.8845,-1,-1,-1
1083,31,1111.63,386.55,63.28,169.20,0.7069,-1,-1,-1
1083,34,789.11,216.52,60.47,148.93,0.8988,-1,-1,-1
1083,36,893.00,341.84,43.52,144.93,0.7859,-1,-1,-1
1083,37,324.24,351.21,71.05,157.63,0.8290,-1,-1,-1
1083,38,491.83,135.65,73.20,121.18,0.8829,-1,-1,-1
1083,41,736.10,485.93,78.15,98.55,0.8074,-1,-1,-1
1083,42,379.24,275.05,77.79,141.69,0.8566,-1,-1,-1
1083,43,851.42,165.59,40.06,147.35,0.7729,-1,-1,-1
1083,9,327.55,275.12,73.99,157.37,0.5591,-1,-1,-1
1083,-1,684.30,66.84,56.18,121.76,0.6125,-1,-1,-1
1084,5,180.23,417.26,66.50,169.90,0.8737,-1,-1,-1
1084,31,1112.62,385.51,71.01,169.79,0.7285,-1,-1,-1
1084,34,786.40,215.46,57.19,150.51,0.9021,-1,-1,-1
1084,36,893.29,341.29,45.69,145.49,0.8239,-1,-1,-1
1084,37,324.30,351.36,71.53,154.77,0.8429,-1,-1,-1
1084,38,490.11,135.39,73.11,121.63,0.8920,-1,-1,-1
1084,41,741.00,485.90,77.40,98.57,0.7845,-1,-1,-1
1084,42,378.52,275.14,77.40,141.38,0.8585,-1,-1,-1
1084,43,846.97,165.65,40.34,146.04,0.7942,-1,-1,-1
1084,9,325.63,276.00,73.96,160.52,0.5154,-1,-1,-1
1084,-1,684.22,66.79,54.52,121.99,0.6083,-1,-1,-1
1085,5,178.29,417.45,67.17,169.89,0.8268,-1,-1,-1
1085,9,323.37,276.72,70.81,161.20,0.6072,-1,-1,-1
1085,31,1113.35,384.60,85.31,169.36,0.7961,-1,-1,-1
1085,34,784.05,215.45,55.60,150.44,0.8879,-1,-1,-1
1085,36,892.85,340.96,47.39,146.02,0.8263,-1,-1,-1
1085,37,325.10,351.29,71.70,151.82,0.8338,-1,-1,-1
1085,38,489.04,137.44,72.18,119.18,0.8870,-1,-1,-1
1085,41,744.66,485.55,75.79,98.90,0.8102,-1,-1,-1
1085,42,380.09,275.21,74.54,141.12,0.8264,-1,-1,-1
1085,43,841.76,165.57,42.79,143.97,0.7880,-1,-1,-1
1085,-1,684.05,67.61,53.11,121.68,0.6164,-1,-1,-1
1086,5,177.09,417.98,67.27,169.36,0.8480,-1,-1,-1
1086,31,1114.28,383.79,87.70,168.63,0.8439,-1,-1,-1
1086,34,781.16,214.93,55.99,150.85,0.8649,-1,-1,-1
1086,36,892.50,340.38,48.14,146.61,0.8354,-1,-1,-1
1086,37,325.46,351.20,71.61,149.28,0.8546,-1,-1,-1
1086,38,484.88,135.92,73.69,121.20,0.8251,-1,-1,-1
1086,41,749.93,484.88,71.73,99.45,0.8200,-1,-1,-1
1086,42,378.49,275.00,73.57,141.07,0.8062,-1,-1,-1
1086,43,837.19,166.22,44.85,143.28,0.7432,-1,-1,-1
1086,9,323.56,277.12,68.37,160.76,0.5348,-1,-1,-1
1086,-1,683.92,67.09,51.85,122.46,0.6144,-1,-1,-1
1087,5,173.91,418.51,68.73,169.78,0.9045,-1,-1,-1
1087,31,1116.74,380.37,60.50,164.15,0.6162,-1,-1,-1
1087,34,775.50,214.69,58.27,151.92,0.8817,-1,-1,-1
1087,36,891.51,338.40,50.20,148.99,0.8278,-1,-1,-1
1087,37,325.95,349.35,75.71,151.02,0.8757,-1,-1,-1
1087,38,480.85,133.64,62.39,124.54,0.8070,-1,-1,-1
1087,41,757.67,483.25,62.98,101.20,0.8174,-1,-1,-1
1087,42,376.19,274.77,69.65,141.21,0.8151,-1,-1,-1
1087,43,824.15,169.09,55.57,140.57,0.7388,-1,-1,-1
1087,9,324.64,278.15,57.55,159.40,0.5695,-1,-1,-1
1087,-1,682.11,67.68,52.49,122.15,0.5971,-1,-1,-1
1088,5,172.70,418.51,69.09,169.99,0.8749,-1,-1,-1
1088,9,325.34,278.57,55.17,157.85,0.6033,-1,-1,-1
1088,31,1115.86,377.71,69.13,162.81,0.6664,-1,-1,-1
1088,34,772.76,214.18,59.20,152.22,0.8786,-1,-1,-1
1088,36,891.26,337.05,50.96,150.17,0.8513,-1,-1,-1
1088,37,326.62,348.91,76.37,151.48,0.8769,-1,-1,-1
1088,38,478.02,132.24,55.59,126.74,0.7963,-1,-1,-1
1088,41,761.51,481.87,56.70,102.39,0.8380,-1,-1,-1
1088,42,375.52,274.62,69.29,141.38,0.7912,-1,-1,-1
1088,43,815.59,169.41,63.82,140.35,0.7387,-1,-1,-1
1088,-1,680.72,67.98,53.07,121.86,0.5949,-1,-1,-1
1089,5,171.16,418.56,69.79,170.28,0.8812,-1,-1,-1
1089,9,326.19,279.57,50.60,156.60,0.6012,-1,-1,-1
1089,31,1114.61,374.73,66.99,159.61,0.7584,-1,-1,-1
1089,34,769.90,214.37,57.49,151.52,0.8704,-1,-1,-1
1089,36,892.07,335.40,50.89,151.10,0.8371,-1,-1,-1
1089,37,327.27,348.79,76.11,151.81,0.8691,-1,-1,-1
1089,38,474.66,132.20,57.87,126.74,0.7882,-1,-1,-1
1089,41,766.31,481.28,48.59,102.89,0.7979,-1,-1,-1
1089,42,373.57,274.53,70.35,141.42,0.7905,-1,-1,-1
1089,43,811.40,170.52,66.42,139.27,0.7936,-1,-1,-1
1089,-1,679.58,66.82,54.92,123.24,0.6138,-1,-1,-1
1090,5,169.44,419.13,70.55,170.09,0.8264,-1,-1,-1
1090,9,326.76,280.77,49.03,153.85,0.6106,-1,-1,-1
1090,31,1113.23,372.89,101.38,159.93,0.8422,-1,-1,-1
1090,34,766.66,214.24,57.45,150.53,0.8617,-1,-1,-1
1090,36,894.13,333.34,49.85,151.24,0.8339,-1,-1,-1
1090,37,330.86,348.46,73.08,152.48,0.8612,-1,-1,-1
1090,38,471.67,132.30,56.57,127.18,0.7917,-1,-1,-1
1090,41,770.36,481.36,41.20,102.45,0.7883,-1,-1,-1
1090,42,373.11,274.59,69.13,140.22,0.7693,-1,-1,-1
1090,43,807.98,170.34,68.69,139.86,0.7831,-1,-1,-1
1090,-1,677.97,66.48,58.03,123.77,0.6136,-1,-1,-1
1091,5,168.67,419.23,70.60,170.21,0.8516,-1,-1,-1
1091,31,1114.09,371.80,101.83,161.21,0.7999,-1,-1,-1
1091,34,763.38,213.40,59.34,149.79,0.8631,-1,-1,-1
1091,36,896.31,331.14,48.57,149.47,0.8176,-1,-1,-1
1091,37,331.13,348.11,72.29,153.18,0.8722,-1,-1,-1
1091,38,468.42,133.63,53.62,126.40,0.7205,-1,-1,-1
1091,41,774.79,481.45,41.19,102.56,0.7458,-1,-1,-1
1091,42,371.60,274.42,68.42,139.82,0.7922,-1,-1,-1
1091,43,810.40,170.28,64.54,140.25,0.6881,-1,-1,-1
1091,9,327.31,281.49,47.63,152.40,0.5727,-1,-1,-1
1091,-1,676.96,67.09,58.83,123.23,0.6095,-1,-1,-1
1092,5,165.74,420.32,71.39,169.92,0.8780,-1,-1,-1
1092,31,1112.91,369.34,76.00,164.23,0.6890,-1,-1,-1
1092,34,755.95,212.60,56.46,145.67,0.8480,-1,-1,-1
1092,36,900.29,328.48,45.77,146.92,0.8368,-1,-1,-1
1092,37,331.79,348.52,68.88,153.62,0.8824,-1,-1,-1
1092,38,456.86,136.20,48.35,126.42,0.6921,-1,-1,-1
1092,41,781.31,483.50,41.69,100.98,0.7403,-1,-1,-1
1092,42,370.02,274.83,67.09,143.33,0.7935,-1,-1,-1
1092,43,794.45,167.68,75.74,144.26,0.8152,-1,-1,-1
1092,9,325.60,283.93,47.48,149.35,0.5818,-1,-1,-1
1092,-1,675.28,72.14,59.39,118.90,0.6063,-1,-1,-1
1093,5,164.79,421.11,70.80,169.40,0.8448,-1,-1,-1
1093,31,1119.36,369.78,66.72,164.21,0.7507,-1,-1,-1
1093,34,751.05,211.81,57.28,147.56,0.8223,-1,-1,-1
1093,36,901.74,327.52,44.91,144.76,0.8077,-1,-1,-1
1093,37,333.97,348.33,65.79,154.64,0.8666,-1,-1,-1
1093,38,449.15,138.28,49.69,125.77,0.6889,-1,-1,-1
1093,41,782.11,485.05,45.38,99.03,0.7726,-1,-1,-1
1093,42,369.68,275.29,66.30,144.96,0.7280,-1,-1,-1
1093,43,792.46,168.86,73.19,143.98,0.7149,-1,-1,-1
1093,9,322.86,285.38,48.97,149.44,0.5645,-1,-1,-1
1093,-1,675.38,72.99,58.99,118.60,0.5828,-1,-1,-1
1094,5,163.40,421.95,70.41,169.27,0.8512,-1,-1,-1
1094,31,1121.78,369.99,63.25,164.14,0.7634,-1,-1,-1
1094,34,746.77,211.14,58.57,145.58,0.8377,-1,-1,-1
1094,36,902.72,326.85,44.67,143.37,0.8105,-1,-1,-1
1094,37,335.69,348.14,63.27,155.35,0.8848,-1,-1,-1
1094,38,440.75,139.28,54.02,126.06,0.6942,-1,-1,-1
1094,41,782.00,486.78,48.78,97.28,0.7457,-1,-1,-1
1094,42,368.99,275.54,66.04,140.99,0.7542,-1,-1,-1
1094,43,789.54,166.43,70.19,146.58,0.7429,-1,-1,-1
1094,9,320.03,286.95,50.84,152.55,0.5767,-1,-1,-1
1094,-1,677.22,72.04,56.96,120.47,0.5902,-1,-1,-1
1095,5,162.55,422.64,70.44,169.99,0.8368,-1,-1,-1
1095,31,1122.85,370.46,69.38,163.88,0.7882,-1,-1,-1
1095,34,741.66,210.28,63.36,144.16,0.8699,-1,-1,-1
1095,36,903.47,326.59,45.37,142.00,0.8443,-1,-1,-1
1095,37,336.55,347.98,62.21,156.26,0.8794,-1,-1,-1
1095,38,431.65,139.95,61.81,126.96,0.7386,-1,-1,-1
1095,41,784.29,488.62,50.43,95.57,0.7389,-1,-1,-1
1095,42,367.61,275.64,67.29,139.60,0.8065,-1,-1,-1
1095,43,787.55,180.14,64.78,128.87,0.7557,-1,-1,-1
1095,9,317.90,288.47,52.11,153.37,0.5882,-1,-1,-1
1095,-1,680.07,71.11,54.61,122.68,0.5907,-1,-1,-1
1096,5,161.75,423.01,70.57,170.42,0.8487,-1,-1,-1
1096,9,315.42,289.32,53.95,152.57,0.6221,-1,-1,-1
1096,31,1122.74,369.81,75.84,164.10,0.7717,-1,-1,-1
1096,34,737.80,209.72,62.16,144.12,0.8814,-1,-1,-1
1096,36,903.66,326.60,47.16,139.88,0.8507,-1,-1,-1
1096,37,335.35,347.79,62.14,156.55,0.9008,-1,-1,-1
1096,38,427.16,141.24,65.04,125.32,0.7901,-1,-1,-1
1096,41,790.89,490.25,48.64,93.98,0.7278,-1,-1,-1
1096,42,367.81,275.38,67.50,139.80,0.8219,-1,-1,-1
1096,43,786.77,184.03,56.40,122.28,0.7972,-1,-1,-1
1096,-1,683.06,72.36,51.52,122.73,0.5875,-1,-1,-1
1097,5,161.27,423.43,69.12,170.42,0.8669,-1,-1,-1
1097,9,313.65,290.79,54.69,156.31,0.6484,-1,-1,-1
1097,31,1125.73,365.32,71.59,164.97,0.8090,-1,-1,-1
1097,34,732.73,207.94,58.76,142.45,0.8568,-1,-1,-1
1097,36,903.03,326.65,61.65,138.11,0.8973,-1,-1,-1
1097,37,334.45,347.57,62.47,156.51,0.9033,-1,-1,-1
1097,38,419.82,142.67,70.76,125.20,0.8221,-1,-1,-1
1097,41,802.47,490.76,45.09,93.05,0.7704,-1,-1,-1
1097,42,367.06,274.61,67.16,140.26,0.8285,-1,-1,-1
1097,43,781.46,182.10,42.34,122.93,0.6802,-1,-1,-1
1097,-1,687.81,70.78,48.29,126.36,0.5193,-1,-1,-1
1098,5,161.12,423.58,68.65,170.07,0.8792,-1,-1,-1
1098,9,314.89,292.26,53.34,152.47,0.6094,-1,-1,-1
1098,31,1126.05,362.65,74.35,165.67,0.7985,-1,-1,-1
1098,34,730.19,207.48,60.83,142.17,0.8600,-1,-1,-1
1098,36,902.96,326.51,69.01,138.36,0.9023,-1,-1,-1
1098,37,333.98,347.44,63.01,155.83,0.8986,-1,-1,-1
1098,38,417.55,140.69,72.50,126.96,0.8031,-1,-1,-1
1098,41,808.89,490.26,42.70,93.76,0.7829,-1,-1,-1
1098,42,367.30,274.21,66.39,141.25,0.8272,-1,-1,-1
1098,43,778.66,180.55,37.29,122.05,0.6737,-1,-1,-1
1098,-1,688.96,71.69,48.39,126.67,0.5218,-1,-1,-1
1099,5,161.04,423.80,68.51,170.38,0.8505,-1,-1,-1
1099,9,312.84,292.91,55.75,155.13,0.6691,-1,-1,-1
1099,31,1126.64,361.26,78.19,165.00,0.8270,-1,-1,-1
1099,34,725.28,206.86,64.28,142.84,0.8736,-1,-1,-1
1099,36,903.01,326.97,73.85,138.08,0.9022,-1,-1,-1
1099,37,334.19,347.17,62.48,155.69,0.8948,-1,-1,-1
1099,38,417.02,140.53,69.20,126.98,0.7326,-1,-1,-1
1099,41,815.52,490.06,39.83,93.55,0.7855,-1,-1,-1
1099,42,368.09,273.66,65.72,143.57,0.7727,-1,-1,-1
1099,43,773.44,180.85,37.06,124.36,0.6324,-1,-1,-1
1099,-1,688.92,71.26,48.28,127.88,0.5263,-1,-1,-1
1100,5,160.95,424.40,68.07,169.93,0.8699,-1,-1,-1
1100,9,316.03,293.25,52.74,155.18,0.6766,-1,-1,-1
1100,31,1127.45,359.64,79.65,163.81,0.8424,-1,-1,-1
1100,34,716.88,207.23,71.29,142.65,0.9048,-1,-1,-1
1100,36,902.66,328.02,76.24,136.82,0.9053,-1,-1,-1
1100,37,334.42,347.22,62.10,155.45,0.8900,-1,-1,-1
1100,38,416.07,141.74,63.40,126.60,0.7407,-1,-1,-1
1100,41,819.01,489.48,40.19,94.13,0.7607,-1,-1,-1
1100,42,369.67,273.44,63.68,142.61,0.7878,-1,-1,-1
1100,43,768.75,181.42,39.77,121.06,0.6298,-1,-1,-1
1100,-1,689.49,71.01,48.38,129.77,0.5510,-1,-1,-1
1101,5,161.21,425.25,67.08,169.97,0.8758,-1,-1,-1
1101,9,314.39,293.55,57.42,157.78,0.6636,-1,-1,-1
1101,31,1129.92,358.43,80.43,159.48,0.8861,-1,-1,-1
1101,34,711.89,207.59,75.65,142.88,0.9191,-1,-1,-1
1101,36,902.85,329.96,75.33,133.45,0.9171,-1,-1,-1
1101,37,336.95,347.05,58.30,155.34,0.8795,-1,-1,-1
1101,38,413.99,142.20,57.29,126.80,0.7560,-1,-1,-1
1101,41,822.44,488.56,40.06,95.04,0.7825,-1,-1,-1
1101,42,370.72,273.71,63.01,142.25,0.7645,-1,-1,-1
1101,43,767.07,166.31,40.01,135.67,0.6185,-1,-1,-1
1101,-1,689.24,74.01,47.14,127.61,0.5406,-1,-1,-1
1102,5,161.64,426.02,66.36,169.55,0.8444,-1,-1,-1
1102,9,325.83,295.20,46.14,156.70,0.6928,-1,-1,-1
1102,31,1133.61,355.26,75.71,157.32,0.8637,-1,-1,-1
1102,34,706.09,207.63,80.95,143.78,0.9106,-1,-1,-1
1102,36,905.03,332.53,73.68,129.01,0.9164,-1,-1,-1
1102,37,342.04,347.59,56.06,154.35,0.8667,-1,-1,-1
1102,38,410.11,140.62,56.42,129.28,0.6485,-1,-1,-1
1102,41,828.85,487.96,40.82,95.55,0.7719,-1,-1,-1
1102,42,374.60,273.80,58.86,142.65,0.7489,-1,-1,-1
1102,43,760.46,166.78,43.96,136.24,0.6544,-1,-1,-1
1102,-1,690.38,76.67,47.22,126.82,0.5264,-1,-1,-1
1103,5,162.49,426.69,65.35,169.66,0.8241,-1,-1,-1
1103,9,327.59,295.49,46.33,158.86,0.6892,-1,-1,-1
1103,31,1133.32,354.05,71.09,158.74,0.8508,-1,-1,-1
1103,34,705.79,207.72,80.97,142.74,0.8920,-1,-1,-1
1103,36,907.23,333.56,71.31,126.58,0.9064,-1,-1,-1
1103,37,343.36,348.12,55.61,153.50,0.8591,-1,-1,-1
1103,38,407.48,143.47,51.91,126.81,0.6370,-1,-1,-1
1103,41,832.88,487.75,45.96,95.66,0.7632,-1,-1,-1
1103,42,376.67,273.70,57.76,143.13,0.7111,-1,-1,-1
1103,43,756.28,167.56,47.45,135.23,0.6114,-1,-1,-1
1103,-1,691.28,77.53,46.04,127.44,0.5207,-1,-1,-1
1104,5,163.35,427.52,63.95,169.28,0.8310,-1,-1,-1
1104,9,328.92,296.70,44.34,158.74,0.7010,-1,-1,-1
1104,31,1133.87,353.28,66.51,159.27,0.8656,-1,-1,-1
1104,34,704.40,208.70,80.76,141.60,0.8986,-1,-1,-1
1104,36,908.89,334.61,69.79,123.04,0.8974,-1,-1,-1
1104,37,343.87,349.99,55.98,152.13,0.8477,-1,-1,-1
1104,41,836.43,488.03,53.93,95.65,0.7178,-1,-1,-1
1104,42,374.75,274.07,60.38,142.93,0.7199,-1,-1,-1
1104,43,752.11,166.46,51.20,137.02,0.6370,-1,-1,-1
1104,38,403.64,146.06,43.69,124.31,0.5816,-1,-1,-1
1105,5,163.75,427.92,63.60,169.24,0.8370,-1,-1,-1
1105,9,329.56,296.83,46.32,157.82,0.6838,-1,-1,-1
1105,31,1134.61,352.44,65.53,160.97,0.8638,-1,-1,-1
1105,34,702.84,208.82,80.58,141.57,0.8762,-1,-1,-1
1105,36,911.89,335.23,67.15,122.36,0.8961,-1,-1,-1
1105,37,344.18,350.06,57.27,152.55,0.8544,-1,-1,-1
1105,38,393.57,144.84,46.98,126.27,0.6531,-1,-1,-1
1105,41,839.59,488.56,62.98,95.26,0.7900,-1,-1,-1
1105,42,377.22,274.31,58.72,143.11,0.7232,-1,-1,-1
1105,43,747.03,167.69,55.58,135.63,0.6129,-1,-1,-1
1106,5,164.35,428.65,62.16,168.81,0.8394,-1,-1,-1
1106,9,329.12,297.54,52.98,158.66,0.6744,-1,-1,-1
1106,31,1135.26,351.67,65.60,161.77,0.8564,-1,-1,-1
1106,34,700.14,208.94,77.58,140.65,0.8755,-1,-1,-1
1106,36,913.97,335.25,66.82,123.07,0.8806,-1,-1,-1
1106,37,345.74,344.25,57.58,158.67,0.8538,-1,-1,-1
1106,38,381.99,145.80,57.59,126.20,0.6664,-1,-1,-1
1106,41,843.76,489.34,69.55,94.33,0.7675,-1,-1,-1
1106,42,374.98,274.76,62.41,143.29,0.7398,-1,-1,-1
1106,43,743.77,167.64,56.43,135.17,0.6638,-1,-1,-1
1107,5,165.27,430.06,62.10,168.88,0.8287,-1,-1,-1
1107,9,331.86,297.82,60.14,158.97,0.6944,-1,-1,-1
1107,31,1141.21,350.73,66.17,163.36,0.8023,-1,-1,-1
1107,34,691.77,208.55,71.58,141.52,0.8637,-1,-1,-1
1107,36,919.55,335.76,66.67,123.70,0.8440,-1,-1,-1
1107,37,348.15,348.28,52.38,153.71,0.8300,-1,-1,-1
1107,38,364.23,147.58,73.76,126.20,0.7041,-1,-1,-1
1107,41,852.58,492.03,78.36,91.68,0.7953,-1,-1,-1
1107,42,377.95,275.94,62.73,143.82,0.7630,-1,-1,-1
1107,43,736.29,174.51,53.24,128.06,0.6509,-1,-1,-1
1107,-1,693.51,85.52,46.77,123.72,0.5231,-1,-1,-1
1108,5,165.32,430.39,61.68,168.78,0.8404,-1,-1,-1
1108,9,332.46,297.68,60.53,159.18,0.6944,-1,-1,-1
1108,31,1141.54,350.55,68.39,163.57,0.8025,-1,-1,-1
1108,34,687.04,207.78,68.45,143.28,0.8821,-1,-1,-1
1108,36,925.16,336.04,62.71,124.19,0.8231,-1,-1,-1
1108,37,348.12,339.50,52.39,162.23,0.8026,-1,-1,-1
1108,38,355.56,147.43,82.08,127.88,0.7256,-1,-1,-1
1108,41,856.01,492.58,83.38,91.01,0.7865,-1,-1,-1
1108,42,379.82,275.78,61.91,144.75,0.7624,-1,-1,-1
1108,43,733.07,170.95,49.41,128.62,0.6198,-1,-1,-1
1108,-1,694.00,86.74,46.84,122.85,0.5187,-1,-1,-1
1109,5,165.29,431.56,61.68,168.31,0.8261,-1,-1,-1
1109,9,332.89,297.66,56.26,159.83,0.6621,-1,-1,-1
1109,31,1142.40,350.34,67.21,163.64,0.8254,-1,-1,-1
1109,34,682.35,207.37,66.28,143.94,0.8718,-1,-1,-1
1109,36,927.64,336.09,61.81,124.56,0.8194,-1,-1,-1
1109,37,348.25,337.74,53.68,163.78,0.8060,-1,-1,-1
1109,38,352.62,153.27,84.82,123.74,0.7059,-1,-1,-1
1109,41,860.24,492.81,84.16,90.95,0.7623,-1,-1,-1
1109,42,379.16,276.24,64.07,144.49,0.8032,-1,-1,-1
1109,43,729.20,169.33,44.71,129.67,0.5970,-1,-1,-1
1110,5,165.32,432.39,61.44,167.93,0.8177,-1,-1,-1
1110,9,333.65,297.59,53.43,160.72,0.6529,-1,-1,-1
1110,31,1146.04,349.46,63.80,163.56,0.8275,-1,-1,-1
1110,34,678.42,207.35,65.24,143.92,0.8311,-1,-1,-1
1110,36,928.97,336.10,61.95,125.06,0.8523,-1,-1,-1
1110,37,347.96,349.01,55.06,152.64,0.8009,-1,-1,-1
1110,38,352.16,155.96,84.15,121.66,0.7355,-1,-1,-1
1110,41,864.84,492.20,84.59,91.27,0.7770,-1,-1,-1
1110,42,382.41,276.97,62.31,145.32,0.7811,-1,-1,-1
1110,43,725.70,167.82,39.44,130.58,0.5404,-1,-1,-1
1110,-1,696.33,87.47,45.75,117.04,0.5094,-1,-1,-1
1111,5,165.27,433.05,61.47,167.49,0.8379,-1,-1,-1
1111,9,335.15,298.09,55.82,162.16,0.6088,-1,-1,-1
1111,31,1146.49,348.66,65.93,163.46,0.8000,-1,-1,-1
1111,34,675.55,207.39,60.43,144.40,0.8480,-1,-1,-1
1111,36,929.80,336.14,62.20,125.40,0.8538,-1,-1,-1
1111,37,346.69,350.69,56.88,151.39,0.7805,-1,-1,-1
1111,38,352.28,157.00,82.86,121.56,0.7113,-1,-1,-1
1111,41,869.95,491.25,81.85,92.51,0.7666,-1,-1,-1
1111,42,383.99,277.46,62.06,144.86,0.7911,-1,-1,-1
1111,43,722.25,170.21,31.39,135.38,0.5229,-1,-1,-1
1112,5,165.71,434.59,61.31,167.08,0.8353,-1,-1,-1
1112,31,1145.37,345.79,67.05,163.23,0.6872,-1,-1,-1
1112,34,668.18,207.17,65.65,145.85,0.8529,-1,-1,-1
1112,36,930.69,335.24,61.92,127.04,0.8438,-1,-1,-1
1112,37,346.82,353.25,58.55,149.33,0.7963,-1,-1,-1
1112,38,351.75,158.39,77.37,121.65,0.6646,-1,-1,-1
1112,41,879.22,489.07,73.17,94.31,0.7191,-1,-1,-1
1112,42,387.50,279.12,60.97,150.73,0.7595,-1,-1,-1
1112,9,338.54,297.78,62.26,163.79,0.5921,-1,-1,-1
1112,-1,382.92,113.74,48.86,121.36,0.5476,-1,-1,-1
1113,5,165.59,434.92,61.23,167.29,0.8532,-1,-1,-1
1113,31,1147.10,344.61,66.47,159.18,0.8138,-1,-1,-1
1113,34,666.02,207.28,65.13,145.86,0.8485,-1,-1,-1
1113,36,931.54,333.74,61.69,129.16,0.8478,-1,-1,-1
1113,37,347.27,354.57,56.04,148.34,0.8004,-1,-1,-1
1113,38,350.95,157.23,70.79,123.00,0.6621,-1,-1,-1
1113,41,884.50,488.35,66.88,95.02,0.7495,-1,-1,-1
1113,42,388.85,279.64,61.65,151.71,0.7762,-1,-1,-1
1113,9,340.18,298.04,59.46,163.29,0.5964,-1,-1,-1
1113,-1,383.11,116.35,46.99,118.60,0.5563,-1,-1,-1
1113,-1,707.56,171.38,34.33,136.74,0.5351,-1,-1,-1
1114,5,165.52,435.66,61.32,166.96,0.8303,-1,-1,-1
1114,9,341.10,298.16,61.64,163.55,0.6059,-1,-1,-1
1114,31,1146.23,343.27,47.79,155.22,0.7724,-1,-1,-1
1114,34,663.51,207.21,66.22,146.10,0.8408,-1,-1,-1
1114,36,933.53,332.55,59.63,130.26,0.8446,-1,-1,-1
1114,37,346.24,355.64,56.63,148.16,0.8009,-1,-1,-1
1114,38,351.01,155.89,62.55,126.31,0.6533,-1,-1,-1
1114,41,888.09,488.02,60.81,95.27,0.7473,-1,-1,-1
1114,42,388.92,281.00,63.73,151.80,0.7840,-1,-1,-1
1114,43,711.64,187.11,30.92,121.92,0.6328,-1,-1,-1
1114,-1,382.90,117.92,44.94,118.54,0.6063,-1,-1,-1
1115,5,165.85,436.53,61.09,166.69,0.8085,-1,-1,-1
1115,31,1145.08,341.88,59.10,152.53,0.7450,-1,-1,-1
1115,34,660.39,207.72,68.72,144.36,0.7595,-1,-1,-1
1115,36,934.01,331.09,59.42,132.02,0.8533,-1,-1,-1
1115,37,343.46,357.16,59.79,146.80,0.8188,-1,-1,-1
1115,38,350.47,157.77,54.75,125.70,0.6428,-1,-1,-1
1115,41,893.17,487.43,50.43,95.99,0.7104,-1,-1,-1
1115,42,389.52,281.78,64.34,152.69,0.7751,-1,-1,-1
1115,9,341.41,298.44,59.04,162.52,0.5109,-1,-1,-1
1115,43,705.99,186.78,35.70,122.52,0.5817,-1,-1,-1
1115,-1,380.69,120.38,42.29,120.18,0.5732,-1,-1,-1
1115,-1,561.07,661.59,66.95,57.80,0.5058,-1,-1,-1
1116,5,165.88,436.87,61.73,166.58,0.7943,-1,-1,-1
1116,31,1144.30,340.69,53.82,152.98,0.7376,-1,-1,-1
1116,34,658.33,207.76,63.34,141.46,0.7306,-1,-1,-1
1116,36,934.51,329.71,59.35,133.10,0.8312,-1,-1,-1
1116,37,344.83,357.18,57.54,147.02,0.8248,-1,-1,-1
1116,38,350.45,163.39,45.10,122.25,0.6179,-1,-1,-1
1116,41,897.41,487.06,43.77,96.51,0.6460,-1,-1,-1
1116,42,390.36,283.61,64.91,151.61,0.7674,-1,-1,-1
1116,43,702.54,185.09,38.94,124.96,0.5828,-1,-1,-1
1116,-1,560.96,661.79,67.69,57.82,0.5106,-1,-1,-1
1117,5,166.39,438.40,66.85,165.50,0.8604,-1,-1,-1
1117,31,1142.06,338.56,66.08,155.69,0.7270,-1,-1,-1
1117,34,652.91,207.29,66.90,143.99,0.7531,-1,-1,-1
1117,36,935.61,326.60,58.91,132.76,0.8436,-1,-1,-1
1117,37,345.03,357.48,56.94,147.20,0.7995,-1,-1,-1
1117,41,904.88,487.27,43.91,96.64,0.6364,-1,-1,-1
1117,42,391.52,285.52,64.90,151.47,0.8082,-1,-1,-1
1117,9,340.90,299.67,63.76,140.00,0.6179,-1,-1,-1
1117,38,347.95,155.58,36.59,133.50,0.5358,-1,-1,-1
1117,-1,373.17,122.36,42.25,132.89,0.5444,-1,-1,-1
1117,-1,559.77,661.53,68.14,57.93,0.5358,-1,-1,-1
1117,-1,701.68,93.16,47.03,120.06,0.5168,-1,-1,-1
1118,5,167.45,439.04,68.63,165.39,0.8426,-1,-1,-1
1118,31,1140.21,337.53,59.06,156.92,0.7557,-1,-1,-1
1118,34,651.60,207.52,64.09,138.94,0.7563,-1,-1,-1
1118,36,935.90,325.49,59.02,130.69,0.8507,-1,-1,-1
1118,37,346.72,358.13,52.95,146.67,0.8017,-1,-1,-1
1118,41,909.21,487.71,42.08,96.17,0.6622,-1,-1,-1
1118,42,392.03,286.48,64.86,149.61,0.8168,-1,-1,-1
1118,9,341.06,300.46,63.97,140.28,0.5290,-1,-1,-1
1118,-1,370.79,123.02,40.96,132.84,0.5357,-1,-1,-1
1118,-1,558.76,661.56,68.96,57.90,0.5323,-1,-1,-1
1118,-1,702.49,94.98,47.17,120.68,0.5014,-1,-1,-1
1119,5,168.77,439.51,69.84,165.24,0.8655,-1,-1,-1
1119,31,1139.30,337.23,58.47,156.49,0.7604,-1,-1,-1
1119,34,650.57,207.36,61.64,138.43,0.7824,-1,-1,-1
1119,36,935.83,324.55,59.43,128.83,0.8678,-1,-1,-1
1119,37,345.54,358.83,52.08,146.33,0.8074,-1,-1,-1
1119,41,912.57,488.47,42.27,95.47,0.6649,-1,-1,-1
1119,42,391.56,287.53,65.88,149.02,0.8294,-1,-1,-1
1119,9,340.94,300.78,65.48,140.94,0.5212,-1,-1,-1
1119,-1,557.82,661.62,69.94,57.81,0.5218,-1,-1,-1
1119,-1,703.32,96.42,47.79,121.33,0.5179,-1,-1,-1
1120,5,171.85,440.25,69.11,164.89,0.8428,-1,-1,-1
1120,31,1138.22,336.85,57.85,156.63,0.7369,-1,-1,-1
1120,34,650.12,206.25,61.81,135.91,0.7734,-1,-1,-1
1120,36,936.51,323.61,59.44,126.63,0.8524,-1,-1,-1
1120,37,345.48,359.71,51.80,146.37,0.7838,-1,-1,-1
1120,41,916.52,489.31,41.38,94.98,0.6585,-1,-1,-1
1120,42,391.26,289.19,66.15,148.60,0.8088,-1,-1,-1
1120,-1,703.36,97.54,49.70,122.01,0.5420,-1,-1,-1
1120,-1,557.13,661.56,69.45,58.03,0.5179,-1,-1,-1
1120,-1,361.63,125.20,45.05,132.00,0.5010,-1,-1,-1
1121,5,174.32,440.91,69.11,164.06,0.8088,-1,-1,-1
1121,31,1138.88,336.41,55.08,142.51,0.6944,-1,-1,-1
1121,34,649.46,206.56,61.46,137.27,0.7953,-1,-1,-1
1121,36,936.62,323.21,60.02,124.44,0.8471,-1,-1,-1
1121,37,343.58,359.96,53.60,146.76,0.7875,-1,-1,-1
1121,41,919.04,490.46,42.78,94.19,0.6612,-1,-1,-1
1121,42,391.63,290.23,65.84,148.39,0.7981,-1,-1,-1
1121,-1,358.59,125.38,46.70,133.65,0.5942,-1,-1,-1
1121,-1,702.45,98.60,51.94,122.22,0.5353,-1,-1,-1
1121,-1,556.70,661.50,69.43,58.25,0.5288,-1,-1,-1
1121,-1,343.24,302.20,61.97,144.51,0.5139,-1,-1,-1
1122,5,187.31,441.65,59.91,164.93,0.7874,-1,-1,-1
1122,31,1133.96,335.35,69.42,144.42,0.7300,-1,-1,-1
1122,34,647.61,205.20,49.61,140.95,0.8457,-1,-1,-1
1122,36,938.38,323.55,60.44,118.87,0.8531,-1,-1,-1
1122,37,337.90,360.60,58.70,147.04,0.8042,-1,-1,-1
1122,41,927.32,491.71,42.34,91.99,0.6442,-1,-1,-1
1122,42,393.87,292.74,63.11,147.51,0.7822,-1,-1,-1
1122,-1,702.46,99.15,53.69,123.58,0.5589,-1,-1,-1
1122,-1,353.57,130.70,46.32,129.57,0.5247,-1,-1,-1
1122,-1,555.53,661.73,69.13,58.17,0.5010,-1,-1,-1
1123,5,190.12,441.87,58.53,164.72,0.7996,-1,-1,-1
1123,31,1133.60,335.11,70.85,157.17,0.7900,-1,-1,-1
1123,34,647.75,203.87,48.55,144.53,0.8188,-1,-1,-1
1123,36,938.82,324.30,61.15,116.26,0.8458,-1,-1,-1
1123,37,336.86,360.92,58.43,147.09,0.8093,-1,-1,-1
1123,41,932.24,490.93,43.20,94.04,0.6578,-1,-1,-1
1123,42,393.90,293.51,62.82,147.81,0.7608,-1,-1,-1
1123,-1,702.76,98.84,53.29,124.57,0.5630,-1,-1,-1
1123,-1,353.06,133.51,45.63,128.04,0.5221,-1,-1,-1
1123,-1,555.47,661.75,69.11,58.15,0.5183,-1,-1,-1
1123,-1,345.06,304.55,68.25,158.71,0.5123,-1,-1,-1
1124,5,191.64,441.88,58.64,164.16,0.8288,-1,-1,-1
1124,31,1132.57,334.02,69.47,150.91,0.8143,-1,-1,-1
1124,34,645.85,206.10,48.25,141.46,0.8252,-1,-1,-1
1124,36,938.62,325.19,62.12,115.06,0.8678,-1,-1,-1
1124,37,335.95,361.00,59.44,147.84,0.8094,-1,-1,-1
1124,41,936.14,490.50,42.21,93.90,0.6791,-1,-1,-1
1124,42,393.06,294.37,63.89,146.01,0.8023,-1,-1,-1
1124,-1,345.18,304.55,68.09,159.71,0.5615,-1,-1,-1
1124,-1,703.57,99.28,52.63,124.84,0.5601,-1,-1,-1
1124,-1,352.94,136.27,44.76,125.79,0.5017,-1,-1,-1
1124,-1,554.92,661.87,68.73,58.04,0.5015,-1,-1,-1
1125,5,192.76,442.10,58.93,165.32,0.8365,-1,-1,-1
1125,31,1131.96,332.58,67.75,146.30,0.8481,-1,-1,-1
1125,34,638.32,204.76,55.08,141.37,0.8177,-1,-1,-1
1125,36,937.96,326.37,63.70,113.87,0.8428,-1,-1,-1
1125,37,335.94,362.21,59.59,147.10,0.8082,-1,-1,-1
1125,41,939.83,489.95,44.45,105.58,0.7059,-1,-1,-1
1125,42,395.19,295.17,61.73,144.33,0.8024,-1,-1,-1
1125,-1,346.27,304.78,65.77,150.22,0.5951,-1,-1,-1
1125,-1,351.11,138.61,45.13,125.53,0.5450,-1,-1,-1
1125,-1,316.60,168.09,55.02,135.54,0.5316,-1,-1,-1
1125,-1,702.85,98.90,53.11,125.83,0.6150,-1,-1,-1
1126,5,194.01,442.19,58.86,165.75,0.8359,-1,-1,-1
1126,31,1132.33,328.71,65.62,149.77,0.7898,-1,-1,-1
1126,34,625.40,208.90,66.25,135.58,0.8516,-1,-1,-1
1126,36,937.35,326.72,65.07,113.87,0.8460,-1,-1,-1
1126,37,335.49,362.99,59.20,146.71,0.8125,-1,-1,-1
1126,41,943.35,489.26,41.83,107.86,0.7189,-1,-1,-1
1126,42,396.65,295.66,60.30,144.21,0.8072,-1,-1,-1
1126,9,347.79,304.58,64.20,148.40,0.6539,-1,-1,-1
1126,-1,350.50,140.92,44.37,122.83,0.5119,-1,-1,-1
1126,-1,703.76,99.32,52.43,126.33,0.6134,-1,-1,-1
1127,5,194.53,442.05,59.30,165.80,0.8003,-1,-1,-1
1127,9,347.65,305.17,64.30,147.88,0.6363,-1,-1,-1
1127,31,1127.34,324.75,69.34,153.94,0.7980,-1,-1,-1
1127,34,618.82,209.17,72.66,137.06,0.8481,-1,-1,-1
1127,36,937.49,327.77,65.39,113.62,0.8538,-1,-1,-1
1127,37,334.26,362.63,60.87,147.49,0.8070,-1,-1,-1
1127,41,945.97,488.15,41.53,107.81,0.6809,-1,-1,-1
1127,42,397.45,296.05,59.88,144.15,0.7889,-1,-1,-1
1127,-1,702.25,100.31,54.06,125.93,0.5985,-1,-1,-1
1127,-1,315.61,171.33,50.79,133.71,0.5319,-1,-1,-1
1127,-1,348.26,141.46,45.66,124.37,0.5210,-1,-1,-1
1128,5,194.24,442.43,60.23,166.60,0.7313,-1,-1,-1
1128,9,350.02,306.20,60.91,145.24,0.6830,-1,-1,-1
1128,31,1121.96,325.13,70.60,153.07,0.8687,-1,-1,-1
1128,34,616.62,211.22,74.00,136.11,0.8376,-1,-1,-1
1128,36,939.50,329.31,64.23,112.55,0.8610,-1,-1,-1
1128,37,334.32,363.68,59.94,147.13,0.8021,-1,-1,-1
1128,41,950.37,486.70,46.50,128.83,0.6837,-1,-1,-1
1128,42,391.49,297.13,67.20,144.21,0.8319,-1,-1,-1
1128,-1,704.42,102.53,51.95,124.55,0.5841,-1,-1,-1
1128,-1,342.99,143.66,47.77,141.28,0.5295,-1,-1,-1
1129,5,194.21,442.56,60.62,166.72,0.7242,-1,-1,-1
1129,9,350.11,306.64,60.75,148.40,0.6839,-1,-1,-1
1129,31,1125.91,321.37,66.08,157.21,0.8533,-1,-1,-1
1129,34,610.75,212.29,79.17,135.88,0.8534,-1,-1,-1
1129,36,940.91,329.87,63.33,112.27,0.8545,-1,-1,-1
1129,37,334.46,364.70,60.37,146.55,0.7957,-1,-1,-1
1129,41,951.74,485.94,60.59,131.65,0.7289,-1,-1,-1
1129,42,390.01,297.67,70.27,144.09,0.8095,-1,-1,-1
1129,-1,344.56,146.63,44.21,135.98,0.5830,-1,-1,-1
1129,-1,706.75,103.61,49.68,123.82,0.6112,-1,-1,-1
1130,5,194.04,442.32,65.12,167.24,0.7412,-1,-1,-1
1130,9,351.03,306.99,59.24,145.18,0.6626,-1,-1,-1
1130,31,1133.08,324.73,57.22,153.27,0.8105,-1,-1,-1
1130,34,606.57,213.15,81.33,136.37,0.8489,-1,-1,-1
1130,36,941.73,330.32,62.65,112.19,0.8483,-1,-1,-1
1130,37,334.76,366.26,59.52,145.19,0.7571,-1,-1,-1
1130,41,953.07,485.42,69.62,133.21,0.7179,-1,-1,-1
1130,42,387.96,297.92,73.36,144.40,0.7819,-1,-1,-1
1130,-1,342.37,148.69,45.17,133.79,0.5622,-1,-1,-1
1130,-1,706.84,105.40,49.85,123.13,0.6101,-1,-1,-1
1131,5,193.82,441.99,71.93,167.47,0.7318,-1,-1,-1
1131,9,350.67,307.82,59.82,140.95,0.6419,-1,-1,-1
1131,31,1137.65,327.03,51.34,151.42,0.7723,-1,-1,-1
1131,34,606.16,213.09,78.18,136.99,0.8242,-1,-1,-1
1131,36,941.84,330.35,63.15,112.44,0.8156,-1,-1,-1
1131,37,333.98,366.53,60.70,145.36,0.7640,-1,-1,-1
1131,41,955.09,485.90,76.39,134.22,0.7331,-1,-1,-1
1131,42,388.20,298.27,73.97,144.40,0.7924,-1,-1,-1
1131,-1,707.59,107.48,49.77,121.68,0.6205,-1,-1,-1
1131,-1,340.81,149.92,45.46,132.77,0.6049,-1,-1,-1
1132,5,193.59,441.51,74.31,168.34,0.7620,-1,-1,-1
1132,9,351.30,308.24,58.82,142.95,0.6533,-1,-1,-1
1132,31,1135.86,325.17,52.02,153.35,0.8195,-1,-1,-1
1132,34,606.76,214.19,73.23,136.24,0.8348,-1,-1,-1
1132,36,942.04,330.15,63.09,113.22,0.8366,-1,-1,-1
1132,37,333.30,368.86,60.82,143.46,0.7762,-1,-1,-1
1132,41,957.50,485.83,81.82,134.30,0.7789,-1,-1,-1
1132,42,387.25,298.96,75.12,143.91,0.7901,-1,-1,-1
1132,-1,619.92,183.90,60.93,127.16,0.5257,-1,-1,-1
1132,-1,309.12,178.85,40.63,129.23,0.5227,-1,-1,-1
1132,-1,340.15,151.29,43.96,132.25,0.6392,-1,-1,-1
1132,-1,708.09,108.78,49.28,121.38,0.6189,-1,-1,-1
1133,5,194.59,439.33,79.21,169.48,0.7928,-1,-1,-1
1133,9,352.27,309.46,56.53,137.28,0.6934,-1,-1,-1
1133,31,1136.72,312.49,49.10,163.56,0.8416,-1,-1,-1
1133,34,603.27,214.02,64.18,137.37,0.8475,-1,-1,-1
1133,36,942.74,329.13,62.60,115.32,0.8544,-1,-1,-1
1133,37,332.61,369.18,63.65,143.95,0.7988,-1,-1,-1
1133,41,963.08,486.74,70.38,132.83,0.7224,-1,-1,-1
1133,42,386.05,299.75,78.01,144.13,0.8290,-1,-1,-1
1133,-1,613.04,183.69,60.97,128.76,0.5641,-1,-1,-1
1133,-1,708.48,109.94,49.20,120.89,0.6448,-1,-1,-1
1133,-1,337.67,151.75,43.33,135.72,0.6240,-1,-1,-1
1134,5,196.18,437.37,82.52,170.17,0.7802,-1,-1,-1
1134,9,352.17,310.40,55.98,136.57,0.7021,-1,-1,-1
1134,31,1133.20,314.41,52.62,160.44,0.8601,-1,-1,-1
1134,34,597.41,213.45,62.54,138.29,0.8516,-1,-1,-1
1134,36,942.81,328.71,62.40,116.11,0.8649,-1,-1,-1
1134,37,333.28,368.72,64.54,144.85,0.8239,-1,-1,-1
1134,41,966.77,486.74,68.60,133.68,0.7154,-1,-1,-1
1134,42,385.13,300.06,79.55,144.42,0.8433,-1,-1,-1
1134,-1,609.99,184.89,58.16,126.10,0.5622,-1,-1,-1
1134,-1,293.23,194.22,47.22,115.08,0.5590,-1,-1,-1
1134,-1,708.11,108.94,49.78,122.36,0.6346,-1,-1,-1
1134,-1,336.70,151.78,43.24,139.87,0.6229,-1,-1,-1
1135,5,199.87,435.72,109.86,171.45,0.7209,-1,-1,-1
1135,9,352.16,311.05,55.21,135.82,0.6321,-1,-1,-1
1135,31,1129.42,320.27,56.62,153.43,0.8674,-1,-1,-1
1135,34,590.52,213.67,62.10,139.28,0.8358,-1,-1,-1
1135,36,943.57,328.30,61.41,117.31,0.8544,-1,-1,-1
1135,37,334.35,370.09,67.07,144.13,0.8156,-1,-1,-1
1135,41,970.32,486.57,65.34,133.30,0.6537,-1,-1,-1
1135,42,384.41,300.35,81.18,144.64,0.8369,-1,-1,-1
1135,-1,607.71,185.07,53.82,124.29,0.5538,-1,-1,-1
1135,-1,292.81,185.91,48.09,123.86,0.5430,-1,-1,-1
1135,-1,708.00,108.97,49.83,122.75,0.6380,-1,-1,-1
1135,-1,336.82,154.55,41.96,140.54,0.6134,-1,-1,-1
1136,5,205.17,434.27,106.52,172.14,0.7302,-1,-1,-1
1136,9,352.42,311.73,55.41,134.80,0.6331,-1,-1,-1
1136,31,1126.27,323.41,60.53,148.66,0.8787,-1,-1,-1
1136,34,584.34,213.46,59.59,139.91,0.8324,-1,-1,-1
1136,36,944.39,327.74,60.23,117.94,0.8742,-1,-1,-1
1136,37,334.27,373.83,70.69,141.06,0.7727,-1,-1,-1
1136,41,973.99,485.48,63.29,135.05,0.6630,-1,-1,-1
1136,42,384.18,300.57,82.14,145.15,0.8612,-1,-1,-1
1136,-1,292.96,184.32,48.13,126.40,0.5951,-1,-1,-1
1136,-1,336.67,157.97,41.65,140.28,0.5703,-1,-1,-1
1136,-1,606.03,185.04,49.29,123.17,0.5368,-1,-1,-1
1136,-1,707.80,110.94,50.13,121.19,0.6380,-1,-1,-1
1137,5,214.33,432.58,82.91,166.88,0.6918,-1,-1,-1
1137,31,1121.86,323.69,65.99,145.40,0.8864,-1,-1,-1
1137,34,578.79,213.48,60.43,139.77,0.8129,-1,-1,-1
1137,36,944.60,326.78,60.20,119.37,0.8706,-1,-1,-1
1137,37,334.75,372.29,74.73,143.30,0.7969,-1,-1,-1
1137,41,977.73,484.11,61.50,137.08,0.6566,-1,-1,-1
1137,42,384.31,300.74,82.41,145.47,0.8549,-1,-1,-1
1137,9,352.65,312.90,54.32,133.77,0.5837,-1,-1,-1
1137,-1,321.52,160.37,57.10,140.90,0.5425,-1,-1,-1
1137,-1,292.80,200.51,47.15,110.84,0.5146,-1,-1,-1
1137,-1,553.16,665.03,66.66,55.05,0.5140,-1,-1,-1
1137,-1,707.88,110.83,49.96,121.86,0.6408,-1,-1,-1
1138,5,229.16,430.04,65.84,163.44,0.7572,-1,-1,-1
1138,31,1110.78,320.85,79.95,141.41,0.8796,-1,-1,-1
1138,34,570.65,213.98,64.40,140.16,0.8221,-1,-1,-1
1138,36,944.99,325.05,60.45,121.43,0.8546,-1,-1,-1
1138,37,342.26,375.46,67.91,141.10,0.8136,-1,-1,-1
1138,41,985.16,482.11,74.29,139.13,0.7071,-1,-1,-1
1138,42,384.65,300.79,84.32,146.21,0.8513,-1,-1,-1
1138,9,351.60,314.28,55.25,133.45,0.5832,-1,-1,-1
1138,-1,291.82,186.17,48.16,126.56,0.5633,-1,-1,-1
1138,-1,331.19,166.68,49.24,138.09,0.5604,-1,-1,-1
1138,-1,707.61,113.07,50.82,120.83,0.6285,-1,-1,-1
1139,5,231.09,429.95,69.52,163.87,0.7920,-1,-1,-1
1139,31,1107.43,320.00,84.13,141.70,0.8539,-1,-1,-1
1139,34,567.17,213.87,66.13,140.27,0.8272,-1,-1,-1
1139,36,945.02,323.61,60.55,122.73,0.8541,-1,-1,-1
1139,37,347.42,375.30,63.08,141.92,0.8362,-1,-1,-1
1139,41,989.53,480.73,57.15,140.13,0.6867,-1,-1,-1
1139,42,385.65,300.89,84.06,146.78,0.8445,-1,-1,-1
1139,9,345.53,315.54,60.70,144.05,0.5564,-1,-1,-1
1139,-1,328.65,170.76,52.13,136.31,0.5745,-1,-1,-1
1139,-1,291.85,188.23,48.33,126.26,0.5517,-1,-1,-1
1139,-1,553.05,666.92,66.36,53.18,0.5044,-1,-1,-1
1139,-1,707.72,113.40,50.77,120.74,0.6121,-1,-1,-1
1140,5,230.94,430.23,69.82,164.01,0.7983,-1,-1,-1
1140,9,351.44,316.68,56.40,132.98,0.6593,-1,-1,-1
1140,31,1104.77,319.07,87.64,143.04,0.8564,-1,-1,-1
1140,34,564.32,213.98,65.73,140.81,0.8303,-1,-1,-1
1140,36,945.34,322.47,60.29,123.03,0.8634,-1,-1,-1
1140,37,347.24,375.75,63.29,142.01,0.8468,-1,-1,-1
1140,41,993.46,479.64,65.67,141.25,0.7790,-1,-1,-1
1140,42,384.47,301.01,86.00,147.49,0.8544,-1,-1,-1
1140,-1,291.67,188.92,47.31,127.94,0.5599,-1,-1,-1
1140,-1,553.02,667.55,66.81,52.56,0.5054,-1,-1,-1
1140,-1,707.67,113.67,51.02,120.98,0.6311,-1,-1,-1
1140,-1,331.29,174.42,49.35,135.23,0.6033,-1,-1,-1
1141,5,231.30,431.16,71.59,163.24,0.7817,-1,-1,-1
1141,31,1103.85,318.22,88.57,144.37,0.8331,-1,-1,-1
1141,34,562.12,215.23,68.25,138.96,0.7969,-1,-1,-1
1141,36,946.57,321.78,59.32,122.35,0.8445,-1,-1,-1
1141,37,347.02,377.21,63.31,141.26,0.8489,-1,-1,-1
1141,41,997.97,478.89,59.65,142.14,0.7868,-1,-1,-1
1141,42,384.54,300.98,87.04,148.11,0.8420,-1,-1,-1
1141,9,348.78,317.97,58.66,126.53,0.5628,-1,-1,-1
1141,-1,291.44,188.08,46.89,132.32,0.5611,-1,-1,-1
1141,-1,553.23,667.72,65.96,52.40,0.5206,-1,-1,-1
1141,-1,335.37,175.19,44.51,135.49,0.6444,-1,-1,-1
1141,-1,707.68,113.41,51.29,121.57,0.6298,-1,-1,-1
1142,5,231.40,432.26,73.62,162.34,0.7886,-1,-1,-1
1142,31,1108.74,317.94,84.05,145.29,0.8038,-1,-1,-1
1142,34,560.18,215.38,70.44,137.35,0.7812,-1,-1,-1
1142,36,946.88,320.75,59.49,122.19,0.8372,-1,-1,-1
1142,37,347.49,377.17,63.24,141.47,0.8295,-1,-1,-1
1142,41,1000.77,478.26,55.04,142.09,0.7837,-1,-1,-1
1142,42,383.78,300.93,88.48,148.80,0.8428,-1,-1,-1
1142,9,348.25,319.18,51.54,111.81,0.5019,-1,-1,-1
1142,-1,291.69,188.84,47.70,134.14,0.5546,-1,-1,-1
1142,-1,334.22,177.30,45.42,134.49,0.6994,-1,-1,-1
1142,-1,707.79,113.80,51.43,121.47,0.6097,-1,-1,-1
1143,5,231.36,433.72,85.18,160.28,0.7822,-1,-1,-1
1143,31,1131.33,317.38,61.36,147.25,0.8010,-1,-1,-1
1143,34,557.16,215.10,78.34,112.05,0.7748,-1,-1,-1
1143,36,947.83,319.53,59.73,120.11,0.8467,-1,-1,-1
1143,37,347.65,376.97,64.70,142.56,0.8257,-1,-1,-1
1143,41,1006.65,478.01,55.59,158.06,0.7724,-1,-1,-1
1143,42,382.20,301.29,91.90,148.93,0.8258,-1,-1,-1
1143,-1,292.81,192.69,49.07,137.86,0.5453,-1,-1,-1
1143,-1,552.77,668.40,66.89,51.67,0.5238,-1,-1,-1
1143,-1,707.57,118.33,51.75,117.46,0.6548,-1,-1,-1
1143,-1,334.84,167.75,43.33,144.36,0.6201,-1,-1,-1
1144,5,231.24,433.58,88.59,158.41,0.7439,-1,-1,-1
1144,31,1134.04,317.27,59.00,148.01,0.8058,-1,-1,-1
1144,34,556.08,214.84,67.03,134.94,0.7945,-1,-1,-1
1144,36,948.19,319.32,59.50,118.46,0.8438,-1,-1,-1
1144,37,347.12,377.79,65.72,142.15,0.8026,-1,-1,-1
1144,41,1009.28,478.29,65.05,156.07,0.7332,-1,-1,-1
1144,42,382.22,301.49,93.32,149.27,0.8332,-1,-1,-1
1144,-1,344.06,322.81,54.24,137.71,0.5880,-1,-1,-1
1144,-1,293.28,195.08,51.07,137.29,0.5308,-1,-1,-1
1144,-1,552.29,668.88,67.87,51.19,0.5087,-1,-1,-1
1144,-1,334.65,173.66,43.63,138.50,0.6665,-1,-1,-1
1144,-1,707.36,117.93,51.99,118.09,0.6403,-1,-1,-1
1145,5,233.05,432.30,92.64,158.76,0.6874,-1,-1,-1
1145,31,1133.83,316.99,59.62,148.56,0.8047,-1,-1,-1
1145,34,555.33,215.50,63.47,133.56,0.7787,-1,-1,-1
1145,36,948.71,319.57,59.13,117.25,0.8472,-1,-1,-1
1145,37,346.08,377.13,67.22,143.30,0.7729,-1,-1,-1
1145,41,1011.78,478.71,72.92,152.48,0.7338,-1,-1,-1
1145,42,382.94,301.62,93.54,149.72,0.8228,-1,-1,-1
1145,-1,343.89,323.59,54.14,137.81,0.5438,-1,-1,-1
1145,-1,293.52,192.67,47.60,141.02,0.5344,-1,-1,-1
1145,-1,334.36,171.73,43.92,140.87,0.6591,-1,-1,-1
1145,-1,707.37,117.34,51.94,119.95,0.6398,-1,-1,-1
1146,5,236.97,431.80,113.45,157.21,0.8275,-1,-1,-1
1146,31,1133.72,316.64,58.95,148.79,0.8483,-1,-1,-1
1146,34,554.44,214.96,65.25,134.25,0.7976,-1,-1,-1
1146,36,948.67,319.97,59.52,117.32,0.8637,-1,-1,-1
1146,37,346.86,377.25,66.13,143.73,0.7943,-1,-1,-1
1146,41,1013.32,478.86,77.89,149.99,0.7819,-1,-1,-1
1146,42,383.02,301.91,94.44,149.93,0.8348,-1,-1,-1
1146,-1,333.70,171.58,43.87,141.50,0.5975,-1,-1,-1
1146,-1,342.18,324.28,53.18,142.01,0.5864,-1,-1,-1
1146,-1,551.37,669.91,67.94,50.13,0.5030,-1,-1,-1
1146,-1,707.23,119.04,51.64,118.76,0.6552,-1,-1,-1
1147,5,241.48,428.43,115.03,159.38,0.7206,-1,-1,-1
1147,31,1133.66,316.53,58.16,147.87,0.8316,-1,-1,-1
1147,34,553.25,215.42,58.50,134.69,0.8121,-1,-1,-1
1147,36,949.10,320.49,59.17,116.96,0.8401,-1,-1,-1
1147,37,347.79,377.88,65.33,143.57,0.7810,-1,-1,-1
1147,41,1014.62,478.96,79.68,149.66,0.7291,-1,-1,-1
1147,42,383.29,302.09,94.66,150.23,0.8108,-1,-1,-1
1147,-1,341.83,324.80,46.83,140.90,0.5771,-1,-1,-1
1147,-1,333.23,175.10,43.71,138.17,0.5191,-1,-1,-1
1147,-1,707.06,118.92,51.89,119.19,0.6619,-1,-1,-1
1148,5,258.31,423.94,90.84,156.38,0.6459,-1,-1,-1
1148,31,1133.30,315.59,51.61,147.83,0.7951,-1,-1,-1
1148,34,550.04,214.70,53.57,137.34,0.8350,-1,-1,-1
1148,36,948.31,322.01,60.17,116.04,0.8341,-1,-1,-1
1148,37,348.43,374.18,65.13,147.66,0.8479,-1,-1,-1
1148,41,1015.90,478.86,78.11,149.77,0.7353,-1,-1,-1
1148,42,384.21,302.30,94.50,150.28,0.8360,-1,-1,-1
1148,9,341.20,325.55,43.30,151.32,0.6439,-1,-1,-1
1148,-1,570.66,196.29,55.35,129.82,0.5862,-1,-1,-1
1148,-1,331.36,188.55,43.53,130.22,0.5604,-1,-1,-1
1148,-1,707.33,120.52,51.86,118.54,0.6626,-1,-1,-1
1149,5,243.68,423.91,108.33,155.72,0.6906,-1,-1,-1
1149,31,1131.93,315.12,52.11,147.65,0.8191,-1,-1,-1
1149,34,539.10,215.07,62.47,136.44,0.8361,-1,-1,-1
1149,36,948.38,322.61,60.22,115.96,0.8421,-1,-1,-1
1149,37,347.80,376.81,70.48,145.12,0.8586,-1,-1,-1
1149,41,1018.86,478.87,75.26,150.08,0.7727,-1,-1,-1
1149,42,384.42,302.54,94.73,150.08,0.8470,-1,-1,-1
1149,9,340.27,326.12,43.26,155.23,0.5714,-1,-1,-1
1149,-1,567.88,192.51,52.92,131.98,0.5777,-1,-1,-1
1149,-1,330.79,192.94,43.17,130.18,0.5282,-1,-1,-1
1149,-1,707.28,120.69,51.97,118.47,0.6667,-1,-1,-1
1150,5,281.11,420.46,78.58,158.56,0.7456,-1,-1,-1
1150,31,1132.49,314.96,51.41,147.27,0.8338,-1,-1,-1
1150,34,532.00,216.74,68.80,134.81,0.8679,-1,-1,-1
1150,36,948.96,323.80,59.96,115.07,0.8444,-1,-1,-1
1150,37,347.31,380.14,76.86,142.20,0.8501,-1,-1,-1
1150,41,1019.37,478.52,74.37,151.05,0.7671,-1,-1,-1
1150,42,384.79,302.84,94.34,149.41,0.8239,-1,-1,-1
1150,9,341.59,326.53,41.86,126.04,0.5946,-1,-1,-1
1150,-1,707.31,122.13,52.34,117.48,0.6691,-1,-1,-1
1151,5,287.28,416.88,75.58,160.32,0.7323,-1,-1,-1
1151,9,341.05,326.85,43.71,150.90,0.6168,-1,-1,-1
1151,31,1131.86,314.71,52.98,146.69,0.8303,-1,-1,-1
1151,34,524.88,217.19,74.47,134.71,0.8683,-1,-1,-1
1151,36,949.82,324.65,59.50,114.90,0.8541,-1,-1,-1
1151,37,345.60,381.48,82.84,141.30,0.8332,-1,-1,-1
1151,41,1020.89,477.56,72.96,152.04,0.7706,-1,-1,-1
1151,42,383.06,303.57,96.23,145.08,0.8056,-1,-1,-1
1151,-1,706.91,122.55,52.73,117.29,0.6660,-1,-1,-1
1152,5,290.15,412.24,75.76,165.26,0.7867,-1,-1,-1
1152,9,342.05,327.29,42.47,110.64,0.6059,-1,-1,-1
1152,31,1129.49,314.37,55.01,146.96,0.8060,-1,-1,-1
1152,34,520.21,218.42,78.75,134.24,0.8770,-1,-1,-1
1152,36,950.65,325.43,59.25,114.71,0.8449,-1,-1,-1
1152,37,346.14,382.35,84.86,140.98,0.8689,-1,-1,-1
1152,41,1027.06,477.17,67.25,153.00,0.7886,-1,-1,-1
1152,42,383.37,304.27,95.79,156.71,0.8357,-1,-1,-1
1152,-1,329.21,205.63,43.40,126.12,0.5416,-1,-1,-1
1152,-1,706.86,122.19,52.60,118.09,0.6837,-1,-1,-1
1153,5,300.40,409.88,78.68,163.18,0.7669,-1,-1,-1
1153,9,317.63,328.54,65.44,142.20,0.7021,-1,-1,-1
1153,31,1132.52,313.96,53.96,149.39,0.8300,-1,-1,-1
1153,34,516.61,219.74,79.15,137.29,0.8950,-1,-1,-1
1153,36,950.99,326.08,59.57,114.82,0.8532,-1,-1,-1
1153,37,359.56,383.23,72.58,139.33,0.8480,-1,-1,-1
1153,41,1039.12,475.47,60.18,155.48,0.8451,-1,-1,-1
1153,42,382.31,305.23,96.11,138.77,0.8646,-1,-1,-1
1153,-1,560.43,197.37,35.34,129.79,0.5098,-1,-1,-1
1153,-1,706.70,121.39,53.48,119.79,0.7037,-1,-1,-1
1153,-1,317.84,213.12,55.49,117.43,0.6411,-1,-1,-1
1154,5,306.50,408.76,86.08,161.37,0.7890,-1,-1,-1
1154,9,323.24,327.93,59.52,135.98,0.7052,-1,-1,-1
1154,31,1131.17,313.79,55.15,149.33,0.8231,-1,-1,-1
1154,34,516.69,220.90,79.35,137.83,0.8992,-1,-1,-1
1154,36,951.84,326.03,59.00,115.05,0.8564,-1,-1,-1
1154,37,366.61,382.74,66.20,139.85,0.8279,-1,-1,-1
1154,41,1044.81,474.44,60.47,156.65,0.8605,-1,-1,-1
1154,42,381.74,306.11,95.12,137.09,0.8635,-1,-1,-1
1154,-1,325.77,215.66,47.03,114.95,0.5411,-1,-1,-1
1154,-1,559.31,193.50,35.07,134.69,0.5206,-1,-1,-1
1154,-1,305.70,224.71,38.68,117.12,0.5190,-1,-1,-1
1154,44,706.78,121.70,53.51,119.68,0.7011,-1,-1,-1
1155,5,315.63,408.70,86.93,158.06,0.7421,-1,-1,-1
1155,9,328.31,326.29,56.26,128.05,0.7257,-1,-1,-1
1155,31,1131.69,313.14,55.09,149.79,0.8320,-1,-1,-1
1155,34,516.52,221.15,78.84,137.96,0.9005,-1,-1,-1
1155,36,952.29,325.86,58.76,115.21,0.8647,-1,-1,-1
1155,37,371.63,381.75,66.31,140.84,0.7814,-1,-1,-1
1155,41,1047.31,473.98,67.96,157.05,0.8628,-1,-1,-1
1155,42,381.47,306.49,93.55,137.02,0.8616,-1,-1,-1
1155,44,706.94,121.47,53.22,119.73,0.7101,-1,-1,-1
1155,-1,330.95,217.92,41.96,111.45,0.5669,-1,-1,-1
1155,-1,558.30,192.78,34.26,133.64,0.5326,-1,-1,-1
1155,-1,305.39,220.63,38.77,121.23,0.6036,-1,-1,-1
1156,5,325.40,406.80,80.16,156.11,0.7913,-1,-1,-1
1156,9,334.48,325.13,49.56,127.02,0.6774,-1,-1,-1
1156,31,1132.92,312.69,53.62,149.31,0.8105,-1,-1,-1
1156,34,518.06,221.11,76.05,138.09,0.8483,-1,-1,-1
1156,36,952.56,325.10,59.13,115.96,0.8456,-1,-1,-1
1156,37,378.30,379.98,81.99,142.49,0.7870,-1,-1,-1
1156,41,1049.65,472.76,72.73,158.35,0.8723,-1,-1,-1
1156,42,383.25,306.60,90.24,140.59,0.8214,-1,-1,-1
1156,44,707.23,122.02,52.99,119.02,0.6832,-1,-1,-1
1156,-1,305.46,224.11,39.21,117.83,0.5827,-1,-1,-1
1156,-1,327.64,220.60,46.68,110.69,0.5739,-1,-1,-1
1156,-1,553.08,192.64,39.57,134.47,0.5049,-1,-1,-1
1157,5,338.36,406.57,68.45,153.14,0.8203,-1,-1,-1
1157,31,1133.23,312.25,53.30,146.71,0.7957,-1,-1,-1
1157,34,516.57,221.54,74.77,137.60,0.8581,-1,-1,-1
1157,36,953.36,324.52,58.85,116.64,0.8695,-1,-1,-1
1157,37,385.30,378.41,69.71,143.87,0.7649,-1,-1,-1
1157,41,1052.74,472.71,77.12,158.38,0.8750,-1,-1,-1
1157,42,382.63,307.16,88.93,136.18,0.8065,-1,-1,-1
1157,44,707.71,121.55,53.03,119.44,0.6740,-1,-1,-1
1157,9,337.09,325.56,46.49,152.75,0.5680,-1,-1,-1
1157,-1,305.47,226.83,38.68,115.93,0.5933,-1,-1,-1
1157,-1,555.62,193.98,37.46,130.78,0.6373,-1,-1,-1
1157,-1,327.85,221.60,48.33,124.57,0.6228,-1,-1,-1
1158,5,360.64,404.04,48.99,154.37,0.6809,-1,-1,-1
1158,9,335.07,322.75,49.81,157.03,0.7305,-1,-1,-1
1158,31,1134.57,311.51,49.28,143.69,0.8164,-1,-1,-1
1158,34,511.67,220.88,70.31,138.56,0.8512,-1,-1,-1
1158,36,955.14,322.60,58.45,118.29,0.8446,-1,-1,-1
1158,37,398.61,374.82,59.46,148.05,0.7457,-1,-1,-1
1158,41,1057.84,472.21,82.75,158.92,0.8341,-1,-1,-1
1158,42,380.80,308.11,86.43,134.30,0.8029,-1,-1,-1
1158,44,708.62,122.06,52.93,119.07,0.6610,-1,-1,-1
1158,-1,336.63,222.35,44.14,107.40,0.5760,-1,-1,-1
1158,-1,554.56,193.03,37.71,131.42,0.6777,-1,-1,-1
1158,-1,306.20,219.96,41.05,125.37,0.6060,-1,-1,-1
1159,9,333.93,330.15,51.12,151.11,0.7152,-1,-1,-1
1159,31,1134.25,310.93,50.05,142.30,0.8316,-1,-1,-1
1159,34,509.64,219.89,66.32,139.33,0.8737,-1,-1,-1
1159,36,955.23,321.71,58.76,118.39,0.8515,-1,-1,-1
1159,37,399.97,372.11,62.60,150.02,0.7117,-1,-1,-1
1159,41,1060.45,472.04,83.85,159.10,0.8124,-1,-1,-1
1159,42,378.83,308.84,87.41,116.52,0.6936,-1,-1,-1
1159,44,708.88,121.18,52.63,120.15,0.6695,-1,-1,-1
1159,5,366.73,401.11,48.40,155.86,0.5795,-1,-1,-1
1159,-1,333.18,222.17,48.71,120.47,0.5950,-1,-1,-1
1159,-1,306.94,219.75,42.30,125.44,0.5875,-1,-1,-1
1159,-1,553.34,195.64,38.49,128.65,0.6887,-1,-1,-1
1160,5,370.46,397.03,51.84,157.42,0.6335,-1,-1,-1
1160,9,333.47,327.74,50.15,156.00,0.6932,-1,-1,-1
1160,31,1134.19,310.58,50.60,140.57,0.8437,-1,-1,-1
1160,34,508.10,219.22,61.44,139.30,0.8312,-1,-1,-1
1160,36,955.67,320.62,58.04,117.69,0.8416,-1,-1,-1
1160,37,405.57,370.78,56.52,149.55,0.6670,-1,-1,-1
1160,41,1063.04,470.69,84.17,160.08,0.7853,-1,-1,-1
1160,42,376.78,308.79,88.65,108.85,0.6212,-1,-1,-1
1160,44,709.28,121.53,52.26,119.46,0.6558,-1,-1,-1
1160,-1,332.17,222.38,50.27,123.19,0.5901,-1,-1,-1
1160,-1,307.83,221.50,39.35,123.29,0.5352,-1,-1,-1
1160,-1,552.13,195.67,39.55,128.68,0.6943,-1,-1,-1
1161,5,370.20,393.42,62.29,159.37,0.6976,-1,-1,-1
1161,9,333.13,321.63,51.21,163.68,0.6858,-1,-1,-1
1161,31,1134.00,310.39,50.82,139.95,0.8577,-1,-1,-1
1161,34,507.08,218.26,57.62,140.24,0.8407,-1,-1,-1
1161,36,955.64,319.73,58.58,116.92,0.8417,-1,-1,-1
1161,37,412.88,370.51,72.50,144.12,0.6474,-1,-1,-1
1161,41,1065.71,469.86,83.65,160.69,0.7673,-1,-1,-1
1161,42,374.99,308.81,86.18,89.08,0.6695,-1,-1,-1
1161,44,709.41,120.78,52.30,120.07,0.6498,-1,-1,-1
1161,-1,308.59,222.42,37.79,122.62,0.5911,-1,-1,-1
1161,-1,550.13,195.20,41.40,128.81,0.6831,-1,-1,-1
1161,-1,338.13,223.08,44.78,126.46,0.6576,-1,-1,-1
1162,5,379.15,390.73,63.50,160.29,0.6703,-1,-1,-1
1162,9,332.44,321.07,54.57,164.43,0.7313,-1,-1,-1
1162,31,1132.52,310.12,52.09,140.14,0.8431,-1,-1,-1
1162,34,506.34,218.05,57.05,140.71,0.8507,-1,-1,-1
1162,36,955.11,319.26,59.18,115.94,0.8445,-1,-1,-1
1162,37,417.26,371.09,69.86,141.07,0.7457,-1,-1,-1
1162,41,1068.17,468.60,82.07,161.41,0.7756,-1,-1,-1
1162,42,372.77,308.88,85.74,88.17,0.7036,-1,-1,-1
1162,44,709.71,120.57,52.03,120.34,0.6410,-1,-1,-1
1162,-1,309.52,222.99,38.46,123.05,0.5967,-1,-1,-1
1162,-1,336.57,224.74,46.36,127.71,0.6993,-1,-1,-1
1162,-1,547.68,195.69,43.93,128.52,0.6505,-1,-1,-1