1,-1,440.26,267.62,117.08,170.19,0.9419,-1,-1,-1
1,-1,974.06,388.81,77.45,217.01,0.8981,-1,-1,-1
1,-1,668.94,272.61,89.67,154.04,0.8668,-1,-1,-1
1,-1,1167.05,564.36,62.90,155.45,0.8636,-1,-1,-1
1,-1,634.14,430.85,96.32,197.95,0.8027,-1,-1,-1
1,-1,996.07,290.65,56.19,171.35,0.7959,-1,-1,-1
1,-1,584.69,368.71,59.88,181.23,0.7943,-1,-1,-1
1,-1,69.20,94.38,74.23,168.61,0.6649,-1,-1,-1
1,-1,621.33,271.49,74.39,180.56,0.6198,-1,-1,-1
1,-1,617.49,74.06,41.50,57.91,0.5922,-1,-1,-1
1,-1,691.51,419.67,75.68,139.05,0.5786,-1,-1,-1
1,-1,714.58,80.77,51.55,55.50,0.5406,-1,-1,-1
1,-1,766.86,79.46,48.24,57.25,0.5058,-1,-1,-1
2,-1,434.33,269.20,124.38,168.46,0.9453,-1,-1,-1
2,-1,976.71,388.32,76.64,217.01,0.8967,-1,-1,-1
2,-1,1167.94,563.71,62.58,156.10,0.8681,-1,-1,-1
2,-1,665.31,272.40,94.93,152.59,0.8240,-1,-1,-1
2,-1,996.04,291.05,57.68,171.37,0.8175,-1,-1,-1
2,-1,589.20,371.72,56.51,179.04,0.8136,-1,-1,-1
2,-1,636.62,414.70,100.81,212.90,0.8118,-1,-1,-1
2,-1,72.22,94.89,75.08,167.75,0.6854,-1,-1,-1
2,-1,699.89,416.60,77.42,141.62,0.6360,-1,-1,-1
2,-1,619.10,73.97,41.58,57.61,0.5900,-1,-1,-1
2,-1,624.40,277.07,65.93,156.34,0.5192,-1,-1,-1
2,-1,768.42,79.05,49.18,58.05,0.5168,-1,-1,-1
2,-1,714.86,80.65,52.14,55.43,0.5051,-1,-1,-1
3,0,431.14,270.21,128.94,167.34,0.9441,-1,-1,-1
3,1,979.85,388.82,74.76,216.84,0.8919,-1,-1,-1
3,3,1168.25,563.47,62.65,156.32,0.8665,-1,-1,-1
3,6,592.81,372.91,53.85,182.02,0.8181,-1,-1,-1
3,10,702.27,413.50,87.11,152.61,0.8147,-1,-1,-1
3,5,996.46,291.49,58.58,168.44,0.7942,-1,-1,-1
3,4,638.62,429.92,104.86,196.29,0.7753,-1,-1,-1
3,7,70.78,96.29,78.88,165.93,0.7187,-1,-1,-1
3,8,608.85,277.39,84.63,171.21,0.5898,-1,-1,-1
3,2,664.65,272.67,95.85,150.80,0.5883,-1,-1,-1
3,-1,653.19,272.45,108.41,153.88,0.5775,-1,-1,-1
3,9,620.37,74.41,42.14,57.84,0.5699,-1,-1,-1
3,11,769.78,79.62,48.68,58.03,0.5524,-1,-1,-1
4,0,431.47,271.06,131.38,166.66,0.9454,-1,-1,-1
4,1,982.76,390.51,72.90,216.87,0.8960,-1,-1,-1
4,3,1168.38,563.02,63.00,156.77,0.8709,-1,-1,-1
4,2,663.77,273.02,95.09,139.93,0.8575,-1,-1,-1
4,4,640.00,435.89,109.85,190.65,0.8255,-1,-1,-1
4,10,707.53,409.36,92.96,159.71,0.8115,-1,-1,-1
4,5,997.42,292.15,58.68,141.32,0.7972,-1,-1,-1
4,6,596.17,372.72,54.44,184.37,0.7790,-1,-1,-1
4,8,628.69,296.34,64.48,167.57,0.6751,-1,-1,-1
4,7,74.98,96.55,75.41,165.27,0.6748,-1,-1,-1
4,9,622.40,75.24,41.52,56.79,0.6037,-1,-1,-1
4,11,771.99,80.23,47.90,57.96,0.5463,-1,-1,-1
5,0,433.26,271.48,130.90,166.22,0.9446,-1,-1,-1
5,1,985.27,393.13,71.26,215.06,0.8905,-1,-1,-1
5,3,1168.01,562.73,63.61,157.18,0.8681,-1,-1,-1
5,2,664.87,273.27,98.11,144.08,0.8587,-1,-1,-1
5,10,713.54,404.43,98.16,160.27,0.8177,-1,-1,-1
5,5,998.56,292.02,58.92,171.10,0.8123,-1,-1,-1
5,4,640.60,438.56,115.51,187.11,0.8005,-1,-1,-1
5,6,598.33,373.45,58.56,184.46,0.7495,-1,-1,-1
5,8,621.47,305.38,74.96,162.10,0.6964,-1,-1,-1
5,7,80.00,97.70,71.88,164.79,0.6354,-1,-1,-1
5,9,623.89,75.65,42.08,57.23,0.5977,-1,-1,-1
5,-1,576.91,277.32,91.35,93.80,0.5836,-1,-1,-1
5,11,772.67,80.72,48.46,57.99,0.5100,-1,-1,-1
6,0,436.71,270.00,128.28,166.20,0.9460,-1,-1,-1
6,1,989.36,397.76,69.17,208.06,0.8762,-1,-1,-1
6,2,671.28,274.65,100.86,154.87,0.8723,-1,-1,-1
6,3,1166.74,561.29,64.48,158.57,0.8644,-1,-1,-1
6,4,643.90,438.16,117.49,185.18,0.8598,-1,-1,-1
6,10,741.92,398.63,106.44,164.77,0.8414,-1,-1,-1
6,5,1002.18,291.89,56.63,169.67,0.7920,-1,-1,-1
6,7,87.99,96.83,72.62,165.00,0.7112,-1,-1,-1
6,6,603.11,370.82,53.90,188.99,0.7091,-1,-1,-1
6,8,645.34,329.45,55.02,195.90,0.7040,-1,-1,-1
6,-1,589.79,274.38,84.97,126.65,0.6207,-1,-1,-1
6,9,626.68,75.76,43.16,57.67,0.5982,-1,-1,-1
6,11,776.61,80.57,48.03,58.09,0.5363,-1,-1,-1
7,0,438.31,269.55,120.58,165.20,0.9413,-1,-1,-1
7,1,990.03,398.90,70.46,205.84,0.8904,-1,-1,-1
7,2,672.10,275.32,103.15,156.45,0.8876,-1,-1,-1
7,4,645.37,436.95,118.32,185.27,0.8703,-1,-1,-1
7,3,1166.16,560.16,64.97,159.75,0.8530,-1,-1,-1
7,5,1004.06,291.89,55.68,164.47,0.8070,-1,-1,-1
7,10,750.52,397.43,113.46,167.55,0.7828,-1,-1,-1
7,12,593.29,272.71,85.99,139.07,0.7522,-1,-1,-1
7,6,603.61,354.74,58.61,203.39,0.7219,-1,-1,-1
7,7,90.01,96.76,72.95,164.61,0.7050,-1,-1,-1
7,8,646.72,339.32,55.71,196.75,0.6859,-1,-1,-1
7,9,628.80,75.52,43.06,57.18,0.5638,-1,-1,-1
8,0,435.79,267.56,115.52,166.38,0.9301,-1,-1,-1
8,1,991.24,398.15,70.94,205.35,0.8909,-1,-1,-1
8,2,676.33,275.94,102.58,157.80,0.8780,-1,-1,-1
8,3,1165.73,559.30,65.49,160.61,0.8609,-1,-1,-1
8,4,647.57,435.83,117.86,184.50,0.8172,-1,-1,-1
8,5,1007.54,291.38,52.83,161.80,0.7894,-1,-1,-1
8,10,757.41,397.75,116.81,167.10,0.7414,-1,-1,-1
8,6,602.72,361.02,60.67,196.57,0.6899,-1,-1,-1
8,7,94.02,97.61,69.34,162.95,0.6663,-1,-1,-1
8,12,607.73,272.34,76.21,105.71,0.6102,-1,-1,-1
8,8,649.23,339.25,51.41,196.52,0.5931,-1,-1,-1
8,9,630.80,75.77,42.24,55.96,0.5550,-1,-1,-1
9,0,433.55,266.57,109.51,166.16,0.9361,-1,-1,-1
9,2,676.73,276.34,102.71,159.32,0.8869,-1,-1,-1
9,1,991.92,395.94,72.55,206.19,0.8868,-1,-1,-1
9,4,650.87,428.38,122.05,191.14,0.8769,-1,-1,-1
9,10,783.03,398.97,95.37,165.73,0.8511,-1,-1,-1
9,3,1164.72,558.59,66.79,161.31,0.8430,-1,-1,-1
9,12,606.71,271.53,82.65,115.92,0.8050,-1,-1,-1
9,5,1009.91,291.65,51.97,153.55,0.7538,-1,-1,-1
9,6,594.05,369.52,70.72,186.96,0.6974,-1,-1,-1
9,7,97.63,97.91,67.94,162.21,0.6397,-1,-1,-1
9,8,654.48,356.53,51.58,177.06,0.5742,-1,-1,-1
9,9,633.60,75.79,40.67,55.46,0.5333,-1,-1,-1
10,0,432.58,265.03,99.77,166.56,0.9356,-1,-1,-1
10,1,992.76,394.01,73.98,206.96,0.8876,-1,-1,-1
10,4,659.61,425.53,123.34,193.51,0.8756,-1,-1,-1
10,2,684.84,276.07,94.03,159.51,0.8750,-1,-1,-1
10,10,796.71,398.48,85.21,165.70,0.8440,-1,-1,-1
10,3,1164.33,558.44,66.67,161.45,0.8430,-1,-1,-1
10,12,610.27,271.31,83.67,118.30,0.8351,-1,-1,-1
10,5,1012.66,291.75,49.91,149.91,0.7560,-1,-1,-1
10,7,102.81,97.71,71.16,161.40,0.6916,-1,-1,-1
10,6,589.28,365.16,94.99,187.47,0.6777,-1,-1,-1
10,9,635.40,76.07,40.76,56.04,0.5589,-1,-1,-1
11,0,430.92,263.55,94.17,166.23,0.9378,-1,-1,-1
11,2,701.72,274.01,85.41,160.45,0.8737,-1,-1,-1
11,4,689.71,419.83,110.00,195.42,0.8676,-1,-1,-1
11,10,826.59,394.02,73.22,173.43,0.8579,-1,-1,-1
11,1,993.93,389.72,79.07,208.24,0.8528,-1,-1,-1
11,12,617.62,272.26,89.74,120.49,0.8439,-1,-1,-1
11,3,1150.53,558.29,79.88,162.11,0.8166,-1,-1,-1
11,5,1016.86,292.30,48.84,138.96,0.7328,-1,-1,-1
11,6,604.93,365.45,66.78,186.67,0.7326,-1,-1,-1
11,7,109.83,98.67,69.89,159.38,0.7035,-1,-1,-1
11,8,661.12,360.21,53.00,169.37,0.6575,-1,-1,-1
11,9,638.50,76.49,41.12,56.50,0.5567,-1,-1,-1
12,0,431.25,263.52,92.04,164.33,0.9363,-1,-1,-1
12,2,707.58,272.69,87.34,152.30,0.8751,-1,-1,-1
12,1,995.60,388.39,80.57,207.68,0.8589,-1,-1,-1
12,12,622.22,272.91,94.00,121.75,0.8407,-1,-1,-1
12,10,837.42,390.03,72.08,175.50,0.8395,-1,-1,-1
12,3,1151.46,557.96,78.52,162.24,0.7941,-1,-1,-1
12,4,705.53,414.69,106.69,197.22,0.7926,-1,-1,-1
12,6,608.88,364.29,62.58,186.49,0.7739,-1,-1,-1
12,8,662.36,356.52,59.69,171.37,0.7475,-1,-1,-1
12,5,1016.80,292.10,49.24,134.22,0.7248,-1,-1,-1
12,7,115.28,98.31,71.10,158.10,0.7105,-1,-1,-1
12,9,641.43,76.36,40.71,55.42,0.5645,-1,-1,-1
13,0,431.40,265.19,89.92,161.63,0.9354,-1,-1,-1
13,2,713.98,270.43,89.61,162.83,0.8851,-1,-1,-1
13,10,846.66,386.70,71.60,178.50,0.8456,-1,-1,-1
13,1,996.12,388.15,83.53,206.53,0.8454,-1,-1,-1
13,12,627.86,273.52,95.74,110.92,0.8235,-1,-1,-1
13,4,724.07,409.99,94.12,198.75,0.7964,-1,-1,-1
13,3,1160.15,557.86,69.20,162.11,0.7939,-1,-1,-1
13,6,614.54,366.36,58.61,183.13,0.7650,-1,-1,-1
13,8,661.51,351.23,65.11,175.03,0.7377,-1,-1,-1
13,7,119.47,99.52,70.33,157.52,0.6863,-1,-1,-1
13,5,1017.64,292.10,48.60,133.64,0.6837,-1,-1,-1
13,9,643.10,76.18,41.60,56.58,0.5823,-1,-1,-1
13,-1,-0.60,344.68,53.95,124.10,0.5021,-1,-1,-1
14,0,431.13,267.42,87.89,162.61,0.9310,-1,-1,-1
14,2,723.53,268.17,87.73,161.67,0.8525,-1,-1,-1
14,1,998.55,388.71,83.53,204.74,0.8495,-1,-1,-1
14,10,857.56,385.19,71.86,179.96,0.8489,-1,-1,-1
14,4,742.43,406.53,81.25,200.46,0.8426,-1,-1,-1
14,8,664.72,345.43,67.70,178.89,0.8049,-1,-1,-1
14,12,633.65,273.92,97.70,117.08,0.8006,-1,-1,-1
14,3,1161.71,557.76,68.25,162.30,0.7923,-1,-1,-1
14,6,615.39,365.17,62.24,182.03,0.7849,-1,-1,-1
14,5,1019.76,292.29,46.77,123.08,0.7309,-1,-1,-1
14,7,124.53,101.16,68.99,154.63,0.6644,-1,-1,-1
14,-1,-0.21,344.69,58.21,132.24,0.5875,-1,-1,-1
14,9,644.59,76.16,41.17,56.26,0.5544,-1,-1,-1
15,0,430.01,269.97,85.02,164.78,0.9319,-1,-1,-1
15,2,728.64,264.81,91.29,164.18,0.8645,-1,-1,-1
15,10,866.46,385.15,75.75,177.81,0.8471,-1,-1,-1
15,1,999.53,384.46,84.05,208.82,0.8426,-1,-1,-1
15,4,754.07,403.77,74.78,200.57,0.8391,-1,-1,-1
15,3,1163.85,557.72,66.34,162.23,0.8144,-1,-1,-1
15,8,668.94,340.04,66.67,183.12,0.8048,-1,-1,-1
15,12,642.10,273.78,95.87,119.68,0.7947,-1,-1,-1
15,6,617.65,365.30,60.22,183.06,0.7693,-1,-1,-1
15,5,1018.12,292.22,48.24,124.85,0.7179,-1,-1,-1
15,7,126.93,101.03,68.75,153.98,0.6420,-1,-1,-1
15,13,-0.18,345.74,62.97,135.25,0.5637,-1,-1,-1
15,9,646.51,76.38,40.85,56.58,0.5511,-1,-1,-1
16,0,410.96,276.31,95.17,166.04,0.9210,-1,-1,-1
16,2,738.13,257.32,96.34,169.07,0.8646,-1,-1,-1
16,3,1161.25,557.46,70.46,162.41,0.8378,-1,-1,-1
16,1,999.37,387.84,92.69,203.27,0.8366,-1,-1,-1
16,8,675.25,329.72,69.27,190.37,0.8204,-1,-1,-1
16,10,884.60,388.31,84.12,174.73,0.8101,-1,-1,-1
16,6,618.68,357.74,63.53,188.61,0.7983,-1,-1,-1
16,13,3.50,349.43,71.42,145.53,0.7938,-1,-1,-1
16,4,771.95,401.00,71.16,198.39,0.7399,-1,-1,-1
16,5,1014.32,292.34,52.57,166.45,0.7300,-1,-1,-1
16,7,134.32,101.08,71.73,152.98,0.7086,-1,-1,-1
16,12,658.59,272.14,87.07,86.37,0.6142,-1,-1,-1
16,9,649.61,76.45,40.21,55.40,0.5335,-1,-1,-1
17,0,404.71,279.30,96.83,164.68,0.9243,-1,-1,-1
17,2,752.10,252.83,88.99,171.45,0.8775,-1,-1,-1
17,1,999.27,386.97,98.35,201.90,0.8690,-1,-1,-1
17,8,678.35,326.44,70.08,189.50,0.8364,-1,-1,-1
17,3,1158.52,557.21,73.76,162.70,0.8324,-1,-1,-1
17,10,892.62,391.42,87.69,173.73,0.8313,-1,-1,-1
17,4,779.39,401.03,67.88,195.78,0.8118,-1,-1,-1
17,6,618.25,362.80,64.39,183.04,0.7934,-1,-1,-1
17,5,1014.49,292.26,52.64,164.93,0.7896,-1,-1,-1
17,13,14.40,351.74,70.79,142.28,0.7803,-1,-1,-1
17,12,666.69,270.20,80.62,83.79,0.7015,-1,-1,-1
17,7,139.46,103.37,70.82,149.72,0.6462,-1,-1,-1
17,9,651.23,76.28,39.36,55.04,0.5166,-1,-1,-1
18,0,405.27,282.59,93.01,163.27,0.9226,-1,-1,-1
18,1,999.20,385.89,101.15,201.71,0.8672,-1,-1,-1
18,8,680.25,324.60,73.80,188.15,0.8459,-1,-1,-1
18,2,767.75,249.34,79.32,174.30,0.8442,-1,-1,-1
18,13,21.70,352.92,72.87,139.19,0.8441,-1,-1,-1
18,3,1157.02,556.93,77.05,162.71,0.8279,-1,-1,-1
18,10,901.26,394.76,90.20,171.64,0.8255,-1,-1,-1
18,5,1013.28,292.44,54.26,162.82,0.8099,-1,-1,-1
18,6,619.01,362.46,63.99,181.51,0.7837,-1,-1,-1
18,4,788.44,402.61,66.12,193.57,0.7726,-1,-1,-1
18,12,673.36,267.12,75.92,79.96,0.7516,-1,-1,-1
18,7,143.24,103.77,71.65,149.14,0.6548,-1,-1,-1
18,9,652.22,76.50,39.88,54.04,0.5176,-1,-1,-1
19,0,407.87,285.43,88.66,158.86,0.9105,-1,-1,-1
19,2,777.99,247.85,75.54,173.07,0.8615,-1,-1,-1
19,10,909.56,396.43,90.51,171.35,0.8563,-1,-1,-1
19,1,999.45,383.64,102.51,201.93,0.8562,-1,-1,-1
19,8,683.26,322.55,74.67,187.02,0.8483,-1,-1,-1
19,5,1011.70,292.40,56.33,160.73,0.8272,-1,-1,-1
19,4,790.89,404.32,84.52,191.49,0.8192,-1,-1,-1
19,3,1157.23,556.74,79.91,163.01,0.8136,-1,-1,-1
19,13,35.78,353.03,66.99,137.10,0.7717,-1,-1,-1
19,6,620.03,360.07,64.98,182.18,0.7388,-1,-1,-1
19,12,680.23,263.42,70.85,85.51,0.6804,-1,-1,-1
19,7,147.13,103.95,74.46,149.36,0.6134,-1,-1,-1
19,-1,640.18,310.18,60.35,165.40,0.5786,-1,-1,-1
19,9,654.03,76.40,39.44,54.78,0.5217,-1,-1,-1
20,0,410.51,287.56,85.39,155.26,0.9079,-1,-1,-1
20,1,1001.96,380.76,99.90,202.14,0.8746,-1,-1,-1
20,2,789.51,245.59,71.11,174.66,0.8514,-1,-1,-1
20,8,686.13,322.08,76.19,185.95,0.8450,-1,-1,-1
20,3,1158.54,556.60,81.67,163.05,0.8298,-1,-1,-1
20,5,1009.92,292.25,58.72,163.10,0.8281,-1,-1,-1
20,4,792.96,404.91,81.91,188.34,0.8199,-1,-1,-1
20,10,917.31,397.59,90.99,171.75,0.8112,-1,-1,-1
20,6,622.90,358.61,60.10,181.97,0.7611,-1,-1,-1
20,12,686.47,259.09,65.22,105.29,0.7279,-1,-1,-1
20,13,43.43,352.16,69.19,135.83,0.7152,-1,-1,-1
20,-1,641.23,308.32,61.66,160.60,0.6871,-1,-1,-1
20,7,150.01,104.48,75.35,149.78,0.5946,-1,-1,-1
20,9,655.11,76.28,39.78,54.51,0.5526,-1,-1,-1
21,0,416.47,289.02,82.50,150.09,0.9141,-1,-1,-1
21,2,805.73,245.59,65.43,179.00,0.8685,-1,-1,-1
21,1,1008.62,374.34,105.28,201.34,0.8669,-1,-1,-1
21,4,795.92,402.51,90.46,182.05,0.8447,-1,-1,-1
21,8,697.24,321.69,76.93,189.03,0.8383,-1,-1,-1
21,10,920.57,395.89,97.56,170.76,0.8351,-1,-1,-1
21,13,51.88,350.45,81.55,147.07,0.8350,-1,-1,-1
21,3,1160.53,555.68,88.46,164.12,0.8303,-1,-1,-1
21,5,1008.27,291.67,60.77,168.97,0.8219,-1,-1,-1
21,6,619.43,356.83,67.30,179.67,0.7409,-1,-1,-1
21,14,634.39,307.11,82.40,185.95,0.6550,-1,-1,-1
21,12,697.79,252.20,60.77,144.52,0.6463,-1,-1,-1
21,7,158.88,105.79,76.29,146.18,0.6293,-1,-1,-1
21,9,659.62,76.02,39.83,53.17,0.5838,-1,-1,-1
22,0,419.17,289.09,81.77,148.28,0.9221,-1,-1,-1
22,2,811.71,247.32,63.79,178.25,0.8822,-1,-1,-1
22,1,1020.28,369.65,99.65,204.01,0.8665,-1,-1,-1
22,5,1007.49,291.77,61.38,171.46,0.8653,-1,-1,-1
22,13,53.73,350.24,91.63,156.96,0.8600,-1,-1,-1
22,4,797.39,400.36,103.11,179.10,0.8515,-1,-1,-1
22,10,924.42,395.29,98.12,169.42,0.8375,-1,-1,-1
22,3,1162.27,554.60,91.95,165.02,0.8375,-1,-1,-1
22,8,695.06,325.61,86.21,184.26,0.8298,-1,-1,-1
22,6,619.93,356.11,66.83,177.71,0.7816,-1,-1,-1
22,14,637.40,309.24,81.00,161.92,0.6758,-1,-1,-1
22,12,704.88,249.71,58.25,113.90,0.6595,-1,-1,-1
22,7,162.32,104.65,77.83,144.81,0.6177,-1,-1,-1
22,9,661.56,75.81,39.01,52.71,0.5479,-1,-1,-1
23,0,421.62,289.05,82.13,146.66,0.9321,-1,-1,-1
23,2,816.92,249.82,62.66,176.63,0.8659,-1,-1,-1
23,13,60.01,350.49,95.64,163.15,0.8641,-1,-1,-1
23,1,1035.40,365.58,90.61,205.10,0.8576,-1,-1,-1
23,5,1007.34,291.71,61.02,169.89,0.8564,-1,-1,-1
23,4,801.88,398.58,111.90,174.94,0.8318,-1,-1,-1
23,8,697.38,330.02,94.74,179.61,0.8239,-1,-1,-1
23,3,1156.15,553.11,104.67,166.79,0.8207,-1,-1,-1
23,10,933.92,394.17,89.91,168.85,0.7966,-1,-1,-1
23,6,619.51,352.41,70.37,179.82,0.6913,-1,-1,-1
23,12,712.98,247.31,56.84,111.13,0.6518,-1,-1,-1
23,7,167.03,102.14,77.76,147.17,0.6013,-1,-1,-1
23,9,663.11,75.71,39.35,53.36,0.5512,-1,-1,-1
23,14,639.91,311.50,84.56,188.81,0.5374,-1,-1,-1
24,0,424.57,288.33,82.77,145.56,0.9325,-1,-1,-1
24,2,822.99,252.83,60.32,175.99,0.8880,-1,-1,-1
24,13,69.80,351.28,94.53,163.85,0.8537,-1,-1,-1
24,4,808.52,398.40,113.06,171.88,0.8463,-1,-1,-1
24,5,1007.93,291.95,59.94,167.60,0.8232,-1,-1,-1
24,3,1159.48,551.35,109.51,168.73,0.8210,-1,-1,-1
24,1,1048.90,360.62,85.61,206.34,0.8180,-1,-1,-1
24,10,948.39,392.33,84.01,168.21,0.8026,-1,-1,-1
24,8,702.15,331.28,95.48,179.02,0.7906,-1,-1,-1
24,6,622.37,351.28,98.64,179.35,0.7767,-1,-1,-1
24,7,170.21,103.35,78.47,144.74,0.6237,-1,-1,-1
24,12,717.41,247.12,59.36,126.70,0.5218,-1,-1,-1
25,0,426.45,287.41,85.15,145.00,0.9271,-1,-1,-1
25,13,80.01,352.76,96.81,166.55,0.8691,-1,-1,-1
25,1,1040.20,355.63,101.38,207.69,0.8439,-1,-1,-1
25,2,827.49,255.50,61.56,173.00,0.8420,-1,-1,-1
25,4,816.78,398.05,107.79,170.30,0.8337,-1,-1,-1
25,3,1155.73,549.06,120.79,171.15,0.8232,-1,-1,-1
25,5,1011.45,292.57,55.22,165.89,0.7855,-1,-1,-1
25,8,714.16,333.46,85.46,175.46,0.7720,-1,-1,-1
25,10,960.95,389.57,74.58,168.52,0.7503,-1,-1,-1
25,6,622.82,352.28,99.02,176.19,0.7335,-1,-1,-1
25,12,727.19,247.09,57.39,108.60,0.6451,-1,-1,-1
25,7,175.52,103.18,76.26,144.58,0.6429,-1,-1,-1
25,14,665.44,314.76,61.31,99.35,0.5342,-1,-1,-1
26,0,430.11,285.28,91.11,144.30,0.9341,-1,-1,-1
26,1,1065.40,348.57,89.13,206.57,0.8997,-1,-1,-1
26,13,107.26,356.82,89.58,166.98,0.8990,-1,-1,-1
26,4,837.98,398.39,103.02,164.69,0.8720,-1,-1,-1
26,10,983.85,384.01,73.42,169.28,0.8526,-1,-1,-1
26,2,833.58,258.99,78.85,162.71,0.8329,-1,-1,-1
26,3,1153.99,545.65,125.14,174.18,0.8177,-1,-1,-1
26,8,702.83,335.11,102.37,175.05,0.8152,-1,-1,-1
26,6,625.85,350.19,69.30,173.87,0.8064,-1,-1,-1
26,5,1005.32,293.28,56.52,125.09,0.6717,-1,-1,-1
26,14,678.88,309.86,74.44,139.28,0.6663,-1,-1,-1
26,12,736.76,250.84,59.79,104.47,0.6652,-1,-1,-1
26,7,193.86,101.37,68.70,146.12,0.6606,-1,-1,-1
27,0,431.91,283.47,96.29,143.71,0.9377,-1,-1,-1
27,1,1071.37,345.61,86.07,204.19,0.9192,-1,-1,-1
27,13,129.93,356.45,78.35,164.27,0.8725,-1,-1,-1
27,2,835.21,258.66,86.96,154.32,0.8659,-1,-1,-1
27,4,852.85,397.49,95.71,162.16,0.8480,-1,-1,-1
27,10,988.69,383.02,73.66,171.25,0.8383,-1,-1,-1
27,3,1153.13,543.39,126.29,176.70,0.8379,-1,-1,-1
27,6,628.20,347.97,66.53,172.75,0.8070,-1,-1,-1
27,5,989.81,293.24,69.22,171.79,0.8038,-1,-1,-1
27,8,708.69,333.44,95.32,173.83,0.8012,-1,-1,-1
27,14,686.71,305.73,69.93,148.28,0.7230,-1,-1,-1
27,7,205.47,98.69,63.97,160.28,0.6787,-1,-1,-1
27,12,745.16,252.51,56.77,102.13,0.6520,-1,-1,-1
28,0,432.45,280.57,102.87,144.41,0.9351,-1,-1,-1
28,1,1078.19,343.86,80.39,203.25,0.9177,-1,-1,-1
28,13,146.48,354.19,70.95,163.68,0.8839,-1,-1,-1
28,2,837.65,257.59,92.39,150.84,0.8767,-1,-1,-1
28,4,867.07,395.40,90.27,160.87,0.8516,-1,-1,-1
28,5,988.27,292.52,66.49,170.19,0.8491,-1,-1,-1
28,3,1174.58,541.24,104.67,178.23,0.8486,-1,-1,-1
28,10,997.91,383.39,69.13,171.80,0.8221,-1,-1,-1
28,8,708.44,330.21,101.61,172.48,0.8056,-1,-1,-1
28,6,634.18,345.48,61.46,172.06,0.7685,-1,-1,-1
28,14,688.91,301.82,77.82,150.39,0.6586,-1,-1,-1
28,7,209.97,98.76,64.64,158.16,0.6490,-1,-1,-1
28,12,748.50,253.24,63.54,104.14,0.6365,-1,-1,-1
29,0,432.93,277.16,110.73,145.31,0.9367,-1,-1,-1
29,1,1084.56,342.35,75.20,201.91,0.9125,-1,-1,-1
29,5,985.36,291.72,66.37,168.83,0.8824,-1,-1,-1
29,13,161.05,351.71,64.33,162.24,0.8711,-1,-1,-1
29,2,836.99,256.06,98.63,149.91,0.8573,-1,-1,-1
29,10,1005.38,382.34,67.54,173.55,0.8383,-1,-1,-1
29,4,881.06,392.33,83.51,160.04,0.8334,-1,-1,-1
29,6,640.02,343.76,55.14,169.48,0.8197,-1,-1,-1
29,3,1182.46,538.90,96.83,179.68,0.8024,-1,-1,-1
29,8,713.14,325.91,103.29,173.13,0.7921,-1,-1,-1
29,14,690.08,296.86,80.60,152.58,0.7155,-1,-1,-1
29,12,752.21,252.26,70.31,106.46,0.6177,-1,-1,-1
29,7,223.31,96.47,63.31,146.26,0.5509,-1,-1,-1
30,0,433.59,273.11,117.45,146.79,0.9391,-1,-1,-1
30,1,1090.93,342.04,69.80,199.47,0.9113,-1,-1,-1
30,2,836.35,255.71,106.29,152.50,0.8923,-1,-1,-1
30,5,982.79,290.34,66.56,168.30,0.8874,-1,-1,-1
30,13,170.36,348.54,64.36,162.14,0.8732,-1,-1,-1
30,10,1011.23,383.20,65.75,172.01,0.8405,-1,-1,-1
30,6,639.43,341.16,56.82,169.20,0.8367,-1,-1,-1
30,4,882.37,387.45,89.25,161.49,0.8339,-1,-1,-1
30,8,720.29,319.39,98.55,175.96,0.8091,-1,-1,-1
30,14,696.04,290.23,78.53,155.50,0.7534,-1,-1,-1
30,3,1205.26,535.74,74.38,178.36,0.6848,-1,-1,-1
30,12,757.72,250.56,72.80,104.10,0.5959,-1,-1,-1
30,7,232.72,97.33,54.42,141.28,0.5692,-1,-1,-1
31,0,437.17,264.92,131.38,148.61,0.9088,-1,-1,-1
31,13,174.84,343.54,78.66,167.72,0.9026,-1,-1,-1
31,1,1102.04,342.30,70.95,193.50,0.8955,-1,-1,-1
31,2,845.28,257.28,99.40,144.25,0.8913,-1,-1,-1
31,5,980.28,288.70,65.05,161.91,0.8839,-1,-1,-1
31,4,883.81,380.22,100.79,160.79,0.8716,-1,-1,-1
31,10,1013.18,385.20,77.63,170.26,0.8550,-1,-1,-1
31,6,638.35,335.64,56.88,167.10,0.8513,-1,-1,-1
31,8,758.16,307.42,65.98,180.15,0.8157,-1,-1,-1
31,14,681.35,276.38,107.13,162.30,0.7425,-1,-1,-1
31,3,1201.29,526.01,78.56,178.95,0.7024,-1,-1,-1
31,7,240.96,97.07,51.71,139.16,0.6110,-1,-1,-1
31,12,761.52,244.76,74.07,96.18,0.5447,-1,-1,-1
32,0,446.09,260.86,129.05,150.11,0.9312,-1,-1,-1
32,2,855.85,257.77,85.24,140.95,0.8997,-1,-1,-1
32,13,178.46,342.97,81.87,170.14,0.8971,-1,-1,-1
32,5,976.63,287.94,68.14,156.34,0.8791,-1,-1,-1
32,1,1099.71,341.94,83.20,190.49,0.8780,-1,-1,-1
32,10,1009.46,388.21,93.97,165.69,0.8657,-1,-1,-1
32,6,637.72,332.54,56.80,166.61,0.8649,-1,-1,-1
32,4,886.72,376.96,100.57,161.04,0.8415,-1,-1,-1
32,8,766.01,302.42,63.74,181.38,0.7945,-1,-1,-1
32,14,692.64,271.12,102.10,163.73,0.7874,-1,-1,-1
32,7,242.44,94.61,58.55,139.78,0.6867,-1,-1,-1
32,3,1199.26,520.68,80.59,177.89,0.6663,-1,-1,-1
32,12,784.99,241.84,51.69,87.74,0.5545,-1,-1,-1
32,-1,664.22,65.50,36.93,53.01,0.5064,-1,-1,-1
33,0,455.66,256.51,123.97,151.36,0.9312,-1,-1,-1
33,5,972.04,287.11,73.10,154.25,0.9052,-1,-1,-1
33,13,179.00,342.89,89.03,171.27,0.9041,-1,-1,-1
33,2,864.84,258.27,74.31,137.70,0.8855,-1,-1,-1
33,6,635.21,330.07,59.67,166.21,0.8853,-1,-1,-1
33,10,1007.37,388.72,108.72,162.13,0.8758,-1,-1,-1
33,1,1100.26,339.79,89.26,188.20,0.8752,-1,-1,-1
33,4,890.76,375.71,102.55,159.54,0.8358,-1,-1,-1
33,14,707.02,266.13,93.43,164.33,0.8027,-1,-1,-1
33,8,773.41,297.27,61.33,183.63,0.7828,-1,-1,-1
33,7,243.56,94.84,71.02,136.09,0.7135,-1,-1,-1
33,3,1198.17,516.72,82.18,175.68,0.5742,-1,-1,-1
33,-1,663.48,64.69,36.57,52.31,0.5648,-1,-1,-1
33,12,787.13,239.49,55.04,84.71,0.5350,-1,-1,-1
34,0,467.60,252.09,115.55,153.73,0.9351,-1,-1,-1
34,5,968.20,287.37,76.65,155.43,0.9193,-1,-1,-1
34,13,177.75,337.44,98.62,178.78,0.9110,-1,-1,-1
34,1,1105.22,336.53,89.32,189.03,0.9032,-1,-1,-1
34,2,876.69,258.30,62.55,135.14,0.8912,-1,-1,-1
34,6,631.82,327.70,61.34,165.22,0.8886,-1,-1,-1
34,10,1005.31,389.31,117.78,160.18,0.8808,-1,-1,-1
34,4,897.26,374.46,103.06,160.27,0.8445,-1,-1,-1
34,14,720.52,263.17,89.84,163.76,0.8183,-1,-1,-1
34,8,772.53,288.80,67.83,186.36,0.7693,-1,-1,-1
34,7,243.84,99.24,81.31,128.21,0.7653,-1,-1,-1
34,15,661.82,63.17,36.92,52.00,0.5629,-1,-1,-1
34,3,1204.27,529.08,75.93,159.90,0.5251,-1,-1,-1
35,0,476.89,247.58,109.13,157.32,0.9314,-1,-1,-1
35,13,179.20,331.59,103.63,187.90,0.9148,-1,-1,-1
35,5,964.23,287.94,80.23,157.57,0.9002,-1,-1,-1
35,2,886.36,257.21,53.51,132.94,0.8928,-1,-1,-1
35,6,628.69,325.22,61.00,164.71,0.8864,-1,-1,-1
35,1,1106.97,332.27,86.97,189.32,0.8817,-1,-1,-1
35,10,1005.06,389.19,119.23,159.90,0.8456,-1,-1,-1
35,4,903.93,389.48,98.43,143.77,0.7524,-1,-1,-1
35,14,734.09,260.49,78.20,165.31,0.7244,-1,-1,-1
35,7,242.89,97.22,89.59,129.47,0.7131,-1,-1,-1
35,8,781.88,287.41,64.73,184.70,0.7030,-1,-1,-1
35,15,659.92,61.41,37.21,51.03,0.5480,-1,-1,-1
36,13,193.06,322.74,97.76,191.32,0.9291,-1,-1,-1
36,0,493.84,240.25,96.69,157.76,0.9071,-1,-1,-1
36,2,894.77,252.98,47.18,145.53,0.8813,-1,-1,-1
36,6,623.42,320.02,60.66,164.01,0.8769,-1,-1,-1
36,5,958.85,286.98,83.58,151.41,0.8353,-1,-1,-1
36,10,1014.46,389.07,132.20,154.85,0.8106,-1,-1,-1
36,4,926.20,376.37,96.20,150.81,0.7895,-1,-1,-1
36,1,1114.96,323.56,72.53,174.84,0.7741,-1,-1,-1
36,7,245.19,96.26,94.49,126.45,0.7347,-1,-1,-1
36,14,752.26,259.33,71.98,165.71,0.7317,-1,-1,-1
36,8,796.14,292.57,61.91,180.94,0.6970,-1,-1,-1
36,12,821.27,226.41,45.58,88.87,0.5989,-1,-1,-1
36,15,655.87,58.41,36.67,49.65,0.5363,-1,-1,-1
37,13,201.75,317.62,87.35,193.75,0.9105,-1,-1,-1
37,0,503.58,237.97,88.98,156.28,0.8896,-1,-1,-1
37,5,956.64,285.99,84.89,144.41,0.8796,-1,-1,-1
37,2,895.50,251.24,47.81,151.37,0.8596,-1,-1,-1
37,6,623.88,317.78,56.27,163.79,0.8481,-1,-1,-1
37,14,761.28,260.32,68.46,164.41,0.8251,-1,-1,-1
37,10,1027.54,388.75,125.25,152.44,0.8211,-1,-1,-1
37,8,800.43,293.39,75.43,179.69,0.7993,-1,-1,-1
37,1,1119.22,318.43,68.03,178.70,0.7510,-1,-1,-1
37,7,249.78,94.31,89.05,127.64,0.7151,-1,-1,-1
37,4,939.31,375.64,85.37,148.83,0.7084,-1,-1,-1
37,12,826.03,221.95,47.73,88.82,0.5723,-1,-1,-1
37,15,653.38,56.33,37.06,50.55,0.5241,-1,-1,-1
38,13,212.53,314.06,74.42,194.33,0.9042,-1,-1,-1
38,0,508.90,236.47,84.92,164.48,0.9030,-1,-1,-1
38,5,954.10,283.30,85.48,144.01,0.8825,-1,-1,-1
38,6,625.55,315.57,51.30,163.40,0.8602,-1,-1,-1
38,2,896.86,249.94,48.50,155.94,0.8540,-1,-1,-1
38,14,764.90,263.06,72.15,161.74,0.8252,-1,-1,-1
38,10,1042.43,386.08,113.49,152.60,0.8127,-1,-1,-1
38,8,801.77,290.93,84.14,178.99,0.7865,-1,-1,-1
38,1,1123.36,312.72,70.11,186.64,0.7850,-1,-1,-1
38,4,950.99,372.55,72.80,149.06,0.6791,-1,-1,-1
38,7,250.81,89.65,85.72,129.87,0.6682,-1,-1,-1
38,12,830.65,216.87,48.83,101.31,0.6094,-1,-1,-1
38,15,651.29,54.39,36.43,50.18,0.5322,-1,-1,-1
39,0,514.07,235.92,81.00,165.82,0.9138,-1,-1,-1
39,5,951.03,281.04,86.78,143.42,0.8978,-1,-1,-1
39,13,223.35,311.64,62.11,195.21,0.8708,-1,-1,-1
39,6,623.82,312.97,48.71,163.00,0.8699,-1,-1,-1
39,2,898.40,249.63,50.55,158.47,0.8590,-1,-1,-1
39,1,1132.46,305.66,65.51,183.54,0.7662,-1,-1,-1
39,14,762.52,266.48,76.89,155.79,0.7574,-1,-1,-1
39,10,1060.07,382.80,104.60,153.29,0.7285,-1,-1,-1
39,4,949.63,367.11,85.98,151.57,0.7262,-1,-1,-1
39,8,800.50,283.30,94.66,185.14,0.7216,-1,-1,-1
39,7,253.96,63.00,81.55,154.38,0.5862,-1,-1,-1
39,15,647.69,51.77,37.22,51.16,0.5470,-1,-1,-1
39,12,833.23,212.66,51.46,107.74,0.5281,-1,-1,-1
40,0,517.22,236.57,77.63,163.44,0.9164,-1,-1,-1
40,5,949.51,279.01,86.62,140.36,0.8939,-1,-1,-1
40,2,901.13,250.04,50.00,158.50,0.8933,-1,-1,-1
40,13,227.14,310.78,58.50,198.90,0.8741,-1,-1,-1
40,6,619.20,310.71,48.76,162.68,0.8656,-1,-1,-1
40,8,799.02,291.81,103.54,173.55,0.8600,-1,-1,-1
40,4,948.35,364.80,109.62,158.35,0.7922,-1,-1,-1
40,14,758.52,267.67,93.70,152.53,0.7318,-1,-1,-1
40,12,830.85,208.83,61.15,88.69,0.6502,-1,-1,-1
40,1,1132.38,300.08,68.60,189.86,0.6495,-1,-1,-1
40,15,644.94,49.33,37.29,49.91,0.5842,-1,-1,-1
40,10,1074.15,299.30,121.38,234.21,0.5839,-1,-1,-1
40,7,258.66,57.17,76.83,157.86,0.5724,-1,-1,-1
41,0,514.28,241.18,77.34,155.44,0.9244,-1,-1,-1
41,4,951.63,359.98,117.32,166.25,0.8877,-1,-1,-1
41,13,224.46,314.25,61.09,193.68,0.8806,-1,-1,-1
41,8,791.41,286.75,116.09,173.82,0.8796,-1,-1,-1
41,2,897.83,250.91,54.77,154.39,0.8754,-1,-1,-1
41,5,954.20,276.31,82.19,154.32,0.8434,-1,-1,-1
41,6,606.81,306.25,52.44,159.38,0.8433,-1,-1,-1
41,10,1079.36,370.00,110.94,168.17,0.7640,-1,-1,-1
41,14,754.02,265.40,104.72,150.32,0.7260,-1,-1,-1
41,1,1145.49,289.65,61.90,183.87,0.6715,-1,-1,-1
41,7,278.25,81.64,68.80,128.01,0.6323,-1,-1,-1
41,15,639.37,44.60,36.42,49.12,0.5377,-1,-1,-1
41,12,844.18,204.96,58.89,86.97,0.5246,-1,-1,-1
42,4,955.64,358.26,118.00,168.73,0.8973,-1,-1,-1
42,0,512.34,243.52,83.15,151.09,0.8923,-1,-1,-1
42,2,896.12,250.14,58.40,153.17,0.8886,-1,-1,-1
42,5,953.00,275.62,82.89,157.34,0.8723,-1,-1,-1
42,13,223.14,318.96,64.13,187.88,0.8671,-1,-1,-1
42,6,601.47,303.43,52.18,160.31,0.8398,-1,-1,-1
42,10,1083.34,367.21,117.74,172.06,0.8317,-1,-1,-1
42,8,810.69,285.08,94.99,171.27,0.7987,-1,-1,-1
42,14,754.88,262.29,112.96,149.67,0.7451,-1,-1,-1
42,1,1147.55,285.73,63.28,172.86,0.6330,-1,-1,-1
42,7,291.91,75.04,56.54,132.32,0.6236,-1,-1,-1
42,15,636.12,42.76,37.25,50.08,0.5069,-1,-1,-1
42,12,853.76,203.37,55.30,87.09,0.5036,-1,-1,-1
43,0,509.02,244.44,92.46,147.32,0.9074,-1,-1,-1
43,4,961.94,358.19,114.26,168.35,0.8960,-1,-1,-1
43,2,894.76,248.86,60.28,152.02,0.8857,-1,-1,-1
43,5,960.78,275.03,73.87,158.06,0.8543,-1,-1,-1
43,8,796.53,278.85,106.32,172.97,0.8442,-1,-1,-1
43,6,599.17,301.50,51.02,159.40,0.8415,-1,-1,-1
43,13,224.39,325.83,66.15,180.29,0.8343,-1,-1,-1
43,10,1088.10,362.52,119.32,176.01,0.8248,-1,-1,-1
43,14,757.70,257.91,115.07,148.90,0.8119,-1,-1,-1
43,12,865.67,202.15,49.23,103.56,0.6220,-1,-1,-1
43,1,1150.42,282.22,61.79,184.22,0.5671,-1,-1,-1
43,7,293.55,77.26,53.25,127.99,0.5564,-1,-1,-1
43,15,633.35,39.18,35.80,53.35,0.5478,-1,-1,-1
44,0,507.61,243.82,93.63,145.51,0.8998,-1,-1,-1
44,4,970.74,358.88,109.21,166.91,0.8932,-1,-1,-1
44,5,970.08,273.88,63.68,156.71,0.8709,-1,-1,-1
44,2,901.57,246.45,54.61,151.24,0.8483,-1,-1,-1
44,8,808.11,259.68,94.86,191.50,0.8329,-1,-1,-1
44,6,595.33,299.27,51.09,157.84,0.8218,-1,-1,-1
44,13,229.25,333.72,68.69,173.08,0.8067,-1,-1,-1
44,10,1092.79,362.51,124.18,173.99,0.8002,-1,-1,-1
44,14,762.74,254.56,118.14,141.79,0.7238,-1,-1,-1
44,15,629.75,36.97,36.67,51.41,0.6191,-1,-1,-1
44,1,1153.17,279.64,60.04,183.33,0.6020,-1,-1,-1
44,7,290.51,77.90,55.34,125.19,0.5909,-1,-1,-1
45,5,967.57,271.59,65.51,156.69,0.8912,-1,-1,-1
45,4,980.66,359.24,104.50,163.58,0.8675,-1,-1,-1
45,6,587.55,297.19,55.82,157.41,0.8665,-1,-1,-1
45,8,821.33,253.42,86.72,194.28,0.8604,-1,-1,-1
45,2,905.19,245.33,51.74,151.25,0.8464,-1,-1,-1
45,0,507.59,242.66,96.01,144.52,0.8462,-1,-1,-1
45,13,242.27,335.03,62.37,175.39,0.7775,-1,-1,-1
45,10,1098.16,360.66,125.04,175.39,0.7109,-1,-1,-1
45,7,287.01,68.84,65.50,131.58,0.6719,-1,-1,-1
45,15,626.90,34.54,35.73,50.43,0.6409,-1,-1,-1
45,14,771.72,200.58,152.80,187.19,0.5847,-1,-1,-1
45,1,1155.83,278.29,57.96,137.98,0.5717,-1,-1,-1
45,-1,754.96,38.17,41.39,50.74,0.5027,-1,-1,-1
46,5,960.83,262.28,75.38,160.98,0.8991,-1,-1,-1
46,13,246.59,341.79,60.05,167.37,0.8990,-1,-1,-1
46,4,1012.03,358.08,87.16,160.01,0.8773,-1,-1,-1
46,2,907.93,245.36,49.69,155.04,0.8422,-1,-1,-1
46,10,1120.19,360.90,118.40,171.86,0.8419,-1,-1,-1
46,8,849.79,247.66,66.73,193.17,0.8352,-1,-1,-1
46,6,572.88,291.71,62.58,157.79,0.8249,-1,-1,-1
46,1,1160.67,276.71,56.45,156.00,0.7893,-1,-1,-1
46,7,281.64,68.07,81.44,128.82,0.6207,-1,-1,-1
46,15,619.48,30.13,36.20,50.63,0.5997,-1,-1,-1
46,0,547.09,239.76,65.23,101.75,0.5399,-1,-1,-1
46,12,888.78,193.30,50.39,60.83,0.5326,-1,-1,-1
47,5,957.42,256.33,84.68,164.03,0.9259,-1,-1,-1
47,4,1018.53,353.83,93.21,161.43,0.8942,-1,-1,-1
47,13,246.97,342.14,65.42,164.47,0.8865,-1,-1,-1
47,6,563.21,289.51,68.53,156.70,0.8858,-1,-1,-1
47,2,906.69,247.49,52.83,158.65,0.8417,-1,-1,-1
47,8,856.59,240.67,66.26,195.79,0.7847,-1,-1,-1
47,1,1156.00,275.23,62.74,178.53,0.7673,-1,-1,-1
47,10,1170.12,361.65,77.73,169.18,0.6948,-1,-1,-1
47,7,278.37,67.70,92.47,126.90,0.6779,-1,-1,-1
47,15,615.41,27.71,36.62,53.19,0.6138,-1,-1,-1
47,14,839.46,190.30,115.96,197.82,0.5344,-1,-1,-1
47,0,515.27,237.88,99.95,137.53,0.5316,-1,-1,-1
48,5,960.29,251.48,86.57,161.43,0.9177,-1,-1,-1
48,4,1015.02,348.74,104.69,163.81,0.9107,-1,-1,-1
48,13,246.23,341.26,68.06,163.33,0.8931,-1,-1,-1
48,2,901.61,246.64,63.17,162.24,0.8583,-1,-1,-1
48,6,554.77,236.08,73.97,209.40,0.8500,-1,-1,-1
48,1,1152.03,273.41,67.35,180.15,0.8450,-1,-1,-1
48,8,855.91,248.15,62.08,185.27,0.8211,-1,-1,-1
48,10,1155.28,362.72,102.12,165.18,0.7742,-1,-1,-1
48,7,278.20,67.55,90.02,125.16,0.6801,-1,-1,-1
48,15,611.69,25.43,35.82,50.50,0.6511,-1,-1,-1
49,5,968.78,247.86,82.13,158.08,0.9162,-1,-1,-1
49,4,1013.34,344.17,115.09,165.74,0.9046,-1,-1,-1
49,13,244.87,338.96,62.64,163.19,0.8614,-1,-1,-1
49,1,1147.75,270.92,74.05,180.15,0.8429,-1,-1,-1
49,2,898.97,250.71,73.27,162.13,0.8349,-1,-1,-1
49,6,537.61,287.67,87.36,154.11,0.8150,-1,-1,-1
49,8,859.42,246.07,60.06,185.19,0.8018,-1,-1,-1
49,10,1169.87,357.62,97.64,167.33,0.6877,-1,-1,-1
49,7,281.53,63.47,89.58,127.28,0.6637,-1,-1,-1
49,15,607.22,23.55,36.86,50.17,0.5933,-1,-1,-1
49,12,905.65,181.45,56.23,92.50,0.5754,-1,-1,-1
49,0,578.93,234.30,47.75,84.40,0.5095,-1,-1,-1
50,5,976.68,245.32,77.59,157.76,0.9240,-1,-1,-1
50,4,1013.92,340.40,120.25,166.63,0.9198,-1,-1,-1
50,13,244.09,335.67,65.81,165.08,0.8816,-1,-1,-1
50,6,546.26,286.01,73.27,154.83,0.8753,-1,-1,-1
50,1,1142.98,267.75,81.28,183.88,0.8561,-1,-1,-1
50,10,1167.78,354.36,111.20,168.53,0.8535,-1,-1,-1
50,2,898.13,248.82,68.50,164.43,0.7399,-1,-1,-1
50,8,860.80,244.33,60.10,183.40,0.7059,-1,-1,-1
50,0,583.88,231.92,49.45,101.36,0.6882,-1,-1,-1
50,7,285.56,65.11,88.09,123.36,0.6605,-1,-1,-1
50,12,917.03,180.15,52.52,126.40,0.6433,-1,-1,-1
50,15,603.28,21.84,36.90,51.18,0.5521,-1,-1,-1
51,5,985.43,240.38,74.51,156.64,0.9196,-1,-1,-1
51,4,1019.68,335.71,124.97,164.20,0.8899,-1,-1,-1
51,13,240.39,327.62,59.80,169.04,0.8570,-1,-1,-1
51,10,1170.69,344.55,108.60,175.28,0.8523,-1,-1,-1
51,6,537.42,284.70,74.13,153.02,0.8319,-1,-1,-1
51,1,1138.00,262.19,93.40,180.70,0.8041,-1,-1,-1
51,0,587.09,225.82,62.95,128.12,0.7764,-1,-1,-1
51,8,842.05,245.37,91.63,180.99,0.7430,-1,-1,-1
51,2,904.00,247.86,53.01,160.54,0.6062,-1,-1,-1
51,12,934.99,179.38,41.11,127.92,0.6029,-1,-1,-1
51,7,320.66,64.38,61.94,121.21,0.5931,-1,-1,-1
51,15,594.48,19.35,36.66,50.57,0.5676,-1,-1,-1
52,5,984.77,237.00,76.89,158.17,0.9106,-1,-1,-1
52,13,237.80,323.90,59.75,171.44,0.8954,-1,-1,-1
52,4,1024.47,334.61,140.44,165.30,0.8873,-1,-1,-1
52,6,528.90,283.71,79.18,152.08,0.8357,-1,-1,-1
52,1,1139.46,258.82,100.56,180.52,0.8191,-1,-1,-1
52,10,1174.81,341.32,105.52,177.63,0.7711,-1,-1,-1
52,0,585.39,222.69,71.06,163.22,0.7655,-1,-1,-1
52,8,851.60,246.34,93.10,179.27,0.7646,-1,-1,-1
52,7,319.83,61.42,66.38,122.71,0.6498,-1,-1,-1
52,15,589.66,18.61,36.94,48.91,0.5573,-1,-1,-1
52,2,916.84,217.77,51.99,187.89,0.5278,-1,-1,-1
53,5,981.20,233.83,80.16,160.16,0.9108,-1,-1,-1
53,13,234.83,321.72,58.72,172.17,0.8886,-1,-1,-1
53,4,1030.85,335.37,135.47,163.34,0.8823,-1,-1,-1
53,8,855.65,245.21,95.30,181.83,0.8725,-1,-1,-1
53,6,524.95,283.01,78.42,149.86,0.8502,-1,-1,-1
53,0,571.45,220.49,90.66,159.32,0.8398,-1,-1,-1
53,1,1148.69,255.35,88.60,179.67,0.8144,-1,-1,-1
53,10,1181.58,335.91,98.71,172.89,0.7120,-1,-1,-1
53,7,317.54,55.02,67.84,128.62,0.6905,-1,-1,-1
53,15,585.39,18.21,36.93,49.84,0.5581,-1,-1,-1
53,2,920.04,217.84,52.26,130.37,0.5305,-1,-1,-1
54,5,977.42,230.16,83.34,161.33,0.9179,-1,-1,-1
54,13,231.91,320.39,58.90,171.78,0.9070,-1,-1,-1
54,8,867.43,243.41,91.83,184.24,0.8915,-1,-1,-1
54,0,565.91,218.82,100.61,160.92,0.8758,-1,-1,-1
54,6,520.39,282.01,74.48,148.39,0.8724,-1,-1,-1
54,4,1040.24,335.92,127.88,160.84,0.8558,-1,-1,-1
54,1,1164.56,250.79,68.50,175.40,0.7523,-1,-1,-1
54,7,312.80,53.33,74.22,128.78,0.7119,-1,-1,-1
54,15,580.27,16.80,37.37,49.72,0.5926,-1,-1,-1
54,10,1190.18,363.37,89.62,132.04,0.5896,-1,-1,-1
55,5,973.78,226.78,86.69,160.98,0.9152,-1,-1,-1
55,13,229.34,319.99,57.84,171.02,0.9104,-1,-1,-1
55,0,566.30,218.38,104.82,161.16,0.8877,-1,-1,-1
55,8,874.09,244.00,92.66,183.04,0.8582,-1,-1,-1
55,6,514.54,281.44,73.41,146.76,0.8504,-1,-1,-1
55,4,1054.40,335.09,110.10,161.12,0.8312,-1,-1,-1
55,1,1160.16,247.00,74.19,181.63,0.8155,-1,-1,-1
55,7,316.19,52.86,73.97,129.32,0.6141,-1,-1,-1
55,15,575.26,16.45,37.58,48.84,0.5855,-1,-1,-1
55,10,1201.27,367.96,78.28,119.99,0.5126,-1,-1,-1
56,13,224.01,322.06,56.47,167.79,0.9190,-1,-1,-1
56,0,573.19,220.49,103.87,160.57,0.9041,-1,-1,-1
56,5,977.32,221.23,83.35,154.34,0.8948,-1,-1,-1
56,6,499.95,280.27,64.89,147.10,0.8819,-1,-1,-1
56,8,865.35,249.69,108.21,174.43,0.8773,-1,-1,-1
56,1,1176.42,239.55,60.22,182.88,0.7960,-1,-1,-1
56,4,1088.41,330.46,91.84,163.05,0.7565,-1,-1,-1
56,-1,867.36,245.74,60.03,163.17,0.6843,-1,-1,-1
56,15,566.88,16.09,35.58,49.41,0.5674,-1,-1,-1
56,2,932.99,207.83,66.51,124.30,0.5298,-1,-1,-1
57,0,580.53,222.75,100.28,157.87,0.9249,-1,-1,-1
57,13,220.42,324.54,56.90,165.94,0.9006,-1,-1,-1
57,5,982.66,219.54,80.16,149.07,0.8911,-1,-1,-1
57,8,861.95,237.07,109.38,187.61,0.8671,-1,-1,-1
57,6,492.40,279.65,60.98,148.34,0.8659,-1,-1,-1
57,1,1171.52,237.61,65.50,180.30,0.7984,-1,-1,-1
57,4,1093.04,327.21,88.26,164.74,0.7788,-1,-1,-1
57,-1,863.12,247.82,60.56,161.71,0.7478,-1,-1,-1
57,15,562.26,16.04,36.03,48.72,0.5631,-1,-1,-1
57,2,942.01,159.56,78.19,164.43,0.5107,-1,-1,-1
58,5,992.71,218.08,71.87,143.72,0.9092,-1,-1,-1
58,0,590.83,224.98,90.92,155.72,0.9056,-1,-1,-1
58,8,858.14,249.38,108.81,175.76,0.8752,-1,-1,-1
58,13,214.70,327.13,59.38,163.71,0.8693,-1,-1,-1
58,1,1171.11,236.61,70.78,180.11,0.8432,-1,-1,-1
58,6,486.71,279.38,53.08,148.42,0.8289,-1,-1,-1
58,4,1089.95,323.98,102.89,166.40,0.7972,-1,-1,-1
58,16,857.26,250.48,61.00,162.34,0.7878,-1,-1,-1
58,2,945.80,208.30,62.00,137.03,0.6121,-1,-1,-1
58,7,364.22,53.03,42.12,127.69,0.5657,-1,-1,-1
58,12,973.71,174.73,52.29,137.32,0.5285,-1,-1,-1
58,15,557.72,16.44,36.49,48.89,0.5174,-1,-1,-1
59,0,603.86,226.61,76.63,153.77,0.8739,-1,-1,-1
59,5,1003.10,218.02,63.13,139.10,0.8703,-1,-1,-1
59,13,211.12,328.43,58.85,162.30,0.8568,-1,-1,-1
59,16,853.36,252.54,59.80,162.55,0.8536,-1,-1,-1
59,1,1168.23,236.78,82.00,176.56,0.8303,-1,-1,-1
59,6,480.85,278.68,47.79,149.28,0.8223,-1,-1,-1
59,4,1089.34,320.92,110.30,169.39,0.8012,-1,-1,-1
59,8,862.23,215.02,148.26,211.75,0.7684,-1,-1,-1
59,7,364.95,52.14,42.70,129.43,0.6442,-1,-1,-1
59,15,553.43,16.51,35.21,48.53,0.5400,-1,-1,-1
59,2,955.83,176.48,76.83,171.44,0.5122,-1,-1,-1
60,16,844.73,254.43,67.83,161.98,0.9015,-1,-1,-1
60,0,619.26,227.00,62.15,153.40,0.8886,-1,-1,-1
60,13,210.34,328.44,56.94,162.29,0.8716,-1,-1,-1
60,5,1003.28,217.45,65.88,138.60,0.8545,-1,-1,-1
60,8,884.50,247.07,73.57,178.15,0.8329,-1,-1,-1
60,6,473.04,278.56,47.67,148.85,0.8235,-1,-1,-1
60,1,1165.37,237.19,91.48,173.72,0.8220,-1,-1,-1
60,4,1091.67,319.37,111.81,170.95,0.7432,-1,-1,-1
60,7,370.33,46.66,46.07,134.67,0.6304,-1,-1,-1
60,2,951.14,205.18,74.24,146.64,0.5675,-1,-1,-1
60,15,548.36,16.81,36.18,48.70,0.5574,-1,-1,-1
61,16,829.91,256.32,85.38,159.65,0.9298,-1,-1,-1
61,8,890.61,242.13,73.13,179.45,0.8901,-1,-1,-1
61,0,619.86,224.71,77.29,154.67,0.8739,-1,-1,-1
61,13,204.64,325.09,56.27,164.82,0.8662,-1,-1,-1
61,6,457.76,279.42,53.98,148.42,0.8432,-1,-1,-1
61,4,1097.98,316.43,168.74,173.85,0.8389,-1,-1,-1
61,5,993.54,213.37,81.01,143.34,0.8270,-1,-1,-1
61,2,966.33,207.67,73.73,147.73,0.7350,-1,-1,-1
61,7,366.28,53.64,55.59,129.30,0.7174,-1,-1,-1
61,1,1159.42,240.00,108.77,163.17,0.6871,-1,-1,-1
61,15,539.89,18.67,35.76,48.04,0.5312,-1,-1,-1
62,16,826.13,257.30,87.53,157.98,0.9237,-1,-1,-1
62,0,618.34,222.67,85.36,158.52,0.9097,-1,-1,-1
62,8,903.04,239.43,65.82,181.19,0.9008,-1,-1,-1
62,13,200.50,323.34,57.31,166.03,0.8449,-1,-1,-1
62,5,996.45,209.68,84.86,140.63,0.8156,-1,-1,-1
62,2,963.85,205.42,79.35,151.55,0.8083,-1,-1,-1
62,6,448.40,280.35,59.23,147.64,0.7976,-1,-1,-1
62,4,1104.53,318.07,160.02,172.91,0.7163,-1,-1,-1
62,1,1156.94,241.84,115.97,159.35,0.7127,-1,-1,-1
62,7,361.09,52.77,64.65,131.02,0.5960,-1,-1,-1
62,15,536.02,19.55,35.08,48.71,0.5449,-1,-1,-1
63,16,824.19,258.04,86.50,157.74,0.9215,-1,-1,-1
63,8,912.12,237.49,59.72,181.48,0.8954,-1,-1,-1
63,0,619.76,221.48,89.22,155.06,0.8665,-1,-1,-1
63,13,197.30,322.26,56.84,166.33,0.8313,-1,-1,-1
63,6,428.35,280.85,75.69,146.44,0.8212,-1,-1,-1
63,2,961.38,201.57,91.25,153.17,0.8009,-1,-1,-1
63,5,996.44,207.25,92.70,140.57,0.7896,-1,-1,-1
63,1,1156.03,242.45,117.46,158.92,0.6829,-1,-1,-1
63,4,1156.82,317.89,102.45,172.99,0.5992,-1,-1,-1
63,15,531.83,20.01,35.31,49.98,0.5627,-1,-1,-1
64,16,821.17,258.81,84.50,157.08,0.9318,-1,-1,-1
64,8,914.73,236.80,57.62,180.50,0.9054,-1,-1,-1
64,0,621.73,222.12,92.37,153.79,0.8937,-1,-1,-1
64,6,419.24,281.85,81.52,146.40,0.8791,-1,-1,-1
64,13,195.03,322.04,56.11,166.21,0.8483,-1,-1,-1
64,2,959.23,208.24,102.35,146.19,0.7767,-1,-1,-1
64,5,1021.95,205.34,73.38,139.23,0.7313,-1,-1,-1
64,4,1133.88,242.00,136.21,248.92,0.5894,-1,-1,-1
64,15,527.68,21.07,35.09,49.75,0.5355,-1,-1,-1
65,16,820.00,259.80,80.22,156.25,0.9356,-1,-1,-1
65,0,624.08,222.74,106.40,155.08,0.9240,-1,-1,-1
65,8,915.61,236.64,58.50,178.46,0.9092,-1,-1,-1
65,6,408.85,282.95,87.40,145.41,0.9033,-1,-1,-1
65,13,192.03,322.31,56.33,165.78,0.8749,-1,-1,-1
65,5,1006.59,204.92,97.24,143.08,0.7706,-1,-1,-1
65,4,1148.23,325.43,119.79,164.90,0.7260,-1,-1,-1
65,2,958.62,209.19,110.47,146.12,0.6741,-1,-1,-1
65,15,523.58,22.54,35.45,51.01,0.5280,-1,-1,-1
65,12,961.62,184.73,113.74,166.50,0.5143,-1,-1,-1
66,16,816.87,262.93,71.48,161.47,0.9275,-1,-1,-1
66,0,637.12,226.89,94.21,155.12,0.9138,-1,-1,-1
66,8,919.58,238.44,59.51,175.82,0.8846,-1,-1,-1
66,13,183.65,325.81,60.15,163.19,0.8707,-1,-1,-1
66,6,396.56,284.66,92.43,142.21,0.8327,-1,-1,-1
66,2,964.95,214.63,114.94,148.08,0.6637,-1,-1,-1
66,15,516.03,24.21,35.01,48.81,0.5361,-1,-1,-1
66,5,1054.81,205.39,64.21,137.52,0.5240,-1,-1,-1
66,4,1169.17,319.86,94.25,169.26,0.5147,-1,-1,-1
67,16,814.28,264.82,67.42,164.54,0.9202,-1,-1,-1
67,8,921.66,240.76,66.05,173.75,0.8964,-1,-1,-1
67,13,179.47,326.91,62.88,162.42,0.8784,-1,-1,-1
67,0,674.86,229.09,55.65,152.87,0.8411,-1,-1,-1
67,6,391.85,285.12,93.41,140.55,0.8290,-1,-1,-1
67,4,1166.88,318.46,97.99,170.19,0.7093,-1,-1,-1
67,2,969.97,217.11,116.79,149.41,0.5790,-1,-1,-1
67,1,1158.54,240.53,89.76,158.29,0.5376,-1,-1,-1
67,15,512.45,25.19,35.16,48.06,0.5250,-1,-1,-1
67,-1,1159.08,240.58,88.98,111.01,0.5148,-1,-1,-1
67,12,970.01,217.35,113.36,125.77,0.5132,-1,-1,-1
68,16,811.27,266.79,63.58,167.03,0.9133,-1,-1,-1
68,8,923.14,243.60,72.93,172.56,0.9045,-1,-1,-1
68,13,177.00,327.52,62.93,161.92,0.8875,-1,-1,-1
68,6,388.03,285.16,93.58,140.39,0.8152,-1,-1,-1
68,0,670.56,230.23,65.06,151.86,0.8144,-1,-1,-1
68,1,1157.16,237.62,90.43,161.08,0.7696,-1,-1,-1
68,4,1166.34,314.90,101.76,173.53,0.7398,-1,-1,-1
69,16,807.92,269.45,61.29,166.48,0.9193,-1,-1,-1
69,8,924.13,245.51,80.86,170.82,0.9094,-1,-1,-1
69,13,175.67,326.89,62.53,161.85,0.8812,-1,-1,-1
69,6,384.99,285.20,89.99,140.72,0.8723,-1,-1,-1
69,0,675.80,230.62,70.04,151.34,0.8616,-1,-1,-1
69,4,1167.66,312.31,101.12,174.22,0.8597,-1,-1,-1
69,1,1165.94,234.88,79.22,161.14,0.8413,-1,-1,-1
69,-1,435.40,53.01,43.58,133.18,0.5484,-1,-1,-1
69,2,991.77,222.16,103.97,145.35,0.5117,-1,-1,-1
70,16,804.46,272.13,61.91,163.24,0.9142,-1,-1,-1
70,8,923.39,247.55,86.90,168.54,0.9118,-1,-1,-1
70,13,172.31,325.81,64.71,162.47,0.8929,-1,-1,-1
70,4,1170.29,309.55,107.47,170.40,0.8631,-1,-1,-1
70,1,1173.37,231.58,71.74,164.98,0.8562,-1,-1,-1
70,0,689.72,229.43,63.57,152.60,0.8420,-1,-1,-1
70,6,381.55,284.97,86.04,140.75,0.8419,-1,-1,-1
70,5,1064.74,193.00,77.29,131.07,0.5684,-1,-1,-1
70,-1,434.07,60.96,46.03,125.96,0.5684,-1,-1,-1
70,15,502.59,27.88,35.28,49.45,0.5129,-1,-1,-1
71,8,916.26,248.87,101.73,167.59,0.9260,-1,-1,-1
71,13,168.06,324.01,68.04,161.38,0.9082,-1,-1,-1
71,16,797.94,276.25,60.19,158.88,0.9058,-1,-1,-1
71,6,373.16,284.06,73.75,142.07,0.8727,-1,-1,-1
71,0,689.23,226.33,74.89,159.46,0.8625,-1,-1,-1
71,1,1187.96,228.33,57.52,166.14,0.7900,-1,-1,-1
71,2,1038.42,219.22,101.57,148.95,0.7513,-1,-1,-1
71,4,1184.51,308.56,95.81,165.14,0.6862,-1,-1,-1
71,17,431.45,61.87,62.02,125.45,0.5319,-1,-1,-1
72,8,912.66,248.77,103.13,166.47,0.9273,-1,-1,-1
72,13,166.08,323.91,70.57,157.85,0.9096,-1,-1,-1
72,16,795.29,277.37,59.73,157.77,0.9058,-1,-1,-1
72,0,690.01,225.84,87.51,160.04,0.8849,-1,-1,-1
72,6,367.63,283.75,66.22,142.26,0.8739,-1,-1,-1
72,1,1191.98,227.82,53.62,169.71,0.8205,-1,-1,-1
72,4,1234.66,308.88,45.00,165.77,0.6928,-1,-1,-1
72,2,1040.24,218.48,92.54,148.04,0.5770,-1,-1,-1
73,8,912.41,248.59,101.65,164.65,0.9264,-1,-1,-1
73,0,692.12,226.37,95.69,158.11,0.9206,-1,-1,-1
73,13,163.83,324.18,74.31,155.43,0.9150,-1,-1,-1
73,16,793.40,279.01,59.88,155.79,0.9016,-1,-1,-1
73,1,1192.52,228.22,53.04,168.26,0.8231,-1,-1,-1
73,6,359.82,283.74,59.67,141.27,0.8195,-1,-1,-1
73,4,1240.29,309.57,39.66,164.22,0.6299,-1,-1,-1
73,2,1044.84,245.97,96.06,115.76,0.6056,-1,-1,-1
73,17,435.20,60.11,77.96,123.51,0.5049,-1,-1,-1
74,0,694.15,227.32,103.63,156.30,0.9295,-1,-1,-1
74,8,916.04,247.24,94.50,162.39,0.9208,-1,-1,-1
74,13,161.80,324.96,73.54,152.75,0.8942,-1,-1,-1
74,16,792.91,279.11,58.22,155.46,0.8894,-1,-1,-1
74,6,353.97,283.82,49.45,139.55,0.8193,-1,-1,-1
74,1,1188.77,229.69,61.57,169.29,0.8173,-1,-1,-1
74,2,1057.72,247.33,93.10,110.33,0.6904,-1,-1,-1
74,5,1094.96,194.97,58.79,86.69,0.6083,-1,-1,-1
74,4,1234.83,308.80,45.26,164.42,0.5944,-1,-1,-1
75,0,701.25,229.25,102.81,155.61,0.9219,-1,-1,-1
75,13,160.79,325.62,74.82,150.86,0.9187,-1,-1,-1
75,8,925.80,245.24,80.91,164.74,0.9085,-1,-1,-1
75,16,793.72,279.29,55.63,155.10,0.8748,-1,-1,-1
75,1,1187.25,231.23,71.31,168.08,0.8508,-1,-1,-1
75,6,346.82,284.16,47.50,143.01,0.8427,-1,-1,-1
75,2,1049.60,231.52,112.87,125.49,0.5305,-1,-1,-1
75,5,1100.56,194.02,54.88,89.23,0.5135,-1,-1,-1
76,13,157.34,326.90,89.08,147.59,0.9262,-1,-1,-1
76,0,719.46,235.24,82.41,151.66,0.8941,-1,-1,-1
76,8,951.70,239.61,52.62,167.04,0.8765,-1,-1,-1
76,1,1179.48,233.71,90.96,165.48,0.8688,-1,-1,-1
76,16,792.23,276.95,53.59,157.26,0.8117,-1,-1,-1
76,6,334.76,286.12,57.40,140.42,0.7975,-1,-1,-1
76,17,498.62,62.47,41.33,129.27,0.6226,-1,-1,-1
77,13,155.76,327.42,93.35,146.94,0.9186,-1,-1,-1
77,8,954.91,236.92,52.22,168.98,0.8796,-1,-1,-1
77,1,1175.89,232.98,98.10,165.96,0.8707,-1,-1,-1
77,0,733.07,236.69,69.64,150.45,0.8627,-1,-1,-1
77,6,311.90,287.14,76.39,141.58,0.8374,-1,-1,-1
77,16,792.94,279.61,50.79,154.61,0.7978,-1,-1,-1
77,5,1087.58,195.90,86.20,122.49,0.6132,-1,-1,-1
77,2,1117.90,220.70,73.54,141.10,0.6078,-1,-1,-1
77,17,507.17,66.12,35.96,125.84,0.5887,-1,-1,-1
78,13,154.05,328.02,93.94,145.57,0.9206,-1,-1,-1
78,8,958.90,235.79,51.72,167.57,0.8774,-1,-1,-1
78,6,298.27,288.61,87.70,138.03,0.8636,-1,-1,-1
78,1,1169.98,231.86,101.89,166.70,0.8625,-1,-1,-1
78,0,745.93,237.28,60.69,149.67,0.8033,-1,-1,-1
78,16,793.32,280.66,48.96,153.19,0.7928,-1,-1,-1
78,5,1096.66,197.82,80.67,124.32,0.6812,-1,-1,-1
78,2,1128.19,222.67,71.53,139.18,0.6764,-1,-1,-1
78,17,512.46,66.72,37.28,125.88,0.5226,-1,-1,-1
79,13,152.68,328.54,93.86,144.51,0.9179,-1,-1,-1
79,6,291.30,289.83,90.44,137.43,0.8733,-1,-1,-1
79,8,963.58,235.14,51.47,167.49,0.8648,-1,-1,-1
79,1,1171.56,231.39,99.25,166.85,0.8414,-1,-1,-1
79,16,790.06,282.37,49.87,151.26,0.7725,-1,-1,-1
79,0,762.09,236.50,50.06,150.22,0.7175,-1,-1,-1
79,2,1148.17,223.74,57.61,137.96,0.6448,-1,-1,-1
79,5,1110.36,202.39,70.26,117.70,0.6268,-1,-1,-1
79,17,507.77,70.28,50.81,122.48,0.5186,-1,-1,-1
80,13,151.74,328.29,92.27,143.98,0.9273,-1,-1,-1
80,6,286.12,291.04,90.84,137.02,0.9006,-1,-1,-1
80,1,1172.47,229.68,96.24,167.20,0.8446,-1,-1,-1
80,8,968.80,234.90,53.66,161.98,0.8413,-1,-1,-1
80,16,767.95,281.32,69.96,152.84,0.7359,-1,-1,-1
80,5,1117.05,203.04,71.76,154.13,0.6167,-1,-1,-1
80,2,1155.31,224.93,55.96,135.96,0.5532,-1,-1,-1
80,17,506.16,71.03,55.27,122.63,0.5030,-1,-1,-1
81,13,155.88,327.21,85.30,144.22,0.9049,-1,-1,-1
81,1,1185.14,226.69,77.29,168.15,0.8382,-1,-1,-1
81,6,281.10,293.11,83.50,136.88,0.8264,-1,-1,-1
81,8,972.40,237.42,46.42,156.40,0.8092,-1,-1,-1
81,0,784.60,231.59,52.26,152.68,0.6335,-1,-1,-1
81,16,769.85,281.53,67.34,152.48,0.5937,-1,-1,-1
82,13,161.34,326.48,79.03,144.33,0.8991,-1,-1,-1
82,6,277.12,293.63,76.53,136.03,0.8147,-1,-1,-1
82,1,1193.32,224.75,70.54,169.78,0.8140,-1,-1,-1
82,8,972.30,240.34,80.12,153.89,0.7522,-1,-1,-1
82,16,769.49,282.06,62.33,151.73,0.7135,-1,-1,-1
82,2,1147.80,222.38,72.81,139.58,0.5783,-1,-1,-1
82,0,791.33,231.25,55.98,149.74,0.5561,-1,-1,-1
82,5,1119.53,211.59,77.12,121.74,0.5077,-1,-1,-1
83,13,166.01,325.82,75.58,144.71,0.8850,-1,-1,-1
83,8,970.69,242.90,87.56,152.22,0.8602,-1,-1,-1
83,6,270.56,293.42,66.98,136.67,0.8110,-1,-1,-1
83,0,796.34,231.87,69.23,147.49,0.8107,-1,-1,-1
83,16,769.55,282.15,58.35,151.48,0.7606,-1,-1,-1
83,1,1202.64,224.63,76.87,169.69,0.7048,-1,-1,-1
83,2,1147.03,218.98,74.19,142.46,0.6039,-1,-1,-1
84,13,174.55,324.76,70.39,145.75,0.8768,-1,-1,-1
84,6,265.65,293.43,58.74,136.98,0.8641,-1,-1,-1
84,8,968.21,244.12,94.44,152.07,0.8601,-1,-1,-1
84,0,800.67,233.02,72.79,147.30,0.8586,-1,-1,-1
84,16,771.66,282.30,53.76,150.76,0.8314,-1,-1,-1
84,1,1207.28,224.94,61.80,169.83,0.6550,-1,-1,-1
84,2,1152.24,218.87,62.53,138.26,0.5375,-1,-1,-1
84,5,1128.36,212.52,74.82,115.92,0.5119,-1,-1,-1
85,8,965.00,245.50,101.09,150.42,0.9040,-1,-1,-1
85,6,260.49,293.19,56.16,136.99,0.8789,-1,-1,-1
85,0,807.20,235.14,66.74,149.96,0.8660,-1,-1,-1
85,13,184.05,324.15,65.00,146.34,0.8489,-1,-1,-1
85,16,769.62,282.76,64.29,149.95,0.8108,-1,-1,-1
85,1,1211.00,225.35,58.48,170.73,0.6974,-1,-1,-1
85,15,452.19,44.90,38.43,47.12,0.5139,-1,-1,-1
86,8,960.19,247.59,104.28,147.09,0.8768,-1,-1,-1
86,0,819.12,236.89,56.12,148.42,0.8686,-1,-1,-1
86,6,250.92,292.82,55.72,136.94,0.8585,-1,-1,-1
86,16,764.25,282.39,56.19,150.09,0.8334,-1,-1,-1
86,13,195.56,324.20,48.46,146.06,0.8331,-1,-1,-1
86,1,1203.24,227.22,76.66,168.15,0.7496,-1,-1,-1
86,2,1150.62,207.57,69.73,141.20,0.6759,-1,-1,-1
87,8,964.03,247.64,98.97,146.59,0.9003,-1,-1,-1
87,0,819.41,237.03,61.47,148.31,0.8803,-1,-1,-1
87,16,761.65,282.27,53.56,150.64,0.8671,-1,-1,-1
87,6,244.79,292.86,56.48,136.63,0.8023,-1,-1,-1
87,13,196.09,324.00,52.07,146.47,0.7926,-1,-1,-1
87,1,1198.60,229.79,81.53,151.89,0.7843,-1,-1,-1
87,2,1162.65,206.75,65.13,143.66,0.7210,-1,-1,-1
88,8,965.61,247.02,93.38,146.81,0.9035,-1,-1,-1
88,0,833.34,235.62,51.41,148.71,0.8688,-1,-1,-1
88,16,759.20,282.81,54.06,149.20,0.8616,-1,-1,-1
88,6,233.55,293.57,62.99,136.78,0.8257,-1,-1,-1
88,13,197.92,324.27,58.24,145.94,0.7920,-1,-1,-1
88,1,1195.80,232.11,83.67,148.44,0.7388,-1,-1,-1
88,2,1171.88,206.53,56.51,143.93,0.6666,-1,-1,-1
89,0,833.90,234.18,54.32,148.97,0.8988,-1,-1,-1
89,8,970.24,245.48,85.57,148.66,0.8824,-1,-1,-1
89,16,756.78,283.08,54.51,149.27,0.8817,-1,-1,-1
89,13,196.85,324.62,69.93,145.76,0.8283,-1,-1,-1
89,6,236.77,294.76,55.45,135.41,0.7638,-1,-1,-1
89,1,1193.05,232.11,84.79,148.42,0.7409,-1,-1,-1
89,2,1175.20,206.95,52.27,146.70,0.6773,-1,-1,-1
90,0,831.63,232.50,61.72,150.48,0.9150,-1,-1,-1
90,16,754.07,283.43,55.03,148.78,0.8895,-1,-1,-1
90,8,982.18,243.25,69.76,150.54,0.8570,-1,-1,-1
90,13,194.89,325.21,78.76,144.59,0.8423,-1,-1,-1
90,6,231.22,296.15,55.57,133.41,0.7286,-1,-1,-1
90,1,1194.08,232.51,86.13,161.99,0.7158,-1,-1,-1
90,2,1180.48,209.03,46.68,146.92,0.5935,-1,-1,-1
91,0,831.15,231.70,85.30,150.71,0.9292,-1,-1,-1
91,16,748.45,283.92,56.75,147.93,0.8765,-1,-1,-1
91,13,191.70,323.22,86.22,146.04,0.8372,-1,-1,-1
91,8,1000.44,238.84,50.67,154.54,0.8331,-1,-1,-1
91,1,1215.52,230.68,64.70,164.41,0.6747,-1,-1,-1
91,2,1182.28,214.11,49.73,154.44,0.5865,-1,-1,-1
91,6,213.23,298.72,62.39,130.24,0.5669,-1,-1,-1
92,0,832.97,231.75,95.68,149.77,0.9226,-1,-1,-1
92,16,744.84,284.47,58.39,146.90,0.8433,-1,-1,-1
92,13,191.41,323.20,86.43,146.10,0.8411,-1,-1,-1
92,8,1004.88,238.17,46.97,155.19,0.8106,-1,-1,-1
92,1,1214.13,230.05,66.19,164.56,0.7090,-1,-1,-1
92,2,1178.75,216.91,57.45,144.18,0.6724,-1,-1,-1
92,6,205.39,299.77,53.79,126.30,0.6095,-1,-1,-1
92,-1,618.39,78.22,57.28,117.53,0.5448,-1,-1,-1
93,0,832.97,233.80,97.60,146.13,0.9130,-1,-1,-1
93,13,192.63,320.81,85.07,147.85,0.8646,-1,-1,-1
93,16,741.42,284.70,59.42,146.32,0.8430,-1,-1,-1
93,8,1006.61,238.74,45.53,154.83,0.8350,-1,-1,-1
93,2,1175.17,218.32,64.44,140.12,0.6976,-1,-1,-1
93,6,201.41,300.35,48.81,126.32,0.6519,-1,-1,-1
93,1,1236.53,230.91,43.93,162.99,0.6337,-1,-1,-1
94,0,834.69,236.09,97.15,143.57,0.9026,-1,-1,-1
94,8,1005.95,239.77,52.75,154.33,0.8745,-1,-1,-1
94,16,737.92,285.10,59.99,145.85,0.8316,-1,-1,-1
94,13,196.52,319.63,80.55,147.83,0.8296,-1,-1,-1
94,2,1171.39,218.54,74.56,142.32,0.7538,-1,-1,-1
94,6,196.95,300.76,46.04,126.37,0.6964,-1,-1,-1
94,1,1223.97,230.36,56.21,162.48,0.6855,-1,-1,-1
95,0,841.05,237.91,94.61,143.57,0.9133,-1,-1,-1
95,8,1003.26,241.01,61.92,152.73,0.8938,-1,-1,-1
95,16,734.82,285.62,59.86,144.85,0.8418,-1,-1,-1
95,13,203.28,318.18,75.90,144.92,0.7648,-1,-1,-1
95,6,191.37,300.87,53.50,126.88,0.7578,-1,-1,-1
95,2,1169.55,218.61,75.30,140.89,0.7350,-1,-1,-1
95,1,1216.13,227.37,63.94,165.23,0.7027,-1,-1,-1
95,-1,646.01,82.43,35.21,117.05,0.5060,-1,-1,-1
96,0,859.96,239.78,72.80,145.09,0.8809,-1,-1,-1
96,16,727.03,287.37,61.27,142.67,0.8412,-1,-1,-1
96,8,998.53,242.39,75.11,150.71,0.8358,-1,-1,-1
96,6,178.35,301.60,61.98,136.56,0.8194,-1,-1,-1
96,13,216.02,315.28,62.95,144.96,0.7685,-1,-1,-1
96,2,1172.27,220.54,75.80,139.23,0.6784,-1,-1,-1
96,1,1229.66,219.21,50.94,175.28,0.5989,-1,-1,-1
96,-1,1128.90,647.45,55.33,72.45,0.5007,-1,-1,-1
97,0,869.81,238.22,62.63,147.13,0.9030,-1,-1,-1
97,16,723.11,288.01,61.03,141.44,0.8641,-1,-1,-1
97,8,994.97,243.37,85.08,150.18,0.8454,-1,-1,-1
97,6,171.71,303.51,61.20,138.69,0.8299,-1,-1,-1
97,2,1174.94,221.70,64.83,135.84,0.7206,-1,-1,-1
97,13,225.88,314.51,45.39,139.31,0.7132,-1,-1,-1
97,1,1233.59,222.66,46.59,173.15,0.6329,-1,-1,-1
97,-1,1176.42,642.65,66.15,77.30,0.5126,-1,-1,-1
98,8,988.85,244.19,91.73,148.90,0.8767,-1,-1,-1
98,16,719.81,289.65,60.27,139.42,0.8762,-1,-1,-1
98,0,879.64,236.20,51.98,148.78,0.8690,-1,-1,-1
98,6,164.15,304.90,61.38,140.39,0.8536,-1,-1,-1
98,13,226.77,314.22,43.09,143.27,0.8043,-1,-1,-1
98,2,1180.04,222.65,57.17,133.67,0.6982,-1,-1,-1
98,1,1234.99,226.71,44.83,170.54,0.6333,-1,-1,-1
98,-1,1169.84,641.53,66.13,78.43,0.5261,-1,-1,-1
99,6,158.42,307.19,62.16,141.74,0.8980,-1,-1,-1
99,16,715.04,290.62,62.04,138.31,0.8979,-1,-1,-1
99,8,981.97,244.97,95.76,147.53,0.8929,-1,-1,-1
99,0,883.53,234.88,47.53,148.99,0.8528,-1,-1,-1
99,13,225.11,313.82,48.50,142.70,0.8365,-1,-1,-1
99,1,1224.57,230.74,55.44,167.38,0.6801,-1,-1,-1
99,2,1184.59,222.57,51.39,134.84,0.6560,-1,-1,-1
99,18,1164.30,640.40,65.93,79.56,0.5041,-1,-1,-1
100,16,711.39,292.38,61.36,136.10,0.9000,-1,-1,-1
100,6,152.26,309.40,62.23,140.48,0.8980,-1,-1,-1
100,8,979.70,245.21,93.78,145.18,0.8905,-1,-1,-1
100,13,224.97,313.94,54.58,142.17,0.8771,-1,-1,-1
100,0,884.03,234.03,46.69,148.20,0.8399,-1,-1,-1
100,1,1236.80,232.43,42.38,166.44,0.6839,-1,-1,-1
100,2,1188.91,222.34,51.51,136.65,0.6242,-1,-1,-1
101,16,701.61,294.84,62.46,133.23,0.8988,-1,-1,-1
101,6,141.73,313.73,61.38,140.02,0.8915,-1,-1,-1
101,8,980.33,243.56,81.49,144.02,0.8900,-1,-1,-1
101,13,221.10,314.39,65.94,141.65,0.8802,-1,-1,-1
101,0,882.56,234.16,47.17,144.51,0.7788,-1,-1,-1
101,1,1229.27,235.68,50.08,162.74,0.7344,-1,-1,-1
101,2,1184.05,241.02,54.59,122.34,0.5886,-1,-1,-1
101,18,1146.32,636.64,64.39,82.93,0.5208,-1,-1,-1
102,16,696.26,295.85,62.69,131.90,0.9041,-1,-1,-1
102,8,983.66,241.71,71.44,145.92,0.8991,-1,-1,-1
102,6,137.13,315.72,59.68,139.75,0.8909,-1,-1,-1
102,13,215.84,314.66,71.03,140.03,0.8693,-1,-1,-1
102,0,881.22,235.19,52.60,142.62,0.8218,-1,-1,-1
102,1,1222.95,236.11,56.66,162.23,0.7608,-1,-1,-1
102,2,1180.44,238.73,58.14,126.77,0.6346,-1,-1,-1
102,-1,676.54,83.36,51.01,117.47,0.5332,-1,-1,-1
103,16,691.24,297.00,63.19,130.85,0.8996,-1,-1,-1
103,6,131.74,317.46,59.12,138.49,0.8877,-1,-1,-1
103,8,990.26,240.37,59.10,147.43,0.8811,-1,-1,-1
103,13,212.23,314.74,76.02,139.12,0.8490,-1,-1,-1
103,0,881.63,236.85,56.92,141.30,0.8487,-1,-1,-1
103,1,1216.81,235.63,62.51,162.25,0.7250,-1,-1,-1
103,2,1176.57,247.61,58.17,115.63,0.5563,-1,-1,-1
103,-1,685.47,82.85,39.95,118.05,0.5388,-1,-1,-1
103,-1,1176.16,223.77,57.47,137.58,0.5016,-1,-1,-1
104,16,686.09,298.47,62.62,129.66,0.9020,-1,-1,-1
104,6,126.78,318.68,57.54,137.76,0.8924,-1,-1,-1
104,8,995.15,238.76,48.95,147.79,0.8771,-1,-1,-1
104,0,881.42,239.47,60.61,132.51,0.8295,-1,-1,-1
104,13,210.13,314.85,74.95,138.23,0.7823,-1,-1,-1
104,1,1210.72,235.85,68.72,161.33,0.7511,-1,-1,-1
104,-1,1174.06,225.32,58.86,138.03,0.6798,-1,-1,-1
104,19,692.04,85.01,29.62,116.23,0.6198,-1,-1,-1
104,-1,1075.38,636.80,54.82,82.92,0.5013,-1,-1,-1
105,16,680.79,299.60,62.65,128.24,0.8940,-1,-1,-1
105,6,121.30,319.66,57.16,137.28,0.8905,-1,-1,-1
105,13,208.21,314.67,78.16,138.33,0.8701,-1,-1,-1
105,8,994.45,238.96,45.93,146.37,0.8552,-1,-1,-1
105,0,880.86,242.56,66.11,137.29,0.7997,-1,-1,-1
105,1,1203.46,236.50,76.21,160.71,0.7550,-1,-1,-1
105,20,1173.13,226.83,58.75,137.12,0.6898,-1,-1,-1
105,19,692.10,85.54,30.21,116.02,0.6371,-1,-1,-1
106,16,671.10,302.02,61.13,125.67,0.8937,-1,-1,-1
106,6,110.53,321.14,57.43,136.79,0.8879,-1,-1,-1
106,0,880.07,246.09,70.02,140.37,0.8819,-1,-1,-1
106,8,988.99,239.10,50.60,143.28,0.8618,-1,-1,-1
106,13,218.73,312.91,67.09,130.86,0.8318,-1,-1,-1
106,1,1191.12,235.76,88.12,160.11,0.8172,-1,-1,-1
106,19,686.74,85.24,36.75,117.71,0.6328,-1,-1,-1
106,20,1175.40,229.75,47.19,135.18,0.5736,-1,-1,-1
107,8,985.03,239.44,57.67,143.40,0.8969,-1,-1,-1
107,0,879.61,246.79,70.02,139.97,0.8906,-1,-1,-1
107,16,664.80,302.83,62.54,125.11,0.8904,-1,-1,-1
107,6,104.75,321.64,56.99,136.60,0.8874,-1,-1,-1
107,13,223.57,310.40,57.80,132.06,0.8422,-1,-1,-1
107,1,1188.88,236.57,90.04,157.72,0.8194,-1,-1,-1
107,19,683.86,84.20,43.60,120.85,0.6326,-1,-1,-1
107,20,1173.96,230.16,45.71,133.75,0.5691,-1,-1,-1
108,8,979.70,240.42,65.92,141.04,0.9053,-1,-1,-1
108,16,659.35,303.51,61.89,124.32,0.8964,-1,-1,-1
108,6,98.63,322.64,56.60,136.15,0.8946,-1,-1,-1
108,0,874.83,247.32,72.00,137.81,0.8884,-1,-1,-1
108,13,227.11,307.65,53.66,135.21,0.8605,-1,-1,-1
108,1,1187.30,235.86,89.38,156.96,0.7933,-1,-1,-1
108,19,680.37,81.64,57.63,132.88,0.6933,-1,-1,-1
108,20,1168.00,230.19,46.82,134.99,0.5986,-1,-1,-1
109,6,93.25,324.17,55.66,135.34,0.9123,-1,-1,-1
109,16,653.36,303.36,61.45,124.67,0.9013,-1,-1,-1
109,8,976.32,241.35,70.34,139.16,0.8938,-1,-1,-1
109,0,870.08,248.23,71.60,135.88,0.8793,-1,-1,-1
109,13,225.66,305.07,49.96,132.96,0.8185,-1,-1,-1
109,1,1184.28,236.79,81.52,154.72,0.7673,-1,-1,-1
109,19,677.80,86.18,64.51,126.76,0.6213,-1,-1,-1
109,20,1160.02,229.33,52.42,135.28,0.5783,-1,-1,-1
109,-1,1238.86,246.07,40.92,142.93,0.5188,-1,-1,-1
110,16,647.48,302.83,61.19,124.55,0.8943,-1,-1,-1
110,6,87.38,325.65,55.44,139.90,0.8907,-1,-1,-1
110,8,971.61,242.71,76.70,136.78,0.8907,-1,-1,-1
110,0,865.36,249.79,70.26,130.36,0.8542,-1,-1,-1
110,13,222.81,302.74,47.38,132.51,0.8351,-1,-1,-1
110,1,1181.26,235.65,73.48,153.61,0.6131,-1,-1,-1
110,19,678.45,85.91,69.06,120.79,0.5873,-1,-1,-1
110,-1,1229.50,246.57,50.21,142.89,0.5611,-1,-1,-1
110,20,1152.30,229.15,61.69,137.10,0.5224,-1,-1,-1
111,6,74.89,330.89,56.65,145.48,0.9033,-1,-1,-1
111,8,956.32,245.21,90.97,133.33,0.9022,-1,-1,-1
111,16,635.15,300.83,61.53,126.97,0.9021,-1,-1,-1
111,0,862.54,250.72,61.11,134.86,0.8796,-1,-1,-1
111,13,220.28,300.77,51.28,131.19,0.8747,-1,-1,-1
111,1,1173.75,229.47,65.13,157.52,0.7620,-1,-1,-1
111,19,691.10,94.01,48.31,113.48,0.6014,-1,-1,-1
111,21,1224.42,249.29,55.15,129.11,0.5841,-1,-1,-1
111,20,1145.09,228.90,55.37,136.27,0.5042,-1,-1,-1
112,8,950.56,246.89,94.39,132.58,0.9034,-1,-1,-1
112,6,69.54,333.24,56.61,146.20,0.8982,-1,-1,-1
112,16,629.21,299.67,61.69,128.50,0.8959,-1,-1,-1
112,13,219.11,301.13,54.34,132.71,0.8958,-1,-1,-1
112,0,864.60,250.43,56.29,135.85,0.8930,-1,-1,-1
112,1,1171.28,230.33,62.44,155.45,0.7122,-1,-1,-1
112,19,696.80,93.03,37.00,114.97,0.6034,-1,-1,-1
112,21,1207.10,249.73,72.76,129.68,0.5544,-1,-1,-1
113,0,864.16,250.54,54.74,132.79,0.9100,-1,-1,-1
113,16,623.85,297.92,60.08,128.39,0.9068,-1,-1,-1
113,8,944.86,248.92,97.42,131.33,0.9037,-1,-1,-1
113,13,217.42,302.18,55.06,136.59,0.8856,-1,-1,-1
113,6,64.88,336.15,56.10,146.88,0.8766,-1,-1,-1
113,1,1167.18,233.06,58.21,151.64,0.6895,-1,-1,-1
113,19,697.65,94.31,32.37,114.13,0.6380,-1,-1,-1
113,21,1208.74,239.52,71.26,146.72,0.5915,-1,-1,-1
114,8,940.06,251.10,99.08,128.86,0.9089,-1,-1,-1
114,0,864.48,250.44,51.69,136.08,0.9048,-1,-1,-1
114,16,617.13,296.06,60.64,128.33,0.9029,-1,-1,-1
114,13,215.95,304.42,56.59,135.83,0.8801,-1,-1,-1
114,6,61.31,339.61,54.52,145.84,0.8765,-1,-1,-1
114,1,1158.06,234.60,61.15,149.11,0.7651,-1,-1,-1
114,21,1207.91,242.43,71.92,141.18,0.6945,-1,-1,-1
114,19,698.52,95.84,31.39,113.06,0.5850,-1,-1,-1
115,8,933.79,253.76,100.85,125.79,0.9132,-1,-1,-1
115,0,863.37,251.27,49.94,136.11,0.9034,-1,-1,-1
115,16,611.73,294.41,60.43,129.00,0.9024,-1,-1,-1
115,13,215.27,306.75,57.29,133.98,0.8776,-1,-1,-1
115,6,58.45,342.51,53.21,146.00,0.8753,-1,-1,-1
115,21,1202.09,245.11,77.78,143.19,0.7675,-1,-1,-1
115,1,1150.59,237.45,64.08,147.52,0.7300,-1,-1,-1
115,19,696.36,95.16,33.84,113.98,0.5245,-1,-1,-1
116,16,600.28,292.37,61.13,128.54,0.8900,-1,-1,-1
116,0,859.20,254.36,48.32,141.32,0.8836,-1,-1,-1
116,8,925.41,257.74,97.44,123.40,0.8820,-1,-1,-1
116,6,53.41,347.86,49.84,145.57,0.8694,-1,-1,-1
116,13,215.06,308.76,56.40,128.51,0.8392,-1,-1,-1
116,21,1185.68,273.21,85.38,118.52,0.5772,-1,-1,-1
116,1,1137.93,252.80,69.53,131.22,0.5122,-1,-1,-1
116,19,694.11,96.78,45.93,115.03,0.5078,-1,-1,-1
117,8,920.90,258.31,96.92,122.94,0.9124,-1,-1,-1
117,16,595.48,291.32,60.30,127.94,0.9109,-1,-1,-1
117,6,51.44,349.88,47.90,144.69,0.8864,-1,-1,-1
117,0,857.04,256.92,50.52,142.56,0.8735,-1,-1,-1
117,13,216.29,308.37,54.82,117.34,0.8653,-1,-1,-1
117,1,1131.20,238.51,68.26,145.68,0.7035,-1,-1,-1
117,21,1180.82,274.33,87.18,117.35,0.6039,-1,-1,-1
117,19,692.41,98.16,56.27,113.70,0.5837,-1,-1,-1
118,8,917.02,257.35,94.26,124.09,0.9136,-1,-1,-1
118,16,590.07,290.69,59.55,125.15,0.9132,-1,-1,-1
118,6,49.72,351.33,46.78,144.48,0.8767,-1,-1,-1
118,13,217.17,307.07,52.36,118.18,0.8741,-1,-1,-1
118,0,855.92,259.22,54.75,141.35,0.8637,-1,-1,-1
118,1,1124.45,240.56,68.08,145.78,0.7226,-1,-1,-1
118,21,1171.79,276.23,91.27,114.91,0.6182,-1,-1,-1
119,8,916.11,255.84,89.20,125.57,0.9140,-1,-1,-1
119,16,584.52,290.07,60.29,121.03,0.8865,-1,-1,-1
119,0,854.81,262.08,60.47,139.04,0.8748,-1,-1,-1
119,6,47.58,352.03,44.77,144.41,0.8747,-1,-1,-1
119,13,209.76,304.55,57.87,132.29,0.8443,-1,-1,-1
119,1,1119.24,242.49,70.24,146.33,0.7489,-1,-1,-1
119,19,694.10,103.65,55.63,108.24,0.6801,-1,-1,-1
119,21,1174.70,274.14,90.67,116.60,0.6293,-1,-1,-1
119,-1,1199.73,254.22,64.62,126.38,0.5754,-1,-1,-1
119,-1,1038.68,157.50,85.87,102.08,0.5271,-1,-1,-1
120,8,916.83,254.69,82.13,127.08,0.9207,-1,-1,-1
120,0,854.24,263.78,65.66,135.93,0.9025,-1,-1,-1
120,16,579.22,288.79,60.19,117.55,0.8877,-1,-1,-1
120,6,45.84,352.95,43.10,144.01,0.8547,-1,-1,-1
120,13,214.29,302.95,51.35,133.46,0.8504,-1,-1,-1
120,1,1112.99,250.16,69.99,136.31,0.7236,-1,-1,-1
120,-1,1199.93,256.42,63.76,129.13,0.7191,-1,-1,-1
120,19,694.67,103.91,49.51,109.66,0.6750,-1,-1,-1
120,21,1165.29,276.13,87.68,115.54,0.6451,-1,-1,-1
120,-1,1031.81,150.15,75.90,107.61,0.5592,-1,-1,-1
120,20,1091.24,198.36,57.81,107.55,0.5448,-1,-1,-1
121,0,846.13,265.83,75.37,136.74,0.9048,-1,-1,-1
121,8,926.19,252.91,60.88,129.05,0.8887,-1,-1,-1
121,16,568.11,288.87,61.24,116.44,0.8806,-1,-1,-1
121,13,216.41,299.44,46.04,129.98,0.8788,-1,-1,-1
121,1,1106.86,251.70,72.32,137.20,0.8242,-1,-1,-1
121,6,41.07,356.05,42.53,142.66,0.8193,-1,-1,-1
121,22,1194.63,261.67,58.09,126.97,0.6814,-1,-1,-1
121,20,1065.69,192.04,64.83,114.98,0.6416,-1,-1,-1
121,23,1019.71,144.15,64.34,107.18,0.5793,-1,-1,-1
121,21,1163.93,273.03,82.39,119.61,0.5642,-1,-1,-1
121,19,694.67,101.52,43.42,114.55,0.5147,-1,-1,-1
122,0,842.13,266.28,75.89,137.95,0.9157,-1,-1,-1
122,16,563.03,288.60,60.97,116.93,0.9040,-1,-1,-1
122,8,924.96,253.34,55.03,128.96,0.8880,-1,-1,-1
122,13,217.31,297.76,44.51,129.64,0.8785,-1,-1,-1
122,6,34.73,358.46,46.75,142.23,0.8358,-1,-1,-1
122,1,1101.82,253.46,74.01,137.50,0.7656,-1,-1,-1
122,22,1193.23,264.14,54.55,131.08,0.6368,-1,-1,-1
122,23,1011.91,140.93,55.48,105.51,0.5503,-1,-1,-1
122,19,694.74,104.68,41.37,112.22,0.5284,-1,-1,-1
122,20,1053.53,188.12,61.07,92.63,0.5085,-1,-1,-1
122,21,1161.77,274.78,77.18,119.91,0.5049,-1,-1,-1
123,16,559.31,289.13,60.21,116.70,0.9046,-1,-1,-1
123,8,920.84,253.83,52.85,128.64,0.8947,-1,-1,-1
123,0,839.10,266.34,74.76,138.06,0.8896,-1,-1,-1
123,13,216.00,296.89,48.24,133.09,0.8635,-1,-1,-1
123,6,30.82,360.92,52.21,143.93,0.8443,-1,-1,-1
123,1,1104.38,254.74,64.32,139.43,0.7474,-1,-1,-1
123,22,1194.39,264.43,49.83,120.19,0.7141,-1,-1,-1
123,20,1044.36,184.83,77.10,123.11,0.6277,-1,-1,-1
123,19,693.56,103.54,45.24,113.96,0.5554,-1,-1,-1
123,23,1002.08,139.03,58.30,104.88,0.5074,-1,-1,-1
124,16,553.77,290.06,60.29,116.08,0.9039,-1,-1,-1
124,8,915.97,255.12,52.94,128.55,0.8889,-1,-1,-1
124,0,841.85,266.51,67.79,138.04,0.8711,-1,-1,-1
124,6,25.98,364.07,62.85,143.08,0.8505,-1,-1,-1
124,13,212.92,295.95,45.32,133.69,0.8495,-1,-1,-1
124,1,1098.26,256.36,66.96,139.72,0.7140,-1,-1,-1
124,22,1192.97,264.24,45.75,121.27,0.7009,-1,-1,-1
124,20,1036.54,183.69,75.77,122.39,0.6120,-1,-1,-1
124,21,1145.36,269.62,84.03,141.48,0.5570,-1,-1,-1
124,19,693.03,103.99,51.99,112.84,0.5398,-1,-1,-1
124,23,988.25,139.28,59.87,101.61,0.5077,-1,-1,-1
125,16,549.06,290.69,60.32,115.99,0.9067,-1,-1,-1
125,0,846.90,266.66,59.94,138.43,0.8825,-1,-1,-1
125,8,911.10,256.00,53.66,129.05,0.8712,-1,-1,-1
125,6,21.22,367.69,71.08,142.50,0.8581,-1,-1,-1
125,13,210.17,295.96,52.72,135.19,0.8499,-1,-1,-1
125,1,1097.36,258.69,60.88,143.81,0.7329,-1,-1,-1
125,22,1191.47,263.05,43.80,122.84,0.6318,-1,-1,-1
125,20,1025.81,183.27,77.48,124.92,0.6290,-1,-1,-1
126,16,544.40,291.52,60.44,116.12,0.9054,-1,-1,-1
126,13,207.45,296.24,58.90,133.43,0.8868,-1,-1,-1
126,8,906.22,257.83,54.12,128.60,0.8844,-1,-1,-1
126,6,15.46,370.98,75.44,143.12,0.8751,-1,-1,-1
126,0,853.68,267.51,52.56,138.11,0.8114,-1,-1,-1
126,1,1092.25,261.49,63.89,147.37,0.7048,-1,-1,-1
126,20,1011.86,182.61,80.68,117.67,0.6297,-1,-1,-1
126,22,1185.98,264.99,45.14,119.85,0.5963,-1,-1,-1
126,21,1109.70,269.23,102.71,148.55,0.5552,-1,-1,-1
126,23,967.41,138.01,56.57,103.75,0.5101,-1,-1,-1
127,16,534.14,292.77,60.63,115.87,0.9091,-1,-1,-1
127,13,196.55,296.86,74.46,133.86,0.8972,-1,-1,-1
127,6,6.16,376.09,76.34,143.98,0.8746,-1,-1,-1
127,8,891.25,261.15,68.68,129.98,0.8083,-1,-1,-1
127,0,860.89,268.17,38.31,138.55,0.7753,-1,-1,-1
127,1,1082.92,267.96,70.53,148.53,0.7287,-1,-1,-1
127,22,1174.43,268.83,57.92,119.78,0.6631,-1,-1,-1
128,16,529.55,292.82,60.59,116.34,0.9200,-1,-1,-1
128,13,192.25,297.10,71.31,133.43,0.8838,-1,-1,-1
128,6,1.39,377.56,76.08,144.23,0.8790,-1,-1,-1
128,8,889.45,262.43,66.29,130.49,0.8489,-1,-1,-1
128,1,1077.72,270.50,72.05,145.17,0.7705,-1,-1,-1
128,0,860.00,268.96,35.15,140.64,0.7245,-1,-1,-1
128,22,1177.19,269.63,56.05,120.63,0.5989,-1,-1,-1
128,20,978.45,180.45,57.12,112.43,0.5251,-1,-1,-1
129,16,525.36,292.73,59.52,117.06,0.9184,-1,-1,-1
129,13,188.65,297.13,71.29,132.87,0.8900,-1,-1,-1
129,8,887.39,263.01,63.00,132.42,0.8679,-1,-1,-1
129,6,0.68,378.71,71.63,144.32,0.8276,-1,-1,-1
129,0,855.94,270.47,37.44,148.83,0.8088,-1,-1,-1
129,1,1071.17,272.20,59.43,143.87,0.7851,-1,-1,-1
129,21,1123.84,273.45,64.88,150.95,0.7314,-1,-1,-1
129,22,1174.25,271.34,59.10,125.29,0.5976,-1,-1,-1
129,19,683.30,109.67,45.62,111.77,0.5161,-1,-1,-1
130,16,520.09,291.71,59.35,118.64,0.9121,-1,-1,-1
130,13,181.93,296.36,74.70,133.39,0.8848,-1,-1,-1
130,8,884.31,263.46,63.52,133.69,0.8656,-1,-1,-1
130,0,850.89,272.36,48.47,147.91,0.8191,-1,-1,-1
130,6,0.28,379.78,66.10,144.31,0.8070,-1,-1,-1
130,1,1065.08,272.03,60.88,144.36,0.7748,-1,-1,-1
130,21,1116.29,274.90,67.78,149.62,0.6779,-1,-1,-1
130,22,1164.69,273.87,67.92,127.65,0.6031,-1,-1,-1
130,19,680.00,107.25,45.62,114.46,0.5412,-1,-1,-1
131,16,514.85,290.65,59.06,120.14,0.9053,-1,-1,-1
131,13,189.04,294.86,67.09,130.53,0.8662,-1,-1,-1
131,8,881.03,264.05,62.47,135.39,0.8222,-1,-1,-1
131,0,845.09,273.94,60.73,147.18,0.8216,-1,-1,-1
131,6,0.41,381.03,60.47,144.14,0.7936,-1,-1,-1
131,1,1061.34,270.63,58.26,146.27,0.7535,-1,-1,-1
131,22,1166.72,277.93,64.15,132.94,0.6180,-1,-1,-1
131,21,1111.50,275.41,63.84,120.85,0.5642,-1,-1,-1
131,19,676.28,102.92,45.80,119.14,0.5181,-1,-1,-1
132,16,505.32,287.47,58.71,125.46,0.8820,-1,-1,-1
132,13,200.69,290.57,53.52,132.62,0.8771,-1,-1,-1
132,0,836.27,277.92,70.21,147.25,0.8079,-1,-1,-1
132,21,1097.57,277.75,65.64,147.15,0.7998,-1,-1,-1
132,8,874.33,267.13,63.04,133.41,0.7970,-1,-1,-1
132,1,1051.02,265.54,53.07,151.96,0.7872,-1,-1,-1
132,6,1.17,383.18,57.35,145.08,0.7513,-1,-1,-1
132,-1,1133.37,266.33,37.33,125.80,0.5767,-1,-1,-1
132,20,920.07,167.88,53.60,122.94,0.5711,-1,-1,-1
132,19,669.04,102.21,52.38,121.42,0.5468,-1,-1,-1
132,22,1164.19,293.43,58.53,127.97,0.5375,-1,-1,-1
133,16,500.91,286.61,58.18,126.58,0.8975,-1,-1,-1
133,13,199.36,288.61,52.54,135.93,0.8644,-1,-1,-1
133,1,1046.53,264.06,53.89,154.09,0.8056,-1,-1,-1
133,21,1093.71,281.20,58.24,143.70,0.7880,-1,-1,-1
133,8,875.36,268.41,59.43,133.51,0.7845,-1,-1,-1
133,0,833.87,279.90,70.12,146.50,0.7626,-1,-1,-1
133,6,1.97,385.35,57.93,146.15,0.7496,-1,-1,-1
133,20,904.11,167.07,65.27,124.67,0.5824,-1,-1,-1
133,22,1159.84,295.38,58.21,129.55,0.5782,-1,-1,-1
133,19,665.63,103.13,50.78,121.45,0.5488,-1,-1,-1
133,-1,1132.33,268.07,37.87,125.07,0.5038,-1,-1,-1
134,16,497.38,285.47,57.98,126.47,0.8966,-1,-1,-1
134,13,198.95,287.34,51.30,134.91,0.8383,-1,-1,-1
134,1,1042.76,263.96,51.72,155.01,0.7999,-1,-1,-1
134,21,1089.00,284.18,61.63,144.21,0.7964,-1,-1,-1
134,8,874.84,270.28,57.01,132.68,0.7710,-1,-1,-1
134,0,835.44,281.44,64.76,146.07,0.7500,-1,-1,-1
134,6,0.73,387.51,60.49,149.87,0.7323,-1,-1,-1
134,20,901.48,165.83,62.03,123.12,0.5871,-1,-1,-1
134,19,662.65,104.29,46.85,121.62,0.5530,-1,-1,-1
135,16,493.83,284.81,56.96,126.64,0.8930,-1,-1,-1
135,13,198.79,286.90,48.78,124.42,0.8419,-1,-1,-1
135,1,1038.58,264.07,52.83,154.45,0.7843,-1,-1,-1
135,21,1081.86,287.73,67.85,143.92,0.7497,-1,-1,-1
135,6,0.37,390.50,62.74,152.68,0.7343,-1,-1,-1
135,8,872.25,271.56,59.18,132.88,0.7260,-1,-1,-1
135,0,836.76,282.85,58.81,145.86,0.7164,-1,-1,-1
135,20,887.88,165.11,70.48,123.63,0.6107,-1,-1,-1
135,22,1149.96,303.28,59.95,130.51,0.6099,-1,-1,-1
135,19,659.77,106.06,48.53,120.89,0.5361,-1,-1,-1
136,16,489.33,283.94,58.16,126.44,0.8911,-1,-1,-1
136,13,195.95,286.49,52.74,125.46,0.8652,-1,-1,-1
136,8,873.87,271.17,55.96,133.48,0.7245,-1,-1,-1
136,21,1078.63,291.32,62.38,144.23,0.7210,-1,-1,-1
136,0,841.96,283.52,51.22,146.38,0.7143,-1,-1,-1
136,6,0.04,394.41,67.03,153.07,0.7119,-1,-1,-1
136,20,870.74,162.57,83.31,127.67,0.6550,-1,-1,-1
136,1,1034.68,265.31,50.71,151.10,0.5982,-1,-1,-1
136,-1,1035.13,264.98,50.86,152.45,0.5855,-1,-1,-1
136,19,658.80,107.30,47.16,121.23,0.5831,-1,-1,-1
136,22,1145.25,306.36,60.99,128.66,0.5686,-1,-1,-1
137,16,481.47,281.83,58.64,125.39,0.8777,-1,-1,-1
137,13,190.49,288.24,54.53,129.39,0.8326,-1,-1,-1
137,1,1026.48,268.54,49.29,146.79,0.7236,-1,-1,-1
137,21,1069.42,299.29,61.58,145.40,0.7174,-1,-1,-1
137,6,-0.24,401.19,65.14,150.40,0.7101,-1,-1,-1
137,20,840.34,166.27,95.38,118.79,0.6886,-1,-1,-1
137,19,653.30,108.46,47.05,121.18,0.5694,-1,-1,-1
137,0,852.63,282.81,34.40,147.71,0.5693,-1,-1,-1
137,8,874.53,269.19,50.94,136.34,0.5690,-1,-1,-1
138,16,477.31,281.21,58.65,121.94,0.8830,-1,-1,-1
138,13,187.78,289.64,62.12,131.28,0.8612,-1,-1,-1
138,6,-0.29,403.29,63.44,150.91,0.7393,-1,-1,-1
138,1,1023.65,270.62,46.40,145.26,0.7114,-1,-1,-1
138,20,836.03,172.41,88.48,111.91,0.6811,-1,-1,-1
138,21,1053.89,300.45,77.85,146.47,0.6790,-1,-1,-1
138,8,875.11,267.86,48.07,138.40,0.6771,-1,-1,-1
138,0,854.24,282.61,33.36,147.91,0.6136,-1,-1,-1
138,19,650.44,109.51,49.60,119.05,0.5857,-1,-1,-1
138,-1,785.55,122.57,46.13,103.75,0.5027,-1,-1,-1
139,13,186.13,290.73,65.61,131.24,0.8819,-1,-1,-1
139,16,473.26,280.75,58.97,119.03,0.8721,-1,-1,-1
139,1,1016.41,271.82,48.45,144.80,0.7818,-1,-1,-1
139,6,-0.33,406.38,64.50,150.97,0.7766,-1,-1,-1
139,21,1054.61,304.05,67.79,145.18,0.7033,-1,-1,-1
139,8,869.72,267.53,50.55,140.24,0.6902,-1,-1,-1
139,20,830.93,174.04,79.81,111.12,0.6794,-1,-1,-1
139,22,1113.16,294.09,74.48,140.55,0.6508,-1,-1,-1
139,0,851.67,280.44,39.49,150.35,0.6011,-1,-1,-1
139,-1,773.67,124.25,51.36,101.46,0.5668,-1,-1,-1
139,19,646.58,110.20,50.22,116.93,0.5281,-1,-1,-1
140,13,186.92,290.84,64.79,131.30,0.9010,-1,-1,-1
140,16,468.69,280.49,59.45,117.79,0.9000,-1,-1,-1
140,1,1007.45,271.88,53.23,143.82,0.7861,-1,-1,-1
140,6,-0.17,409.06,59.89,150.18,0.7697,-1,-1,-1
140,0,848.21,281.43,50.58,149.78,0.7124,-1,-1,-1
140,21,1049.29,307.02,70.70,147.16,0.7098,-1,-1,-1
140,20,826.78,170.97,67.65,114.52,0.7036,-1,-1,-1
140,8,866.16,266.58,52.39,143.99,0.6734,-1,-1,-1
140,22,1127.36,305.09,54.72,120.77,0.5650,-1,-1,-1
140,24,761.52,120.48,53.93,104.38,0.5606,-1,-1,-1
140,19,643.13,110.15,49.72,115.27,0.5292,-1,-1,-1
141,16,464.72,281.12,60.45,117.06,0.9030,-1,-1,-1
141,13,187.71,290.59,64.80,132.56,0.8650,-1,-1,-1
141,6,-0.23,411.45,60.59,149.00,0.7367,-1,-1,-1
141,1,996.35,270.77,59.73,144.16,0.7222,-1,-1,-1
141,20,820.66,170.13,64.04,115.37,0.7035,-1,-1,-1
141,21,1041.99,308.83,76.05,145.95,0.6837,-1,-1,-1
141,0,845.50,280.93,58.03,150.25,0.6290,-1,-1,-1
141,22,1124.16,304.10,55.92,131.12,0.6053,-1,-1,-1
141,8,868.86,268.83,48.37,149.66,0.5505,-1,-1,-1
141,19,638.66,110.66,50.73,113.35,0.5363,-1,-1,-1
141,24,743.35,120.73,63.35,99.67,0.5147,-1,-1,-1
142,16,457.11,282.48,60.48,116.76,0.8964,-1,-1,-1
142,13,190.23,288.06,61.08,131.66,0.8652,-1,-1,-1
142,6,-0.10,413.68,55.47,148.93,0.7480,-1,-1,-1
142,0,842.34,282.40,57.40,150.25,0.7479,-1,-1,-1
142,20,800.34,166.12,52.19,119.59,0.7151,-1,-1,-1
142,22,1103.71,306.49,67.22,133.99,0.6339,-1,-1,-1
142,8,870.19,274.51,42.94,132.89,0.6184,-1,-1,-1
142,1,982.73,270.15,67.17,126.56,0.5786,-1,-1,-1
142,21,1031.87,315.47,75.68,111.22,0.5622,-1,-1,-1
143,16,454.00,283.61,60.38,116.26,0.9057,-1,-1,-1
143,13,192.02,287.04,59.85,124.49,0.8628,-1,-1,-1
143,0,841.66,286.95,54.67,147.91,0.7441,-1,-1,-1
143,6,-0.00,415.44,50.59,148.01,0.7244,-1,-1,-1
143,20,794.01,168.61,49.91,117.46,0.7237,-1,-1,-1
143,1,979.58,270.54,73.04,124.03,0.6952,-1,-1,-1
143,22,1103.89,310.35,65.68,139.50,0.6360,-1,-1,-1
143,-1,1023.24,318.70,67.32,139.81,0.5492,-1,-1,-1
143,21,1026.01,318.89,73.51,107.57,0.5184,-1,-1,-1
143,8,850.58,272.69,60.34,136.39,0.5147,-1,-1,-1
144,16,450.74,285.01,59.95,116.27,0.9052,-1,-1,-1
144,13,193.85,285.31,55.30,125.31,0.8573,-1,-1,-1
144,-1,1018.08,324.67,71.42,134.37,0.7928,-1,-1,-1
144,1,977.66,272.61,70.43,116.38,0.7659,-1,-1,-1
144,20,788.01,166.57,49.84,120.00,0.7296,-1,-1,-1
144,6,0.36,416.71,46.94,147.87,0.7135,-1,-1,-1
144,0,840.85,287.50,51.37,148.55,0.7092,-1,-1,-1
144,22,1098.32,313.38,67.80,143.23,0.7059,-1,-1,-1
144,8,843.80,275.49,69.99,134.64,0.5634,-1,-1,-1
144,24,708.27,130.70,58.95,91.07,0.5329,-1,-1,-1
144,-1,865.40,275.62,48.89,133.74,0.5149,-1,-1,-1
145,16,448.75,286.49,59.85,115.66,0.9056,-1,-1,-1
145,13,195.01,283.76,51.84,118.44,0.8497,-1,-1,-1
145,20,785.46,164.84,46.89,122.05,0.7384,-1,-1,-1
145,6,1.78,417.57,48.72,148.20,0.6954,-1,-1,-1
145,22,1098.54,316.18,65.40,148.90,0.6934,-1,-1,-1
145,0,839.51,291.77,50.71,147.13,0.6914,-1,-1,-1
145,1,975.71,275.11,71.58,118.10,0.6901,-1,-1,-1
145,8,842.30,277.61,73.42,132.07,0.6821,-1,-1,-1
145,25,1007.75,323.81,68.88,136.25,0.6621,-1,-1,-1
145,24,703.94,131.25,49.70,91.50,0.5177,-1,-1,-1
146,16,445.97,288.41,59.55,114.24,0.8886,-1,-1,-1
146,13,196.58,282.54,51.06,122.01,0.8749,-1,-1,-1
146,25,990.15,329.62,83.47,131.20,0.7678,-1,-1,-1
146,6,1.27,420.35,53.70,146.64,0.7430,-1,-1,-1
146,20,772.55,166.48,55.58,120.98,0.7001,-1,-1,-1
146,1,971.08,278.31,84.27,109.65,0.6960,-1,-1,-1
146,22,1089.43,322.18,72.77,148.63,0.6658,-1,-1,-1
146,8,838.80,279.06,80.14,131.48,0.6107,-1,-1,-1
146,0,845.65,298.34,73.77,141.49,0.5484,-1,-1,-1
146,-1,1229.56,308.73,50.04,134.61,0.5312,-1,-1,-1
146,24,696.27,132.08,49.44,91.29,0.5021,-1,-1,-1
147,13,200.71,281.13,44.44,129.05,0.8849,-1,-1,-1
147,16,441.56,290.37,60.45,114.62,0.8838,-1,-1,-1
147,22,1077.45,318.29,79.65,165.40,0.7890,-1,-1,-1
147,6,1.23,425.75,75.16,144.12,0.7828,-1,-1,-1
147,20,758.29,178.57,61.86,110.66,0.7317,-1,-1,-1
147,8,856.19,283.00,70.10,127.68,0.6703,-1,-1,-1
147,25,975.55,340.85,92.66,121.43,0.6316,-1,-1,-1
147,1,954.87,286.59,90.63,117.25,0.6293,-1,-1,-1
147,-1,1222.13,311.20,57.05,134.37,0.5204,-1,-1,-1
147,24,683.55,131.91,46.72,92.81,0.5017,-1,-1,-1
148,16,440.28,290.80,60.56,115.25,0.8974,-1,-1,-1
148,13,202.12,281.00,44.31,129.47,0.8794,-1,-1,-1
148,6,0.80,427.79,84.55,144.56,0.8036,-1,-1,-1
148,20,754.99,168.50,62.07,121.17,0.7840,-1,-1,-1
148,22,1074.86,320.23,79.67,169.62,0.7358,-1,-1,-1
148,8,855.41,285.10,73.07,125.89,0.6875,-1,-1,-1
148,25,960.04,345.18,104.28,117.73,0.5583,-1,-1,-1
149,16,438.77,290.73,60.37,115.93,0.8972,-1,-1,-1
149,13,202.16,280.80,53.06,127.62,0.8762,-1,-1,-1
149,6,0.02,430.83,90.92,144.81,0.8230,-1,-1,-1
149,20,753.47,168.06,59.04,121.77,0.8117,-1,-1,-1
149,25,943.99,340.76,116.09,122.25,0.6800,-1,-1,-1
149,22,1073.04,359.41,78.05,133.14,0.6120,-1,-1,-1
149,-1,1081.57,320.89,72.67,121.46,0.5975,-1,-1,-1
149,0,846.58,298.57,79.55,149.68,0.5656,-1,-1,-1
149,1,941.58,291.96,86.84,119.20,0.5250,-1,-1,-1
149,24,672.03,129.89,50.28,96.27,0.5147,-1,-1,-1
150,16,436.96,290.60,60.17,116.52,0.8980,-1,-1,-1
150,13,200.67,280.72,51.05,129.77,0.8338,-1,-1,-1
150,6,0.13,434.38,89.98,143.80,0.8267,-1,-1,-1
150,25,935.48,340.10,115.70,125.27,0.8078,-1,-1,-1
150,22,1070.45,365.61,75.39,127.13,0.7458,-1,-1,-1
150,20,751.21,169.36,54.53,120.56,0.7307,-1,-1,-1
150,8,845.65,288.49,77.81,134.98,0.6827,-1,-1,-1
150,-1,1085.00,323.37,65.81,139.85,0.6534,-1,-1,-1
150,1,946.95,291.10,79.00,122.84,0.5785,-1,-1,-1
151,16,434.93,289.28,59.57,118.44,0.9007,-1,-1,-1
151,6,0.08,436.70,88.49,142.74,0.8227,-1,-1,-1
151,13,198.51,280.90,61.80,128.69,0.8020,-1,-1,-1
151,22,1067.34,370.74,75.58,122.87,0.7442,-1,-1,-1
151,25,934.89,336.33,109.53,131.54,0.7165,-1,-1,-1
151,20,748.39,168.53,49.90,117.27,0.7160,-1,-1,-1
151,8,850.67,288.04,69.96,124.23,0.6812,-1,-1,-1
151,-1,823.04,307.95,57.11,141.83,0.6390,-1,-1,-1
151,26,1082.24,327.11,64.11,144.73,0.6034,-1,-1,-1
151,1,944.30,289.45,79.27,127.53,0.5907,-1,-1,-1
151,24,650.08,128.59,62.11,102.12,0.5614,-1,-1,-1
152,16,431.27,285.76,58.43,122.07,0.9062,-1,-1,-1
152,13,193.62,280.52,61.46,128.57,0.8595,-1,-1,-1
152,6,0.11,437.08,83.55,145.64,0.7899,-1,-1,-1
152,25,913.58,335.75,106.38,140.68,0.7488,-1,-1,-1
152,22,1062.57,377.79,85.01,115.61,0.7088,-1,-1,-1
152,20,740.54,167.57,41.64,115.05,0.6879,-1,-1,-1
152,24,634.39,132.61,63.11,104.39,0.6819,-1,-1,-1
152,1,928.82,282.90,85.54,134.13,0.6818,-1,-1,-1
152,-1,820.23,310.06,57.72,139.78,0.6632,-1,-1,-1
152,8,853.12,284.70,65.34,128.27,0.6588,-1,-1,-1
153,16,428.47,283.22,59.41,123.78,0.9002,-1,-1,-1
153,13,193.17,279.39,61.71,126.76,0.8676,-1,-1,-1
153,6,0.45,436.89,80.98,146.13,0.8169,-1,-1,-1
153,1,922.25,281.05,84.72,134.60,0.7797,-1,-1,-1
153,22,1060.55,378.79,90.57,114.16,0.7788,-1,-1,-1
153,27,816.04,309.81,60.62,139.98,0.7367,-1,-1,-1
153,24,628.46,135.61,63.90,103.77,0.7359,-1,-1,-1
153,20,734.71,166.74,39.01,114.27,0.7094,-1,-1,-1
153,25,896.20,339.92,102.72,136.42,0.6745,-1,-1,-1
153,8,846.76,283.08,68.09,132.52,0.6295,-1,-1,-1
153,-1,1198.94,303.43,54.11,136.67,0.5035,-1,-1,-1
154,16,426.76,280.45,59.26,124.15,0.8921,-1,-1,-1
154,13,194.39,278.30,60.55,125.27,0.8714,-1,-1,-1
154,6,2.30,437.01,75.31,146.53,0.7948,-1,-1,-1
154,22,1059.44,375.93,97.83,117.27,0.7783,-1,-1,-1
154,1,912.25,279.34,86.79,135.48,0.7756,-1,-1,-1
154,27,810.05,309.23,60.33,140.96,0.7406,-1,-1,-1
154,20,728.96,166.14,39.66,114.95,0.7335,-1,-1,-1
154,24,624.08,137.50,62.94,102.15,0.7207,-1,-1,-1
154,25,889.80,340.59,61.62,135.58,0.6991,-1,-1,-1
154,8,844.34,281.96,67.29,130.78,0.6095,-1,-1,-1
154,-1,1196.81,303.36,54.39,127.53,0.5535,-1,-1,-1
155,16,425.30,277.96,59.30,125.20,0.8901,-1,-1,-1
155,13,197.45,277.07,54.82,123.05,0.8620,-1,-1,-1
155,6,10.28,437.29,64.54,147.25,0.8144,-1,-1,-1
155,22,1058.39,376.70,104.55,117.20,0.7911,-1,-1,-1
155,1,907.67,278.42,79.17,135.24,0.7413,-1,-1,-1
155,27,804.77,309.92,63.83,140.07,0.7169,-1,-1,-1
155,24,621.78,138.77,62.36,101.32,0.7089,-1,-1,-1
155,20,725.27,166.14,38.57,117.10,0.7067,-1,-1,-1
155,26,1052.72,346.99,63.43,122.30,0.6204,-1,-1,-1
155,28,1195.55,301.08,54.44,130.25,0.5729,-1,-1,-1
155,8,840.21,281.72,78.86,134.72,0.5532,-1,-1,-1
156,16,424.72,276.31,58.90,125.42,0.9004,-1,-1,-1
156,13,200.80,275.03,51.96,122.99,0.8280,-1,-1,-1
156,6,20.12,437.74,53.09,149.79,0.8186,-1,-1,-1
156,22,1058.54,380.85,109.12,113.47,0.8052,-1,-1,-1
156,20,722.26,164.78,39.16,118.94,0.7727,-1,-1,-1
156,27,800.11,309.69,69.41,140.77,0.7518,-1,-1,-1
156,24,620.82,138.18,62.19,101.99,0.7481,-1,-1,-1
156,1,902.39,277.85,73.88,138.68,0.7302,-1,-1,-1
156,0,845.61,282.20,99.12,194.11,0.7299,-1,-1,-1
156,26,1045.03,346.84,70.34,127.32,0.6597,-1,-1,-1
156,28,1195.31,300.90,54.38,130.33,0.6242,-1,-1,-1
157,16,422.53,272.61,59.89,125.01,0.9056,-1,-1,-1
157,13,202.83,271.72,56.32,123.73,0.8812,-1,-1,-1
157,6,27.19,440.41,54.36,155.19,0.8322,-1,-1,-1
157,22,1058.69,381.72,115.04,114.69,0.7733,-1,-1,-1
157,24,619.39,133.30,61.43,107.00,0.7486,-1,-1,-1
157,0,849.11,343.13,88.77,134.15,0.7395,-1,-1,-1
157,26,1043.33,344.53,66.84,131.22,0.7384,-1,-1,-1
157,1,898.18,281.56,62.49,143.40,0.7246,-1,-1,-1
157,20,710.18,168.19,47.38,115.54,0.6969,-1,-1,-1
157,27,796.20,310.76,66.63,139.55,0.6621,-1,-1,-1
157,28,1195.31,300.18,55.56,128.67,0.5921,-1,-1,-1
158,16,421.92,271.29,59.92,123.01,0.8934,-1,-1,-1
158,6,29.50,441.74,59.46,158.16,0.8421,-1,-1,-1
158,13,203.89,269.29,60.62,125.93,0.8192,-1,-1,-1
158,22,1060.78,375.11,112.92,121.73,0.7711,-1,-1,-1
158,1,903.29,283.52,56.49,145.11,0.7624,-1,-1,-1
158,24,618.69,130.60,61.99,109.78,0.7607,-1,-1,-1
158,26,1042.77,342.22,67.40,134.03,0.7208,-1,-1,-1
158,20,708.66,166.12,47.90,117.88,0.6879,-1,-1,-1
158,27,795.44,310.12,61.64,109.47,0.6615,-1,-1,-1
158,8,846.35,286.10,62.52,130.73,0.6203,-1,-1,-1
158,28,1195.50,299.83,55.94,130.20,0.5916,-1,-1,-1
158,0,824.54,354.62,109.12,123.42,0.5735,-1,-1,-1
159,16,421.65,269.76,60.65,119.68,0.8870,-1,-1,-1
159,13,204.39,267.65,63.87,125.58,0.8685,-1,-1,-1
159,22,1064.20,371.39,109.57,126.07,0.8331,-1,-1,-1
159,6,29.02,444.55,67.73,157.31,0.8157,-1,-1,-1
159,0,805.36,335.59,121.10,140.35,0.8081,-1,-1,-1
159,24,618.83,130.48,61.84,109.43,0.7701,-1,-1,-1
159,1,893.63,284.69,68.08,147.11,0.7517,-1,-1,-1
159,20,708.25,165.10,47.24,118.92,0.7307,-1,-1,-1
159,26,1043.26,339.60,67.33,136.44,0.7244,-1,-1,-1
159,27,795.59,308.14,58.54,111.95,0.6558,-1,-1,-1
159,8,845.10,286.37,63.62,130.76,0.6446,-1,-1,-1
159,28,1195.95,299.40,56.07,128.50,0.5778,-1,-1,-1
160,16,421.38,268.59,61.24,118.16,0.8979,-1,-1,-1
160,13,205.78,266.03,65.44,126.07,0.8699,-1,-1,-1
160,22,1066.84,369.36,107.33,129.08,0.8623,-1,-1,-1
160,26,1042.71,336.01,66.51,139.97,0.8210,-1,-1,-1
160,6,27.02,446.12,76.85,157.48,0.8128,-1,-1,-1
160,24,618.98,128.87,61.75,111.53,0.8054,-1,-1,-1
160,0,796.95,331.75,116.47,148.69,0.7941,-1,-1,-1
160,1,895.60,284.97,64.79,148.03,0.7898,-1,-1,-1
160,20,708.21,166.69,46.31,117.02,0.7570,-1,-1,-1
160,8,846.86,285.81,61.75,131.26,0.7487,-1,-1,-1
160,27,796.35,306.59,55.05,113.30,0.6059,-1,-1,-1
160,28,1196.68,298.17,55.28,129.48,0.5790,-1,-1,-1
161,16,421.44,267.54,61.34,118.14,0.9000,-1,-1,-1
161,13,208.01,265.07,66.07,127.05,0.8856,-1,-1,-1
161,22,1072.48,366.93,103.54,133.10,0.8795,-1,-1,-1
161,26,1037.76,334.10,74.89,141.77,0.8593,-1,-1,-1
161,6,27.17,447.30,83.33,156.97,0.8252,-1,-1,-1
161,24,621.17,128.17,58.95,112.05,0.8045,-1,-1,-1
161,20,708.11,164.79,43.69,118.34,0.7764,-1,-1,-1
161,1,894.45,287.44,64.08,147.88,0.7636,-1,-1,-1
161,8,845.24,285.05,64.08,132.15,0.7508,-1,-1,-1
161,0,795.65,329.36,76.04,151.13,0.7335,-1,-1,-1
161,28,1197.57,297.15,54.78,132.03,0.5894,-1,-1,-1
162,16,421.42,267.30,61.38,118.52,0.9019,-1,-1,-1
162,13,211.73,264.16,68.64,128.79,0.8879,-1,-1,-1
162,26,1036.74,333.47,81.88,145.94,0.8346,-1,-1,-1
162,6,30.42,451.20,85.20,156.98,0.8271,-1,-1,-1
162,22,1086.72,364.00,91.49,137.19,0.7793,-1,-1,-1
162,24,628.25,128.85,51.69,117.89,0.7724,-1,-1,-1
162,20,708.26,162.86,38.67,119.75,0.7544,-1,-1,-1
162,1,890.34,288.05,53.20,152.84,0.7214,-1,-1,-1
162,8,840.51,284.99,66.45,131.28,0.7099,-1,-1,-1
162,0,787.97,332.13,64.53,149.19,0.7069,-1,-1,-1
162,28,1200.03,295.39,52.81,133.06,0.5599,-1,-1,-1
163,16,421.54,267.53,61.49,118.53,0.8969,-1,-1,-1
163,13,215.11,263.70,68.26,130.60,0.8763,-1,-1,-1
163,26,1037.96,333.85,75.71,148.04,0.8684,-1,-1,-1
163,6,32.73,453.35,84.95,157.16,0.8046,-1,-1,-1
163,0,762.16,329.45,85.87,152.66,0.8010,-1,-1,-1
163,24,628.60,131.16,51.14,119.00,0.7963,-1,-1,-1
163,22,1096.62,366.04,83.11,135.34,0.7869,-1,-1,-1
163,20,708.37,162.18,36.36,120.19,0.7568,-1,-1,-1
163,1,887.83,292.29,52.76,152.29,0.6334,-1,-1,-1
163,8,838.98,284.82,68.28,133.17,0.5913,-1,-1,-1
163,28,1201.29,294.94,54.21,133.82,0.5621,-1,-1,-1
164,16,421.75,267.84,61.44,118.55,0.8902,-1,-1,-1
164,26,1041.82,335.01,67.69,150.59,0.8824,-1,-1,-1
164,13,218.82,263.11,66.83,130.90,0.8792,-1,-1,-1
164,6,38.40,454.62,81.34,156.75,0.7839,-1,-1,-1
164,24,629.41,133.19,51.04,119.18,0.7815,-1,-1,-1
164,22,1107.06,365.26,73.47,136.35,0.7785,-1,-1,-1
164,0,755.34,327.00,69.58,153.89,0.7684,-1,-1,-1
164,20,708.37,160.24,34.47,122.42,0.7367,-1,-1,-1
164,1,878.74,293.05,60.72,152.28,0.6118,-1,-1,-1
164,28,1203.04,294.54,53.24,135.92,0.5185,-1,-1,-1
164,-1,815.80,304.45,39.15,151.05,0.5132,-1,-1,-1
165,13,219.65,261.24,67.33,132.24,0.8849,-1,-1,-1
165,16,422.01,268.28,61.76,118.15,0.8845,-1,-1,-1
165,26,1042.96,336.60,63.48,152.84,0.8759,-1,-1,-1
165,0,750.32,321.97,68.72,158.47,0.7906,-1,-1,-1
165,22,1118.28,365.87,62.98,136.31,0.7850,-1,-1,-1
165,6,45.33,454.00,74.90,157.68,0.7707,-1,-1,-1
165,24,629.65,136.38,50.84,118.03,0.7545,-1,-1,-1
165,20,708.62,159.77,33.60,122.86,0.7464,-1,-1,-1
165,1,880.67,294.86,56.53,150.59,0.5906,-1,-1,-1
165,28,1204.15,293.70,51.42,134.67,0.5130,-1,-1,-1
166,13,222.33,259.27,65.70,136.86,0.8923,-1,-1,-1
166,16,422.52,268.75,61.73,117.55,0.8834,-1,-1,-1
166,26,1043.13,339.87,61.16,150.92,0.8471,-1,-1,-1
166,22,1125.90,365.70,56.36,137.07,0.7941,-1,-1,-1
166,0,746.53,317.97,70.24,159.35,0.7916,-1,-1,-1
166,24,629.52,139.28,52.24,117.72,0.7795,-1,-1,-1
166,20,707.34,159.47,33.91,122.53,0.7592,-1,-1,-1
166,6,53.04,451.96,60.29,159.90,0.7390,-1,-1,-1
166,27,794.60,303.92,58.27,123.01,0.6216,-1,-1,-1
166,1,875.94,291.77,58.71,153.90,0.6166,-1,-1,-1
166,28,1205.30,293.30,51.12,135.66,0.5050,-1,-1,-1
167,16,424.04,269.46,61.58,117.14,0.8952,-1,-1,-1
167,13,230.00,255.11,61.05,134.14,0.8823,-1,-1,-1
167,26,1042.96,345.00,56.17,145.82,0.8166,-1,-1,-1
167,20,705.54,160.53,35.20,121.25,0.7801,-1,-1,-1
167,22,1120.31,364.06,63.89,139.50,0.7688,-1,-1,-1
167,24,630.89,144.60,54.51,113.69,0.7637,-1,-1,-1
167,0,720.32,312.33,88.69,147.19,0.7477,-1,-1,-1
167,27,794.73,302.50,58.79,153.06,0.7351,-1,-1,-1
167,6,75.05,453.73,44.42,159.57,0.7040,-1,-1,-1
167,8,842.36,286.79,76.39,159.90,0.6872,-1,-1,-1
167,28,1208.48,291.56,49.69,135.60,0.5248,-1,-1,-1
168,16,424.58,269.18,61.35,117.47,0.8937,-1,-1,-1
168,13,234.79,252.92,56.72,133.13,0.8912,-1,-1,-1
168,0,705.04,310.49,92.55,136.05,0.8515,-1,-1,-1
168,26,1043.19,346.04,53.39,145.43,0.8416,-1,-1,-1
168,8,840.34,284.99,73.88,162.23,0.7991,-1,-1,-1
168,20,704.69,160.67,35.93,120.91,0.7785,-1,-1,-1
168,22,1119.43,359.90,64.87,143.67,0.7584,-1,-1,-1
168,24,630.79,145.58,56.46,114.73,0.7505,-1,-1,-1
168,27,795.42,301.10,57.52,154.46,0.7444,-1,-1,-1
168,6,79.66,455.61,45.80,157.54,0.6110,-1,-1,-1
168,28,1209.96,290.79,49.50,135.27,0.5034,-1,-1,-1
169,16,425.61,268.03,60.98,118.59,0.8997,-1,-1,-1
169,13,238.45,250.72,53.78,132.07,0.8563,-1,-1,-1
169,26,1044.33,344.29,54.26,147.01,0.8474,-1,-1,-1
169,0,703.35,309.21,85.37,140.67,0.8449,-1,-1,-1
169,20,703.89,160.29,36.97,121.02,0.7919,-1,-1,-1
169,24,632.48,147.03,57.58,114.00,0.7885,-1,-1,-1
169,27,795.48,300.33,57.23,154.80,0.7750,-1,-1,-1
169,8,842.13,284.30,70.09,160.55,0.7658,-1,-1,-1
169,22,1120.79,355.24,64.66,146.88,0.7210,-1,-1,-1
169,6,81.68,455.62,51.98,158.03,0.7093,-1,-1,-1
169,28,1211.42,289.94,49.16,136.84,0.5270,-1,-1,-1
170,16,425.80,266.52,61.15,119.94,0.8956,-1,-1,-1
170,26,1044.40,340.68,54.75,150.99,0.8729,-1,-1,-1
170,0,702.27,307.77,77.42,143.29,0.8707,-1,-1,-1
170,13,241.32,247.69,50.33,131.46,0.8361,-1,-1,-1
170,24,632.07,147.92,62.64,112.72,0.8113,-1,-1,-1
170,20,703.35,159.90,37.28,121.15,0.8063,-1,-1,-1
170,27,795.32,299.17,57.51,156.07,0.7976,-1,-1,-1
170,22,1122.80,350.14,63.12,150.61,0.7687,-1,-1,-1
170,8,842.11,284.78,67.41,160.70,0.7298,-1,-1,-1
170,6,82.14,456.21,65.25,157.15,0.7026,-1,-1,-1
171,16,426.48,264.88,60.57,121.52,0.8966,-1,-1,-1
171,0,700.91,305.68,70.15,146.08,0.8935,-1,-1,-1
171,26,1044.89,335.94,53.97,155.96,0.8439,-1,-1,-1
171,13,243.89,246.12,47.34,132.52,0.8204,-1,-1,-1
171,20,703.47,159.80,37.20,122.44,0.8082,-1,-1,-1
171,24,633.20,147.76,64.03,112.85,0.7884,-1,-1,-1
171,6,81.56,461.34,81.43,153.53,0.7689,-1,-1,-1
171,22,1123.42,343.82,63.42,155.74,0.7511,-1,-1,-1
171,8,838.24,283.23,72.02,166.43,0.7493,-1,-1,-1
171,27,794.98,299.91,56.05,136.21,0.7203,-1,-1,-1
172,16,426.78,260.63,60.35,126.12,0.8904,-1,-1,-1
172,26,1041.88,328.66,55.18,159.20,0.8685,-1,-1,-1
172,13,246.89,244.64,44.95,132.30,0.8461,-1,-1,-1
172,6,78.77,464.49,100.02,152.66,0.8375,-1,-1,-1
172,0,673.79,299.69,83.53,148.64,0.8106,-1,-1,-1
172,20,702.91,159.94,37.08,124.86,0.7888,-1,-1,-1
172,24,636.60,148.17,67.60,112.17,0.7832,-1,-1,-1
172,22,1125.06,343.53,63.93,147.86,0.7721,-1,-1,-1
172,27,794.13,298.97,60.19,157.61,0.7654,-1,-1,-1
172,8,841.69,289.76,62.56,160.76,0.6677,-1,-1,-1
173,16,426.39,258.27,60.04,125.90,0.8825,-1,-1,-1
173,26,1040.99,325.86,55.60,158.07,0.8685,-1,-1,-1
173,13,247.53,244.32,47.27,132.58,0.8453,-1,-1,-1
173,0,657.53,297.28,95.57,150.87,0.8370,-1,-1,-1
173,6,76.93,466.08,102.72,153.02,0.8211,-1,-1,-1
173,24,635.51,148.24,69.95,112.29,0.8114,-1,-1,-1
173,22,1126.00,343.29,64.81,140.66,0.7705,-1,-1,-1
173,20,701.14,159.78,38.64,126.30,0.7471,-1,-1,-1
173,27,793.69,289.36,62.02,167.61,0.7293,-1,-1,-1
173,8,833.91,293.89,61.82,157.37,0.6974,-1,-1,-1
173,1,853.69,282.90,59.43,136.15,0.6159,-1,-1,-1
173,28,1216.05,291.13,60.96,137.60,0.5012,-1,-1,-1
174,16,425.39,255.44,60.88,126.52,0.8897,-1,-1,-1
174,26,1039.78,323.46,56.91,154.27,0.8611,-1,-1,-1
174,0,647.12,294.01,102.55,147.36,0.8611,-1,-1,-1
174,24,634.33,147.87,71.75,112.37,0.8252,-1,-1,-1
174,13,248.14,243.75,49.32,132.76,0.8178,-1,-1,-1
174,6,75.84,466.93,105.38,152.60,0.8110,-1,-1,-1
174,20,697.07,159.74,42.72,127.86,0.7504,-1,-1,-1
174,22,1125.88,342.27,66.96,135.36,0.7319,-1,-1,-1
174,27,794.03,288.92,63.11,167.29,0.6683,-1,-1,-1
174,8,829.17,288.33,62.83,164.45,0.6174,-1,-1,-1
174,1,854.38,282.34,57.67,136.35,0.5202,-1,-1,-1
175,16,425.23,253.21,60.33,126.57,0.8922,-1,-1,-1
175,0,641.89,292.31,105.99,142.14,0.8775,-1,-1,-1
175,26,1037.94,321.47,60.38,150.27,0.8705,-1,-1,-1
175,13,247.81,242.83,50.25,132.08,0.8691,-1,-1,-1
175,6,76.11,467.75,104.11,153.01,0.8527,-1,-1,-1
175,24,634.27,146.99,73.83,113.86,0.8429,-1,-1,-1
175,20,697.70,159.42,42.47,129.48,0.7359,-1,-1,-1
175,22,1124.18,341.22,84.44,135.76,0.6702,-1,-1,-1
175,1,850.04,281.05,61.27,137.66,0.6617,-1,-1,-1
175,8,827.09,288.74,62.36,162.10,0.6080,-1,-1,-1
175,27,793.54,287.74,68.58,166.97,0.5913,-1,-1,-1
175,28,1217.52,291.03,57.92,138.33,0.5156,-1,-1,-1
176,16,424.41,250.26,60.66,125.91,0.8942,-1,-1,-1
176,0,638.90,290.49,106.70,132.96,0.8920,-1,-1,-1
176,13,246.13,242.15,51.84,132.32,0.8855,-1,-1,-1
176,26,1035.48,320.79,63.38,147.70,0.8838,-1,-1,-1
176,6,81.17,468.05,98.22,153.49,0.8689,-1,-1,-1
176,24,633.49,147.13,76.31,116.51,0.8261,-1,-1,-1
176,27,790.86,286.14,62.00,165.49,0.7614,-1,-1,-1
176,8,826.83,286.55,59.03,164.14,0.7499,-1,-1,-1
176,22,1121.46,339.20,67.08,138.10,0.7323,-1,-1,-1
176,20,700.42,161.75,40.61,127.88,0.7308,-1,-1,-1
176,1,850.58,280.19,60.01,138.72,0.6929,-1,-1,-1
176,28,1217.81,290.57,57.66,139.09,0.5015,-1,-1,-1
177,16,422.25,247.64,61.58,121.13,0.8951,-1,-1,-1
177,0,635.54,289.71,87.64,129.48,0.8940,-1,-1,-1
177,26,1029.07,322.47,69.08,146.40,0.8939,-1,-1,-1
177,13,245.09,241.02,50.05,130.74,0.8671,-1,-1,-1
177,6,96.02,468.69,78.66,154.58,0.8497,-1,-1,-1
177,22,1115.33,325.98,64.89,149.49,0.8123,-1,-1,-1
177,27,785.28,290.34,67.37,162.28,0.7886,-1,-1,-1
177,24,634.60,148.34,78.31,125.74,0.7880,-1,-1,-1
177,20,696.26,166.86,47.09,125.55,0.7274,-1,-1,-1
177,1,845.78,279.15,63.18,142.04,0.7230,-1,-1,-1
177,8,824.56,285.53,56.21,157.29,0.5825,-1,-1,-1
178,26,1027.09,322.63,67.61,148.76,0.9042,-1,-1,-1
178,16,421.38,247.29,61.92,119.04,0.8988,-1,-1,-1
178,13,245.51,240.18,50.52,127.10,0.8799,-1,-1,-1
178,0,634.65,286.65,88.11,133.38,0.8765,-1,-1,-1
178,22,1111.04,324.45,67.06,149.54,0.8426,-1,-1,-1
178,6,105.83,468.21,67.03,156.34,0.8411,-1,-1,-1
178,24,635.34,154.12,75.17,124.05,0.7728,-1,-1,-1
178,27,784.43,295.52,68.76,157.43,0.7715,-1,-1,-1
178,1,841.24,278.72,66.86,146.38,0.7453,-1,-1,-1
178,20,695.29,168.31,50.29,125.72,0.7171,-1,-1,-1
179,26,1025.97,322.64,65.96,150.00,0.9053,-1,-1,-1
179,16,420.56,247.12,62.10,117.41,0.8983,-1,-1,-1
179,0,633.22,282.80,89.22,137.13,0.8881,-1,-1,-1
179,13,247.11,239.15,50.91,126.27,0.8794,-1,-1,-1
179,6,115.58,468.86,56.08,158.79,0.8566,-1,-1,-1
179,22,1108.02,318.87,67.85,151.81,0.8253,-1,-1,-1
179,24,636.19,160.90,75.06,119.23,0.8006,-1,-1,-1
179,1,842.64,279.09,65.27,144.92,0.7710,-1,-1,-1
179,27,784.01,297.04,68.59,156.90,0.7652,-1,-1,-1
179,20,694.94,170.04,51.82,125.58,0.7198,-1,-1,-1
180,16,419.76,247.26,61.57,118.48,0.8985,-1,-1,-1
180,0,631.10,277.07,92.69,141.00,0.8852,-1,-1,-1
180,26,1025.00,321.57,63.47,150.61,0.8737,-1,-1,-1
180,13,247.70,237.38,51.51,127.45,0.8598,-1,-1,-1
180,6,126.31,469.65,42.83,162.11,0.8425,-1,-1,-1
180,22,1105.61,314.68,69.69,147.32,0.7934,-1,-1,-1
180,1,841.95,279.22,66.15,142.30,0.7914,-1,-1,-1
180,24,636.13,167.18,72.59,113.55,0.7568,-1,-1,-1
180,27,782.08,307.06,68.45,146.08,0.7258,-1,-1,-1
180,20,692.96,171.22,54.16,124.09,0.6781,-1,-1,-1
181,16,419.20,247.40,61.27,118.58,0.9010,-1,-1,-1
181,0,630.30,273.94,95.44,141.44,0.8612,-1,-1,-1
181,26,1023.86,318.57,62.42,152.24,0.8541,-1,-1,-1
181,13,247.38,235.09,52.61,129.36,0.8533,-1,-1,-1
181,27,781.00,298.82,69.08,154.90,0.8270,-1,-1,-1
181,6,130.27,470.39,41.91,164.66,0.8263,-1,-1,-1
181,1,842.14,279.20,66.11,142.11,0.8176,-1,-1,-1
181,20,688.62,171.92,59.23,123.19,0.7328,-1,-1,-1
181,24,635.93,171.22,70.23,109.17,0.7311,-1,-1,-1
181,22,1102.77,313.02,69.62,140.20,0.7155,-1,-1,-1
181,8,801.49,264.11,48.93,134.13,0.5136,-1,-1,-1
182,16,418.90,248.01,60.86,119.13,0.8894,-1,-1,-1
182,0,634.87,265.06,98.78,142.16,0.8582,-1,-1,-1
182,1,838.26,279.69,68.79,142.58,0.8505,-1,-1,-1
182,13,247.25,230.86,55.87,133.77,0.8243,-1,-1,-1
182,27,780.62,297.88,66.53,155.60,0.8242,-1,-1,-1
182,26,1021.78,312.73,58.94,155.77,0.8156,-1,-1,-1
182,6,128.71,475.38,66.16,165.05,0.8009,-1,-1,-1
182,22,1098.05,312.23,58.12,128.05,0.7408,-1,-1,-1
182,20,677.41,177.93,71.78,116.70,0.7144,-1,-1,-1
182,24,636.17,182.13,51.11,101.05,0.6131,-1,-1,-1
183,16,418.50,248.16,61.18,119.12,0.8791,-1,-1,-1
183,1,836.34,279.65,70.07,142.90,0.8633,-1,-1,-1
183,0,638.89,258.50,97.72,145.12,0.8584,-1,-1,-1
183,13,247.24,230.65,56.71,133.79,0.8372,-1,-1,-1
183,27,780.21,296.71,66.75,156.83,0.8319,-1,-1,-1
183,26,1020.43,310.50,56.97,156.07,0.8281,-1,-1,-1
183,6,126.72,478.34,78.67,163.29,0.8187,-1,-1,-1
183,22,1093.77,314.17,57.86,125.52,0.7295,-1,-1,-1
183,24,635.27,186.26,47.38,95.87,0.6472,-1,-1,-1
183,20,677.04,179.65,72.66,114.99,0.6216,-1,-1,-1
184,16,417.85,248.28,60.68,119.73,0.8753,-1,-1,-1
184,26,1018.20,308.79,56.81,151.96,0.8647,-1,-1,-1
184,1,835.13,280.32,70.65,142.70,0.8578,-1,-1,-1
184,13,247.11,229.41,57.27,135.60,0.8576,-1,-1,-1
184,27,773.76,306.50,73.10,147.48,0.8353,-1,-1,-1
184,6,125.47,481.58,87.05,161.98,0.8194,-1,-1,-1
184,22,1089.38,309.28,61.24,130.07,0.7745,-1,-1,-1
184,0,643.08,258.71,88.28,138.51,0.7435,-1,-1,-1
184,20,667.20,181.48,80.72,124.12,0.6627,-1,-1,-1
184,24,633.58,187.72,46.55,98.32,0.5514,-1,-1,-1
185,16,417.26,248.24,60.57,120.38,0.8754,-1,-1,-1
185,1,832.83,280.79,72.23,142.68,0.8502,-1,-1,-1
185,26,1014.38,307.58,57.28,146.56,0.8439,-1,-1,-1
185,13,246.73,227.39,58.87,138.54,0.8426,-1,-1,-1
185,27,770.87,302.45,74.72,154.92,0.8162,-1,-1,-1
185,0,645.33,256.52,100.10,136.49,0.8041,-1,-1,-1
185,6,123.14,485.60,92.17,159.18,0.8007,-1,-1,-1
185,22,1083.22,297.63,65.76,141.79,0.7526,-1,-1,-1
185,24,631.00,192.85,43.91,91.30,0.5804,-1,-1,-1
185,20,676.89,187.02,70.40,110.68,0.5506,-1,-1,-1
185,8,767.88,253.33,64.10,149.72,0.5280,-1,-1,-1
186,16,415.64,247.68,61.41,121.81,0.8773,-1,-1,-1
186,1,830.52,281.24,73.37,142.56,0.8710,-1,-1,-1
186,26,1009.78,306.43,59.21,143.22,0.8576,-1,-1,-1
186,27,771.11,306.81,73.92,153.26,0.8516,-1,-1,-1
186,0,648.02,254.60,103.14,131.10,0.8423,-1,-1,-1
186,13,247.16,228.65,60.58,138.36,0.8346,-1,-1,-1
186,22,1076.39,295.69,72.00,140.80,0.7779,-1,-1,-1
186,6,122.02,487.26,95.76,160.41,0.7622,-1,-1,-1
186,8,761.45,253.27,67.12,151.04,0.7218,-1,-1,-1
186,24,626.12,195.58,48.81,106.59,0.5956,-1,-1,-1
187,16,411.15,246.24,64.15,124.44,0.8804,-1,-1,-1
187,26,1004.50,302.05,58.69,140.82,0.8558,-1,-1,-1
187,27,768.78,308.78,74.63,154.50,0.8521,-1,-1,-1
187,13,247.17,230.74,61.89,137.68,0.8467,-1,-1,-1
187,0,648.59,247.81,116.88,131.79,0.8408,-1,-1,-1
187,1,826.63,282.16,75.01,143.64,0.8324,-1,-1,-1
187,22,1063.73,289.38,79.57,144.59,0.8082,-1,-1,-1
187,6,123.12,489.63,92.61,163.21,0.7771,-1,-1,-1
187,8,757.57,254.97,66.78,150.68,0.6869,-1,-1,-1
187,24,618.10,204.87,54.98,105.51,0.5488,-1,-1,-1
187,20,651.87,197.59,91.59,91.05,0.5156,-1,-1,-1
188,16,410.12,245.98,64.22,125.22,0.8853,-1,-1,-1
188,27,769.40,309.28,71.44,154.80,0.8604,-1,-1,-1
188,26,1001.81,298.04,58.99,145.23,0.8406,-1,-1,-1
188,8,756.26,254.81,60.18,151.94,0.8297,-1,-1,-1
188,13,246.39,230.48,61.95,138.06,0.8235,-1,-1,-1
188,1,827.32,282.39,73.48,144.88,0.8227,-1,-1,-1
188,22,1056.59,286.53,82.41,139.87,0.8108,-1,-1,-1
188,0,645.72,240.06,115.69,135.51,0.7846,-1,-1,-1
188,6,128.75,491.26,85.00,163.50,0.7735,-1,-1,-1
188,24,606.58,210.39,61.21,101.02,0.5914,-1,-1,-1
189,16,408.83,245.96,64.48,125.35,0.8792,-1,-1,-1
189,27,768.92,310.79,70.28,155.01,0.8689,-1,-1,-1
189,13,246.94,230.18,61.98,138.20,0.8546,-1,-1,-1
189,26,999.24,293.61,60.34,150.70,0.8517,-1,-1,-1
189,8,755.17,254.42,58.71,152.76,0.8394,-1,-1,-1
189,22,1050.08,283.34,81.75,133.90,0.8341,-1,-1,-1
189,1,826.13,282.99,74.32,145.22,0.8311,-1,-1,-1
189,6,135.93,492.65,75.08,163.50,0.7916,-1,-1,-1
189,0,644.04,239.86,108.32,131.01,0.7527,-1,-1,-1
189,24,596.50,215.28,67.75,86.45,0.5763,-1,-1,-1
190,16,408.23,246.46,63.98,125.54,0.8891,-1,-1,-1
190,27,766.69,311.29,71.69,157.77,0.8569,-1,-1,-1
190,8,753.69,253.48,59.15,154.02,0.8481,-1,-1,-1
190,26,995.87,288.65,65.68,155.79,0.8407,-1,-1,-1
190,1,826.74,283.71,72.70,145.66,0.8193,-1,-1,-1
190,0,634.44,230.19,116.48,141.72,0.8074,-1,-1,-1
190,13,252.91,230.22,54.30,124.74,0.7907,-1,-1,-1
190,22,1043.76,281.41,81.27,125.75,0.7821,-1,-1,-1
190,6,144.56,492.74,63.16,164.98,0.7718,-1,-1,-1
190,24,591.25,215.98,71.36,94.74,0.5793,-1,-1,-1
191,16,407.26,246.81,63.25,126.01,0.8894,-1,-1,-1
191,27,763.98,313.27,73.56,159.07,0.8804,-1,-1,-1
191,8,751.90,252.55,60.07,154.87,0.8599,-1,-1,-1
191,0,626.00,238.31,117.70,132.86,0.8448,-1,-1,-1
191,1,813.15,285.21,84.81,144.83,0.8333,-1,-1,-1
191,26,993.36,283.72,58.99,159.20,0.8326,-1,-1,-1
191,13,253.23,229.85,53.72,130.88,0.8118,-1,-1,-1
191,6,155.50,494.88,51.09,164.04,0.7783,-1,-1,-1
191,22,1037.65,279.30,77.67,122.60,0.7709,-1,-1,-1
191,24,585.33,217.62,78.27,102.01,0.6963,-1,-1,-1
192,16,404.57,247.36,63.30,127.76,0.8668,-1,-1,-1
192,8,749.05,247.79,64.22,157.10,0.8027,-1,-1,-1
192,26,986.12,277.70,56.90,156.49,0.7959,-1,-1,-1
192,27,757.66,331.84,77.03,144.22,0.7845,-1,-1,-1
192,13,254.00,229.97,51.08,131.34,0.7765,-1,-1,-1
192,24,575.50,216.02,89.69,122.25,0.7680,-1,-1,-1
192,6,167.24,497.27,47.86,164.92,0.7549,-1,-1,-1
192,1,816.62,287.66,78.30,144.31,0.7515,-1,-1,-1
192,22,1023.23,271.41,66.26,132.99,0.7042,-1,-1,-1
192,0,618.80,253.42,112.57,119.06,0.7024,-1,-1,-1
193,0,619.27,251.49,112.53,119.55,0.8886,-1,-1,-1
193,16,402.52,247.82,64.11,128.42,0.8780,-1,-1,-1
193,24,571.29,226.83,84.95,117.12,0.8357,-1,-1,-1
193,27,754.58,332.64,78.56,146.42,0.8292,-1,-1,-1
193,26,984.84,275.92,56.38,149.17,0.8088,-1,-1,-1
193,8,748.02,244.87,68.33,155.94,0.7961,-1,-1,-1
193,13,252.04,231.40,52.28,128.73,0.7637,-1,-1,-1
193,1,820.01,287.79,73.32,144.92,0.7422,-1,-1,-1
193,6,167.96,499.13,55.24,164.38,0.7318,-1,-1,-1
193,22,1016.73,265.08,60.47,137.47,0.7189,-1,-1,-1
194,0,618.82,251.48,116.88,119.48,0.8926,-1,-1,-1
194,16,400.47,247.22,64.03,129.07,0.8808,-1,-1,-1
194,24,567.93,231.15,67.97,118.51,0.8094,-1,-1,-1
194,13,249.41,232.84,53.34,126.66,0.7804,-1,-1,-1
194,8,746.15,242.22,73.06,158.74,0.7725,-1,-1,-1
194,6,165.30,500.84,71.16,163.98,0.7645,-1,-1,-1
194,1,810.49,288.71,81.11,144.35,0.7640,-1,-1,-1
194,26,980.18,274.89,63.47,143.63,0.7540,-1,-1,-1
194,22,1007.61,259.03,64.85,142.57,0.7080,-1,-1,-1
194,27,752.99,339.24,78.45,142.95,0.6755,-1,-1,-1
194,-1,625.32,220.32,44.20,88.15,0.5289,-1,-1,-1
195,0,620.08,252.04,119.38,117.61,0.9015,-1,-1,-1
195,16,399.34,243.96,63.47,133.01,0.8682,-1,-1,-1
195,13,246.34,231.11,61.08,128.45,0.8595,-1,-1,-1
195,27,749.18,308.61,80.52,175.88,0.8221,-1,-1,-1
195,6,161.87,503.73,76.32,162.41,0.8122,-1,-1,-1
195,24,566.81,235.54,72.22,116.77,0.7898,-1,-1,-1
195,8,745.75,238.83,76.07,164.62,0.7663,-1,-1,-1
195,26,975.50,273.05,63.58,140.19,0.7510,-1,-1,-1
195,1,822.57,289.80,67.06,144.28,0.7279,-1,-1,-1
195,22,1001.52,253.22,65.41,147.65,0.6832,-1,-1,-1
195,-1,1203.82,287.09,53.18,153.83,0.5183,-1,-1,-1
196,0,620.31,249.81,110.66,118.26,0.8863,-1,-1,-1
196,16,399.07,233.52,61.82,143.62,0.8613,-1,-1,-1
196,13,244.05,231.35,65.20,128.48,0.8446,-1,-1,-1
196,6,159.21,506.07,84.52,161.51,0.8053,-1,-1,-1
196,24,566.25,240.20,54.45,112.64,0.7468,-1,-1,-1
196,1,812.16,290.51,75.30,144.34,0.7087,-1,-1,-1
196,26,973.30,272.28,58.94,140.32,0.6738,-1,-1,-1
196,8,744.84,237.00,64.60,172.48,0.5773,-1,-1,-1
197,0,616.31,245.23,94.04,122.63,0.8873,-1,-1,-1
197,16,397.74,239.11,60.32,138.98,0.8840,-1,-1,-1
197,13,239.05,232.87,69.08,126.07,0.8800,-1,-1,-1
197,6,154.11,510.08,103.07,162.27,0.8489,-1,-1,-1
197,27,740.91,311.06,78.09,175.57,0.7591,-1,-1,-1
197,1,808.20,292.03,75.29,145.64,0.7508,-1,-1,-1
197,26,966.84,263.96,53.84,147.82,0.7377,-1,-1,-1
197,24,561.77,246.91,52.66,106.93,0.6924,-1,-1,-1
197,8,741.24,234.43,58.00,172.48,0.6356,-1,-1,-1
197,-1,1197.51,282.97,54.26,149.37,0.5165,-1,-1,-1
198,16,395.76,237.88,60.99,137.84,0.8982,-1,-1,-1
198,0,614.78,242.95,92.51,125.40,0.8834,-1,-1,-1
198,27,739.34,322.12,71.95,164.83,0.8727,-1,-1,-1
198,13,236.97,232.90,69.63,126.38,0.8705,-1,-1,-1
198,6,151.59,511.43,107.67,162.35,0.8410,-1,-1,-1
198,26,962.78,259.75,53.22,151.32,0.8394,-1,-1,-1
198,1,809.49,292.91,70.83,147.34,0.8030,-1,-1,-1
198,24,558.94,248.67,51.27,105.99,0.7213,-1,-1,-1
198,8,741.15,234.33,51.89,121.53,0.6351,-1,-1,-1
198,-1,589.79,238.42,49.71,112.90,0.5241,-1,-1,-1
198,-1,1195.59,282.75,52.01,140.53,0.5145,-1,-1,-1
199,16,394.11,239.61,61.03,134.64,0.9170,-1,-1,-1
199,13,237.33,231.08,69.04,128.03,0.8603,-1,-1,-1
199,6,152.15,512.75,105.89,163.08,0.8548,-1,-1,-1
199,0,610.57,240.88,91.95,127.45,0.8439,-1,-1,-1
199,1,811.05,294.23,65.48,148.97,0.8423,-1,-1,-1
199,26,959.64,255.75,55.55,151.90,0.7851,-1,-1,-1
199,24,555.47,249.82,50.17,109.25,0.7813,-1,-1,-1
199,29,1192.20,280.87,54.75,145.46,0.5697,-1,-1,-1
199,27,737.93,235.31,66.04,250.77,0.5654,-1,-1,-1
199,-1,586.53,241.66,47.44,125.87,0.5108,-1,-1,-1
200,16,392.72,239.66,61.40,131.91,0.9132,-1,-1,-1
200,1,808.72,295.79,64.77,149.92,0.8513,-1,-1,-1
200,6,155.31,513.49,101.91,163.64,0.8463,-1,-1,-1
200,13,240.39,231.79,67.01,126.98,0.8447,-1,-1,-1
200,0,605.20,240.45,80.13,128.27,0.8159,-1,-1,-1
200,26,951.81,254.48,60.52,150.04,0.7519,-1,-1,-1
200,27,735.32,235.36,57.70,252.15,0.7507,-1,-1,-1
200,24,551.43,252.45,48.28,117.30,0.7157,-1,-1,-1
200,30,563.21,244.25,63.21,127.70,0.6981,-1,-1,-1
200,29,1187.84,277.96,54.49,147.76,0.6363,-1,-1,-1
201,16,390.79,239.83,61.77,130.30,0.9060,-1,-1,-1
201,1,803.76,298.82,66.24,149.33,0.8646,-1,-1,-1
201,0,592.13,240.50,79.08,129.73,0.8642,-1,-1,-1
201,27,729.79,323.90,52.77,165.28,0.8640,-1,-1,-1
201,6,160.87,514.12,95.18,164.19,0.8511,-1,-1,-1
201,13,243.85,230.40,64.23,128.34,0.8158,-1,-1,-1
201,24,545.04,254.97,52.93,126.62,0.7883,-1,-1,-1
201,8,737.92,237.00,46.79,127.77,0.7273,-1,-1,-1
201,29,1185.62,276.83,53.23,149.28,0.6691,-1,-1,-1
201,26,945.10,254.23,63.14,145.85,0.6560,-1,-1,-1
201,30,583.46,245.12,37.28,124.98,0.5388,-1,-1,-1
202,16,387.31,239.95,62.27,130.94,0.8982,-1,-1,-1
202,0,580.41,241.47,86.05,131.76,0.8899,-1,-1,-1
202,6,175.68,514.85,74.13,166.80,0.8277,-1,-1,-1
202,1,796.25,300.20,67.30,149.79,0.8275,-1,-1,-1
202,13,253.65,228.55,59.57,130.69,0.8250,-1,-1,-1
202,27,722.60,320.42,44.22,170.98,0.8145,-1,-1,-1
202,24,538.35,263.54,56.30,129.45,0.7656,-1,-1,-1
202,8,733.82,240.91,48.42,122.94,0.6375,-1,-1,-1
202,29,1171.71,277.14,60.66,147.65,0.5956,-1,-1,-1
203,16,384.35,239.80,63.45,131.72,0.8970,-1,-1,-1
203,0,576.34,243.41,86.97,131.34,0.8642,-1,-1,-1
203,1,794.14,301.05,66.86,149.16,0.8442,-1,-1,-1
203,24,538.88,267.06,53.28,132.58,0.8071,-1,-1,-1
203,13,255.40,228.28,57.08,131.62,0.7967,-1,-1,-1
203,27,717.11,324.99,49.76,166.77,0.7962,-1,-1,-1
203,6,186.43,515.45,59.77,170.75,0.7727,-1,-1,-1
203,26,917.25,245.07,82.36,131.90,0.7045,-1,-1,-1
203,8,727.04,241.86,53.33,125.38,0.6564,-1,-1,-1
203,29,1167.40,277.57,64.25,148.14,0.6207,-1,-1,-1
204,16,380.66,239.58,66.65,132.35,0.8880,-1,-1,-1
204,0,571.38,245.74,90.45,133.88,0.8520,-1,-1,-1
204,1,795.44,302.23,63.51,148.81,0.8502,-1,-1,-1
204,27,713.50,325.55,48.39,166.50,0.8160,-1,-1,-1
204,24,527.96,264.41,62.59,137.33,0.8051,-1,-1,-1
204,13,255.36,225.45,55.32,134.10,0.7782,-1,-1,-1
204,6,197.59,516.71,43.81,173.81,0.7253,-1,-1,-1
204,8,723.36,241.57,52.13,123.77,0.6638,-1,-1,-1
204,26,913.80,240.81,74.66,134.18,0.6420,-1,-1,-1
204,29,1165.08,277.75,65.55,148.65,0.5902,-1,-1,-1
205,16,379.88,239.87,66.54,132.59,0.8656,-1,-1,-1
205,1,794.95,302.57,61.24,149.52,0.8404,-1,-1,-1
205,0,567.84,249.26,91.06,132.41,0.8356,-1,-1,-1
205,24,518.06,252.21,76.17,150.62,0.8207,-1,-1,-1
205,13,256.51,226.32,55.28,131.48,0.7870,-1,-1,-1
205,26,907.36,240.91,71.26,134.72,0.7542,-1,-1,-1
205,6,200.98,518.24,40.85,175.67,0.7318,-1,-1,-1
205,27,708.48,326.31,49.02,165.39,0.7317,-1,-1,-1
205,8,721.10,239.76,50.89,125.77,0.6723,-1,-1,-1
205,29,1162.95,277.32,68.32,151.58,0.6023,-1,-1,-1
205,-1,897.44,212.18,39.12,129.94,0.5157,-1,-1,-1
206,16,377.17,239.72,69.57,133.39,0.8683,-1,-1,-1
206,1,793.70,302.86,60.23,149.49,0.8129,-1,-1,-1
206,24,513.29,268.77,72.50,135.13,0.7994,-1,-1,-1
206,0,566.61,252.21,86.65,137.15,0.7963,-1,-1,-1
206,27,704.57,324.40,50.51,167.57,0.7776,-1,-1,-1
206,13,259.63,224.49,52.33,132.71,0.7667,-1,-1,-1
206,26,904.41,240.13,63.90,135.52,0.7356,-1,-1,-1
206,6,202.01,520.02,50.08,177.30,0.7120,-1,-1,-1
206,8,725.74,237.75,45.02,128.96,0.7115,-1,-1,-1
206,29,1160.97,276.65,65.09,150.77,0.5737,-1,-1,-1
207,16,375.57,238.49,68.33,136.22,0.8790,-1,-1,-1
207,13,262.92,221.67,60.88,137.88,0.8304,-1,-1,-1
207,1,763.53,302.95,86.16,151.12,0.8061,-1,-1,-1
207,27,693.56,328.92,55.96,159.24,0.8053,-1,-1,-1
207,0,562.03,255.11,78.88,127.28,0.7908,-1,-1,-1
207,24,514.89,258.19,73.01,147.05,0.7824,-1,-1,-1
207,6,196.09,524.28,80.39,176.89,0.7783,-1,-1,-1
207,8,717.63,233.43,50.49,138.06,0.7750,-1,-1,-1
207,26,896.05,232.46,52.59,144.94,0.7608,-1,-1,-1
207,-1,525.47,107.70,49.78,126.12,0.5375,-1,-1,-1
207,29,1157.39,275.32,56.63,151.28,0.5253,-1,-1,-1
208,16,375.19,238.36,67.10,134.30,0.8787,-1,-1,-1
208,13,259.41,225.50,69.41,135.27,0.8431,-1,-1,-1
208,1,760.06,303.00,88.02,151.62,0.8333,-1,-1,-1
208,27,687.68,329.51,51.64,155.68,0.8178,-1,-1,-1
208,6,193.15,527.51,91.11,174.89,0.8152,-1,-1,-1
208,26,886.12,227.69,58.02,148.43,0.7784,-1,-1,-1
208,0,562.62,255.20,73.82,126.30,0.7701,-1,-1,-1
208,8,714.04,232.07,52.02,140.05,0.7605,-1,-1,-1
208,24,514.49,276.52,65.46,142.77,0.7538,-1,-1,-1
208,-1,861.60,208.43,39.93,123.18,0.5723,-1,-1,-1
208,29,1154.52,274.64,55.96,151.84,0.5558,-1,-1,-1
208,-1,523.60,108.12,49.58,125.65,0.5057,-1,-1,-1
209,16,373.89,238.21,67.69,132.88,0.8884,-1,-1,-1
209,13,256.73,227.37,74.69,134.08,0.8555,-1,-1,-1
209,6,191.06,530.18,95.72,173.56,0.8392,-1,-1,-1
209,8,710.06,231.82,53.64,149.81,0.7865,-1,-1,-1
209,27,680.73,329.99,58.01,156.34,0.7843,-1,-1,-1
209,0,561.83,256.09,68.15,124.92,0.7839,-1,-1,-1
209,1,762.75,303.81,82.95,151.51,0.7830,-1,-1,-1
209,26,878.29,223.46,61.73,152.56,0.7618,-1,-1,-1
209,24,513.17,284.18,65.95,148.09,0.6745,-1,-1,-1
209,29,1151.52,269.82,53.92,154.73,0.5779,-1,-1,-1
209,-1,854.24,205.48,41.55,126.67,0.5634,-1,-1,-1
209,31,521.91,108.35,48.25,126.38,0.5004,-1,-1,-1
210,16,372.97,238.81,67.67,131.30,0.8629,-1,-1,-1
210,8,706.28,231.84,54.05,158.04,0.8279,-1,-1,-1
210,6,188.32,532.40,99.52,173.83,0.8219,-1,-1,-1
210,13,253.86,227.83,78.67,133.96,0.8074,-1,-1,-1
210,1,755.27,304.76,88.21,151.29,0.7996,-1,-1,-1
210,0,556.35,256.80,67.13,129.10,0.7852,-1,-1,-1
210,26,870.27,221.27,66.63,151.14,0.7505,-1,-1,-1
210,27,674.91,330.73,59.54,155.68,0.7476,-1,-1,-1
210,24,512.77,286.26,68.14,154.60,0.6713,-1,-1,-1
210,29,1149.19,269.76,55.76,151.72,0.5930,-1,-1,-1
210,31,519.61,108.52,48.77,127.07,0.5258,-1,-1,-1
210,32,848.02,199.92,43.79,132.91,0.5182,-1,-1,-1
211,16,373.39,239.76,66.64,130.09,0.8625,-1,-1,-1
211,8,702.76,233.11,54.56,159.00,0.8437,-1,-1,-1
211,0,553.07,257.93,65.71,132.10,0.8427,-1,-1,-1
211,6,187.18,533.74,99.70,174.73,0.7936,-1,-1,-1
211,1,754.24,305.13,87.07,151.03,0.7842,-1,-1,-1
211,13,252.18,228.91,80.95,133.27,0.7748,-1,-1,-1
211,27,668.45,331.25,62.80,154.94,0.7373,-1,-1,-1
211,26,870.49,218.91,62.83,147.65,0.7306,-1,-1,-1
211,24,512.35,293.90,58.74,156.54,0.7251,-1,-1,-1
211,32,837.38,199.58,49.51,133.83,0.5756,-1,-1,-1
211,29,1145.35,266.42,57.18,153.54,0.5548,-1,-1,-1
211,31,517.21,107.85,48.92,128.14,0.5295,-1,-1,-1
212,0,543.86,260.54,68.74,133.47,0.8600,-1,-1,-1
212,16,374.99,239.69,64.06,131.19,0.8599,-1,-1,-1
212,13,251.68,226.63,87.12,135.40,0.8378,-1,-1,-1
212,8,696.45,236.94,54.60,159.32,0.8366,-1,-1,-1
212,1,750.63,305.31,88.00,151.78,0.8251,-1,-1,-1
212,27,638.98,333.77,87.59,158.74,0.8178,-1,-1,-1
212,24,507.11,304.96,63.10,150.10,0.7951,-1,-1,-1
212,6,191.54,535.56,92.03,175.38,0.7812,-1,-1,-1
212,26,856.74,217.56,61.26,141.98,0.7072,-1,-1,-1
212,29,1139.53,262.36,55.36,157.47,0.5622,-1,-1,-1
212,32,822.44,189.79,49.12,140.38,0.5431,-1,-1,-1
212,31,512.94,108.58,48.25,127.32,0.5035,-1,-1,-1
213,27,631.86,335.34,93.75,158.88,0.8886,-1,-1,-1
213,16,378.58,239.31,60.40,131.49,0.8585,-1,-1,-1
213,13,253.63,223.26,86.56,137.74,0.8377,-1,-1,-1
213,8,692.92,239.96,55.94,159.08,0.8367,-1,-1,-1
213,1,749.55,305.46,87.33,151.98,0.8266,-1,-1,-1
213,0,540.52,262.64,70.24,131.03,0.8188,-1,-1,-1
213,24,506.39,315.04,64.10,141.44,0.8140,-1,-1,-1
213,6,200.00,535.69,81.03,176.01,0.7297,-1,-1,-1
213,26,844.28,215.99,65.83,141.15,0.6604,-1,-1,-1
213,29,1137.22,261.68,55.57,151.26,0.5440,-1,-1,-1
214,16,380.88,237.07,58.14,134.15,0.8435,-1,-1,-1
214,27,630.31,336.43,96.51,158.84,0.8433,-1,-1,-1
214,8,690.33,242.54,57.26,158.05,0.8223,-1,-1,-1
214,1,749.51,305.56,85.98,152.40,0.8144,-1,-1,-1
214,24,505.57,317.90,64.09,138.35,0.7942,-1,-1,-1
214,13,258.73,222.90,79.06,135.48,0.7846,-1,-1,-1
214,0,538.89,263.92,69.67,129.68,0.7729,-1,-1,-1
214,6,207.76,535.95,70.85,175.88,0.6557,-1,-1,-1
214,26,843.06,214.98,56.60,139.11,0.6262,-1,-1,-1
214,-1,470.71,300.25,63.69,114.33,0.6053,-1,-1,-1
214,32,808.48,184.77,47.91,133.07,0.5392,-1,-1,-1
214,29,1133.48,260.99,60.99,155.57,0.5341,-1,-1,-1
215,27,628.99,336.76,94.60,158.69,0.8553,-1,-1,-1
215,16,379.65,230.43,59.23,140.77,0.8246,-1,-1,-1
215,1,748.31,305.47,84.07,152.38,0.8164,-1,-1,-1
215,8,688.71,244.68,56.88,157.55,0.8081,-1,-1,-1
215,13,263.98,222.50,71.31,133.30,0.7899,-1,-1,-1
215,0,536.09,266.37,71.24,127.09,0.7899,-1,-1,-1
215,24,504.31,319.79,68.63,136.53,0.7686,-1,-1,-1
215,-1,460.05,286.25,71.64,133.08,0.7257,-1,-1,-1
215,6,217.65,535.72,59.42,176.43,0.6545,-1,-1,-1
215,26,837.53,213.12,49.62,137.69,0.6182,-1,-1,-1
215,29,1129.91,260.13,64.76,154.21,0.5520,-1,-1,-1
215,32,800.63,178.39,49.22,126.47,0.5117,-1,-1,-1
216,27,626.67,336.85,93.48,159.07,0.8962,-1,-1,-1
216,33,450.67,291.58,77.14,130.50,0.8315,-1,-1,-1
216,8,687.46,245.75,56.88,157.95,0.8302,-1,-1,-1
216,1,746.81,307.32,81.53,150.82,0.8249,-1,-1,-1
216,24,502.36,320.27,70.17,136.24,0.8235,-1,-1,-1
216,16,370.54,218.37,68.39,152.68,0.8001,-1,-1,-1
216,13,268.87,220.35,64.69,132.29,0.7876,-1,-1,-1
216,0,530.15,269.00,74.55,124.45,0.7698,-1,-1,-1
216,6,227.97,536.30,48.63,176.51,0.6550,-1,-1,-1
216,26,829.56,210.42,53.87,139.43,0.6498,-1,-1,-1
216,29,1127.51,259.52,66.69,151.89,0.5568,-1,-1,-1
216,32,792.21,176.36,49.17,129.66,0.5092,-1,-1,-1
217,27,625.98,334.57,80.94,161.12,0.9029,-1,-1,-1
217,33,445.41,301.96,76.40,120.33,0.8425,-1,-1,-1
217,16,381.07,237.53,57.84,129.53,0.8308,-1,-1,-1
217,13,278.20,203.69,51.62,145.30,0.8175,-1,-1,-1
217,8,688.46,247.20,51.76,159.12,0.8048,-1,-1,-1
217,24,506.28,324.50,94.05,158.18,0.8039,-1,-1,-1
217,1,735.82,305.94,84.36,152.99,0.7772,-1,-1,-1
217,26,810.35,207.98,69.35,139.28,0.6910,-1,-1,-1
217,0,521.36,274.92,80.11,118.42,0.6027,-1,-1,-1
217,6,237.67,537.66,49.74,176.23,0.5951,-1,-1,-1
217,29,1121.92,258.54,71.66,149.81,0.5777,-1,-1,-1
217,32,778.71,172.40,49.58,142.31,0.5579,-1,-1,-1
218,27,626.28,332.90,72.78,162.00,0.8842,-1,-1,-1
218,8,688.53,247.44,49.51,158.93,0.8570,-1,-1,-1
218,16,380.03,235.04,58.18,131.02,0.8173,-1,-1,-1
218,24,513.61,327.73,83.65,165.23,0.7976,-1,-1,-1
218,33,444.16,305.90,75.77,116.68,0.7842,-1,-1,-1
218,13,283.26,195.70,45.52,152.25,0.7650,-1,-1,-1
218,1,729.92,306.19,84.87,153.40,0.7557,-1,-1,-1
218,6,236.89,538.47,65.69,175.43,0.6719,-1,-1,-1
218,29,1117.91,256.73,73.71,148.50,0.6071,-1,-1,-1
218,26,798.32,206.10,77.32,137.37,0.6009,-1,-1,-1
218,0,513.89,277.04,66.63,85.85,0.5656,-1,-1,-1
219,27,622.74,331.33,68.91,163.49,0.8816,-1,-1,-1
219,8,686.45,247.24,50.74,159.48,0.8458,-1,-1,-1
219,24,517.90,332.19,76.50,166.26,0.7873,-1,-1,-1
219,16,359.20,211.52,78.10,153.80,0.7859,-1,-1,-1
219,33,440.99,308.70,77.46,114.64,0.7667,-1,-1,-1
219,13,283.94,192.34,43.08,155.31,0.7550,-1,-1,-1
219,1,729.98,306.02,79.02,154.45,0.7304,-1,-1,-1
219,0,509.41,277.54,76.09,93.50,0.6691,-1,-1,-1
219,6,234.88,540.15,84.04,174.31,0.6560,-1,-1,-1
219,26,787.06,205.51,79.91,133.56,0.6048,-1,-1,-1
219,29,1115.21,253.61,72.86,151.40,0.5874,-1,-1,-1
219,32,764.27,170.38,44.89,130.64,0.5417,-1,-1,-1
219,31,498.14,106.03,50.32,129.71,0.5162,-1,-1,-1
220,27,620.19,330.23,63.95,164.81,0.8834,-1,-1,-1
220,8,684.29,246.17,52.13,160.59,0.8640,-1,-1,-1
220,16,367.95,216.79,69.28,148.11,0.8278,-1,-1,-1
220,24,514.01,337.86,77.69,167.71,0.8232,-1,-1,-1
220,33,433.19,311.60,84.40,116.65,0.7896,-1,-1,-1
220,1,731.39,305.57,71.73,157.08,0.7539,-1,-1,-1
220,13,284.12,190.53,41.65,155.59,0.7439,-1,-1,-1
220,0,512.04,277.53,73.16,110.26,0.6990,-1,-1,-1
220,26,783.46,205.98,76.29,130.57,0.6809,-1,-1,-1
220,6,233.78,541.51,97.68,173.39,0.6464,-1,-1,-1
220,32,757.75,168.91,42.64,130.71,0.6346,-1,-1,-1
220,29,1113.83,251.27,68.32,153.02,0.5988,-1,-1,-1
220,31,496.72,106.49,49.61,129.31,0.5266,-1,-1,-1
221,27,616.44,329.91,63.96,164.47,0.9011,-1,-1,-1
221,24,521.83,343.29,74.79,163.10,0.8532,-1,-1,-1
221,8,682.33,245.19,53.45,161.66,0.8426,-1,-1,-1
221,16,375.59,222.61,60.96,142.92,0.8288,-1,-1,-1
221,33,428.45,313.98,95.00,128.75,0.8218,-1,-1,-1
221,0,510.94,277.32,69.47,116.33,0.7616,-1,-1,-1
221,1,729.14,306.01,67.22,159.79,0.7289,-1,-1,-1
221,13,283.44,185.35,40.61,159.16,0.7250,-1,-1,-1
221,6,232.82,542.62,105.45,172.34,0.6833,-1,-1,-1
221,26,778.66,207.96,65.98,126.99,0.6031,-1,-1,-1
221,29,1110.59,249.72,69.09,153.19,0.5915,-1,-1,-1
221,32,749.68,165.33,48.93,131.56,0.5781,-1,-1,-1
222,33,425.02,322.93,95.12,142.65,0.7894,-1,-1,-1
222,27,605.12,332.21,70.89,164.28,0.7782,-1,-1,-1
222,16,381.27,223.88,54.52,141.12,0.7514,-1,-1,-1
222,8,678.48,242.84,58.24,164.58,0.6450,-1,-1,-1
222,6,229.93,544.96,111.55,171.05,0.6326,-1,-1,-1
222,13,280.92,177.52,43.44,164.76,0.6323,-1,-1,-1
222,1,725.32,306.87,62.16,163.25,0.6083,-1,-1,-1
222,24,524.65,352.50,80.59,132.86,0.5920,-1,-1,-1
222,31,491.73,104.96,51.21,129.58,0.5745,-1,-1,-1
222,26,758.18,199.69,63.80,133.97,0.5408,-1,-1,-1
223,27,597.58,333.11,78.14,165.14,0.8986,-1,-1,-1
223,16,372.22,221.58,64.72,143.34,0.8744,-1,-1,-1
223,33,433.68,326.31,83.57,145.51,0.8340,-1,-1,-1
223,0,514.69,268.74,60.84,156.59,0.8294,-1,-1,-1
223,24,530.82,352.92,89.44,153.57,0.8221,-1,-1,-1
223,8,677.31,241.67,56.33,165.17,0.7271,-1,-1,-1
223,13,283.14,190.84,36.55,151.11,0.7144,-1,-1,-1
223,6,229.09,543.88,112.56,172.44,0.6907,-1,-1,-1
223,1,710.52,305.52,72.53,165.55,0.6863,-1,-1,-1
223,26,763.19,202.24,55.11,133.64,0.6782,-1,-1,-1
223,29,1101.19,235.32,55.97,155.07,0.5776,-1,-1,-1
224,16,365.91,220.98,71.92,143.89,0.8827,-1,-1,-1
224,27,595.61,334.29,78.94,164.68,0.8655,-1,-1,-1
224,33,441.01,331.70,76.00,143.46,0.8293,-1,-1,-1
224,0,505.26,263.99,71.15,161.29,0.8076,-1,-1,-1
224,24,541.17,352.99,77.01,160.91,0.7938,-1,-1,-1
224,8,678.32,242.15,55.88,164.66,0.7160,-1,-1,-1
224,13,283.04,191.28,35.59,149.73,0.6901,-1,-1,-1
224,6,232.07,543.50,109.37,172.96,0.6887,-1,-1,-1
224,26,750.02,194.63,63.89,140.49,0.6417,-1,-1,-1
224,1,712.36,306.53,66.14,166.06,0.6410,-1,-1,-1
224,29,1098.46,237.94,52.73,151.48,0.6026,-1,-1,-1
224,32,721.67,158.97,44.99,109.76,0.5149,-1,-1,-1
225,16,364.11,220.57,73.89,144.44,0.8698,-1,-1,-1
225,0,511.03,259.09,65.92,164.50,0.8588,-1,-1,-1
225,33,437.39,337.42,78.50,137.81,0.8491,-1,-1,-1
225,27,593.52,335.21,79.76,163.25,0.8418,-1,-1,-1
225,24,548.85,357.38,72.00,165.35,0.8401,-1,-1,-1
225,8,679.79,243.13,52.08,164.71,0.7687,-1,-1,-1
225,26,739.53,188.96,69.66,144.65,0.7374,-1,-1,-1
225,13,283.40,191.15,34.68,149.00,0.6872,-1,-1,-1
225,6,238.20,542.77,102.00,172.95,0.6834,-1,-1,-1
225,1,721.92,323.39,53.49,148.65,0.6585,-1,-1,-1
225,29,1095.53,237.61,52.70,145.33,0.5622,-1,-1,-1
225,31,488.15,105.25,50.03,128.04,0.5241,-1,-1,-1
226,16,367.01,221.03,71.21,144.28,0.8352,-1,-1,-1
226,0,493.90,252.58,81.02,168.68,0.8296,-1,-1,-1
226,24,559.24,360.99,58.56,168.21,0.8195,-1,-1,-1
226,27,604.67,335.14,67.00,158.98,0.7957,-1,-1,-1
226,33,436.52,340.81,80.85,134.37,0.7568,-1,-1,-1
226,8,681.27,245.09,47.95,165.82,0.7282,-1,-1,-1
226,1,721.07,325.98,50.87,146.14,0.6886,-1,-1,-1
226,13,283.99,190.68,33.97,148.97,0.6631,-1,-1,-1
226,6,246.42,542.37,92.31,171.53,0.6064,-1,-1,-1
226,26,747.52,187.15,56.96,145.08,0.5877,-1,-1,-1
226,29,1092.48,235.39,50.70,150.96,0.5685,-1,-1,-1
226,31,485.37,105.39,50.62,128.99,0.5197,-1,-1,-1
227,0,486.32,242.45,88.08,158.20,0.8557,-1,-1,-1
227,16,378.67,219.29,64.61,145.44,0.8298,-1,-1,-1
227,27,602.30,333.56,65.18,159.96,0.7235,-1,-1,-1
227,8,683.91,248.31,42.67,163.46,0.7093,-1,-1,-1
227,1,716.80,327.13,47.80,144.75,0.6906,-1,-1,-1
227,13,279.74,193.80,36.65,145.56,0.6611,-1,-1,-1
227,24,574.65,369.92,55.73,173.75,0.6542,-1,-1,-1
227,33,434.33,344.73,94.90,130.55,0.6080,-1,-1,-1
227,26,736.48,185.01,59.97,141.76,0.6065,-1,-1,-1
227,6,266.49,540.77,68.92,172.63,0.5872,-1,-1,-1
227,31,482.70,104.41,50.03,129.65,0.5071,-1,-1,-1
228,0,482.85,238.36,89.91,152.05,0.8667,-1,-1,-1
228,16,388.62,219.81,53.68,148.36,0.8427,-1,-1,-1
228,33,434.54,347.13,109.22,128.88,0.8042,-1,-1,-1
228,27,599.56,333.29,66.41,160.74,0.7274,-1,-1,-1
228,24,573.82,379.90,65.11,165.94,0.7190,-1,-1,-1
228,8,683.87,248.92,45.07,162.60,0.6919,-1,-1,-1
228,13,278.06,193.75,39.72,145.42,0.6684,-1,-1,-1
228,1,715.82,329.20,45.99,142.37,0.6592,-1,-1,-1
228,26,731.05,183.23,59.94,139.01,0.5658,-1,-1,-1
228,31,480.28,104.19,50.62,130.71,0.5346,-1,-1,-1
228,6,278.91,539.86,55.00,175.38,0.5285,-1,-1,-1
228,29,1077.35,234.45,57.60,145.10,0.5077,-1,-1,-1
229,0,476.17,236.23,96.78,151.08,0.8711,-1,-1,-1
229,16,390.62,221.01,50.34,146.67,0.8210,-1,-1,-1
229,24,571.88,383.95,80.90,161.58,0.7240,-1,-1,-1
229,33,436.55,347.77,102.04,141.36,0.6787,-1,-1,-1
229,13,277.24,195.93,40.66,143.12,0.6732,-1,-1,-1
229,1,712.93,326.83,45.65,144.20,0.6670,-1,-1,-1
229,8,683.60,248.93,43.96,162.15,0.6597,-1,-1,-1
229,26,716.72,177.80,69.16,140.48,0.6498,-1,-1,-1
229,27,595.38,332.72,68.08,162.07,0.5854,-1,-1,-1
229,31,478.40,103.26,51.04,131.76,0.5193,-1,-1,-1
229,29,1071.86,234.06,59.38,145.90,0.5052,-1,-1,-1
230,0,466.89,234.14,102.45,144.50,0.8762,-1,-1,-1
230,16,388.96,221.19,52.96,145.56,0.8263,-1,-1,-1
230,13,276.64,195.45,44.47,142.50,0.6912,-1,-1,-1
230,24,571.61,331.74,92.99,211.68,0.6760,-1,-1,-1
230,26,713.68,168.37,65.83,139.90,0.6560,-1,-1,-1
230,33,439.71,351.55,101.63,148.26,0.5950,-1,-1,-1
230,31,477.17,103.09,50.96,130.99,0.5491,-1,-1,-1
230,29,1069.55,232.41,56.65,146.64,0.5263,-1,-1,-1
230,8,682.43,247.34,46.41,162.46,0.5229,-1,-1,-1
230,32,674.31,151.54,47.97,95.14,0.5015,-1,-1,-1
231,0,459.10,232.10,103.92,147.92,0.8391,-1,-1,-1
231,16,387.21,220.91,53.61,145.49,0.7875,-1,-1,-1
231,26,712.45,167.56,59.70,136.54,0.6613,-1,-1,-1
231,13,276.89,195.95,44.68,141.50,0.6433,-1,-1,-1
231,27,584.88,331.69,54.33,166.34,0.6022,-1,-1,-1
231,8,677.27,243.53,53.40,165.66,0.5956,-1,-1,-1
231,24,569.53,391.99,109.11,152.44,0.5947,-1,-1,-1
231,32,659.94,149.76,56.13,99.57,0.5285,-1,-1,-1
231,-1,382.86,194.73,54.47,137.20,0.5259,-1,-1,-1
231,29,1064.66,228.16,56.74,150.23,0.5190,-1,-1,-1
231,31,475.23,102.21,51.84,130.67,0.5027,-1,-1,-1
232,0,452.75,225.61,106.50,146.73,0.8732,-1,-1,-1
232,24,573.61,389.14,119.73,154.17,0.8404,-1,-1,-1
232,16,382.33,215.43,54.09,149.77,0.8319,-1,-1,-1
232,27,579.42,330.84,55.36,165.58,0.7838,-1,-1,-1
232,13,274.96,195.29,55.11,141.19,0.7632,-1,-1,-1
232,26,701.99,163.68,57.03,132.00,0.7149,-1,-1,-1
232,1,690.96,311.59,56.53,157.90,0.6784,-1,-1,-1
232,33,484.70,359.75,83.75,156.02,0.6112,-1,-1,-1
232,32,648.83,147.96,59.44,103.31,0.6043,-1,-1,-1
232,-1,290.06,540.84,93.87,173.32,0.5353,-1,-1,-1
232,31,472.03,100.81,50.98,128.90,0.5342,-1,-1,-1
232,29,1060.79,222.80,54.60,152.09,0.5009,-1,-1,-1
233,0,444.79,224.64,112.26,148.90,0.8773,-1,-1,-1
233,24,580.24,388.22,111.90,157.19,0.8331,-1,-1,-1
233,27,577.53,331.06,55.84,164.56,0.8218,-1,-1,-1
233,16,380.40,215.08,56.56,149.54,0.8214,-1,-1,-1
233,13,273.10,195.45,55.26,140.18,0.7634,-1,-1,-1
233,1,685.12,308.77,59.59,160.06,0.7143,-1,-1,-1
233,26,696.03,162.68,57.25,127.52,0.6720,-1,-1,-1
233,32,645.43,141.95,59.96,103.74,0.6254,-1,-1,-1
233,-1,289.04,542.07,103.35,172.07,0.5200,-1,-1,-1
234,0,437.02,222.93,116.53,148.30,0.8963,-1,-1,-1
234,27,575.12,330.90,61.05,163.83,0.8418,-1,-1,-1
234,16,377.29,210.33,62.08,154.24,0.8249,-1,-1,-1
234,24,588.46,388.76,102.54,157.09,0.8155,-1,-1,-1
234,13,271.04,194.79,57.16,140.40,0.7724,-1,-1,-1
234,1,680.01,309.27,63.23,159.27,0.7048,-1,-1,-1
234,32,642.59,138.49,59.36,106.14,0.6321,-1,-1,-1
234,26,691.45,163.99,56.51,121.01,0.6116,-1,-1,-1
234,33,486.76,369.36,76.86,148.39,0.5604,-1,-1,-1
234,8,676.23,239.74,61.24,97.15,0.5315,-1,-1,-1
235,0,436.88,222.85,108.89,147.81,0.8858,-1,-1,-1
235,27,572.35,331.07,72.81,163.96,0.8827,-1,-1,-1
235,16,372.82,208.47,67.42,156.78,0.8401,-1,-1,-1
235,24,604.43,389.47,97.60,156.20,0.8061,-1,-1,-1
235,13,267.97,195.81,58.96,139.46,0.7892,-1,-1,-1
235,1,673.88,308.85,65.71,158.67,0.7466,-1,-1,-1
235,26,689.51,165.42,53.77,115.43,0.6470,-1,-1,-1
235,33,485.29,373.25,83.73,144.86,0.5944,-1,-1,-1
235,32,639.42,137.28,64.27,106.31,0.5932,-1,-1,-1
235,31,462.88,100.23,51.61,129.06,0.5804,-1,-1,-1
235,8,672.03,241.04,77.95,137.20,0.5329,-1,-1,-1
235,29,1052.06,214.98,44.25,137.54,0.5190,-1,-1,-1
236,0,436.14,220.74,102.42,149.44,0.9062,-1,-1,-1
236,16,370.64,210.33,69.15,155.50,0.8519,-1,-1,-1
236,27,569.09,330.89,77.21,164.94,0.8234,-1,-1,-1
236,13,265.50,196.89,60.97,138.57,0.8106,-1,-1,-1
236,1,669.16,309.55,66.55,158.10,0.8088,-1,-1,-1
236,24,622.48,388.36,80.57,156.91,0.7810,-1,-1,-1
236,8,664.70,243.74,86.84,136.02,0.7026,-1,-1,-1
236,26,680.54,165.85,58.28,114.27,0.6615,-1,-1,-1
236,32,636.93,137.97,62.23,106.01,0.6495,-1,-1,-1
236,31,460.11,100.17,51.46,128.27,0.5489,-1,-1,-1
237,0,432.80,215.43,89.97,152.11,0.8950,-1,-1,-1
237,16,372.69,220.00,62.82,145.60,0.8644,-1,-1,-1
237,27,564.33,332.10,77.16,161.60,0.7608,-1,-1,-1
237,13,256.55,200.18,56.05,135.34,0.7448,-1,-1,-1
237,24,647.35,385.80,58.50,159.35,0.6677,-1,-1,-1
237,32,632.05,124.89,61.39,118.68,0.6676,-1,-1,-1
237,33,483.78,374.97,101.30,143.91,0.6660,-1,-1,-1
237,1,659.69,310.28,68.91,157.34,0.6190,-1,-1,-1
237,31,454.35,100.45,50.50,128.54,0.5449,-1,-1,-1
237,8,670.29,269.18,77.02,110.73,0.5352,-1,-1,-1
237,26,674.65,172.12,49.98,103.41,0.5036,-1,-1,-1
238,0,430.36,215.83,85.11,150.61,0.8695,-1,-1,-1
238,16,370.96,223.18,62.03,142.12,0.8483,-1,-1,-1
238,13,253.75,198.99,68.28,137.17,0.7604,-1,-1,-1
238,33,487.49,377.04,125.71,148.40,0.6819,-1,-1,-1
238,24,643.24,383.15,79.53,162.06,0.6626,-1,-1,-1
238,32,632.04,115.58,59.59,126.51,0.6598,-1,-1,-1
238,8,643.25,251.57,99.86,128.88,0.5903,-1,-1,-1
238,31,451.20,99.85,49.67,125.62,0.5449,-1,-1,-1
238,26,657.98,170.14,60.05,104.21,0.5377,-1,-1,-1
239,16,367.62,226.59,61.15,139.44,0.8645,-1,-1,-1
239,0,429.88,216.47,76.11,149.80,0.8167,-1,-1,-1
239,13,251.30,199.25,55.08,139.56,0.8031,-1,-1,-1
239,24,647.51,381.95,82.73,162.59,0.7536,-1,-1,-1
239,33,491.01,378.93,127.69,150.74,0.6962,-1,-1,-1
239,32,633.00,115.34,55.44,123.92,0.6246,-1,-1,-1
239,8,628.85,249.41,111.25,132.08,0.5979,-1,-1,-1
239,1,635.73,311.65,83.98,147.72,0.5550,-1,-1,-1
239,31,447.60,99.64,49.94,129.77,0.5541,-1,-1,-1
239,26,635.71,169.15,74.12,119.30,0.5348,-1,-1,-1
240,16,363.94,227.67,62.92,138.65,0.8796,-1,-1,-1
240,0,428.79,216.62,71.61,149.69,0.8607,-1,-1,-1
240,24,647.02,376.88,98.26,166.72,0.8587,-1,-1,-1
240,13,248.58,199.53,54.77,141.32,0.8063,-1,-1,-1
240,33,499.37,380.65,127.49,155.97,0.7222,-1,-1,-1
240,32,632.08,111.33,55.23,126.08,0.6487,-1,-1,-1
240,8,626.37,250.97,110.54,129.35,0.6442,-1,-1,-1
240,1,631.77,312.26,64.17,146.18,0.6414,-1,-1,-1
240,26,650.05,169.19,58.05,101.41,0.6015,-1,-1,-1
240,31,444.37,100.06,50.66,130.28,0.5601,-1,-1,-1
240,-1,555.31,333.44,52.63,78.18,0.5515,-1,-1,-1
241,16,359.81,229.11,63.59,137.24,0.8839,-1,-1,-1
241,24,652.56,372.54,103.98,168.93,0.8726,-1,-1,-1
241,0,429.38,217.18,66.45,149.62,0.8501,-1,-1,-1
241,13,244.15,201.32,53.97,140.86,0.7900,-1,-1,-1
241,1,629.10,312.26,62.17,146.73,0.7616,-1,-1,-1
241,8,625.20,252.33,106.66,127.00,0.7300,-1,-1,-1
241,33,553.90,382.35,72.78,156.47,0.7283,-1,-1,-1
241,26,648.77,169.11,57.21,101.11,0.6524,-1,-1,-1
241,32,629.78,112.05,54.83,123.17,0.6322,-1,-1,-1
241,27,550.35,333.49,56.80,159.26,0.5623,-1,-1,-1
241,31,442.34,100.02,49.72,128.17,0.5120,-1,-1,-1
242,16,352.01,227.66,78.35,138.67,0.8887,-1,-1,-1
242,24,669.28,364.44,99.88,160.06,0.8865,-1,-1,-1
242,0,430.06,218.02,53.18,148.75,0.8645,-1,-1,-1
242,13,234.28,204.95,60.01,138.12,0.8358,-1,-1,-1
242,27,544.99,333.43,53.98,164.08,0.8333,-1,-1,-1
242,1,625.89,314.82,67.08,148.07,0.7749,-1,-1,-1
242,33,580.95,386.82,50.16,152.67,0.7086,-1,-1,-1
242,8,626.01,246.02,92.03,129.56,0.6590,-1,-1,-1
242,32,627.13,113.30,52.81,122.15,0.6415,-1,-1,-1
242,26,643.77,168.04,56.42,101.85,0.6030,-1,-1,-1
242,31,436.27,99.12,48.56,126.98,0.5311,-1,-1,-1
243,16,350.77,223.31,80.98,143.41,0.8800,-1,-1,-1
243,24,679.44,368.54,91.67,156.80,0.8559,-1,-1,-1
243,0,430.65,219.47,47.99,146.87,0.8429,-1,-1,-1
243,13,231.67,205.63,59.90,137.55,0.8226,-1,-1,-1
243,27,542.71,333.82,56.49,163.12,0.7877,-1,-1,-1
243,1,621.76,315.26,71.71,152.10,0.7533,-1,-1,-1
243,26,635.81,162.55,62.47,107.52,0.6326,-1,-1,-1
243,8,623.09,246.65,83.90,127.16,0.6200,-1,-1,-1
243,32,624.12,115.80,52.73,118.26,0.5438,-1,-1,-1
243,33,576.88,387.45,62.24,152.03,0.5312,-1,-1,-1
243,31,432.87,99.94,49.87,123.89,0.5022,-1,-1,-1
244,16,349.68,222.44,82.23,145.69,0.8831,-1,-1,-1
244,24,684.25,369.48,86.98,155.79,0.8319,-1,-1,-1
244,0,428.93,220.25,48.71,146.08,0.8182,-1,-1,-1
244,13,228.38,204.86,67.37,138.40,0.7922,-1,-1,-1
244,27,540.27,333.95,63.53,162.15,0.7876,-1,-1,-1
244,1,618.48,314.39,66.89,155.14,0.7217,-1,-1,-1
244,8,619.91,246.47,76.28,125.15,0.6723,-1,-1,-1
244,26,639.62,162.68,55.59,108.34,0.6698,-1,-1,-1
244,31,430.35,100.01,49.70,123.81,0.5289,-1,-1,-1
244,33,575.66,383.95,72.80,155.34,0.5269,-1,-1,-1
245,27,538.12,333.80,66.57,162.03,0.8732,-1,-1,-1
245,24,685.39,369.85,79.43,154.29,0.8568,-1,-1,-1
245,0,425.99,221.12,51.93,143.95,0.8400,-1,-1,-1
245,16,346.17,222.52,85.08,145.84,0.8360,-1,-1,-1
245,13,226.11,204.78,68.25,138.69,0.8115,-1,-1,-1
245,8,613.71,246.67,66.69,125.69,0.6443,-1,-1,-1
245,1,612.88,315.68,63.76,157.38,0.6307,-1,-1,-1
245,26,637.73,165.91,56.08,104.86,0.6148,-1,-1,-1
245,33,574.86,386.36,91.61,152.91,0.6102,-1,-1,-1
245,32,618.90,117.09,53.33,116.97,0.6075,-1,-1,-1
245,31,427.54,99.71,51.05,127.34,0.5447,-1,-1,-1
245,-1,334.70,544.14,92.82,174.11,0.5126,-1,-1,-1
246,27,535.63,334.37,73.17,161.65,0.8845,-1,-1,-1
246,24,684.47,367.91,79.94,155.99,0.8658,-1,-1,-1
246,0,420.35,221.66,56.63,142.03,0.8603,-1,-1,-1
246,16,342.98,224.44,88.51,143.46,0.8555,-1,-1,-1
246,13,223.80,204.56,61.52,138.90,0.8549,-1,-1,-1
246,33,577.31,318.68,95.15,219.83,0.7504,-1,-1,-1
246,32,615.91,114.31,55.58,120.23,0.6358,-1,-1,-1
246,8,608.40,247.98,55.53,113.37,0.6186,-1,-1,-1
246,26,640.69,165.15,51.88,106.53,0.6015,-1,-1,-1
246,-1,332.76,545.15,102.86,173.29,0.5212,-1,-1,-1
246,31,424.97,101.53,51.56,124.04,0.5190,-1,-1,-1
247,27,530.36,334.91,74.02,160.92,0.8738,-1,-1,-1
247,13,217.58,206.42,62.92,137.97,0.8680,-1,-1,-1
247,24,682.76,360.85,101.73,160.19,0.8303,-1,-1,-1
247,0,409.99,216.17,59.80,146.79,0.8199,-1,-1,-1
247,16,338.74,228.55,96.84,137.33,0.7881,-1,-1,-1
247,33,591.06,375.00,121.33,150.20,0.7798,-1,-1,-1
247,32,611.99,110.81,54.53,123.62,0.6515,-1,-1,-1
247,1,603.40,320.63,53.44,138.53,0.6438,-1,-1,-1
247,26,638.62,165.45,52.30,113.91,0.6170,-1,-1,-1
247,8,597.13,251.58,56.66,94.58,0.5825,-1,-1,-1
247,34,328.40,546.96,113.34,171.18,0.5555,-1,-1,-1
247,31,420.14,101.63,50.85,120.85,0.5102,-1,-1,-1
248,27,528.80,335.36,71.22,159.85,0.8861,-1,-1,-1
248,13,215.04,207.53,61.93,138.76,0.8526,-1,-1,-1
248,16,337.66,230.98,85.37,134.38,0.8375,-1,-1,-1
248,24,680.71,356.76,117.07,161.59,0.8289,-1,-1,-1
248,0,394.09,212.09,68.53,150.99,0.8054,-1,-1,-1
248,33,604.63,373.75,112.42,148.66,0.7848,-1,-1,-1
248,26,637.58,154.96,50.68,124.84,0.6616,-1,-1,-1
248,8,577.18,252.92,72.86,106.35,0.6413,-1,-1,-1
248,1,600.16,320.04,55.58,155.24,0.6389,-1,-1,-1
248,34,327.27,547.01,115.56,171.06,0.5603,-1,-1,-1
248,32,611.16,109.06,55.24,124.90,0.5551,-1,-1,-1
248,31,418.19,102.82,50.83,123.45,0.5441,-1,-1,-1
249,27,526.59,335.35,74.49,160.08,0.8985,-1,-1,-1
249,13,212.03,209.88,61.68,140.63,0.8355,-1,-1,-1
249,24,677.94,352.22,125.15,156.29,0.8255,-1,-1,-1
249,16,337.53,230.56,88.29,134.90,0.8162,-1,-1,-1
249,0,382.92,208.58,75.99,154.40,0.7758,-1,-1,-1
249,1,596.15,324.31,55.30,158.60,0.7622,-1,-1,-1
249,33,626.34,372.87,100.94,151.96,0.7474,-1,-1,-1
249,8,561.80,254.02,84.89,115.28,0.6959,-1,-1,-1
249,26,639.25,154.58,48.54,123.74,0.6847,-1,-1,-1
249,34,328.76,546.18,113.65,172.05,0.5709,-1,-1,-1
249,32,612.49,106.62,49.74,126.48,0.5272,-1,-1,-1
250,27,523.85,335.28,75.64,160.00,0.8937,-1,-1,-1
250,13,208.73,212.89,61.94,139.58,0.8298,-1,-1,-1
250,0,381.37,204.16,75.12,158.30,0.8033,-1,-1,-1
250,33,646.62,373.29,86.21,152.33,0.7903,-1,-1,-1
250,1,592.15,322.40,56.53,161.04,0.7697,-1,-1,-1
250,16,339.86,229.97,87.22,134.44,0.7602,-1,-1,-1
250,24,705.49,349.66,101.13,144.62,0.7505,-1,-1,-1
250,8,550.86,252.85,90.56,110.45,0.6983,-1,-1,-1
250,26,639.82,153.97,47.21,125.39,0.6615,-1,-1,-1
250,34,333.07,545.01,107.30,171.75,0.5450,-1,-1,-1
251,27,521.80,335.44,76.02,159.85,0.8787,-1,-1,-1
251,13,204.35,214.46,65.10,138.94,0.8345,-1,-1,-1
251,33,656.57,373.09,81.64,152.27,0.8300,-1,-1,-1
251,24,692.72,348.38,113.75,134.82,0.8200,-1,-1,-1
251,1,589.40,321.74,57.15,161.90,0.7936,-1,-1,-1
251,16,344.96,230.98,92.79,134.08,0.7596,-1,-1,-1
251,8,542.76,250.65,94.03,114.87,0.7478,-1,-1,-1
251,0,378.23,200.27,76.22,141.16,0.7359,-1,-1,-1
251,26,637.40,153.07,48.60,127.97,0.6880,-1,-1,-1
251,32,614.16,106.46,43.00,125.49,0.5298,-1,-1,-1
252,13,200.84,219.87,64.41,134.30,0.8569,-1,-1,-1
252,27,518.43,336.01,74.07,159.35,0.8280,-1,-1,-1
252,16,342.80,232.64,94.12,132.27,0.8075,-1,-1,-1
252,24,701.87,343.56,106.39,135.18,0.7875,-1,-1,-1
252,33,670.32,368.81,67.34,156.72,0.7572,-1,-1,-1
252,26,636.46,153.40,48.75,127.55,0.7084,-1,-1,-1
252,1,584.37,337.78,57.78,146.08,0.6902,-1,-1,-1
252,32,611.73,107.08,40.97,125.46,0.6136,-1,-1,-1
252,8,536.86,246.03,93.72,163.98,0.6000,-1,-1,-1
252,34,356.89,542.10,78.31,171.15,0.5292,-1,-1,-1
253,13,199.00,220.16,66.84,133.87,0.8787,-1,-1,-1
253,27,516.39,336.47,74.72,159.11,0.8545,-1,-1,-1
253,16,340.64,232.56,83.06,132.25,0.8210,-1,-1,-1
253,24,710.54,340.15,108.98,135.89,0.7898,-1,-1,-1
253,33,676.71,365.07,84.49,160.59,0.7493,-1,-1,-1
253,8,536.07,243.44,88.56,163.13,0.7335,-1,-1,-1
253,1,583.37,339.21,57.71,145.01,0.7113,-1,-1,-1
253,26,635.18,153.95,51.01,128.02,0.7031,-1,-1,-1
253,0,402.90,196.92,43.43,139.69,0.5987,-1,-1,-1
253,32,609.99,105.40,42.40,127.60,0.5774,-1,-1,-1
254,13,197.54,218.82,67.43,135.47,0.8636,-1,-1,-1
254,27,512.94,336.93,77.50,159.11,0.8539,-1,-1,-1
254,16,339.27,232.31,86.79,132.49,0.8366,-1,-1,-1
254,33,681.28,362.25,91.57,157.91,0.8156,-1,-1,-1
254,24,725.80,336.93,97.88,136.21,0.7838,-1,-1,-1
254,8,536.68,241.41,83.68,143.41,0.7456,-1,-1,-1
254,1,580.54,338.57,58.82,145.28,0.7259,-1,-1,-1
254,26,635.09,154.63,56.25,127.04,0.7173,-1,-1,-1
254,0,398.81,196.86,46.94,137.56,0.6568,-1,-1,-1
254,32,608.25,106.12,44.12,128.18,0.5696,-1,-1,-1
255,13,197.12,215.81,69.02,137.87,0.8653,-1,-1,-1
255,27,509.00,338.16,81.23,159.02,0.8617,-1,-1,-1
255,33,684.99,360.25,94.29,143.50,0.8548,-1,-1,-1
255,16,338.35,231.04,90.35,134.38,0.8233,-1,-1,-1
255,24,724.59,335.28,94.94,136.66,0.7810,-1,-1,-1
255,26,635.13,155.28,61.12,125.88,0.7692,-1,-1,-1
255,8,537.01,239.61,81.52,157.27,0.7498,-1,-1,-1
255,1,582.98,339.72,54.95,144.20,0.7491,-1,-1,-1
255,32,607.11,108.32,45.09,126.13,0.6116,-1,-1,-1
255,0,397.18,194.44,48.26,139.77,0.5771,-1,-1,-1
256,33,693.70,358.37,85.93,138.35,0.8739,-1,-1,-1
256,27,505.86,339.30,83.27,158.94,0.8667,-1,-1,-1
256,13,198.42,212.37,67.42,140.86,0.8658,-1,-1,-1
256,8,538.65,238.60,73.51,157.96,0.8382,-1,-1,-1
256,16,338.49,230.87,89.67,135.03,0.8305,-1,-1,-1
256,26,634.80,155.26,65.89,126.19,0.7810,-1,-1,-1
256,24,733.53,334.17,81.72,136.62,0.7709,-1,-1,-1
256,1,583.00,338.58,54.32,144.96,0.7577,-1,-1,-1
256,0,396.91,189.98,49.26,146.58,0.7119,-1,-1,-1
256,32,604.56,109.03,48.91,125.65,0.6077,-1,-1,-1
257,33,703.92,353.31,74.81,142.44,0.8822,-1,-1,-1
257,27,500.10,343.32,85.87,157.08,0.8662,-1,-1,-1
257,0,397.85,183.64,56.71,182.77,0.8584,-1,-1,-1
257,13,202.27,210.07,62.00,137.56,0.8425,-1,-1,-1
257,8,544.30,237.18,59.30,145.52,0.8099,-1,-1,-1
257,26,631.93,155.91,73.26,126.03,0.7998,-1,-1,-1
257,24,737.85,335.46,77.96,113.53,0.7836,-1,-1,-1
257,1,569.69,324.40,67.31,158.76,0.7763,-1,-1,-1
257,16,341.56,230.09,64.70,136.03,0.7565,-1,-1,-1
257,32,603.85,105.95,50.75,127.35,0.6189,-1,-1,-1
257,34,393.65,540.25,74.13,171.81,0.5729,-1,-1,-1
258,0,398.65,185.31,59.12,181.03,0.8616,-1,-1,-1
258,27,496.68,345.25,88.60,154.79,0.8399,-1,-1,-1
258,33,706.80,348.78,71.77,145.96,0.8340,-1,-1,-1
258,1,572.76,324.41,64.00,158.66,0.8290,-1,-1,-1
258,13,203.19,206.66,59.85,136.54,0.8138,-1,-1,-1
258,8,544.55,236.69,55.58,140.52,0.7905,-1,-1,-1
258,26,631.08,155.73,73.37,127.14,0.7709,-1,-1,-1
258,16,344.60,231.17,64.83,134.84,0.7426,-1,-1,-1
258,24,742.01,334.94,74.91,110.91,0.7324,-1,-1,-1
258,32,603.47,102.14,54.20,131.08,0.5674,-1,-1,-1
258,34,393.62,540.79,86.60,170.51,0.5225,-1,-1,-1
259,0,398.49,189.19,61.43,177.32,0.8590,-1,-1,-1
259,1,572.15,324.67,64.60,158.01,0.8325,-1,-1,-1
259,27,492.51,348.19,89.08,152.79,0.8216,-1,-1,-1
259,33,707.19,341.62,71.87,150.42,0.8113,-1,-1,-1
259,13,203.41,200.81,56.34,138.32,0.7897,-1,-1,-1
259,26,629.90,155.08,73.77,127.72,0.7832,-1,-1,-1
259,8,541.92,236.74,56.14,136.95,0.7791,-1,-1,-1
259,16,345.74,230.83,63.17,134.88,0.7644,-1,-1,-1
259,24,741.52,331.71,74.75,111.52,0.7439,-1,-1,-1
259,32,603.22,105.15,59.05,128.12,0.5613,-1,-1,-1
259,34,394.22,541.82,94.55,169.19,0.5093,-1,-1,-1
259,31,398.51,106.01,50.13,100.53,0.5078,-1,-1,-1
260,0,397.60,193.41,62.68,172.87,0.8666,-1,-1,-1
260,26,629.11,153.98,73.91,129.22,0.8465,-1,-1,-1
260,1,571.75,325.15,64.85,157.17,0.8400,-1,-1,-1
260,8,538.25,236.86,57.59,136.45,0.8316,-1,-1,-1
260,27,488.67,351.18,92.91,149.30,0.8171,-1,-1,-1
260,13,205.03,198.74,54.27,135.10,0.7983,-1,-1,-1
260,33,703.97,334.85,73.43,154.48,0.7908,-1,-1,-1
260,24,739.00,310.97,74.19,129.87,0.7440,-1,-1,-1
260,16,344.90,228.66,63.14,137.30,0.7422,-1,-1,-1
260,32,603.33,104.07,58.04,128.42,0.5317,-1,-1,-1
260,31,397.98,105.87,49.83,104.16,0.5078,-1,-1,-1
261,0,395.20,195.97,64.70,170.00,0.8673,-1,-1,-1
261,26,630.03,153.65,72.19,129.83,0.8510,-1,-1,-1
261,13,204.74,195.95,53.64,132.98,0.8419,-1,-1,-1
261,1,571.04,325.66,66.10,156.32,0.8411,-1,-1,-1
261,8,531.48,236.41,60.90,138.99,0.8330,-1,-1,-1
261,27,482.82,353.73,96.33,149.01,0.8218,-1,-1,-1
261,33,701.83,329.76,76.60,156.40,0.7378,-1,-1,-1
261,16,347.97,232.21,57.34,131.51,0.6701,-1,-1,-1
261,24,744.93,304.84,67.24,133.54,0.6633,-1,-1,-1
261,32,602.64,104.97,61.06,127.77,0.5469,-1,-1,-1
261,34,394.42,542.77,101.22,167.62,0.5336,-1,-1,-1
261,31,397.79,106.76,49.02,106.93,0.5230,-1,-1,-1
262,0,394.71,196.72,62.35,169.66,0.8598,-1,-1,-1
262,1,570.87,326.41,74.98,154.96,0.8495,-1,-1,-1
262,27,477.01,356.76,96.58,146.88,0.8479,-1,-1,-1
262,8,523.48,236.08,65.20,145.18,0.8304,-1,-1,-1
262,33,697.43,323.62,81.97,149.07,0.8068,-1,-1,-1
262,16,345.07,228.53,58.16,134.90,0.7824,-1,-1,-1
262,26,631.26,153.30,69.48,129.03,0.7813,-1,-1,-1
262,13,201.91,192.95,54.38,130.97,0.7611,-1,-1,-1
262,24,744.25,327.18,66.06,100.44,0.6406,-1,-1,-1
262,32,601.93,103.51,61.17,128.77,0.6039,-1,-1,-1
263,27,475.88,356.57,94.60,148.66,0.8593,-1,-1,-1
263,0,376.09,200.44,80.42,165.60,0.8497,-1,-1,-1
263,1,573.99,327.08,79.66,154.97,0.8440,-1,-1,-1
263,8,518.55,236.64,67.25,145.16,0.8433,-1,-1,-1
263,33,696.09,321.67,85.28,147.59,0.7862,-1,-1,-1
263,13,201.45,192.38,54.19,127.87,0.7630,-1,-1,-1
263,26,634.62,153.17,65.34,128.15,0.7580,-1,-1,-1
263,16,342.46,223.28,60.11,139.43,0.7474,-1,-1,-1
263,32,601.54,104.15,60.87,128.34,0.6207,-1,-1,-1
263,24,745.97,283.64,65.73,141.25,0.5123,-1,-1,-1
263,34,398.15,542.16,99.70,168.21,0.5116,-1,-1,-1
263,31,393.87,107.06,49.35,115.33,0.5036,-1,-1,-1
264,1,577.14,328.29,83.08,154.18,0.8694,-1,-1,-1
264,27,470.01,356.74,96.24,149.49,0.8653,-1,-1,-1
264,0,389.01,208.80,67.90,155.11,0.8378,-1,-1,-1
264,33,697.83,319.19,87.70,148.94,0.8226,-1,-1,-1
264,8,515.48,237.37,64.60,143.43,0.8127,-1,-1,-1
264,13,201.43,192.07,53.25,126.91,0.7914,-1,-1,-1
264,16,339.92,223.27,64.32,138.35,0.7854,-1,-1,-1
264,26,640.23,151.70,59.22,128.50,0.7350,-1,-1,-1
264,32,600.84,102.39,59.56,130.27,0.6178,-1,-1,-1
264,24,744.73,323.83,65.82,100.37,0.5213,-1,-1,-1
265,27,463.98,356.73,94.83,149.53,0.8856,-1,-1,-1
265,1,577.16,330.75,87.30,152.12,0.8710,-1,-1,-1
265,0,388.96,220.03,69.12,143.27,0.8564,-1,-1,-1
265,33,695.47,317.37,94.71,146.02,0.8392,-1,-1,-1
265,8,512.86,238.38,64.57,142.65,0.8285,-1,-1,-1
265,13,200.21,191.63,54.93,127.76,0.7839,-1,-1,-1
265,16,335.45,222.76,66.32,135.17,0.7751,-1,-1,-1
265,26,643.34,150.69,55.51,130.20,0.7451,-1,-1,-1
265,32,599.76,102.11,58.93,130.59,0.6342,-1,-1,-1
265,24,741.79,284.89,68.55,140.40,0.6053,-1,-1,-1
266,27,458.75,356.15,92.28,150.19,0.8702,-1,-1,-1
266,0,389.28,221.45,67.52,144.29,0.8259,-1,-1,-1
266,8,506.77,239.63,70.18,141.22,0.8047,-1,-1,-1
266,33,694.74,315.53,95.98,145.39,0.8045,-1,-1,-1
266,16,331.75,223.44,68.46,133.85,0.7977,-1,-1,-1
266,1,578.57,332.76,88.22,150.11,0.7966,-1,-1,-1
266,13,199.09,191.93,56.82,127.78,0.7827,-1,-1,-1
266,26,643.74,149.60,54.58,132.01,0.7142,-1,-1,-1
266,32,598.56,102.06,62.54,130.91,0.6260,-1,-1,-1
267,27,451.23,353.37,79.25,152.81,0.8660,-1,-1,-1
267,8,481.07,242.41,94.37,140.20,0.8446,-1,-1,-1
267,1,574.86,338.20,90.16,144.02,0.8288,-1,-1,-1
267,0,394.95,226.56,57.13,152.92,0.8185,-1,-1,-1
267,13,197.46,191.67,57.84,128.43,0.7717,-1,-1,-1
267,16,325.60,219.20,72.20,137.81,0.7630,-1,-1,-1
267,33,694.57,313.05,95.44,142.65,0.7114,-1,-1,-1
267,26,643.06,151.21,52.37,130.40,0.6848,-1,-1,-1
267,32,596.90,101.97,67.18,131.33,0.6522,-1,-1,-1
268,8,472.93,244.54,101.09,140.69,0.8541,-1,-1,-1
268,1,566.66,339.85,96.94,142.67,0.8525,-1,-1,-1
268,27,447.53,351.99,69.52,153.88,0.8279,-1,-1,-1
268,0,392.05,229.11,55.53,155.84,0.8111,-1,-1,-1
268,13,196.49,191.23,57.41,128.61,0.7588,-1,-1,-1
268,16,323.84,217.95,74.15,139.31,0.7367,-1,-1,-1
268,26,641.82,151.62,51.99,130.02,0.6941,-1,-1,-1
268,32,596.69,101.42,60.28,131.86,0.6542,-1,-1,-1
268,33,693.32,311.40,56.95,128.03,0.6168,-1,-1,-1
269,1,558.76,340.28,104.30,142.33,0.8664,-1,-1,-1
269,8,463.95,246.07,108.93,140.51,0.8437,-1,-1,-1
269,33,693.51,308.08,94.97,140.60,0.8181,-1,-1,-1
269,0,390.53,234.18,54.42,154.79,0.8001,-1,-1,-1
269,27,446.86,350.71,58.51,155.75,0.7915,-1,-1,-1
269,16,322.28,219.34,68.83,137.71,0.7805,-1,-1,-1
269,13,195.90,191.02,57.40,128.89,0.7538,-1,-1,-1
269,26,641.17,153.21,52.30,128.36,0.6822,-1,-1,-1
269,32,596.13,101.22,59.88,132.03,0.6561,-1,-1,-1
270,8,457.31,247.67,114.38,141.47,0.8559,-1,-1,-1
270,1,554.56,340.40,107.68,142.09,0.8488,-1,-1,-1
270,0,389.86,238.04,53.55,155.18,0.8028,-1,-1,-1
270,16,320.81,220.13,67.10,137.19,0.7978,-1,-1,-1
270,33,692.83,300.80,94.09,142.20,0.7971,-1,-1,-1
270,27,443.91,350.40,52.92,156.90,0.7798,-1,-1,-1
270,13,195.73,190.03,58.25,129.78,0.7310,-1,-1,-1
270,26,640.71,155.20,52.93,126.48,0.6787,-1,-1,-1
270,32,595.48,100.69,57.73,132.55,0.6645,-1,-1,-1
271,8,454.08,248.81,114.74,142.42,0.8743,-1,-1,-1
271,1,554.15,339.70,105.28,143.19,0.8311,-1,-1,-1
271,0,391.14,242.71,53.02,155.53,0.8208,-1,-1,-1
271,16,320.13,220.12,66.84,137.30,0.8127,-1,-1,-1
271,33,692.09,295.40,92.02,144.89,0.8116,-1,-1,-1
271,27,432.55,351.61,57.01,159.33,0.7608,-1,-1,-1
271,13,197.01,188.49,56.37,131.30,0.7431,-1,-1,-1
271,26,639.68,154.49,54.07,126.90,0.6953,-1,-1,-1
271,32,594.91,100.59,58.76,132.76,0.6403,-1,-1,-1
271,24,722.64,271.59,78.58,153.49,0.5726,-1,-1,-1
272,1,550.10,337.17,94.86,145.89,0.8463,-1,-1,-1
272,16,320.66,216.67,63.41,140.38,0.8460,-1,-1,-1
272,8,457.04,248.93,109.72,151.18,0.8393,-1,-1,-1
272,13,201.35,183.94,53.04,131.84,0.7820,-1,-1,-1
272,27,425.19,355.90,53.12,164.65,0.7817,-1,-1,-1
272,0,397.80,250.70,51.51,150.25,0.7682,-1,-1,-1
272,33,685.13,291.75,85.60,146.85,0.7210,-1,-1,-1
272,26,639.07,156.27,57.78,125.54,0.6924,-1,-1,-1
272,32,594.62,100.50,56.15,133.08,0.6583,-1,-1,-1
272,24,715.90,269.76,84.12,155.27,0.5047,-1,-1,-1
273,16,321.96,214.81,62.34,140.97,0.8537,-1,-1,-1
273,27,422.91,359.77,50.39,164.31,0.7973,-1,-1,-1
273,13,201.88,181.19,51.02,131.55,0.7653,-1,-1,-1
273,1,541.84,335.65,91.26,146.98,0.7546,-1,-1,-1
273,8,457.58,249.21,109.24,151.79,0.7508,-1,-1,-1
273,32,594.10,99.83,54.78,134.11,0.7302,-1,-1,-1
273,26,640.54,153.10,57.72,129.01,0.6896,-1,-1,-1
273,0,399.45,253.67,52.68,147.31,0.6278,-1,-1,-1
273,33,685.84,290.79,78.20,144.96,0.5734,-1,-1,-1
274,16,324.49,211.43,60.52,142.66,0.8577,-1,-1,-1
274,13,201.61,176.05,51.14,132.84,0.8102,-1,-1,-1
274,27,412.64,362.97,56.05,165.47,0.8039,-1,-1,-1
274,0,399.47,255.71,54.98,142.78,0.7849,-1,-1,-1
274,1,536.18,333.08,84.81,149.62,0.7839,-1,-1,-1
274,8,458.10,249.40,108.48,148.68,0.7491,-1,-1,-1
274,32,593.88,100.59,55.43,133.53,0.7268,-1,-1,-1
274,26,641.15,151.91,57.33,130.14,0.7012,-1,-1,-1
274,33,682.77,288.95,74.56,138.96,0.6697,-1,-1,-1
275,16,329.02,208.35,56.54,143.10,0.8595,-1,-1,-1
275,27,402.02,367.02,64.00,164.37,0.8581,-1,-1,-1
275,1,533.92,331.60,73.62,151.04,0.8065,-1,-1,-1
275,13,200.86,172.25,51.28,133.31,0.8059,-1,-1,-1
275,33,676.58,289.48,74.67,135.92,0.7514,-1,-1,-1
275,8,460.31,250.38,107.79,114.50,0.7347,-1,-1,-1
275,32,593.46,99.86,56.15,134.51,0.7304,-1,-1,-1
275,24,705.19,290.69,87.82,131.39,0.7056,-1,-1,-1
275,26,641.62,152.55,56.85,129.38,0.6822,-1,-1,-1
275,0,399.63,251.79,53.47,140.87,0.5632,-1,-1,-1
276,16,331.55,204.27,54.77,144.58,0.8253,-1,-1,-1
276,8,454.94,251.00,114.39,118.74,0.8185,-1,-1,-1
276,13,201.58,171.75,52.46,131.22,0.8034,-1,-1,-1
276,27,391.76,370.37,69.58,166.29,0.7823,-1,-1,-1
276,32,592.95,100.01,56.33,134.50,0.7340,-1,-1,-1
276,1,534.39,329.79,65.21,154.39,0.7264,-1,-1,-1
276,0,399.85,249.67,55.54,119.17,0.7251,-1,-1,-1
276,24,703.85,294.20,87.82,127.30,0.6983,-1,-1,-1
276,33,664.58,290.69,69.93,134.28,0.6773,-1,-1,-1
276,26,641.87,152.98,57.04,129.61,0.6617,-1,-1,-1
276,34,466.23,542.15,101.82,174.47,0.5065,-1,-1,-1
277,16,338.10,203.01,52.38,138.44,0.8187,-1,-1,-1
277,13,202.72,171.55,55.02,126.04,0.8152,-1,-1,-1
277,27,381.52,376.50,74.48,170.31,0.8136,-1,-1,-1
277,33,640.68,291.43,89.68,136.96,0.7955,-1,-1,-1
277,24,701.74,292.75,82.50,129.35,0.7669,-1,-1,-1
277,32,592.17,101.06,57.11,134.10,0.7335,-1,-1,-1
277,0,399.94,250.30,55.17,136.23,0.6972,-1,-1,-1
277,26,642.29,155.95,57.52,127.16,0.6926,-1,-1,-1
277,8,452.04,254.36,138.08,123.16,0.6461,-1,-1,-1
278,27,380.99,379.08,73.84,170.10,0.8548,-1,-1,-1
278,16,340.73,201.96,51.10,137.13,0.8280,-1,-1,-1
278,13,202.81,172.05,56.45,122.87,0.7932,-1,-1,-1
278,24,696.61,292.52,82.63,130.44,0.7872,-1,-1,-1
278,33,635.06,293.22,91.17,136.85,0.7838,-1,-1,-1
278,8,452.24,255.79,142.75,126.25,0.7721,-1,-1,-1
278,0,399.61,249.01,54.00,127.00,0.7597,-1,-1,-1
278,32,592.30,101.34,56.44,133.86,0.7251,-1,-1,-1
278,26,642.46,158.61,57.86,124.53,0.6572,-1,-1,-1
279,27,380.73,380.33,75.60,171.58,0.8425,-1,-1,-1
279,16,343.01,201.87,50.94,136.19,0.8234,-1,-1,-1
279,33,632.33,294.95,93.98,135.85,0.8149,-1,-1,-1
279,24,699.33,291.98,74.87,131.64,0.7742,-1,-1,-1
279,0,398.90,245.91,54.08,131.21,0.7736,-1,-1,-1
279,13,203.66,173.14,57.41,121.50,0.7661,-1,-1,-1
279,32,592.57,101.76,56.02,133.66,0.7326,-1,-1,-1
279,8,455.21,257.47,139.98,126.10,0.7002,-1,-1,-1
279,26,643.97,157.49,57.26,125.62,0.6612,-1,-1,-1
280,27,380.98,381.03,75.12,171.83,0.8505,-1,-1,-1
280,33,630.96,295.39,94.38,135.66,0.8286,-1,-1,-1
280,16,344.82,202.34,50.64,135.80,0.8219,-1,-1,-1
280,0,397.10,242.98,54.01,127.13,0.7876,-1,-1,-1
280,24,698.54,291.08,71.93,132.35,0.7800,-1,-1,-1
280,13,203.19,174.02,59.33,120.70,0.7643,-1,-1,-1
280,8,456.05,259.23,138.11,124.45,0.7465,-1,-1,-1
280,32,592.26,101.97,56.36,133.48,0.7262,-1,-1,-1
280,26,646.73,157.94,55.38,126.26,0.6733,-1,-1,-1
281,27,380.78,380.67,74.93,172.35,0.8625,-1,-1,-1
281,33,630.04,294.78,94.27,136.42,0.8511,-1,-1,-1
281,16,346.38,203.37,50.46,134.84,0.8211,-1,-1,-1
281,13,202.21,177.17,62.21,118.00,0.8050,-1,-1,-1
281,0,397.23,241.58,53.40,137.24,0.7931,-1,-1,-1
281,8,453.30,261.87,139.65,145.81,0.7878,-1,-1,-1
281,24,697.39,290.95,70.20,127.62,0.7432,-1,-1,-1
281,32,592.32,102.15,56.58,133.34,0.7175,-1,-1,-1
281,26,650.66,157.05,52.30,128.51,0.6491,-1,-1,-1
282,8,452.18,264.97,137.48,144.57,0.8359,-1,-1,-1
282,27,379.49,377.56,67.58,175.30,0.8331,-1,-1,-1
282,13,201.57,175.52,63.76,119.41,0.8061,-1,-1,-1
282,0,395.08,245.85,55.00,134.26,0.7889,-1,-1,-1
282,24,695.54,289.02,68.94,129.30,0.7703,-1,-1,-1
282,16,332.87,204.54,65.95,133.73,0.7625,-1,-1,-1
282,33,627.57,290.72,91.67,140.64,0.7620,-1,-1,-1
282,32,592.33,100.29,56.65,135.18,0.7410,-1,-1,-1
282,26,661.20,150.47,46.04,138.09,0.6090,-1,-1,-1
283,27,378.74,376.23,64.30,175.85,0.8450,-1,-1,-1
283,8,453.59,264.82,131.24,145.06,0.8406,-1,-1,-1
283,13,200.67,175.18,61.58,119.36,0.8042,-1,-1,-1
283,0,395.37,251.70,55.95,131.57,0.7671,-1,-1,-1
283,24,695.59,287.38,66.71,132.03,0.7577,-1,-1,-1
283,33,627.97,287.29,91.32,144.06,0.7403,-1,-1,-1
283,32,592.37,99.50,56.35,135.56,0.7313,-1,-1,-1
283,16,326.99,203.72,72.01,134.04,0.7139,-1,-1,-1
283,26,665.39,152.63,42.47,136.60,0.5972,-1,-1,-1
284,27,376.67,375.34,63.80,177.14,0.8796,-1,-1,-1
284,8,453.74,264.24,122.66,145.56,0.8762,-1,-1,-1
284,13,200.11,172.51,59.03,121.74,0.8226,-1,-1,-1
284,0,392.96,251.26,57.47,129.50,0.7987,-1,-1,-1
284,24,698.36,286.26,63.89,133.36,0.7486,-1,-1,-1
284,32,592.55,98.91,56.60,135.83,0.7483,-1,-1,-1
284,33,629.99,285.07,89.55,146.17,0.6863,-1,-1,-1
284,16,324.81,202.27,75.17,134.48,0.6816,-1,-1,-1
284,26,664.56,153.15,44.70,135.65,0.5718,-1,-1,-1
284,-1,497.09,372.54,63.52,146.50,0.5393,-1,-1,-1
285,27,372.03,376.25,68.87,176.66,0.8841,-1,-1,-1
285,8,457.76,263.57,116.37,145.99,0.8538,-1,-1,-1
285,13,199.86,170.12,58.35,123.82,0.7823,-1,-1,-1
285,32,593.28,99.35,56.04,134.86,0.7792,-1,-1,-1
285,0,387.95,251.70,63.22,146.13,0.7732,-1,-1,-1
285,16,349.11,202.22,52.32,132.03,0.7291,-1,-1,-1
285,24,695.19,285.45,66.75,135.99,0.7250,-1,-1,-1
285,26,666.57,154.39,43.56,135.87,0.6001,-1,-1,-1
285,33,635.45,284.04,85.00,146.95,0.5709,-1,-1,-1
285,-1,497.33,369.04,62.43,150.17,0.5171,-1,-1,-1
286,27,365.85,377.99,74.41,176.88,0.8826,-1,-1,-1
286,8,453.58,262.08,120.65,146.93,0.8820,-1,-1,-1
286,13,196.84,167.25,60.99,126.59,0.8073,-1,-1,-1
286,0,375.95,252.95,73.92,148.70,0.7934,-1,-1,-1
286,32,593.36,99.19,55.99,134.57,0.7782,-1,-1,-1
286,24,699.17,285.54,61.55,136.56,0.7293,-1,-1,-1
286,16,348.06,200.77,55.44,132.55,0.7073,-1,-1,-1
286,26,668.52,153.85,44.98,136.46,0.6246,-1,-1,-1
286,33,640.89,285.20,80.08,145.55,0.5976,-1,-1,-1
286,35,498.15,368.55,61.19,150.67,0.5383,-1,-1,-1
287,27,352.56,382.76,88.60,175.73,0.8868,-1,-1,-1
287,8,448.17,260.21,126.48,146.29,0.8446,-1,-1,-1
287,13,193.42,162.31,57.97,131.74,0.7974,-1,-1,-1
287,0,389.27,257.58,60.58,146.65,0.7930,-1,-1,-1
287,32,593.42,97.88,56.35,134.95,0.7555,-1,-1,-1
287,24,701.39,284.88,57.38,139.70,0.7318,-1,-1,-1
287,16,349.40,195.48,58.25,136.11,0.7136,-1,-1,-1
287,26,667.89,150.13,49.05,139.89,0.5505,-1,-1,-1
287,-1,306.41,117.78,57.90,132.52,0.5452,-1,-1,-1
288,27,346.28,386.08,95.12,173.36,0.8961,-1,-1,-1
288,8,449.23,259.69,127.10,145.21,0.8462,-1,-1,-1
288,32,594.09,98.45,55.97,133.71,0.7954,-1,-1,-1
288,13,191.66,161.97,55.11,132.21,0.7899,-1,-1,-1
288,24,685.58,284.30,73.74,146.17,0.7657,-1,-1,-1
288,0,387.61,259.99,64.35,144.16,0.7193,-1,-1,-1
288,26,669.99,151.08,47.52,139.01,0.6284,-1,-1,-1
288,16,351.32,193.99,58.18,135.22,0.6129,-1,-1,-1
288,-1,304.70,117.78,56.49,132.19,0.5350,-1,-1,-1
289,27,341.32,388.26,100.01,174.36,0.8574,-1,-1,-1
289,8,452.79,259.30,126.17,144.86,0.8250,-1,-1,-1
289,13,188.97,164.43,56.78,130.33,0.8156,-1,-1,-1
289,32,594.12,97.27,55.93,134.33,0.7916,-1,-1,-1
289,24,685.57,283.68,74.41,146.64,0.7893,-1,-1,-1
289,0,389.56,262.02,62.91,140.21,0.7468,-1,-1,-1
289,26,670.26,152.31,48.08,137.10,0.6511,-1,-1,-1
289,16,352.59,189.78,57.65,122.69,0.5919,-1,-1,-1
289,33,675.28,279.08,46.41,123.75,0.5895,-1,-1,-1
289,35,504.73,363.37,58.45,156.77,0.5746,-1,-1,-1
289,36,302.04,116.89,55.46,132.55,0.5483,-1,-1,-1
290,13,182.37,163.81,62.80,131.24,0.8149,-1,-1,-1
290,8,463.79,259.20,119.77,145.69,0.8117,-1,-1,-1
290,27,339.21,390.87,101.79,173.35,0.8059,-1,-1,-1
290,32,594.15,96.72,56.08,134.36,0.7903,-1,-1,-1
290,0,390.45,262.86,58.75,139.59,0.7451,-1,-1,-1
290,24,701.86,282.87,58.66,142.54,0.7407,-1,-1,-1
290,35,496.00,356.41,64.01,163.01,0.6985,-1,-1,-1
290,33,678.08,277.98,45.81,151.55,0.6847,-1,-1,-1
290,16,353.71,190.69,58.08,122.05,0.6390,-1,-1,-1
290,26,671.31,151.29,47.58,136.65,0.6223,-1,-1,-1
290,36,299.70,115.55,47.55,132.62,0.5640,-1,-1,-1
291,8,465.44,259.46,119.84,145.52,0.8612,-1,-1,-1
291,13,176.52,165.21,68.58,129.68,0.8340,-1,-1,-1
291,27,338.35,391.91,102.37,172.93,0.7819,-1,-1,-1
291,32,593.90,92.98,56.54,136.76,0.7766,-1,-1,-1
291,24,699.03,282.01,62.59,142.97,0.7272,-1,-1,-1
291,0,377.61,262.86,65.94,137.55,0.7265,-1,-1,-1
291,35,496.08,357.13,64.42,162.30,0.7139,-1,-1,-1
291,33,677.99,277.55,48.59,150.97,0.6844,-1,-1,-1
291,26,671.93,150.92,48.12,135.59,0.6128,-1,-1,-1
291,36,295.35,115.06,49.36,131.75,0.5951,-1,-1,-1
291,16,357.42,192.86,54.99,96.74,0.5648,-1,-1,-1
291,-1,926.99,175.19,55.62,136.08,0.5118,-1,-1,-1
292,8,466.47,259.76,120.47,145.97,0.8880,-1,-1,-1
292,27,338.16,392.14,102.57,172.67,0.8489,-1,-1,-1
292,13,169.90,165.99,74.29,128.65,0.8268,-1,-1,-1
292,24,699.09,280.15,62.62,143.72,0.7655,-1,-1,-1
292,32,593.68,91.91,56.65,136.56,0.7651,-1,-1,-1
292,0,381.28,261.43,57.15,137.97,0.7497,-1,-1,-1
292,33,677.85,276.55,51.15,150.60,0.7009,-1,-1,-1
292,35,495.50,357.94,65.37,161.70,0.6938,-1,-1,-1
292,26,671.90,149.65,47.39,133.07,0.5761,-1,-1,-1
292,36,291.37,113.91,48.56,131.22,0.5459,-1,-1,-1
293,8,474.14,259.97,112.31,143.41,0.8985,-1,-1,-1
293,27,338.63,390.80,99.17,172.62,0.8894,-1,-1,-1
293,13,160.65,167.19,81.98,126.18,0.8418,-1,-1,-1
293,0,392.99,257.67,45.34,140.30,0.7802,-1,-1,-1
293,32,593.77,91.99,56.21,134.63,0.7638,-1,-1,-1
293,35,494.63,360.92,70.64,158.29,0.7211,-1,-1,-1
293,24,707.83,278.83,54.83,143.56,0.6978,-1,-1,-1
293,33,683.19,272.60,49.35,150.19,0.6932,-1,-1,-1
293,16,360.49,197.49,56.54,115.93,0.6787,-1,-1,-1
293,26,674.92,148.91,46.59,129.50,0.5917,-1,-1,-1
293,36,282.66,114.52,49.76,129.08,0.5821,-1,-1,-1
294,8,477.57,259.30,109.34,143.27,0.9011,-1,-1,-1
294,27,338.68,389.21,96.02,172.46,0.8820,-1,-1,-1
294,13,159.82,165.87,82.68,126.30,0.8585,-1,-1,-1
294,0,386.31,254.16,52.29,142.07,0.7857,-1,-1,-1
294,32,593.94,91.70,56.24,133.60,0.7620,-1,-1,-1
294,35,494.50,361.81,75.08,157.32,0.7508,-1,-1,-1
294,24,715.43,277.76,46.86,144.30,0.7223,-1,-1,-1
294,16,356.47,196.62,62.22,105.61,0.6748,-1,-1,-1
294,33,684.28,269.64,49.51,148.74,0.6639,-1,-1,-1
294,26,674.57,147.66,48.09,128.52,0.6001,-1,-1,-1
294,36,278.87,114.97,52.82,127.24,0.5991,-1,-1,-1
294,-1,596.59,534.36,51.46,48.60,0.5855,-1,-1,-1
295,8,483.61,257.36,103.24,143.87,0.9170,-1,-1,-1
295,27,338.67,388.32,91.64,172.42,0.8935,-1,-1,-1
295,13,159.45,165.19,82.76,125.63,0.8265,-1,-1,-1
295,0,385.13,251.26,52.51,143.67,0.8097,-1,-1,-1
295,32,593.84,91.21,56.54,132.74,0.7835,-1,-1,-1
295,35,495.90,362.17,74.62,155.44,0.7445,-1,-1,-1
295,24,714.33,276.87,48.39,145.23,0.7109,-1,-1,-1
295,33,686.51,266.75,48.02,150.50,0.7003,-1,-1,-1
295,16,354.18,195.50,64.77,86.46,0.6233,-1,-1,-1
295,26,676.39,146.38,47.49,128.92,0.6091,-1,-1,-1
295,-1,598.53,532.78,56.71,51.05,0.5914,-1,-1,-1
295,36,275.53,113.09,55.69,128.41,0.5786,-1,-1,-1
296,8,489.45,254.79,97.42,144.88,0.9156,-1,-1,-1
296,27,338.55,387.31,88.20,172.67,0.8939,-1,-1,-1
296,0,384.66,247.72,53.02,145.60,0.8229,-1,-1,-1
296,13,158.02,167.07,84.09,122.22,0.8015,-1,-1,-1
296,32,593.72,91.20,56.84,131.52,0.7745,-1,-1,-1
296,24,713.73,277.63,48.72,146.14,0.7426,-1,-1,-1
296,35,497.08,361.62,72.42,155.07,0.7188,-1,-1,-1
296,33,689.69,265.56,44.12,149.61,0.6909,-1,-1,-1
296,16,353.73,194.58,64.53,81.22,0.6545,-1,-1,-1
296,26,679.02,147.16,45.27,126.11,0.6272,-1,-1,-1
296,36,272.33,115.08,58.56,125.71,0.5532,-1,-1,-1
296,37,600.96,531.67,63.71,52.29,0.5362,-1,-1,-1
297,8,495.35,251.92,91.78,147.01,0.9155,-1,-1,-1
297,27,338.12,386.20,85.19,174.31,0.8887,-1,-1,-1
297,13,151.69,165.04,90.02,123.36,0.8081,-1,-1,-1
297,0,385.47,244.16,52.77,149.16,0.8020,-1,-1,-1
297,32,593.74,86.64,57.10,135.25,0.7895,-1,-1,-1
297,24,713.33,278.28,49.56,146.91,0.7609,-1,-1,-1
297,35,496.93,361.28,71.00,154.03,0.7409,-1,-1,-1
297,33,692.73,265.16,42.75,148.76,0.6398,-1,-1,-1
297,26,681.10,145.93,43.72,127.38,0.6205,-1,-1,-1
297,16,353.35,192.69,64.37,83.95,0.6097,-1,-1,-1
297,37,603.58,530.50,62.96,53.45,0.5221,-1,-1,-1
297,36,266.06,115.41,63.84,125.09,0.5129,-1,-1,-1
298,8,504.59,246.05,82.12,151.86,0.9112,-1,-1,-1
298,27,330.79,373.73,92.58,188.07,0.8686,-1,-1,-1
298,13,138.76,160.72,90.22,126.26,0.8482,-1,-1,-1
298,0,384.13,241.46,54.41,149.76,0.8335,-1,-1,-1
298,32,593.76,83.61,57.54,136.14,0.7865,-1,-1,-1
298,24,701.32,280.58,62.72,149.38,0.7490,-1,-1,-1
298,35,499.82,363.48,72.32,151.16,0.6405,-1,-1,-1
298,26,686.31,145.80,40.89,131.10,0.6134,-1,-1,-1
298,16,354.96,189.74,59.27,87.33,0.5681,-1,-1,-1
298,37,610.89,529.18,69.39,54.83,0.5620,-1,-1,-1
298,36,253.24,114.59,73.51,125.57,0.5122,-1,-1,-1
299,8,506.21,244.44,81.58,152.24,0.8978,-1,-1,-1
299,27,325.76,366.22,98.03,193.54,0.8874,-1,-1,-1
299,0,384.63,241.20,54.18,148.98,0.8129,-1,-1,-1
299,13,135.53,158.98,84.03,126.81,0.8069,-1,-1,-1
299,32,593.98,83.49,57.90,135.12,0.7470,-1,-1,-1
299,24,704.08,283.64,60.99,149.52,0.7303,-1,-1,-1
299,35,457.66,360.52,110.45,152.70,0.6991,-1,-1,-1
299,26,687.45,144.20,40.86,132.09,0.6223,-1,-1,-1
299,36,243.34,113.34,80.45,126.81,0.5878,-1,-1,-1
299,37,613.88,528.39,63.44,54.99,0.5669,-1,-1,-1
299,33,698.46,270.53,67.32,141.62,0.5562,-1,-1,-1
299,16,355.60,188.62,57.76,89.86,0.5549,-1,-1,-1
300,8,507.66,242.89,80.44,153.00,0.8929,-1,-1,-1
300,27,315.88,360.40,108.67,198.20,0.8819,-1,-1,-1
300,13,131.42,156.36,79.45,128.46,0.8089,-1,-1,-1
300,0,384.70,241.57,54.40,149.89,0.8053,-1,-1,-1
300,24,702.44,273.10,62.98,160.97,0.7608,-1,-1,-1
300,32,594.20,83.48,58.76,134.07,0.7419,-1,-1,-1
300,35,449.88,357.99,117.97,154.34,0.6799,-1,-1,-1
300,26,688.57,142.93,41.05,132.07,0.6110,-1,-1,-1
300,37,618.41,527.10,61.01,55.90,0.5902,-1,-1,-1
300,36,243.66,110.92,79.56,128.71,0.5754,-1,-1,-1
300,33,701.26,272.34,66.16,138.27,0.5484,-1,-1,-1
301,8,508.02,242.79,81.41,151.87,0.8930,-1,-1,-1
301,27,305.85,355.81,120.04,200.81,0.8820,-1,-1,-1
301,0,384.75,242.65,55.05,149.55,0.7720,-1,-1,-1
301,13,129.11,155.50,72.09,127.85,0.7675,-1,-1,-1
301,32,595.13,82.92,57.50,133.37,0.7486,-1,-1,-1
301,24,702.98,273.43,60.51,162.76,0.7404,-1,-1,-1
301,35,451.62,356.22,119.10,154.89,0.7133,-1,-1,-1
301,36,243.71,110.53,77.41,128.64,0.6247,-1,-1,-1
301,26,688.86,138.76,41.77,135.48,0.5963,-1,-1,-1
301,37,621.94,525.89,63.21,57.43,0.5293,-1,-1,-1
301,-1,941.38,163.05,54.98,135.05,0.5281,-1,-1,-1
302,27,297.77,343.58,128.71,211.17,0.9044,-1,-1,-1
302,8,508.99,243.10,80.20,150.69,0.8805,-1,-1,-1
302,0,380.50,244.22,60.56,148.33,0.7627,-1,-1,-1
302,24,704.27,273.96,61.69,161.81,0.7575,-1,-1,-1
302,32,596.37,80.54,56.40,134.61,0.7381,-1,-1,-1
302,13,126.34,153.23,65.93,129.25,0.6923,-1,-1,-1
302,35,452.52,354.12,120.55,156.15,0.6716,-1,-1,-1
302,36,244.07,109.74,74.64,128.09,0.6301,-1,-1,-1
302,26,690.66,139.51,41.45,133.40,0.6042,-1,-1,-1
302,16,361.75,186.95,51.90,151.92,0.5924,-1,-1,-1
302,-1,942.76,163.10,53.11,136.99,0.5610,-1,-1,-1
302,37,625.97,524.00,65.31,59.57,0.5601,-1,-1,-1
303,8,509.91,245.44,76.40,148.67,0.8799,-1,-1,-1
303,27,287.70,339.04,140.17,213.25,0.8283,-1,-1,-1
303,0,383.03,246.52,59.58,146.41,0.7533,-1,-1,-1
303,32,597.16,77.32,57.36,135.65,0.7251,-1,-1,-1
303,24,708.52,273.53,58.72,161.46,0.7206,-1,-1,-1
303,13,121.02,152.78,58.20,128.05,0.6974,-1,-1,-1
303,16,356.80,188.04,57.01,126.87,0.6556,-1,-1,-1
303,26,693.98,139.40,40.14,132.51,0.6163,-1,-1,-1
303,37,635.28,520.20,63.86,63.50,0.5993,-1,-1,-1
303,38,943.06,162.91,53.98,136.99,0.5722,-1,-1,-1
303,35,499.58,349.86,70.46,157.75,0.5146,-1,-1,-1
303,36,243.97,104.40,49.38,131.71,0.5077,-1,-1,-1
304,8,511.02,246.53,73.97,148.58,0.8860,-1,-1,-1
304,27,286.60,365.75,141.77,184.97,0.8787,-1,-1,-1
304,0,383.71,245.66,59.95,146.92,0.7639,-1,-1,-1
304,32,598.20,76.41,57.00,135.55,0.7502,-1,-1,-1
304,13,117.55,150.99,58.22,131.86,0.7186,-1,-1,-1
304,16,355.36,190.10,58.92,128.39,0.6873,-1,-1,-1
304,24,710.42,275.11,57.54,158.99,0.6820,-1,-1,-1
304,35,458.95,347.21,108.83,158.36,0.6454,-1,-1,-1
304,26,694.81,135.43,40.39,135.54,0.6448,-1,-1,-1
304,36,243.71,102.87,46.28,131.97,0.6216,-1,-1,-1
304,37,640.62,518.45,63.03,65.65,0.6204,-1,-1,-1
304,38,943.88,164.54,55.19,139.27,0.5826,-1,-1,-1
305,8,511.56,247.27,70.93,148.87,0.8545,-1,-1,-1
305,27,287.19,371.63,141.59,178.17,0.8537,-1,-1,-1
305,13,114.14,152.20,57.48,133.74,0.7766,-1,-1,-1
305,24,710.14,272.48,60.74,160.61,0.7696,-1,-1,-1
305,0,384.92,243.40,61.80,147.67,0.7552,-1,-1,-1
305,16,353.85,190.45,61.15,129.69,0.7466,-1,-1,-1
305,32,598.64,74.93,57.22,136.12,0.7347,-1,-1,-1
305,26,696.01,134.58,39.03,135.98,0.6767,-1,-1,-1
305,35,464.71,341.44,106.78,163.75,0.6651,-1,-1,-1
305,38,944.20,163.54,55.87,140.46,0.5847,-1,-1,-1
305,36,242.38,102.34,52.57,131.25,0.5838,-1,-1,-1
305,37,645.27,515.93,62.44,68.08,0.5659,-1,-1,-1
306,27,291.30,371.58,138.08,176.82,0.8602,-1,-1,-1
306,8,512.33,248.09,64.96,150.53,0.8259,-1,-1,-1
306,0,386.48,240.97,66.11,149.01,0.7871,-1,-1,-1
306,13,111.35,155.17,56.47,132.48,0.7856,-1,-1,-1
306,24,711.89,273.08,57.88,158.97,0.7808,-1,-1,-1
306,16,351.41,192.22,65.95,128.10,0.7349,-1,-1,-1
306,35,486.74,342.19,85.75,162.84,0.7137,-1,-1,-1
306,32,598.65,74.36,62.36,135.57,0.6406,-1,-1,-1
306,36,242.76,101.17,48.54,132.29,0.6290,-1,-1,-1
306,26,694.07,130.51,42.15,140.25,0.6288,-1,-1,-1
306,37,649.23,514.39,62.19,69.03,0.6214,-1,-1,-1
306,38,944.19,163.50,55.68,140.82,0.5716,-1,-1,-1
307,27,296.51,371.00,133.52,176.34,0.8462,-1,-1,-1
307,0,387.52,237.04,66.62,152.40,0.8400,-1,-1,-1
307,8,511.05,248.88,64.79,149.22,0.8282,-1,-1,-1
307,24,713.30,291.03,54.86,140.12,0.7899,-1,-1,-1
307,13,104.00,153.56,61.95,135.49,0.7862,-1,-1,-1
307,16,350.08,192.86,61.35,125.97,0.7817,-1,-1,-1
307,35,480.49,334.47,90.34,170.26,0.6780,-1,-1,-1
307,37,651.78,512.46,63.43,71.01,0.6482,-1,-1,-1
307,32,599.50,75.21,60.20,134.01,0.6405,-1,-1,-1
307,26,695.63,132.27,41.07,137.98,0.6295,-1,-1,-1
307,36,243.42,100.43,42.28,133.25,0.6151,-1,-1,-1
307,38,944.31,164.79,56.05,140.75,0.5945,-1,-1,-1
308,27,300.86,370.87,130.74,174.48,0.8869,-1,-1,-1
308,8,512.11,248.53,65.22,148.60,0.8499,-1,-1,-1
308,0,390.99,231.67,65.71,156.79,0.8204,-1,-1,-1
308,13,87.94,159.22,75.70,129.60,0.8154,-1,-1,-1
308,16,346.75,191.72,66.85,125.82,0.7937,-1,-1,-1
308,24,715.16,286.46,55.75,149.92,0.7448,-1,-1,-1
308,35,477.91,325.85,88.03,181.54,0.7107,-1,-1,-1
308,37,661.56,509.51,61.49,74.42,0.6983,-1,-1,-1
308,32,601.08,74.08,59.47,134.11,0.6917,-1,-1,-1
308,26,697.95,131.89,39.88,138.23,0.6677,-1,-1,-1
308,36,236.95,99.46,47.47,137.14,0.6260,-1,-1,-1
308,38,944.30,164.69,56.76,139.02,0.5771,-1,-1,-1
309,27,308.16,371.30,124.27,173.33,0.8836,-1,-1,-1
309,8,511.41,246.87,65.83,149.14,0.8530,-1,-1,-1
309,0,393.84,229.67,67.46,156.37,0.8491,-1,-1,-1
309,13,85.35,159.37,78.99,131.49,0.8473,-1,-1,-1
309,16,345.57,191.49,72.13,125.67,0.8242,-1,-1,-1
309,24,714.72,281.79,58.38,157.87,0.7333,-1,-1,-1
309,37,665.12,508.39,60.89,75.30,0.7135,-1,-1,-1
309,36,235.21,104.87,47.97,134.56,0.6543,-1,-1,-1
309,32,601.83,74.98,66.79,132.49,0.6529,-1,-1,-1
309,35,478.00,327.88,82.25,182.32,0.6414,-1,-1,-1
309,26,694.33,129.27,43.92,141.00,0.6383,-1,-1,-1
309,38,944.25,165.18,57.54,138.84,0.5910,-1,-1,-1
310,27,318.50,372.03,115.31,171.83,0.8842,-1,-1,-1
310,13,85.00,160.68,80.24,131.00,0.8832,-1,-1,-1
310,8,508.38,245.91,69.87,149.54,0.8769,-1,-1,-1
310,0,395.83,228.93,69.13,155.35,0.8681,-1,-1,-1
310,16,345.23,191.90,70.56,125.43,0.8268,-1,-1,-1
310,37,669.06,507.66,59.65,76.12,0.7224,-1,-1,-1
310,24,715.90,277.96,63.52,170.37,0.7177,-1,-1,-1
310,36,233.61,104.65,49.31,135.04,0.6658,-1,-1,-1
310,35,477.37,325.10,78.42,188.16,0.6485,-1,-1,-1
310,26,695.21,127.53,42.98,143.81,0.6370,-1,-1,-1
310,32,602.57,74.06,72.39,132.93,0.6249,-1,-1,-1
310,38,945.27,165.05,56.77,138.54,0.5862,-1,-1,-1
311,8,505.25,243.95,73.66,151.04,0.8961,-1,-1,-1
311,13,86.07,161.53,78.63,129.71,0.8691,-1,-1,-1
311,0,399.19,229.42,69.23,154.97,0.8667,-1,-1,-1
311,27,333.43,371.80,101.47,171.65,0.8587,-1,-1,-1
311,16,344.58,192.23,61.50,129.20,0.7780,-1,-1,-1
311,24,714.89,311.41,65.54,142.50,0.7202,-1,-1,-1
311,37,672.95,507.16,59.98,76.66,0.6974,-1,-1,-1
311,32,603.73,72.71,62.74,133.87,0.6564,-1,-1,-1
311,26,694.53,129.35,43.74,141.93,0.6234,-1,-1,-1
311,36,229.55,103.07,53.65,137.99,0.6135,-1,-1,-1
311,38,945.79,164.34,56.30,139.35,0.5957,-1,-1,-1
312,8,499.75,242.18,79.94,152.52,0.8860,-1,-1,-1
312,13,87.06,162.93,73.34,128.14,0.8623,-1,-1,-1
312,27,339.45,372.55,96.53,170.55,0.8389,-1,-1,-1
312,0,404.04,230.45,74.26,156.93,0.8188,-1,-1,-1
312,24,720.05,269.88,72.32,188.86,0.7595,-1,-1,-1
312,16,342.33,193.58,56.00,134.34,0.7492,-1,-1,-1
312,37,675.63,507.12,60.26,76.87,0.6574,-1,-1,-1
312,32,604.00,74.16,63.22,132.31,0.6408,-1,-1,-1
312,26,697.47,129.54,40.52,142.01,0.6352,-1,-1,-1
312,36,226.15,103.53,57.54,137.54,0.6163,-1,-1,-1
312,38,945.27,165.10,57.73,138.02,0.5833,-1,-1,-1
312,35,470.76,328.69,72.66,192.55,0.5216,-1,-1,-1
313,27,348.80,373.62,87.68,168.54,0.8914,-1,-1,-1
313,8,495.51,240.09,85.91,154.17,0.8467,-1,-1,-1
313,13,83.40,160.17,61.88,131.05,0.8188,-1,-1,-1
313,16,340.76,196.69,54.56,139.85,0.7603,-1,-1,-1
313,24,715.97,331.76,66.96,135.41,0.7378,-1,-1,-1
313,0,404.19,236.25,102.48,155.67,0.7144,-1,-1,-1
313,37,681.25,506.72,63.12,77.20,0.7109,-1,-1,-1
313,32,605.91,75.54,59.08,130.65,0.6719,-1,-1,-1
313,36,223.29,106.54,59.30,136.53,0.6036,-1,-1,-1
313,26,699.54,129.78,37.80,142.80,0.5933,-1,-1,-1
313,33,727.36,272.55,68.54,97.06,0.5572,-1,-1,-1
313,38,947.86,166.27,55.62,135.85,0.5237,-1,-1,-1
314,27,348.39,372.92,86.75,170.18,0.8850,-1,-1,-1
314,16,339.18,198.02,56.57,140.76,0.8224,-1,-1,-1
314,0,405.50,237.98,99.71,151.24,0.8076,-1,-1,-1
314,8,493.31,239.38,88.66,154.62,0.7919,-1,-1,-1
314,24,719.00,337.92,67.97,135.39,0.7688,-1,-1,-1
314,13,83.01,156.60,56.93,134.10,0.7549,-1,-1,-1
314,37,684.07,506.82,64.25,77.13,0.7216,-1,-1,-1
314,32,606.74,74.67,58.55,131.41,0.6956,-1,-1,-1
314,35,485.96,364.02,57.11,159.02,0.6600,-1,-1,-1
314,36,220.83,105.44,60.62,138.20,0.6593,-1,-1,-1
314,26,698.70,130.68,38.94,141.69,0.5816,-1,-1,-1
314,33,726.23,282.02,71.07,89.74,0.5753,-1,-1,-1
314,38,949.74,168.01,54.92,133.57,0.5027,-1,-1,-1
315,27,349.05,372.17,81.67,172.52,0.8808,-1,-1,-1
315,8,487.56,238.73,95.60,154.60,0.8796,-1,-1,-1
315,0,408.13,238.46,103.80,149.12,0.8549,-1,-1,-1
315,16,337.52,200.16,59.73,140.12,0.8288,-1,-1,-1
315,13,79.84,155.63,57.78,134.74,0.7756,-1,-1,-1
315,32,607.99,76.76,56.64,128.74,0.7226,-1,-1,-1
315,37,687.35,506.39,65.79,77.58,0.7069,-1,-1,-1
315,36,219.74,104.71,60.07,138.89,0.6867,-1,-1,-1
315,24,725.23,338.01,57.13,138.26,0.6722,-1,-1,-1
315,35,471.44,359.20,75.77,163.38,0.5975,-1,-1,-1
315,26,697.38,130.63,40.78,142.44,0.5928,-1,-1,-1
315,38,951.12,169.25,56.40,135.72,0.5462,-1,-1,-1
315,33,725.05,284.14,72.07,137.98,0.5220,-1,-1,-1
316,0,410.28,237.57,111.67,147.79,0.9105,-1,-1,-1
316,27,350.97,371.52,77.97,173.75,0.8859,-1,-1,-1
316,8,490.21,238.54,94.37,153.49,0.8829,-1,-1,-1
316,16,334.95,200.86,63.19,142.31,0.8395,-1,-1,-1
316,13,75.11,157.32,61.96,133.45,0.7821,-1,-1,-1
316,32,609.24,75.97,57.50,129.33,0.7438,-1,-1,-1
316,37,691.37,505.90,65.52,77.84,0.7065,-1,-1,-1
316,36,217.53,105.01,60.88,138.01,0.7043,-1,-1,-1
316,35,469.18,363.68,80.60,158.11,0.6785,-1,-1,-1
316,26,693.72,131.96,44.80,140.04,0.5860,-1,-1,-1
316,33,725.03,287.00,67.47,139.43,0.5775,-1,-1,-1
316,38,953.72,172.64,56.64,137.88,0.5375,-1,-1,-1
317,0,413.44,235.91,114.41,148.31,0.8948,-1,-1,-1
317,27,352.95,370.24,77.64,174.69,0.8917,-1,-1,-1
317,16,332.54,201.20,66.03,141.49,0.8670,-1,-1,-1
317,8,499.83,238.27,89.15,152.45,0.8608,-1,-1,-1
317,13,71.94,155.59,65.24,138.56,0.7922,-1,-1,-1
317,35,462.08,363.25,90.56,158.18,0.7545,-1,-1,-1
317,37,695.57,505.11,66.77,78.70,0.7168,-1,-1,-1
317,33,727.48,289.16,62.83,136.84,0.7144,-1,-1,-1
317,32,610.89,76.12,58.01,128.95,0.7016,-1,-1,-1
317,36,216.23,104.49,60.91,137.83,0.6965,-1,-1,-1
317,24,728.56,347.26,55.07,131.16,0.6794,-1,-1,-1
317,26,689.97,130.28,49.10,141.40,0.5864,-1,-1,-1
317,38,957.00,174.77,65.97,144.00,0.5248,-1,-1,-1
318,27,358.45,368.38,76.37,174.94,0.9037,-1,-1,-1
318,8,502.13,236.78,94.66,152.87,0.8814,-1,-1,-1
318,16,330.70,202.31,68.62,139.36,0.8746,-1,-1,-1
318,13,74.34,160.55,65.44,140.86,0.8387,-1,-1,-1
318,0,427.92,229.79,103.95,146.79,0.8316,-1,-1,-1
318,24,735.03,358.86,51.97,118.03,0.8039,-1,-1,-1
318,37,704.39,503.36,68.09,81.02,0.7613,-1,-1,-1
318,35,461.16,364.71,97.38,154.81,0.7594,-1,-1,-1
318,36,217.53,103.56,58.66,137.69,0.7301,-1,-1,-1
318,32,612.74,76.38,59.29,128.38,0.7065,-1,-1,-1
318,33,732.55,290.80,56.07,104.40,0.7001,-1,-1,-1
318,26,696.10,130.45,45.67,138.82,0.5858,-1,-1,-1
318,38,962.26,177.45,65.13,140.96,0.5229,-1,-1,-1
319,27,362.07,367.72,75.48,174.26,0.8990,-1,-1,-1
319,16,331.37,201.90,67.24,138.84,0.8775,-1,-1,-1
319,8,505.16,235.74,93.29,153.11,0.8538,-1,-1,-1
319,13,74.42,162.28,68.46,142.01,0.8416,-1,-1,-1
319,0,438.57,226.57,90.16,141.72,0.8406,-1,-1,-1
319,35,463.26,363.64,97.02,155.76,0.7514,-1,-1,-1
319,24,726.99,363.42,61.86,112.35,0.7480,-1,-1,-1
319,37,709.44,502.40,67.69,81.75,0.7468,-1,-1,-1
319,36,219.29,103.46,56.40,136.89,0.7145,-1,-1,-1
319,32,612.55,75.67,61.21,129.06,0.7145,-1,-1,-1
319,26,697.61,132.12,45.77,138.83,0.6264,-1,-1,-1
319,38,965.36,178.42,64.10,140.49,0.5515,-1,-1,-1
319,33,733.84,290.89,55.11,146.62,0.5476,-1,-1,-1
320,27,365.73,367.28,73.92,173.41,0.9005,-1,-1,-1
320,8,519.50,234.41,81.97,153.33,0.8801,-1,-1,-1
320,16,332.91,201.10,64.05,139.48,0.8797,-1,-1,-1
320,13,74.99,166.16,70.35,140.38,0.8676,-1,-1,-1
320,0,450.20,223.60,82.27,140.53,0.8483,-1,-1,-1
320,37,713.27,501.70,69.58,82.44,0.7370,-1,-1,-1
320,35,468.98,362.17,96.99,155.35,0.7259,-1,-1,-1
320,36,221.76,104.06,54.77,135.45,0.7037,-1,-1,-1
320,32,610.60,78.37,65.34,126.04,0.7008,-1,-1,-1
320,26,699.52,131.89,45.96,138.37,0.6727,-1,-1,-1
320,33,735.38,291.42,53.44,118.70,0.6442,-1,-1,-1
320,24,721.12,367.25,69.17,108.58,0.6380,-1,-1,-1
320,38,967.57,180.53,64.07,137.95,0.5423,-1,-1,-1
321,27,369.59,366.80,74.13,173.88,0.8978,-1,-1,-1
321,16,337.03,200.60,58.85,139.74,0.8924,-1,-1,-1
321,8,522.39,232.48,82.68,155.15,0.8751,-1,-1,-1
321,13,75.12,170.35,72.05,135.58,0.8305,-1,-1,-1
321,0,464.17,220.49,75.23,143.19,0.8288,-1,-1,-1
321,37,717.01,500.86,69.88,82.97,0.7308,-1,-1,-1
321,35,474.43,359.30,93.50,158.47,0.7131,-1,-1,-1
321,36,221.22,104.07,53.97,135.83,0.7076,-1,-1,-1
321,33,735.77,292.24,58.31,149.77,0.6761,-1,-1,-1
321,32,609.75,79.08,68.66,125.43,0.6702,-1,-1,-1
321,26,700.49,131.00,46.03,137.16,0.6358,-1,-1,-1
321,24,711.85,368.52,81.63,106.95,0.5781,-1,-1,-1
321,38,969.36,181.96,64.49,136.20,0.5496,-1,-1,-1
322,27,374.20,367.14,71.51,172.67,0.8861,-1,-1,-1
322,16,341.13,199.58,56.27,140.29,0.8815,-1,-1,-1
322,13,76.90,170.85,72.21,134.61,0.8598,-1,-1,-1
322,8,538.90,230.38,69.19,157.02,0.8567,-1,-1,-1
322,0,476.19,216.70,75.52,146.97,0.7498,-1,-1,-1
322,37,721.06,500.12,68.93,83.53,0.6973,-1,-1,-1
322,36,221.39,103.03,56.45,136.35,0.6825,-1,-1,-1
322,24,708.38,367.61,86.41,119.80,0.6697,-1,-1,-1
322,32,609.50,81.97,71.10,122.94,0.6599,-1,-1,-1
322,35,478.83,354.35,96.81,163.63,0.6500,-1,-1,-1
322,26,702.90,132.14,45.15,135.28,0.6391,-1,-1,-1
322,33,736.80,294.22,53.78,130.56,0.5526,-1,-1,-1
322,38,971.34,183.08,64.73,134.95,0.5113,-1,-1,-1
323,13,79.66,173.22,64.73,131.24,0.8662,-1,-1,-1
323,16,349.76,199.18,50.69,140.59,0.8567,-1,-1,-1
323,27,381.87,366.53,68.76,171.24,0.8410,-1,-1,-1
323,8,552.47,226.64,61.64,159.00,0.8330,-1,-1,-1
323,0,499.05,210.89,73.64,150.76,0.8054,-1,-1,-1
323,24,709.71,366.24,79.94,137.10,0.7198,-1,-1,-1
323,36,215.95,103.86,68.50,135.91,0.7142,-1,-1,-1
323,37,726.66,499.66,70.08,84.16,0.7058,-1,-1,-1
323,32,612.71,81.25,71.66,125.99,0.6765,-1,-1,-1
323,26,705.55,132.15,44.40,135.86,0.6462,-1,-1,-1
323,33,736.44,300.96,58.75,153.47,0.6337,-1,-1,-1
323,35,492.60,355.53,92.57,163.13,0.5622,-1,-1,-1
323,38,977.41,183.52,62.45,134.21,0.5215,-1,-1,-1
324,16,349.71,199.72,51.36,141.40,0.8536,-1,-1,-1
324,13,81.87,171.09,59.16,133.55,0.8370,-1,-1,-1
324,27,383.34,366.65,68.91,170.08,0.8265,-1,-1,-1
324,8,555.05,224.36,62.11,161.08,0.8154,-1,-1,-1
324,0,508.21,209.18,57.52,151.63,0.7739,-1,-1,-1
324,36,215.11,103.72,72.81,136.72,0.7477,-1,-1,-1
324,24,711.86,367.39,73.29,139.88,0.7205,-1,-1,-1
324,37,728.88,497.41,69.93,86.41,0.7087,-1,-1,-1
324,32,614.69,83.62,71.54,124.34,0.6952,-1,-1,-1
324,26,702.67,131.56,49.02,136.15,0.6695,-1,-1,-1
324,35,496.24,344.75,90.73,172.51,0.6061,-1,-1,-1
324,38,981.31,182.31,61.50,136.09,0.5319,-1,-1,-1
324,33,738.97,305.52,57.08,115.37,0.5304,-1,-1,-1
325,16,346.95,200.67,55.31,142.06,0.8475,-1,-1,-1
325,27,384.78,367.38,69.41,168.87,0.8029,-1,-1,-1
325,0,511.14,207.84,69.30,146.22,0.7913,-1,-1,-1
325,8,563.78,222.63,57.10,162.82,0.7909,-1,-1,-1
325,13,82.65,169.58,54.25,134.71,0.7876,-1,-1,-1
325,33,739.98,309.81,59.24,149.65,0.7377,-1,-1,-1
325,24,712.15,370.46,73.95,144.04,0.7172,-1,-1,-1
325,36,215.61,104.94,74.58,136.55,0.6889,-1,-1,-1
325,37,731.95,499.00,68.62,84.95,0.6661,-1,-1,-1
325,32,616.51,85.25,71.14,122.55,0.6606,-1,-1,-1
325,35,520.27,360.48,68.11,156.65,0.6490,-1,-1,-1
325,26,699.46,131.83,54.38,136.57,0.6401,-1,-1,-1
325,38,986.77,181.67,60.00,136.37,0.5560,-1,-1,-1
326,16,346.26,202.06,57.81,144.70,0.8591,-1,-1,-1
326,13,83.89,168.38,50.28,135.34,0.8239,-1,-1,-1
326,27,386.70,367.99,70.89,167.35,0.8145,-1,-1,-1
326,0,514.51,207.99,71.53,146.20,0.8049,-1,-1,-1
326,8,570.73,221.21,52.86,163.80,0.7890,-1,-1,-1
326,24,710.88,373.89,77.66,142.39,0.7563,-1,-1,-1
326,33,743.55,314.55,58.31,139.34,0.7322,-1,-1,-1
326,36,216.32,104.94,70.88,136.24,0.6938,-1,-1,-1
326,26,696.04,132.34,58.44,136.37,0.6847,-1,-1,-1
326,37,733.50,498.64,68.50,85.30,0.6531,-1,-1,-1
326,35,507.24,354.01,83.50,162.26,0.6382,-1,-1,-1
326,32,617.12,82.18,71.62,125.38,0.6289,-1,-1,-1
326,38,990.02,182.40,59.54,136.51,0.5787,-1,-1,-1
327,16,347.55,204.37,60.51,144.29,0.8566,-1,-1,-1
327,13,84.70,166.29,49.51,137.16,0.8213,-1,-1,-1
327,27,387.35,368.50,74.57,166.06,0.8118,-1,-1,-1
327,8,559.50,219.40,67.21,165.63,0.7989,-1,-1,-1
327,0,517.78,208.75,67.97,145.66,0.7774,-1,-1,-1
327,33,744.49,317.57,65.50,141.89,0.7684,-1,-1,-1
327,24,711.01,378.22,75.13,137.92,0.6950,-1,-1,-1
327,26,692.57,132.75,65.23,135.72,0.6663,-1,-1,-1
327,36,218.32,105.18,66.95,135.83,0.6616,-1,-1,-1
327,32,613.75,81.37,76.13,126.08,0.6444,-1,-1,-1
327,37,734.93,498.00,68.17,86.08,0.6398,-1,-1,-1
327,35,508.20,355.31,84.86,160.00,0.6251,-1,-1,-1
327,38,993.55,183.47,58.82,136.17,0.5519,-1,-1,-1
328,16,350.72,209.11,66.16,142.74,0.8751,-1,-1,-1
328,13,85.45,164.86,48.95,138.81,0.8606,-1,-1,-1
328,27,387.90,369.82,87.85,162.69,0.8443,-1,-1,-1
328,33,748.02,321.10,69.11,143.23,0.8257,-1,-1,-1
328,0,522.00,210.82,75.59,143.99,0.8229,-1,-1,-1
328,8,567.31,218.89,79.47,165.88,0.7967,-1,-1,-1
328,26,693.46,134.04,63.18,133.71,0.7178,-1,-1,-1
328,35,508.51,349.40,87.06,165.37,0.6838,-1,-1,-1
328,37,737.69,496.47,66.51,87.57,0.6550,-1,-1,-1
328,36,221.10,107.18,61.26,133.73,0.6535,-1,-1,-1
328,24,704.78,388.39,84.76,128.00,0.6399,-1,-1,-1
328,32,620.02,81.96,68.19,125.39,0.6350,-1,-1,-1
328,38,997.16,183.30,60.62,138.81,0.5475,-1,-1,-1
329,16,352.58,211.20,67.48,141.82,0.8708,-1,-1,-1
329,13,85.01,166.65,49.81,137.61,0.8613,-1,-1,-1
329,27,388.18,371.43,91.35,161.70,0.8475,-1,-1,-1
329,0,522.85,211.35,78.11,143.41,0.8210,-1,-1,-1
329,8,578.73,219.35,78.39,164.90,0.7922,-1,-1,-1
329,33,749.78,322.20,70.41,147.91,0.7899,-1,-1,-1
329,26,694.26,135.00,63.17,132.96,0.7121,-1,-1,-1
329,24,697.44,389.50,88.17,131.28,0.7008,-1,-1,-1
329,37,739.52,496.83,65.01,87.33,0.6765,-1,-1,-1
329,32,622.27,83.54,61.91,123.61,0.6592,-1,-1,-1
329,36,222.30,109.01,59.27,131.37,0.6579,-1,-1,-1
329,35,518.54,360.27,77.53,153.78,0.6540,-1,-1,-1
329,38,999.16,184.17,62.89,142.00,0.5219,-1,-1,-1
330,16,353.70,212.74,68.92,140.97,0.8703,-1,-1,-1
330,13,83.16,168.98,52.48,135.86,0.8477,-1,-1,-1
330,27,389.26,372.11,95.01,163.10,0.8427,-1,-1,-1
330,33,751.70,325.03,69.72,149.85,0.8287,-1,-1,-1
330,0,524.08,211.52,82.83,141.64,0.8165,-1,-1,-1
330,8,580.88,219.54,84.36,164.64,0.7813,-1,-1,-1
330,35,512.64,362.49,84.56,151.16,0.7492,-1,-1,-1
330,24,694.15,389.12,85.43,123.39,0.7357,-1,-1,-1
330,26,694.98,133.60,62.87,134.24,0.6808,-1,-1,-1
330,36,223.12,108.15,58.94,131.98,0.6792,-1,-1,-1
330,37,740.36,489.77,64.62,94.32,0.6514,-1,-1,-1
330,32,621.71,82.07,59.61,125.18,0.6326,-1,-1,-1
331,16,354.99,213.96,71.80,140.52,0.8802,-1,-1,-1
331,13,82.16,169.07,54.39,135.79,0.8669,-1,-1,-1
331,0,528.06,210.96,81.48,140.69,0.8340,-1,-1,-1
331,8,583.69,219.64,87.15,164.22,0.8287,-1,-1,-1
331,33,752.32,327.44,71.22,149.63,0.8143,-1,-1,-1
331,27,390.44,373.48,97.94,162.52,0.8093,-1,-1,-1
331,35,512.25,365.98,86.03,147.10,0.7660,-1,-1,-1
331,37,740.89,495.38,64.55,88.88,0.7236,-1,-1,-1
331,24,692.23,388.74,66.23,117.66,0.7027,-1,-1,-1
331,36,222.35,109.58,59.21,130.36,0.6940,-1,-1,-1
331,26,696.16,132.12,60.81,133.44,0.6708,-1,-1,-1
331,32,622.27,82.90,55.16,124.67,0.6516,-1,-1,-1
331,38,1000.87,193.99,67.99,126.37,0.5471,-1,-1,-1
332,16,356.22,215.00,71.79,140.38,0.8735,-1,-1,-1
332,13,84.79,170.91,53.30,133.85,0.8440,-1,-1,-1
332,33,752.37,331.51,71.96,150.39,0.8302,-1,-1,-1
332,8,593.56,219.88,82.27,163.75,0.8273,-1,-1,-1
332,0,532.78,209.64,84.59,141.61,0.7966,-1,-1,-1
332,27,391.20,373.80,117.11,163.43,0.7591,-1,-1,-1
332,37,741.72,495.12,64.51,89.19,0.7298,-1,-1,-1
332,24,688.06,388.29,76.55,138.28,0.7275,-1,-1,-1
332,35,511.86,367.30,87.73,145.63,0.7251,-1,-1,-1
332,26,696.82,135.25,59.30,130.33,0.6877,-1,-1,-1
332,36,222.31,109.18,58.34,130.45,0.6624,-1,-1,-1
332,32,622.53,81.09,51.64,126.67,0.6497,-1,-1,-1
332,38,1001.87,196.29,66.86,122.56,0.5071,-1,-1,-1
333,16,358.49,217.21,73.97,139.95,0.8836,-1,-1,-1
333,8,598.53,218.32,79.45,163.97,0.8635,-1,-1,-1
333,13,88.84,176.67,47.60,127.98,0.8399,-1,-1,-1
333,0,544.11,207.14,81.50,135.37,0.8013,-1,-1,-1
333,27,396.12,376.70,103.58,160.34,0.7692,-1,-1,-1
333,33,743.25,342.18,81.33,151.97,0.7637,-1,-1,-1
333,24,670.96,391.20,87.98,175.73,0.7577,-1,-1,-1
333,37,741.51,493.92,64.67,90.09,0.7460,-1,-1,-1
333,26,697.61,134.52,52.39,131.94,0.7075,-1,-1,-1
333,35,523.50,368.07,76.62,143.36,0.6867,-1,-1,-1
333,32,623.59,82.75,41.85,126.67,0.6641,-1,-1,-1
333,36,224.43,111.90,57.49,127.09,0.6539,-1,-1,-1
333,38,1002.54,201.59,70.82,135.12,0.5203,-1,-1,-1
334,16,359.64,218.04,73.87,139.00,0.8977,-1,-1,-1
334,8,600.73,217.03,78.46,163.45,0.8854,-1,-1,-1
334,33,753.29,346.78,68.84,148.81,0.8816,-1,-1,-1
334,13,90.73,176.14,47.96,128.07,0.8469,-1,-1,-1
334,24,672.30,394.90,88.29,176.33,0.8342,-1,-1,-1
334,27,400.31,376.82,96.63,159.97,0.8334,-1,-1,-1
334,0,553.45,205.34,76.34,136.02,0.8011,-1,-1,-1
334,35,535.33,366.64,65.42,144.10,0.7696,-1,-1,-1
334,26,696.26,135.16,50.31,129.46,0.7122,-1,-1,-1
334,37,743.30,493.57,63.01,90.56,0.6958,-1,-1,-1
334,36,224.84,111.88,57.48,127.26,0.6789,-1,-1,-1
334,32,623.74,83.82,36.62,126.38,0.6250,-1,-1,-1
334,38,1004.00,201.60,69.69,141.01,0.5552,-1,-1,-1
335,16,360.58,218.36,74.13,138.51,0.9016,-1,-1,-1
335,8,605.61,215.25,74.16,162.67,0.8706,-1,-1,-1
335,13,92.05,172.78,48.15,131.07,0.8479,-1,-1,-1
335,33,748.58,351.67,70.64,143.68,0.8417,-1,-1,-1
335,27,407.46,375.87,104.12,160.43,0.7835,-1,-1,-1
335,0,564.20,204.01,68.86,137.68,0.7646,-1,-1,-1
335,24,661.85,399.71,95.49,176.80,0.7640,-1,-1,-1
335,35,540.25,365.29,61.05,145.31,0.7332,-1,-1,-1
335,37,743.47,493.01,63.24,91.21,0.6897,-1,-1,-1
335,36,223.83,113.37,58.89,125.78,0.6830,-1,-1,-1
335,26,692.41,134.23,49.14,130.36,0.6448,-1,-1,-1
335,32,622.64,83.97,34.43,127.74,0.5911,-1,-1,-1
335,38,1006.31,203.61,68.39,139.39,0.5549,-1,-1,-1
336,16,363.02,218.56,72.70,138.09,0.8923,-1,-1,-1
336,33,742.54,355.05,75.75,139.86,0.8720,-1,-1,-1
336,8,610.55,212.47,68.98,162.97,0.8587,-1,-1,-1
336,13,93.41,169.66,48.18,133.98,0.8289,-1,-1,-1
336,24,649.46,404.89,101.08,171.26,0.8262,-1,-1,-1
336,35,539.06,364.15,62.10,146.42,0.7767,-1,-1,-1
336,27,415.04,375.36,104.95,160.60,0.7190,-1,-1,-1
336,0,574.63,202.01,58.27,138.97,0.7112,-1,-1,-1
336,37,742.49,492.89,64.90,91.33,0.6985,-1,-1,-1
336,36,223.34,113.43,60.29,125.29,0.6872,-1,-1,-1
336,26,695.95,136.08,39.80,126.37,0.6866,-1,-1,-1
336,32,619.54,84.51,36.40,125.24,0.5705,-1,-1,-1
336,38,1007.55,204.34,67.49,138.71,0.5520,-1,-1,-1
337,16,367.01,218.51,69.72,138.00,0.8842,-1,-1,-1
337,33,739.37,358.27,78.77,135.74,0.8715,-1,-1,-1
337,8,615.87,205.90,62.96,166.75,0.8439,-1,-1,-1
337,13,94.91,167.30,48.20,135.82,0.8304,-1,-1,-1
337,24,645.19,411.10,93.01,164.39,0.8085,-1,-1,-1
337,27,424.71,374.14,97.83,160.87,0.8061,-1,-1,-1
337,35,540.64,364.23,59.52,145.45,0.7235,-1,-1,-1
337,26,694.42,136.00,36.23,127.37,0.6977,-1,-1,-1
337,37,745.07,492.88,62.98,91.34,0.6888,-1,-1,-1
337,36,223.98,113.82,59.64,124.74,0.6882,-1,-1,-1
337,0,584.03,201.21,53.88,139.89,0.6533,-1,-1,-1
337,32,615.85,86.17,38.90,119.82,0.5466,-1,-1,-1
337,38,1008.61,205.83,65.09,137.38,0.5282,-1,-1,-1
338,16,373.83,218.31,66.45,137.71,0.8906,-1,-1,-1
338,33,731.95,360.14,84.95,133.79,0.8637,-1,-1,-1
338,13,94.88,167.46,57.88,131.57,0.8588,-1,-1,-1
338,27,449.24,372.80,72.02,160.83,0.8170,-1,-1,-1
338,24,629.48,409.61,92.14,164.17,0.8140,-1,-1,-1
338,8,620.41,200.51,60.96,165.07,0.7334,-1,-1,-1
338,35,541.63,364.69,58.38,142.67,0.7112,-1,-1,-1
338,37,745.02,491.87,65.16,92.53,0.7044,-1,-1,-1
338,36,228.19,114.16,56.23,124.39,0.6740,-1,-1,-1
338,26,685.55,137.52,40.68,134.49,0.6549,-1,-1,-1
338,0,602.05,201.90,42.82,138.79,0.5794,-1,-1,-1
338,38,1012.66,206.95,59.92,135.35,0.5465,-1,-1,-1
338,32,613.44,86.14,38.35,116.11,0.5443,-1,-1,-1
339,33,729.79,360.07,86.50,139.22,0.8839,-1,-1,-1
339,16,377.23,217.84,64.51,137.68,0.8782,-1,-1,-1
339,13,92.93,166.25,65.23,130.79,0.8410,-1,-1,-1
339,24,621.85,408.19,87.40,164.92,0.8263,-1,-1,-1
339,27,458.89,372.44,61.98,160.39,0.8120,-1,-1,-1
339,35,541.82,365.33,58.25,141.40,0.7816,-1,-1,-1
339,37,745.95,491.72,65.15,92.81,0.7218,-1,-1,-1
339,8,623.32,197.51,60.54,164.65,0.7159,-1,-1,-1
339,36,229.28,114.35,56.16,124.00,0.6767,-1,-1,-1
339,26,682.97,138.44,42.20,130.35,0.6512,-1,-1,-1
339,32,605.38,86.44,49.46,129.00,0.5568,-1,-1,-1
339,38,1015.08,205.61,55.80,136.62,0.5525,-1,-1,-1
340,16,379.97,217.38,63.69,137.47,0.8773,-1,-1,-1
340,33,727.35,359.79,88.31,144.12,0.8767,-1,-1,-1
340,13,92.70,167.37,71.62,128.79,0.8342,-1,-1,-1
340,24,619.41,407.58,77.99,165.20,0.8272,-1,-1,-1
340,27,462.56,372.27,59.21,160.04,0.7830,-1,-1,-1
340,37,746.92,491.44,65.44,92.97,0.7417,-1,-1,-1
340,35,542.38,365.52,58.00,140.82,0.7276,-1,-1,-1
340,36,229.94,114.27,56.08,123.92,0.6913,-1,-1,-1
340,8,625.78,195.15,64.01,163.02,0.6764,-1,-1,-1
340,26,680.05,137.76,43.99,129.17,0.6544,-1,-1,-1
340,38,1016.94,206.28,54.37,135.67,0.5753,-1,-1,-1
340,32,603.81,87.73,49.41,126.84,0.5498,-1,-1,-1
340,0,603.17,194.83,53.55,145.37,0.5282,-1,-1,-1
341,16,381.83,216.86,62.65,137.43,0.8822,-1,-1,-1
341,33,724.48,360.25,90.22,146.63,0.8686,-1,-1,-1
341,13,92.75,168.23,75.38,127.66,0.8383,-1,-1,-1
341,24,616.18,407.46,72.37,168.58,0.8378,-1,-1,-1
341,27,463.67,372.29,62.21,159.24,0.8175,-1,-1,-1
341,35,540.92,364.57,60.02,141.51,0.7678,-1,-1,-1
341,37,748.68,491.12,65.02,93.30,0.7262,-1,-1,-1
341,36,230.49,113.39,56.13,124.51,0.6924,-1,-1,-1
341,8,632.52,195.55,59.85,158.15,0.6839,-1,-1,-1
341,26,680.03,136.81,43.00,128.48,0.6628,-1,-1,-1
341,0,600.29,194.58,60.45,145.30,0.6379,-1,-1,-1
341,38,1018.53,207.23,54.36,136.63,0.6014,-1,-1,-1
341,32,601.01,88.17,49.31,125.17,0.5881,-1,-1,-1
342,16,383.93,216.78,61.83,135.95,0.8759,-1,-1,-1
342,33,722.17,361.29,89.62,150.85,0.8716,-1,-1,-1
342,13,92.60,169.19,79.28,126.30,0.8371,-1,-1,-1
342,27,464.07,371.75,67.99,159.08,0.8311,-1,-1,-1
342,24,612.89,408.69,65.68,170.70,0.8180,-1,-1,-1
342,35,539.88,364.44,65.85,140.85,0.7852,-1,-1,-1
342,37,751.38,490.28,63.53,93.96,0.7678,-1,-1,-1
342,36,232.24,112.57,55.87,125.02,0.7066,-1,-1,-1
342,8,635.79,193.96,59.98,156.86,0.6590,-1,-1,-1
342,26,680.34,136.06,42.56,124.71,0.6316,-1,-1,-1
342,0,598.22,193.14,66.68,145.53,0.6292,-1,-1,-1
342,38,1020.73,209.34,53.51,135.36,0.6232,-1,-1,-1
342,32,598.11,90.03,50.12,124.68,0.5747,-1,-1,-1
343,16,386.49,217.63,60.10,135.08,0.8726,-1,-1,-1
343,27,464.74,372.18,93.82,157.96,0.8627,-1,-1,-1
343,33,715.57,364.10,83.94,157.77,0.8454,-1,-1,-1
343,24,597.37,414.21,64.61,169.44,0.8221,-1,-1,-1
343,13,92.85,168.06,79.78,126.87,0.8202,-1,-1,-1
343,37,756.97,490.41,61.04,93.80,0.7491,-1,-1,-1
343,8,640.80,193.65,63.26,155.96,0.7243,-1,-1,-1
343,36,234.00,110.95,58.60,125.77,0.7189,-1,-1,-1
343,35,546.15,357.65,76.15,146.98,0.6966,-1,-1,-1
343,38,1024.19,211.86,53.60,139.00,0.6198,-1,-1,-1
343,32,596.61,89.39,49.49,125.17,0.6036,-1,-1,-1
343,26,675.78,137.37,46.78,121.95,0.6000,-1,-1,-1
343,0,607.00,197.78,58.82,139.02,0.5583,-1,-1,-1
344,16,387.23,218.44,59.67,134.24,0.8847,-1,-1,-1
344,27,465.18,371.71,100.64,157.84,0.8704,-1,-1,-1
344,33,711.67,366.01,81.89,155.74,0.8683,-1,-1,-1
344,13,92.97,166.15,79.57,127.95,0.8473,-1,-1,-1
344,24,581.88,418.61,73.51,165.36,0.8259,-1,-1,-1
344,37,759.20,489.59,60.49,94.66,0.7803,-1,-1,-1
344,35,546.14,354.86,79.22,149.04,0.7514,-1,-1,-1
344,8,643.41,191.14,67.13,158.13,0.7445,-1,-1,-1
344,36,235.16,109.19,59.61,127.12,0.6766,-1,-1,-1
344,38,1026.10,213.65,53.97,137.84,0.6041,-1,-1,-1
344,32,596.58,90.18,50.33,123.83,0.5927,-1,-1,-1
344,26,673.56,136.59,48.02,121.84,0.5741,-1,-1,-1
344,0,611.46,191.15,61.93,143.52,0.5421,-1,-1,-1
345,27,466.58,371.36,102.23,157.75,0.8856,-1,-1,-1
345,16,388.21,219.98,58.69,134.25,0.8777,-1,-1,-1
345,13,94.04,163.22,78.52,129.77,0.8511,-1,-1,-1
345,33,707.91,366.49,77.89,154.57,0.8347,-1,-1,-1
345,24,567.21,422.30,83.51,162.85,0.8148,-1,-1,-1
345,37,760.87,488.98,60.47,95.00,0.8006,-1,-1,-1
345,8,645.54,190.12,70.93,158.30,0.7498,-1,-1,-1
345,36,236.22,107.03,60.59,128.60,0.7066,-1,-1,-1
345,35,555.65,351.53,70.34,151.94,0.6785,-1,-1,-1
345,38,1027.83,215.21,54.92,137.71,0.5944,-1,-1,-1
345,32,596.61,89.66,46.82,123.68,0.5906,-1,-1,-1
345,26,670.47,134.73,49.05,122.48,0.5002,-1,-1,-1
346,27,469.25,368.90,99.96,159.93,0.8983,-1,-1,-1
346,16,388.33,221.98,58.99,135.12,0.8768,-1,-1,-1
346,33,704.54,366.29,73.88,154.09,0.8711,-1,-1,-1
346,13,96.01,160.49,76.85,132.19,0.8627,-1,-1,-1
346,8,650.90,192.50,70.51,154.85,0.8145,-1,-1,-1
346,37,763.08,487.27,60.25,96.73,0.8088,-1,-1,-1
346,24,569.74,432.42,74.58,152.24,0.8047,-1,-1,-1
346,35,562.49,348.72,66.35,137.67,0.7133,-1,-1,-1
346,36,236.84,106.72,61.99,128.48,0.7117,-1,-1,-1
346,32,596.34,88.66,43.51,123.91,0.6228,-1,-1,-1
346,38,1028.42,216.53,57.14,137.80,0.6152,-1,-1,-1
346,0,628.98,184.48,44.81,133.45,0.5027,-1,-1,-1
347,27,475.68,367.02,93.65,160.36,0.8695,-1,-1,-1
347,33,699.94,366.14,67.77,153.79,0.8572,-1,-1,-1
347,16,388.81,224.69,58.38,136.46,0.8569,-1,-1,-1
347,13,100.21,156.47,73.45,134.44,0.8421,-1,-1,-1
347,37,764.90,486.50,60.51,97.75,0.7886,-1,-1,-1
347,24,568.95,436.23,70.48,148.22,0.7646,-1,-1,-1
347,8,651.41,196.66,74.50,150.16,0.7448,-1,-1,-1
347,35,551.41,347.70,77.99,134.86,0.7100,-1,-1,-1
347,36,237.72,106.80,62.08,127.49,0.6903,-1,-1,-1
347,32,596.45,86.90,41.76,124.89,0.6140,-1,-1,-1
347,38,1029.11,217.38,58.37,143.46,0.6000,-1,-1,-1
347,0,634.33,181.27,42.59,138.97,0.5215,-1,-1,-1
348,16,391.13,229.52,56.42,131.20,0.8560,-1,-1,-1
348,27,490.92,364.50,79.61,160.52,0.8530,-1,-1,-1
348,33,691.75,365.54,55.52,159.67,0.8223,-1,-1,-1
348,37,768.95,484.30,59.67,99.90,0.8093,-1,-1,-1
348,13,110.11,151.93,63.99,131.09,0.7994,-1,-1,-1
348,24,566.16,443.56,66.05,140.46,0.7685,-1,-1,-1
348,8,651.68,196.51,81.68,148.25,0.7566,-1,-1,-1
348,36,238.39,103.67,62.96,129.20,0.6757,-1,-1,-1
348,35,560.69,346.83,71.29,141.84,0.6585,-1,-1,-1
348,32,593.86,87.25,40.83,122.74,0.6103,-1,-1,-1
348,38,1031.64,217.62,60.65,146.41,0.5804,-1,-1,-1
349,16,392.10,231.11,56.02,128.84,0.8678,-1,-1,-1
349,27,499.37,363.17,73.13,163.96,0.8222,-1,-1,-1
349,33,686.99,365.44,55.44,161.96,0.8126,-1,-1,-1
349,37,770.10,483.59,60.32,100.59,0.7882,-1,-1,-1
349,24,564.60,444.46,65.60,140.03,0.7731,-1,-1,-1
349,13,116.75,149.85,58.20,130.07,0.7588,-1,-1,-1
349,8,651.79,195.55,85.59,148.93,0.7430,-1,-1,-1
349,36,238.57,102.18,66.00,130.11,0.6560,-1,-1,-1
349,35,566.60,346.71,67.92,142.82,0.6427,-1,-1,-1
349,32,591.09,80.58,41.98,128.64,0.6407,-1,-1,-1
349,38,1032.61,214.33,59.07,145.39,0.6009,-1,-1,-1
350,16,392.65,231.12,55.68,127.85,0.8528,-1,-1,-1
350,33,682.74,367.08,57.86,166.62,0.8226,-1,-1,-1
350,27,507.30,362.89,66.97,167.42,0.7952,-1,-1,-1
350,37,770.99,482.49,60.60,101.80,0.7767,-1,-1,-1
350,24,558.52,441.61,70.19,142.95,0.7665,-1,-1,-1
350,13,124.74,146.74,49.93,130.67,0.7349,-1,-1,-1
350,8,652.04,204.07,86.64,139.25,0.7296,-1,-1,-1
350,35,557.02,347.90,79.01,152.32,0.7227,-1,-1,-1
350,36,239.38,101.06,64.49,130.49,0.6480,-1,-1,-1
350,32,589.00,77.64,43.58,130.44,0.6237,-1,-1,-1
350,38,1034.22,213.83,59.05,143.43,0.5948,-1,-1,-1
350,0,636.84,131.33,60.56,183.55,0.5476,-1,-1,-1
351,16,392.28,229.51,56.12,128.89,0.8543,-1,-1,-1
351,33,674.19,370.19,62.43,170.51,0.8041,-1,-1,-1
351,8,652.90,193.92,85.39,148.46,0.7868,-1,-1,-1
351,27,514.85,363.26,65.85,170.52,0.7847,-1,-1,-1
351,37,771.66,481.62,60.71,102.54,0.7725,-1,-1,-1
351,24,555.12,441.30,73.13,143.31,0.7670,-1,-1,-1
351,13,132.72,145.18,45.54,127.83,0.7487,-1,-1,-1
351,35,566.26,349.00,76.08,149.65,0.7249,-1,-1,-1
351,36,239.90,100.00,65.37,130.70,0.6798,-1,-1,-1
351,38,1039.13,215.65,55.95,138.92,0.6217,-1,-1,-1
351,32,589.27,78.48,41.92,128.15,0.6160,-1,-1,-1
351,0,636.48,130.54,61.82,182.86,0.5504,-1,-1,-1
352,16,392.92,226.60,54.45,130.46,0.8668,-1,-1,-1
352,33,668.76,372.80,52.49,172.23,0.8323,-1,-1,-1
352,8,653.94,191.58,84.91,148.63,0.8204,-1,-1,-1
352,37,772.67,480.11,60.72,104.02,0.7766,-1,-1,-1
352,35,574.44,350.24,78.89,146.54,0.7759,-1,-1,-1
352,27,523.97,363.69,62.58,172.04,0.7706,-1,-1,-1
352,24,557.09,441.00,71.46,143.86,0.7497,-1,-1,-1
352,13,138.84,143.54,40.22,125.56,0.7329,-1,-1,-1
352,0,636.67,130.02,61.63,182.96,0.6935,-1,-1,-1
352,36,240.86,96.48,65.09,132.93,0.6871,-1,-1,-1
352,32,588.17,76.72,43.67,129.31,0.6264,-1,-1,-1
352,38,1039.84,215.95,58.40,143.62,0.6206,-1,-1,-1
353,16,393.61,218.34,51.84,135.94,0.8308,-1,-1,-1
353,33,654.31,381.93,63.24,163.17,0.8217,-1,-1,-1
353,37,773.85,477.68,61.00,106.38,0.7954,-1,-1,-1
353,24,552.49,431.10,74.83,153.90,0.7912,-1,-1,-1
353,8,666.60,182.11,72.44,154.73,0.7533,-1,-1,-1
353,13,148.00,141.21,40.37,127.10,0.7086,-1,-1,-1
353,36,243.99,93.41,66.91,133.34,0.6875,-1,-1,-1
353,35,579.23,352.30,83.46,117.74,0.6278,-1,-1,-1
353,32,588.29,74.82,43.07,129.03,0.6047,-1,-1,-1
353,38,1040.95,216.80,61.95,147.12,0.5464,-1,-1,-1
354,16,394.03,213.98,50.91,138.94,0.8297,-1,-1,-1
354,33,636.79,385.94,80.84,158.06,0.8160,-1,-1,-1
354,37,774.34,476.25,61.00,107.92,0.8156,-1,-1,-1
354,24,550.59,424.72,76.71,159.67,0.7670,-1,-1,-1
354,13,149.66,139.24,48.78,126.74,0.7545,-1,-1,-1
354,8,675.57,172.91,64.39,162.77,0.7501,-1,-1,-1
354,36,247.63,92.14,65.04,132.96,0.6823,-1,-1,-1
354,35,580.96,352.71,76.13,98.14,0.6315,-1,-1,-1
354,32,588.13,72.35,43.53,130.11,0.6253,-1,-1,-1
354,38,1040.75,215.30,63.22,143.57,0.5697,-1,-1,-1
354,27,543.34,365.97,37.37,111.88,0.5673,-1,-1,-1
354,26,635.91,125.54,52.27,132.07,0.5005,-1,-1,-1
355,16,393.79,210.29,51.53,139.38,0.8337,-1,-1,-1
355,33,623.98,389.84,91.69,153.43,0.8110,-1,-1,-1
355,24,547.92,424.99,80.99,158.67,0.8073,-1,-1,-1
355,37,774.56,474.65,60.82,109.55,0.7978,-1,-1,-1
355,13,150.51,138.18,59.64,125.62,0.7560,-1,-1,-1
355,8,684.20,173.97,57.19,160.97,0.7267,-1,-1,-1
355,27,545.00,367.07,40.44,115.25,0.6737,-1,-1,-1
355,36,253.04,92.21,59.18,130.82,0.6660,-1,-1,-1
355,35,588.14,352.50,68.29,97.71,0.6216,-1,-1,-1
355,32,588.92,72.16,42.47,129.51,0.6176,-1,-1,-1
355,26,633.43,124.76,53.01,133.73,0.5892,-1,-1,-1
355,38,1040.33,216.44,69.15,150.23,0.5735,-1,-1,-1
355,0,647.80,172.11,62.21,136.87,0.5490,-1,-1,-1
356,16,394.15,207.85,51.55,139.88,0.8415,-1,-1,-1
356,33,618.13,393.64,94.09,149.17,0.8053,-1,-1,-1
356,24,555.61,426.14,76.92,157.32,0.7759,-1,-1,-1
356,13,151.73,140.08,68.66,122.53,0.7727,-1,-1,-1
356,37,774.77,473.20,60.59,110.89,0.7672,-1,-1,-1
356,8,695.66,177.85,46.47,155.02,0.6870,-1,-1,-1
356,36,259.15,91.34,56.91,130.21,0.6627,-1,-1,-1
356,0,653.21,169.56,59.08,131.89,0.6006,-1,-1,-1
356,32,590.19,72.20,41.00,129.08,0.5991,-1,-1,-1
356,38,1039.97,219.55,71.26,143.06,0.5917,-1,-1,-1
356,26,633.64,125.44,49.65,129.74,0.5916,-1,-1,-1
356,27,546.76,367.96,41.16,114.61,0.5912,-1,-1,-1
356,35,594.08,351.70,64.77,115.18,0.5808,-1,-1,-1
357,16,393.29,205.95,52.85,138.59,0.8452,-1,-1,-1
357,13,153.45,140.21,73.87,121.21,0.8072,-1,-1,-1
357,33,618.14,396.90,87.70,146.16,0.8027,-1,-1,-1
357,37,774.38,472.31,61.00,111.89,0.7872,-1,-1,-1
357,24,557.18,426.82,79.26,155.98,0.7752,-1,-1,-1
357,8,698.72,177.64,45.48,153.31,0.7063,-1,-1,-1
357,36,266.02,89.74,49.94,129.91,0.6399,-1,-1,-1
357,35,599.44,350.38,62.34,109.50,0.6284,-1,-1,-1
357,26,633.11,125.78,49.86,128.87,0.6178,-1,-1,-1
357,38,1039.96,221.18,73.66,134.54,0.5988,-1,-1,-1
357,32,590.03,71.25,41.85,129.38,0.5985,-1,-1,-1
357,27,548.58,368.41,39.09,115.04,0.5774,-1,-1,-1
357,0,659.82,167.61,56.54,139.79,0.5741,-1,-1,-1
358,16,389.99,205.39,61.84,131.74,0.8522,-1,-1,-1
358,13,155.96,137.28,76.86,121.62,0.8233,-1,-1,-1
358,37,774.00,470.19,60.92,113.94,0.8025,-1,-1,-1
358,24,554.17,426.97,92.36,155.64,0.7576,-1,-1,-1
358,33,611.56,405.29,78.64,146.26,0.7530,-1,-1,-1
358,8,704.72,175.82,52.91,150.40,0.7263,-1,-1,-1
358,36,277.82,86.54,41.53,130.76,0.6972,-1,-1,-1
358,27,553.69,368.22,37.34,112.37,0.6204,-1,-1,-1
358,32,591.68,69.35,40.27,130.95,0.6173,-1,-1,-1
358,35,603.57,345.05,65.20,103.47,0.6170,-1,-1,-1
358,0,670.77,163.34,48.55,138.28,0.5832,-1,-1,-1
358,38,1040.82,221.67,72.28,139.34,0.5812,-1,-1,-1
358,26,634.31,125.06,47.96,128.53,0.5789,-1,-1,-1
359,16,390.73,205.50,65.57,128.90,0.8635,-1,-1,-1
359,37,773.57,469.53,60.66,114.61,0.8248,-1,-1,-1
359,13,156.75,136.08,78.49,122.17,0.8177,-1,-1,-1
359,8,707.73,175.94,57.84,149.44,0.7957,-1,-1,-1
359,24,558.62,428.82,92.92,153.42,0.7461,-1,-1,-1
359,33,612.07,405.98,69.65,153.99,0.7084,-1,-1,-1
359,32,591.71,68.90,40.14,131.19,0.6660,-1,-1,-1
359,35,602.78,342.30,67.90,126.37,0.6634,-1,-1,-1
359,36,280.69,86.68,39.23,130.08,0.6621,-1,-1,-1
359,0,675.15,161.18,49.14,139.78,0.6396,-1,-1,-1
359,26,633.86,124.37,48.31,130.73,0.6080,-1,-1,-1
359,38,1041.16,224.09,71.06,138.37,0.5704,-1,-1,-1
360,16,390.84,205.27,70.01,126.03,0.8374,-1,-1,-1
360,37,772.99,468.76,60.55,115.51,0.8075,-1,-1,-1
360,24,559.57,428.93,100.11,153.47,0.7855,-1,-1,-1
360,13,161.00,133.48,75.33,124.19,0.7775,-1,-1,-1
360,8,710.62,176.36,61.90,147.99,0.7645,-1,-1,-1
360,32,591.80,69.25,41.46,130.23,0.6850,-1,-1,-1
360,35,606.01,339.62,67.24,114.88,0.6559,-1,-1,-1
360,0,673.17,159.49,50.71,139.48,0.6549,-1,-1,-1
360,26,633.52,128.45,48.49,128.60,0.6286,-1,-1,-1
360,33,613.98,409.37,63.06,152.01,0.6230,-1,-1,-1
360,36,283.43,88.13,39.90,127.25,0.6137,-1,-1,-1
360,38,1042.60,222.31,69.16,138.01,0.5474,-1,-1,-1
361,16,391.16,204.67,73.67,124.02,0.8353,-1,-1,-1
361,24,559.78,429.38,104.44,151.84,0.8051,-1,-1,-1
361,37,772.02,468.06,61.25,116.15,0.8022,-1,-1,-1
361,8,710.74,176.68,67.98,146.10,0.7728,-1,-1,-1
361,13,165.87,133.11,71.00,124.14,0.7548,-1,-1,-1
361,36,284.06,86.78,45.77,127.33,0.7244,-1,-1,-1
361,0,670.35,157.98,53.69,138.61,0.7079,-1,-1,-1
361,32,592.51,69.61,40.53,129.56,0.6844,-1,-1,-1
361,35,613.18,336.60,64.40,145.01,0.6531,-1,-1,-1
361,26,634.11,126.56,47.52,132.24,0.6257,-1,-1,-1
361,38,1042.70,222.26,67.96,139.61,0.5641,-1,-1,-1
362,16,391.69,203.42,77.22,123.00,0.8674,-1,-1,-1
362,37,771.24,466.93,61.67,117.25,0.7994,-1,-1,-1
362,24,559.36,429.59,105.94,148.67,0.7971,-1,-1,-1
362,8,711.70,177.72,69.71,143.76,0.7789,-1,-1,-1
362,13,172.60,131.38,65.39,121.37,0.7612,-1,-1,-1
362,32,592.32,69.23,40.51,129.61,0.6938,-1,-1,-1
362,0,672.25,157.45,56.45,137.24,0.6878,-1,-1,-1
362,35,614.74,335.17,63.69,144.52,0.6611,-1,-1,-1
362,36,284.19,87.55,52.75,126.59,0.6360,-1,-1,-1
362,26,635.79,126.05,46.07,135.60,0.5965,-1,-1,-1
362,38,1044.52,222.11,65.57,141.17,0.5615,-1,-1,-1
363,16,393.26,199.81,82.05,122.63,0.8649,-1,-1,-1
363,8,712.05,178.93,72.28,141.74,0.8144,-1,-1,-1
363,37,770.63,464.55,61.31,119.71,0.7988,-1,-1,-1
363,35,615.58,332.92,67.07,146.24,0.7504,-1,-1,-1
363,24,559.64,416.10,107.16,159.69,0.7487,-1,-1,-1
363,13,188.34,129.69,50.65,119.62,0.7450,-1,-1,-1
363,0,674.12,155.53,52.95,134.96,0.6946,-1,-1,-1
363,36,286.19,87.10,68.00,125.64,0.6800,-1,-1,-1
363,32,594.13,68.87,39.71,128.53,0.6468,-1,-1,-1
363,26,636.20,126.32,41.52,137.44,0.5810,-1,-1,-1
363,38,1047.01,223.67,60.13,138.10,0.5642,-1,-1,-1
364,16,393.96,198.20,82.40,122.98,0.8696,-1,-1,-1
364,37,769.87,463.78,61.46,120.76,0.7836,-1,-1,-1
364,35,615.37,332.25,73.40,145.37,0.7743,-1,-1,-1
364,8,711.13,178.71,72.53,141.35,0.7705,-1,-1,-1
364,24,559.33,421.40,105.00,153.97,0.7243,-1,-1,-1
364,0,671.86,154.91,60.23,135.43,0.6784,-1,-1,-1
364,13,195.85,129.50,44.30,119.33,0.6722,-1,-1,-1
364,32,595.15,68.31,39.14,128.67,0.6164,-1,-1,-1
364,36,287.56,89.62,69.95,123.17,0.6118,-1,-1,-1
364,26,635.36,128.71,40.92,134.33,0.5607,-1,-1,-1
364,38,1048.08,222.00,58.41,139.10,0.5572,-1,-1,-1
365,16,396.18,196.58,80.93,123.75,0.8436,-1,-1,-1
365,37,769.60,462.92,61.59,121.66,0.8108,-1,-1,-1
365,35,616.13,332.57,78.02,142.79,0.7826,-1,-1,-1
365,8,707.66,177.76,76.15,142.33,0.7417,-1,-1,-1
365,24,557.44,418.63,105.28,155.76,0.7170,-1,-1,-1
365,0,672.60,153.28,60.74,135.72,0.6656,-1,-1,-1
365,36,287.74,85.01,72.15,126.14,0.6501,-1,-1,-1
365,32,594.89,67.37,40.32,128.90,0.6427,-1,-1,-1
365,13,204.72,126.52,35.67,121.54,0.6393,-1,-1,-1
365,38,1048.86,221.23,57.28,140.04,0.5612,-1,-1,-1
365,26,635.38,130.08,40.95,132.52,0.5574,-1,-1,-1
366,16,399.77,195.47,77.55,124.27,0.8323,-1,-1,-1
366,37,769.54,462.07,61.27,122.79,0.7953,-1,-1,-1
366,35,618.10,333.57,78.02,140.65,0.7584,-1,-1,-1
366,8,712.78,176.89,70.63,141.93,0.7001,-1,-1,-1
366,0,676.03,152.80,57.83,134.98,0.6693,-1,-1,-1
366,13,210.16,124.49,32.21,123.14,0.6491,-1,-1,-1
366,24,557.63,419.09,100.03,153.94,0.6429,-1,-1,-1
366,36,288.86,80.47,71.54,131.00,0.6337,-1,-1,-1
366,32,597.77,67.69,37.03,127.48,0.6149,-1,-1,-1
366,38,1050.27,226.49,57.00,142.93,0.6110,-1,-1,-1
366,26,634.55,130.48,41.58,131.61,0.5841,-1,-1,-1
367,16,406.93,193.58,70.87,125.66,0.8248,-1,-1,-1
367,37,769.16,461.14,61.52,123.71,0.8046,-1,-1,-1
367,35,619.42,334.71,77.07,138.55,0.7666,-1,-1,-1
367,8,715.99,175.61,67.66,142.59,0.7121,-1,-1,-1
367,0,676.72,152.06,57.74,134.86,0.7100,-1,-1,-1
367,13,212.53,124.32,33.95,122.52,0.6508,-1,-1,-1
367,38,1050.85,228.66,56.15,139.53,0.6354,-1,-1,-1
367,36,293.17,79.55,68.86,131.14,0.6327,-1,-1,-1
367,24,558.58,414.85,90.62,157.22,0.6220,-1,-1,-1
367,32,599.32,67.08,36.47,126.60,0.6088,-1,-1,-1
367,26,635.38,131.88,41.17,129.72,0.6020,-1,-1,-1
368,16,425.59,189.60,56.66,128.31,0.8175,-1,-1,-1
368,35,622.51,335.51,74.01,136.56,0.7803,-1,-1,-1
368,37,767.55,459.57,62.69,125.38,0.7702,-1,-1,-1
368,8,717.88,173.26,65.20,144.09,0.7055,-1,-1,-1
368,0,678.50,151.27,52.99,135.44,0.6653,-1,-1,-1
368,36,303.06,78.83,60.60,129.77,0.6349,-1,-1,-1
368,26,635.87,130.83,41.42,130.07,0.6295,-1,-1,-1
368,13,218.68,125.03,48.69,121.19,0.6175,-1,-1,-1
368,24,554.29,413.09,72.58,156.90,0.6089,-1,-1,-1
368,32,602.92,65.27,35.45,126.23,0.5804,-1,-1,-1
368,-1,585.40,411.58,77.41,142.20,0.5674,-1,-1,-1
368,38,1050.90,231.73,54.79,138.52,0.5597,-1,-1,-1
369,16,438.07,187.45,47.99,129.99,0.8294,-1,-1,-1
369,35,622.61,335.42,73.97,135.49,0.8024,-1,-1,-1
369,37,766.78,458.57,63.14,126.45,0.7740,-1,-1,-1
369,8,719.60,173.00,73.23,143.59,0.7202,-1,-1,-1
369,0,680.61,150.32,55.92,135.24,0.7159,-1,-1,-1
369,13,220.23,124.90,55.36,120.53,0.6831,-1,-1,-1
369,24,548.21,416.96,73.09,151.79,0.6807,-1,-1,-1
369,-1,590.85,409.81,70.57,142.79,0.6721,-1,-1,-1
369,36,309.77,78.55,54.94,130.33,0.6425,-1,-1,-1
369,26,636.99,131.68,40.75,128.82,0.6121,-1,-1,-1
369,32,602.37,64.80,38.38,124.49,0.5676,-1,-1,-1
369,38,1050.08,232.42,54.78,138.62,0.5530,-1,-1,-1
370,16,442.64,186.28,47.12,130.26,0.8337,-1,-1,-1
370,37,766.94,457.60,62.99,127.29,0.7895,-1,-1,-1
370,35,618.74,335.59,77.91,134.05,0.7796,-1,-1,-1
370,8,721.37,172.95,74.57,142.88,0.7673,-1,-1,-1
370,24,547.56,416.31,69.64,151.14,0.7168,-1,-1,-1
370,0,682.86,149.92,52.19,135.16,0.7020,-1,-1,-1
370,39,591.76,406.75,69.98,142.06,0.6787,-1,-1,-1
370,13,221.32,124.94,58.14,120.07,0.6774,-1,-1,-1
370,36,314.92,78.64,49.68,126.99,0.6306,-1,-1,-1
370,26,637.67,131.21,40.85,128.69,0.6254,-1,-1,-1
370,32,603.84,62.40,40.17,123.32,0.5637,-1,-1,-1
370,38,1050.12,233.76,54.84,137.91,0.5441,-1,-1,-1
371,16,445.07,185.49,47.00,130.53,0.8066,-1,-1,-1
371,37,766.60,456.78,62.93,128.18,0.7715,-1,-1,-1
371,35,616.95,335.33,79.39,133.03,0.7608,-1,-1,-1
371,8,723.14,173.94,75.17,141.46,0.7313,-1,-1,-1
371,24,546.69,413.91,66.22,151.34,0.7278,-1,-1,-1
371,13,222.38,123.18,61.38,120.88,0.7185,-1,-1,-1
371,39,593.60,405.32,70.14,137.65,0.6832,-1,-1,-1
371,0,683.37,149.14,51.74,134.63,0.6533,-1,-1,-1
371,36,328.66,79.19,36.31,123.50,0.6268,-1,-1,-1
371,26,638.51,129.99,40.17,128.75,0.6154,-1,-1,-1
371,32,603.82,61.27,44.54,127.33,0.5833,-1,-1,-1
371,38,1050.34,233.81,54.35,139.34,0.5041,-1,-1,-1
372,37,765.88,455.86,63.51,129.01,0.8009,-1,-1,-1
372,16,448.30,185.81,46.58,129.75,0.7969,-1,-1,-1
372,35,615.66,335.22,80.52,131.59,0.7950,-1,-1,-1
372,8,723.06,174.66,78.46,140.10,0.7819,-1,-1,-1
372,13,223.72,124.44,62.53,118.63,0.7519,-1,-1,-1
372,24,546.04,411.31,61.42,152.24,0.7405,-1,-1,-1
372,39,592.56,400.81,74.88,137.61,0.7320,-1,-1,-1
372,0,684.44,148.89,48.86,134.60,0.6766,-1,-1,-1
372,26,641.07,131.84,38.45,126.42,0.6465,-1,-1,-1
372,36,334.41,82.39,31.73,119.49,0.6162,-1,-1,-1
372,32,604.07,61.01,45.80,126.81,0.5982,-1,-1,-1
373,16,453.85,186.75,53.70,128.36,0.8086,-1,-1,-1
373,37,765.23,454.80,64.45,130.05,0.8076,-1,-1,-1
373,8,722.48,176.51,76.97,139.58,0.7753,-1,-1,-1
373,35,614.66,335.85,82.30,129.56,0.7596,-1,-1,-1
373,39,594.36,401.81,77.91,134.41,0.7432,-1,-1,-1
373,13,230.58,121.59,57.70,120.59,0.7189,-1,-1,-1
373,0,684.30,150.01,48.73,133.15,0.7146,-1,-1,-1
373,26,639.21,130.85,40.94,126.64,0.6627,-1,-1,-1
373,32,605.79,60.73,42.12,126.11,0.6376,-1,-1,-1
373,36,342.99,83.37,29.26,117.51,0.5655,-1,-1,-1
374,16,457.02,187.47,59.89,127.19,0.8573,-1,-1,-1
374,37,764.85,454.23,64.72,130.54,0.8246,-1,-1,-1
374,8,724.44,176.36,73.92,140.87,0.7746,-1,-1,-1
374,35,614.04,336.34,83.22,128.93,0.7221,-1,-1,-1
374,0,682.47,150.16,52.90,132.56,0.7180,-1,-1,-1
374,39,597.89,398.40,74.59,137.22,0.6881,-1,-1,-1
374,13,236.10,120.02,53.20,121.09,0.6863,-1,-1,-1
374,24,541.95,407.50,66.85,148.69,0.6823,-1,-1,-1
374,26,640.07,131.25,40.93,125.93,0.6760,-1,-1,-1
374,32,607.05,60.77,41.14,123.68,0.6348,-1,-1,-1
374,36,346.22,83.48,32.68,116.48,0.5237,-1,-1,-1
375,16,459.86,188.80,67.67,126.30,0.8517,-1,-1,-1
375,37,764.68,453.49,64.77,131.39,0.8301,-1,-1,-1
375,8,725.66,176.13,72.40,143.35,0.7690,-1,-1,-1
375,24,540.07,407.66,71.29,145.96,0.7657,-1,-1,-1
375,35,613.33,336.25,84.41,128.66,0.7446,-1,-1,-1
375,0,681.18,149.77,56.07,132.81,0.7198,-1,-1,-1
375,39,596.31,396.15,77.16,138.49,0.7147,-1,-1,-1
375,26,640.49,131.78,41.33,125.24,0.6769,-1,-1,-1
375,13,241.38,119.57,48.61,117.05,0.6481,-1,-1,-1
375,32,609.86,60.94,37.48,121.11,0.6389,-1,-1,-1
376,16,461.84,190.10,73.63,125.56,0.8409,-1,-1,-1
376,37,764.97,453.00,64.50,131.91,0.8240,-1,-1,-1
376,24,539.51,407.70,77.78,144.32,0.7855,-1,-1,-1
376,35,612.57,336.35,84.87,127.96,0.7675,-1,-1,-1
376,8,726.87,175.89,70.14,144.02,0.7521,-1,-1,-1
376,39,594.95,393.36,79.09,140.83,0.7389,-1,-1,-1
376,0,680.27,149.96,59.07,133.06,0.6832,-1,-1,-1
376,26,643.67,132.02,39.36,124.74,0.6599,-1,-1,-1
376,32,611.11,61.00,39.99,120.39,0.6424,-1,-1,-1
376,13,247.17,119.09,41.26,115.89,0.6020,-1,-1,-1
377,16,464.51,190.86,78.66,123.21,0.8602,-1,-1,-1
377,37,765.07,452.70,64.23,132.97,0.8321,-1,-1,-1
377,24,536.34,407.84,84.31,143.92,0.8189,-1,-1,-1
377,8,727.75,175.81,69.79,143.73,0.7551,-1,-1,-1
377,35,610.68,335.73,86.53,127.46,0.7259,-1,-1,-1
377,39,597.01,392.82,80.58,141.00,0.6765,-1,-1,-1
377,0,680.00,150.08,60.60,130.76,0.6475,-1,-1,-1
377,26,642.08,131.32,41.39,124.65,0.6465,-1,-1,-1
377,32,612.78,61.19,38.17,119.84,0.6277,-1,-1,-1
377,13,253.86,118.64,35.04,113.16,0.5653,-1,-1,-1
378,37,763.76,452.04,65.80,146.77,0.8647,-1,-1,-1
378,16,471.19,192.11,77.95,120.77,0.8530,-1,-1,-1
378,24,532.88,407.28,89.82,144.12,0.8255,-1,-1,-1
378,35,610.04,332.92,85.83,128.62,0.7278,-1,-1,-1
378,39,595.45,379.99,80.82,152.81,0.6809,-1,-1,-1
378,8,731.76,173.62,64.92,145.40,0.6792,-1,-1,-1
378,13,263.44,113.75,32.09,116.48,0.6536,-1,-1,-1
378,0,681.68,149.38,61.96,131.07,0.6283,-1,-1,-1
378,32,614.39,60.29,39.58,120.46,0.6203,-1,-1,-1
378,26,640.20,131.28,48.01,124.67,0.5945,-1,-1,-1
379,37,762.22,451.83,67.43,152.04,0.8627,-1,-1,-1
379,16,472.87,192.40,76.30,119.78,0.8540,-1,-1,-1
379,24,532.12,405.46,93.49,145.68,0.7487,-1,-1,-1
379,35,611.84,331.28,83.71,129.64,0.7092,-1,-1,-1
379,13,264.24,113.12,36.32,118.10,0.6707,-1,-1,-1
379,39,596.13,388.21,80.22,144.57,0.6645,-1,-1,-1
379,26,641.24,131.00,60.81,124.59,0.6129,-1,-1,-1
379,32,615.69,60.31,40.03,120.18,0.6028,-1,-1,-1
379,8,731.33,172.45,63.51,146.26,0.5864,-1,-1,-1
379,0,683.22,148.43,65.82,132.58,0.5542,-1,-1,-1
379,-1,349.51,80.27,67.32,117.47,0.5094,-1,-1,-1
380,37,763.46,451.67,66.53,152.03,0.8636,-1,-1,-1
380,16,470.80,192.72,78.95,119.63,0.8482,-1,-1,-1
380,24,533.57,402.51,88.03,148.60,0.7892,-1,-1,-1
380,35,612.52,329.93,83.08,130.18,0.7167,-1,-1,-1
380,39,594.05,380.97,83.16,151.82,0.6911,-1,-1,-1
380,13,263.67,111.90,40.42,118.26,0.6685,-1,-1,-1
380,26,641.33,130.38,61.34,124.92,0.6267,-1,-1,-1
380,32,615.87,59.53,42.61,120.78,0.6074,-1,-1,-1
380,0,688.78,146.71,65.55,134.52,0.5869,-1,-1,-1
380,8,732.34,174.52,63.17,144.18,0.5809,-1,-1,-1
380,-1,351.29,79.55,66.40,119.29,0.5453,-1,-1,-1
381,37,763.61,451.51,66.74,151.99,0.8484,-1,-1,-1
381,16,473.50,192.61,76.40,119.93,0.8295,-1,-1,-1
381,24,539.79,400.91,82.67,149.98,0.7802,-1,-1,-1
381,35,612.89,329.23,82.92,130.69,0.7393,-1,-1,-1
381,13,264.61,111.77,48.92,118.34,0.7368,-1,-1,-1
381,39,598.15,384.94,81.12,147.85,0.6959,-1,-1,-1
381,26,643.31,130.13,57.81,125.42,0.6340,-1,-1,-1
381,32,616.89,59.60,43.69,120.38,0.6255,-1,-1,-1
381,40,355.55,79.93,62.69,118.99,0.5828,-1,-1,-1
381,8,733.30,172.76,57.13,145.93,0.5510,-1,-1,-1
381,0,691.99,145.93,61.28,121.22,0.5020,-1,-1,-1
382,37,763.69,451.31,66.50,152.51,0.8417,-1,-1,-1
382,16,477.46,192.00,72.62,120.13,0.8175,-1,-1,-1
382,24,518.92,396.43,94.18,153.26,0.7242,-1,-1,-1
382,13,266.59,114.90,53.54,114.55,0.7154,-1,-1,-1
382,35,613.51,328.82,82.94,131.18,0.7091,-1,-1,-1
382,39,591.86,384.37,85.73,148.39,0.6734,-1,-1,-1
382,26,645.49,129.62,51.92,125.21,0.6167,-1,-1,-1
382,32,617.55,58.55,44.40,121.41,0.6148,-1,-1,-1
382,40,364.62,80.56,54.27,116.33,0.5821,-1,-1,-1
382,8,738.23,180.53,55.44,138.23,0.5655,-1,-1,-1
382,0,697.53,145.50,58.71,109.28,0.5311,-1,-1,-1
383,16,484.68,190.57,65.65,121.42,0.8539,-1,-1,-1
383,37,764.54,451.07,65.36,151.48,0.8452,-1,-1,-1
383,13,270.88,112.08,54.43,116.02,0.7477,-1,-1,-1
383,24,513.99,391.77,87.24,144.44,0.6619,-1,-1,-1
383,35,618.36,329.53,78.79,130.37,0.6562,-1,-1,-1
383,39,609.01,373.17,74.56,156.50,0.6357,-1,-1,-1
383,40,374.18,86.52,44.97,108.41,0.6335,-1,-1,-1
383,32,618.44,57.73,45.03,122.31,0.5827,-1,-1,-1
383,8,741.52,174.53,43.03,143.92,0.5708,-1,-1,-1
383,26,644.10,129.03,56.14,125.73,0.5657,-1,-1,-1
383,0,705.94,145.95,52.62,119.53,0.5144,-1,-1,-1
384,16,487.79,189.73,62.55,122.22,0.8403,-1,-1,-1
384,37,764.37,451.09,65.36,151.49,0.8378,-1,-1,-1
384,13,272.15,111.98,53.86,115.41,0.7336,-1,-1,-1
384,39,614.14,376.05,68.64,151.21,0.6530,-1,-1,-1
384,24,501.65,389.97,102.55,140.86,0.6480,-1,-1,-1
384,35,620.04,330.64,77.46,129.22,0.6391,-1,-1,-1
384,8,730.66,176.93,54.48,141.37,0.5921,-1,-1,-1
384,32,618.95,56.22,46.07,123.47,0.5731,-1,-1,-1
384,40,376.99,78.92,42.29,113.48,0.5544,-1,-1,-1
384,26,625.45,128.30,71.02,125.72,0.5311,-1,-1,-1
385,37,764.61,451.03,64.86,151.57,0.8539,-1,-1,-1
385,16,489.60,189.14,60.74,122.87,0.8479,-1,-1,-1
385,13,273.34,111.62,53.79,116.06,0.7472,-1,-1,-1
385,24,511.66,387.40,81.07,141.59,0.7131,-1,-1,-1
385,39,621.98,370.98,58.63,154.12,0.6265,-1,-1,-1
385,32,618.87,55.48,48.77,124.43,0.6150,-1,-1,-1
385,26,648.39,127.85,48.20,126.46,0.5823,-1,-1,-1
385,35,621.63,331.68,75.60,129.11,0.5782,-1,-1,-1
385,8,729.36,176.27,55.86,141.77,0.5499,-1,-1,-1
385,0,712.01,146.78,53.61,107.80,0.5247,-1,-1,-1
385,40,376.51,72.13,43.34,120.20,0.5158,-1,-1,-1
386,37,764.74,451.03,64.49,151.48,0.8385,-1,-1,-1
386,16,492.08,188.79,58.30,123.43,0.8382,-1,-1,-1
386,24,477.99,384.72,108.08,145.09,0.8230,-1,-1,-1
386,13,276.07,111.69,51.77,115.57,0.7257,-1,-1,-1
386,32,619.10,55.32,50.90,124.73,0.6286,-1,-1,-1
386,35,621.10,332.07,76.18,129.98,0.6109,-1,-1,-1
386,39,613.84,371.34,68.46,151.63,0.5677,-1,-1,-1
386,26,649.07,127.69,47.76,127.43,0.5581,-1,-1,-1
386,8,724.42,175.97,59.77,142.42,0.5356,-1,-1,-1
387,16,493.72,188.93,56.53,123.68,0.8393,-1,-1,-1
387,37,764.98,451.20,64.20,151.55,0.8334,-1,-1,-1
387,24,473.81,382.48,108.65,145.80,0.8224,-1,-1,-1
387,13,279.23,111.05,48.91,115.66,0.6973,-1,-1,-1
387,32,620.10,57.32,51.35,122.78,0.5802,-1,-1,-1
387,26,649.82,127.55,44.97,128.18,0.5697,-1,-1,-1
387,35,620.15,330.88,77.32,131.55,0.5427,-1,-1,-1
387,8,732.16,178.59,51.35,140.12,0.5116,-1,-1,-1
388,24,465.50,375.10,112.56,148.62,0.8696,-1,-1,-1
388,37,764.81,451.78,64.29,153.54,0.8522,-1,-1,-1
388,16,495.58,189.49,55.12,124.84,0.8379,-1,-1,-1
388,39,567.79,361.52,103.65,164.78,0.7104,-1,-1,-1
388,13,285.48,111.65,48.86,115.91,0.6915,-1,-1,-1
388,26,645.45,126.96,54.42,129.93,0.6184,-1,-1,-1
388,35,611.70,326.00,84.56,162.08,0.5990,-1,-1,-1
388,8,727.38,176.35,56.09,142.98,0.5984,-1,-1,-1
388,32,627.26,57.38,51.32,123.11,0.5829,-1,-1,-1
388,-1,1083.03,246.67,48.38,143.04,0.5084,-1,-1,-1
388,40,398.00,72.87,44.52,119.68,0.5046,-1,-1,-1
389,24,460.48,372.70,120.02,153.09,0.8930,-1,-1,-1
389,16,496.09,190.16,55.25,125.04,0.8524,-1,-1,-1
389,37,764.70,452.41,64.31,154.18,0.8441,-1,-1,-1
389,13,286.92,112.10,46.90,115.85,0.6565,-1,-1,-1
389,39,571.78,364.05,108.49,159.45,0.6550,-1,-1,-1
389,32,629.04,58.55,52.09,123.36,0.6089,-1,-1,-1
389,26,652.03,127.75,42.88,129.98,0.5925,-1,-1,-1
389,8,728.80,176.69,55.66,143.06,0.5881,-1,-1,-1
389,40,401.31,76.86,49.10,115.56,0.5218,-1,-1,-1
389,35,604.80,321.93,89.96,168.96,0.5185,-1,-1,-1
390,24,456.54,370.75,121.21,155.34,0.9019,-1,-1,-1
390,37,764.53,452.90,64.62,153.89,0.8480,-1,-1,-1
390,16,496.60,190.85,54.97,124.03,0.8459,-1,-1,-1
390,39,573.86,366.10,79.58,155.35,0.7285,-1,-1,-1
390,13,287.46,112.20,48.97,116.30,0.7111,-1,-1,-1
390,35,630.30,374.66,62.44,149.00,0.6882,-1,-1,-1
390,26,652.75,128.20,43.27,129.69,0.6290,-1,-1,-1
390,-1,602.27,318.91,57.14,83.18,0.5718,-1,-1,-1
390,32,631.31,58.80,49.99,123.44,0.5562,-1,-1,-1
390,8,727.63,177.05,54.44,142.92,0.5512,-1,-1,-1
390,40,402.02,77.45,55.74,114.50,0.5217,-1,-1,-1
391,37,764.44,453.29,64.43,155.44,0.8584,-1,-1,-1
391,16,497.46,191.39,54.50,123.72,0.8522,-1,-1,-1
391,24,454.25,369.06,114.04,156.21,0.8370,-1,-1,-1
391,13,288.44,111.69,48.93,116.91,0.7393,-1,-1,-1
391,35,624.85,371.00,68.95,152.96,0.7209,-1,-1,-1
391,39,573.64,371.62,78.93,150.05,0.6591,-1,-1,-1
391,8,726.94,176.98,54.23,143.11,0.6253,-1,-1,-1
391,26,652.48,127.79,46.19,130.26,0.6188,-1,-1,-1
391,32,632.84,56.89,45.79,125.20,0.5310,-1,-1,-1
392,37,764.51,453.99,64.44,154.94,0.8454,-1,-1,-1
392,16,497.99,191.52,54.05,123.70,0.8388,-1,-1,-1
392,24,452.24,366.55,106.40,157.35,0.8287,-1,-1,-1
392,13,289.39,111.67,47.51,117.31,0.7326,-1,-1,-1
392,26,654.98,128.06,47.54,130.06,0.5857,-1,-1,-1
392,8,728.83,176.66,53.44,143.33,0.5843,-1,-1,-1
392,35,618.22,368.52,78.81,155.61,0.5831,-1,-1,-1
392,0,739.04,154.62,56.04,122.08,0.5192,-1,-1,-1
392,40,400.46,78.44,62.61,114.31,0.5019,-1,-1,-1
393,24,453.92,360.27,84.27,154.69,0.8949,-1,-1,-1
393,16,497.90,191.42,53.68,123.74,0.8433,-1,-1,-1
393,37,764.30,454.38,64.56,152.49,0.8302,-1,-1,-1
393,13,291.05,111.68,48.26,118.00,0.7221,-1,-1,-1
393,8,730.52,177.48,52.32,142.15,0.6887,-1,-1,-1
393,26,657.80,127.96,49.07,130.16,0.6745,-1,-1,-1
393,32,635.04,57.84,45.55,124.70,0.5940,-1,-1,-1
393,35,633.81,363.75,66.90,128.44,0.5869,-1,-1,-1
393,39,569.23,371.88,115.06,150.66,0.5721,-1,-1,-1
393,0,740.68,155.94,54.72,120.43,0.5507,-1,-1,-1
393,-1,1088.71,251.01,44.90,144.50,0.5492,-1,-1,-1
393,-1,569.48,366.45,115.79,156.35,0.5210,-1,-1,-1
393,40,401.69,78.53,62.55,114.49,0.5057,-1,-1,-1
394,24,455.12,356.36,74.45,155.41,0.8914,-1,-1,-1
394,16,497.64,191.17,53.82,124.06,0.8501,-1,-1,-1
394,37,763.80,454.55,65.14,153.06,0.8268,-1,-1,-1
394,13,291.57,111.21,49.45,118.52,0.7061,-1,-1,-1
394,26,659.00,127.81,49.26,130.49,0.7050,-1,-1,-1
394,8,731.19,178.00,52.72,141.82,0.7016,-1,-1,-1
394,32,635.72,58.13,45.07,124.39,0.6379,-1,-1,-1
394,35,634.67,362.04,63.72,154.18,0.6128,-1,-1,-1
394,40,404.40,77.71,60.37,115.13,0.5765,-1,-1,-1
394,-1,1089.23,251.51,47.29,144.01,0.5463,-1,-1,-1
394,-1,569.81,367.22,118.47,155.51,0.5365,-1,-1,-1
394,0,742.43,156.99,53.77,119.15,0.5027,-1,-1,-1
395,24,454.91,352.41,70.92,157.72,0.8818,-1,-1,-1
395,16,497.86,190.85,53.74,124.21,0.8456,-1,-1,-1
395,37,763.85,454.83,65.42,154.41,0.8377,-1,-1,-1
395,13,290.38,109.20,52.07,120.63,0.7547,-1,-1,-1
395,26,659.01,127.09,49.81,130.96,0.6892,-1,-1,-1
395,32,635.96,56.42,46.00,126.06,0.6554,-1,-1,-1
395,35,633.99,360.22,65.88,153.18,0.6322,-1,-1,-1
395,8,725.82,179.20,60.56,140.86,0.6249,-1,-1,-1
395,40,411.44,71.28,53.04,121.31,0.5880,-1,-1,-1
395,41,1090.07,251.72,50.16,143.85,0.5377,-1,-1,-1
396,24,452.25,349.50,70.50,155.02,0.8557,-1,-1,-1
396,16,498.13,190.40,53.69,125.09,0.8503,-1,-1,-1
396,37,764.30,455.23,65.20,155.66,0.8368,-1,-1,-1
396,13,290.17,108.72,53.39,120.99,0.7769,-1,-1,-1
396,35,634.67,358.42,65.40,153.09,0.7732,-1,-1,-1
396,39,578.86,367.08,75.01,156.94,0.7285,-1,-1,-1
396,26,658.27,126.68,51.01,131.52,0.6815,-1,-1,-1
396,32,635.53,56.30,48.25,126.10,0.6446,-1,-1,-1
396,40,415.35,70.70,49.89,121.34,0.6093,-1,-1,-1
396,41,1090.13,252.80,50.03,142.58,0.5348,-1,-1,-1
396,8,719.44,179.02,68.81,141.94,0.5321,-1,-1,-1
397,37,764.75,455.79,65.30,157.50,0.8460,-1,-1,-1
397,16,498.32,190.39,53.79,125.11,0.8458,-1,-1,-1
397,24,458.54,347.47,60.25,157.67,0.8049,-1,-1,-1
397,39,586.72,366.89,74.08,156.04,0.7962,-1,-1,-1
397,35,634.21,356.85,67.48,153.51,0.7790,-1,-1,-1
397,13,289.81,107.96,54.25,121.62,0.7689,-1,-1,-1
397,26,659.66,127.18,50.04,131.06,0.6686,-1,-1,-1
397,32,635.02,54.54,49.72,127.62,0.6331,-1,-1,-1
397,40,421.46,69.83,45.96,122.22,0.6324,-1,-1,-1
397,8,722.35,178.74,67.63,142.56,0.6130,-1,-1,-1
397,-1,550.80,309.61,75.26,152.61,0.6032,-1,-1,-1
397,41,1089.55,253.52,51.16,142.09,0.5347,-1,-1,-1
398,16,498.00,190.13,54.96,125.60,0.8520,-1,-1,-1
398,37,764.82,456.87,66.22,157.20,0.8445,-1,-1,-1
398,24,445.43,347.89,63.86,158.12,0.8412,-1,-1,-1
398,35,635.11,355.81,78.10,153.35,0.7963,-1,-1,-1
398,13,289.50,107.14,54.18,122.01,0.7773,-1,-1,-1
398,39,600.64,370.79,64.36,147.64,0.7580,-1,-1,-1
398,-1,551.94,310.68,67.35,153.64,0.6800,-1,-1,-1
398,26,663.17,127.77,46.98,129.46,0.6628,-1,-1,-1
398,32,633.66,53.28,48.90,128.08,0.6410,-1,-1,-1
398,40,427.35,68.63,43.85,122.65,0.6280,-1,-1,-1
398,8,721.89,181.60,73.19,140.21,0.5955,-1,-1,-1
398,41,1092.28,254.81,50.04,141.03,0.5245,-1,-1,-1
399,24,440.00,347.06,65.17,159.01,0.8633,-1,-1,-1
399,16,498.25,189.92,54.71,125.73,0.8385,-1,-1,-1
399,37,764.78,457.39,66.64,157.94,0.8284,-1,-1,-1
399,39,602.55,373.54,62.65,155.67,0.7942,-1,-1,-1
399,35,635.70,356.33,83.53,150.46,0.7885,-1,-1,-1
399,13,288.28,106.05,54.06,122.41,0.7798,-1,-1,-1
399,26,665.50,134.99,45.65,122.33,0.6995,-1,-1,-1
399,32,632.60,52.73,50.70,128.19,0.6786,-1,-1,-1
399,42,570.47,325.85,50.27,138.99,0.6246,-1,-1,-1
399,40,428.44,68.46,45.09,122.94,0.6228,-1,-1,-1
399,8,747.48,184.25,53.68,137.06,0.5295,-1,-1,-1
400,24,438.18,348.35,64.13,157.10,0.8648,-1,-1,-1
400,16,498.44,189.82,54.67,126.17,0.8574,-1,-1,-1
400,37,765.24,457.79,66.83,156.57,0.8383,-1,-1,-1
400,39,601.48,376.29,65.07,157.11,0.8356,-1,-1,-1
400,13,286.58,104.38,54.81,122.52,0.8038,-1,-1,-1
400,35,635.29,358.00,88.99,149.72,0.7085,-1,-1,-1
400,26,668.75,138.01,44.10,118.47,0.6990,-1,-1,-1
400,32,631.94,54.23,50.88,125.78,0.6789,-1,-1,-1
400,40,429.13,68.28,47.10,123.15,0.6053,-1,-1,-1
400,41,1094.28,254.27,51.22,142.47,0.5115,-1,-1,-1
401,24,430.76,349.77,68.54,153.56,0.8453,-1,-1,-1
401,37,767.29,458.50,65.60,157.38,0.8439,-1,-1,-1
401,16,498.69,189.35,54.72,126.80,0.8393,-1,-1,-1
401,13,285.42,103.58,54.42,122.47,0.8259,-1,-1,-1
401,39,601.36,377.51,72.04,156.93,0.7925,-1,-1,-1
401,26,672.44,138.64,41.79,118.08,0.7059,-1,-1,-1
401,32,632.60,53.08,50.95,126.28,0.6654,-1,-1,-1
401,35,650.39,376.62,78.36,130.02,0.6321,-1,-1,-1
401,40,432.41,67.83,45.05,123.12,0.5689,-1,-1,-1
401,41,1096.80,253.95,52.66,142.86,0.5209,-1,-1,-1
402,39,602.36,380.20,84.94,155.34,0.8753,-1,-1,-1
402,37,768.42,459.03,65.26,158.03,0.8409,-1,-1,-1
402,13,284.07,102.80,54.91,122.01,0.8356,-1,-1,-1
402,24,424.20,351.03,73.29,150.39,0.8208,-1,-1,-1
402,16,499.83,189.28,53.80,126.63,0.8011,-1,-1,-1
402,35,638.84,359.07,92.87,146.69,0.7057,-1,-1,-1
402,32,633.45,54.21,51.06,125.07,0.6687,-1,-1,-1
402,26,678.42,130.16,36.98,124.75,0.6674,-1,-1,-1
402,-1,534.00,311.93,67.59,154.19,0.6229,-1,-1,-1
402,40,434.88,67.38,45.09,123.39,0.5979,-1,-1,-1
402,8,721.71,175.31,84.00,147.12,0.5522,-1,-1,-1
402,41,1098.88,253.51,51.83,143.57,0.5101,-1,-1,-1
403,39,604.75,380.47,97.89,160.17,0.8571,-1,-1,-1
403,13,278.58,101.67,58.98,120.54,0.8302,-1,-1,-1
403,24,409.44,353.46,83.36,138.89,0.8199,-1,-1,-1
403,37,769.60,459.91,66.64,157.45,0.7986,-1,-1,-1
403,16,502.28,188.57,53.02,129.02,0.7543,-1,-1,-1
403,35,642.97,358.98,88.07,145.51,0.7208,-1,-1,-1
403,-1,524.74,305.61,76.25,160.92,0.7011,-1,-1,-1
403,8,742.77,182.66,67.58,140.44,0.6646,-1,-1,-1
403,32,634.45,53.59,50.80,125.58,0.6599,-1,-1,-1
403,26,686.51,133.88,32.92,119.51,0.5809,-1,-1,-1
403,40,437.74,67.54,59.04,122.86,0.5200,-1,-1,-1
403,41,1101.73,252.45,53.48,145.79,0.5184,-1,-1,-1
404,24,391.79,353.03,100.04,134.71,0.8497,-1,-1,-1
404,39,608.12,378.34,95.72,163.32,0.8445,-1,-1,-1
404,13,276.64,100.80,60.03,119.91,0.8079,-1,-1,-1
404,37,771.27,460.32,65.94,158.03,0.7911,-1,-1,-1
404,16,503.22,188.06,53.69,129.32,0.7429,-1,-1,-1
404,35,646.98,358.65,84.34,145.47,0.6786,-1,-1,-1
404,32,635.46,52.52,50.31,126.55,0.6337,-1,-1,-1
404,8,740.45,183.47,70.38,139.75,0.6253,-1,-1,-1
404,26,687.05,131.21,34.92,124.13,0.6138,-1,-1,-1
404,43,518.70,307.90,81.99,159.31,0.6028,-1,-1,-1
404,40,438.23,67.40,63.42,123.04,0.5777,-1,-1,-1
404,41,1104.71,252.84,52.58,146.90,0.5359,-1,-1,-1
405,39,613.66,380.38,91.95,163.14,0.8995,-1,-1,-1
405,24,383.47,352.52,108.16,132.47,0.8885,-1,-1,-1
405,37,771.13,460.91,67.48,158.64,0.8032,-1,-1,-1
405,13,275.20,97.74,60.98,120.84,0.7844,-1,-1,-1
405,16,504.26,187.42,53.97,128.81,0.7301,-1,-1,-1
405,35,649.58,358.32,83.14,145.27,0.7179,-1,-1,-1
405,43,513.32,307.05,85.69,159.94,0.7176,-1,-1,-1
405,32,636.83,52.25,48.79,126.52,0.6444,-1,-1,-1
405,26,685.90,119.10,40.02,133.93,0.6055,-1,-1,-1
405,8,753.96,183.05,59.38,140.18,0.5915,-1,-1,-1
405,40,441.33,67.40,62.18,122.87,0.5622,-1,-1,-1
405,41,1109.05,256.39,49.56,143.84,0.5021,-1,-1,-1
406,24,377.72,351.06,113.27,134.25,0.8990,-1,-1,-1
406,39,621.70,378.03,84.98,166.92,0.8834,-1,-1,-1
406,13,274.04,98.26,61.94,119.22,0.8037,-1,-1,-1
406,37,774.09,461.29,66.23,157.97,0.8009,-1,-1,-1
406,16,505.23,186.58,53.99,128.21,0.7573,-1,-1,-1
406,32,638.22,51.92,48.00,126.59,0.6923,-1,-1,-1
406,35,653.74,357.71,81.70,145.56,0.6816,-1,-1,-1
406,43,508.73,306.27,87.89,158.93,0.6731,-1,-1,-1
406,26,686.94,119.59,44.51,134.02,0.6014,-1,-1,-1
406,40,442.39,67.05,62.20,123.05,0.5988,-1,-1,-1
406,8,754.05,182.66,59.87,140.61,0.5790,-1,-1,-1
406,41,1111.61,255.41,49.59,144.55,0.5060,-1,-1,-1
407,24,372.24,350.07,118.79,133.29,0.9053,-1,-1,-1
407,39,630.16,378.22,78.33,166.99,0.8786,-1,-1,-1
407,13,272.07,99.31,64.15,117.03,0.8255,-1,-1,-1
407,37,774.74,461.88,67.46,158.50,0.7919,-1,-1,-1
407,16,506.97,186.09,52.85,122.69,0.7782,-1,-1,-1
407,35,658.15,357.43,81.09,145.31,0.7002,-1,-1,-1
407,32,639.17,50.35,48.73,127.69,0.6853,-1,-1,-1
407,43,516.54,304.15,76.42,158.56,0.6853,-1,-1,-1
407,26,688.50,122.01,48.20,130.68,0.6232,-1,-1,-1
407,8,760.61,182.96,54.26,140.18,0.6005,-1,-1,-1
407,40,445.91,66.46,59.89,122.98,0.5806,-1,-1,-1
407,41,1113.91,254.73,48.93,145.20,0.5020,-1,-1,-1
408,24,370.66,349.29,112.08,135.42,0.9118,-1,-1,-1
408,39,650.44,373.18,66.25,173.35,0.8488,-1,-1,-1
408,13,269.85,98.60,67.54,116.03,0.8423,-1,-1,-1
408,16,509.36,184.32,58.79,127.04,0.8320,-1,-1,-1
408,37,777.23,462.72,68.62,156.25,0.8316,-1,-1,-1
408,35,668.29,357.34,78.40,144.60,0.7239,-1,-1,-1
408,32,641.67,52.15,49.67,125.99,0.7238,-1,-1,-1
408,43,498.74,302.34,82.45,157.18,0.6681,-1,-1,-1
408,8,764.69,176.89,53.26,146.17,0.6269,-1,-1,-1
408,26,689.39,116.79,58.66,137.74,0.6252,-1,-1,-1
408,40,450.13,63.58,58.11,125.35,0.5892,-1,-1,-1
409,24,371.84,349.04,98.94,137.76,0.9142,-1,-1,-1
409,13,270.75,98.19,66.95,116.17,0.8571,-1,-1,-1
409,39,661.33,374.68,57.74,171.19,0.8548,-1,-1,-1
409,16,511.52,183.60,59.21,128.32,0.8336,-1,-1,-1
409,37,780.49,463.14,67.12,155.88,0.8293,-1,-1,-1
409,32,643.69,50.33,49.82,127.22,0.7291,-1,-1,-1
409,43,499.21,301.18,79.86,157.10,0.7215,-1,-1,-1
409,35,673.75,357.39,76.62,144.04,0.7180,-1,-1,-1
409,8,764.38,169.72,55.34,153.54,0.6337,-1,-1,-1
409,26,695.15,115.65,56.09,139.05,0.6305,-1,-1,-1
409,40,453.16,62.17,56.84,126.15,0.5892,-1,-1,-1
410,24,373.14,347.25,87.18,140.84,0.9137,-1,-1,-1
410,13,271.43,97.87,67.71,115.97,0.8562,-1,-1,-1
410,16,513.09,183.03,59.21,130.21,0.8388,-1,-1,-1
410,37,780.58,463.80,69.22,155.89,0.8177,-1,-1,-1
410,39,667.52,375.28,61.78,172.07,0.7833,-1,-1,-1
410,32,645.00,50.72,52.43,126.28,0.7330,-1,-1,-1
410,26,697.76,117.87,56.51,137.17,0.6234,-1,-1,-1
410,8,768.27,169.52,53.59,154.17,0.6227,-1,-1,-1
410,40,457.79,60.99,55.95,127.34,0.6150,-1,-1,-1
410,35,668.87,356.89,84.30,144.05,0.5616,-1,-1,-1
410,43,498.58,301.42,80.08,156.69,0.5524,-1,-1,-1
411,24,372.36,345.12,77.16,144.80,0.8970,-1,-1,-1
411,13,272.71,97.67,68.12,115.88,0.8525,-1,-1,-1
411,16,515.09,182.74,59.40,130.69,0.8460,-1,-1,-1
411,37,785.06,464.06,67.07,155.03,0.8286,-1,-1,-1
411,39,674.60,372.82,66.76,175.89,0.7397,-1,-1,-1
411,43,500.94,301.41,78.26,157.19,0.7354,-1,-1,-1
411,32,645.48,48.60,55.94,127.88,0.7015,-1,-1,-1
411,26,699.27,115.04,58.97,140.24,0.6534,-1,-1,-1
411,8,765.21,173.01,60.21,150.95,0.6428,-1,-1,-1
411,40,462.39,60.90,56.01,125.85,0.6080,-1,-1,-1
412,24,370.02,343.79,73.88,147.51,0.8877,-1,-1,-1
412,16,518.03,182.45,58.88,130.90,0.8330,-1,-1,-1
412,37,787.09,464.45,67.62,155.55,0.8286,-1,-1,-1
412,13,273.81,97.07,68.54,116.12,0.8267,-1,-1,-1
412,43,504.08,301.36,76.68,157.87,0.7571,-1,-1,-1
412,39,679.91,377.82,63.64,174.47,0.7518,-1,-1,-1
412,32,648.12,48.27,53.58,128.00,0.6875,-1,-1,-1
412,26,703.86,113.06,55.87,140.44,0.6768,-1,-1,-1
412,8,759.08,163.67,69.27,160.32,0.6746,-1,-1,-1
412,35,677.14,358.17,80.53,143.82,0.6344,-1,-1,-1
412,40,467.83,59.14,54.35,125.86,0.6137,-1,-1,-1
413,24,356.17,342.42,79.42,151.79,0.8908,-1,-1,-1
413,37,792.33,464.73,67.51,154.22,0.8452,-1,-1,-1
413,16,523.00,181.51,58.44,130.94,0.8113,-1,-1,-1
413,39,694.42,382.24,64.51,181.73,0.8054,-1,-1,-1
413,43,510.82,301.23,73.84,158.57,0.7919,-1,-1,-1
413,13,275.62,96.06,68.96,116.25,0.7839,-1,-1,-1
413,32,654.76,48.40,50.45,127.04,0.6346,-1,-1,-1
413,26,707.86,110.83,56.23,140.42,0.6334,-1,-1,-1
413,35,674.41,358.45,81.98,132.52,0.5795,-1,-1,-1
413,8,767.80,177.38,66.12,145.31,0.5787,-1,-1,-1
413,40,478.27,55.93,51.95,126.01,0.5746,-1,-1,-1
413,41,1139.22,254.13,52.20,146.83,0.5229,-1,-1,-1
414,24,347.16,342.39,86.85,153.28,0.9066,-1,-1,-1
414,16,525.78,181.18,58.40,131.14,0.8436,-1,-1,-1
414,37,794.93,464.92,66.83,154.82,0.8348,-1,-1,-1
414,39,701.67,389.82,67.26,178.97,0.7982,-1,-1,-1
414,43,513.94,301.82,72.09,157.29,0.7914,-1,-1,-1
414,13,276.82,95.23,62.17,116.35,0.7056,-1,-1,-1
414,8,773.53,165.88,64.46,156.55,0.6876,-1,-1,-1
414,32,655.40,46.08,55.73,128.47,0.6500,-1,-1,-1
414,26,713.96,109.03,54.07,140.55,0.6227,-1,-1,-1
414,35,680.66,357.84,83.36,138.91,0.6121,-1,-1,-1
414,40,481.68,54.21,53.82,126.97,0.5744,-1,-1,-1
414,41,1143.31,253.73,50.40,147.93,0.5308,-1,-1,-1
415,24,340.43,344.09,93.19,152.92,0.9051,-1,-1,-1
415,39,709.08,390.50,75.72,182.08,0.8569,-1,-1,-1
415,16,528.69,180.42,57.85,131.46,0.8435,-1,-1,-1
415,37,797.64,464.73,66.05,155.00,0.8190,-1,-1,-1
415,43,513.90,301.85,73.03,157.17,0.8079,-1,-1,-1
415,8,772.76,160.30,67.03,161.71,0.7472,-1,-1,-1
415,13,277.09,94.37,57.96,117.05,0.7239,-1,-1,-1
415,32,659.09,43.70,54.11,130.38,0.6880,-1,-1,-1
415,40,485.27,54.01,57.43,126.65,0.6026,-1,-1,-1
415,26,717.29,112.36,55.46,137.29,0.5978,-1,-1,-1
415,35,689.95,357.31,78.30,139.00,0.5419,-1,-1,-1
416,24,336.80,346.40,102.36,151.38,0.9099,-1,-1,-1
416,39,714.07,392.12,87.36,182.25,0.8359,-1,-1,-1
416,16,531.39,180.24,58.41,131.30,0.8272,-1,-1,-1
416,37,800.96,464.80,64.27,154.61,0.8228,-1,-1,-1
416,43,514.50,301.57,70.40,157.31,0.8019,-1,-1,-1
416,8,776.49,166.06,66.85,153.99,0.7493,-1,-1,-1
416,13,278.01,93.82,66.65,117.15,0.7444,-1,-1,-1
416,32,658.11,38.47,53.97,135.86,0.6641,-1,-1,-1
416,40,488.94,52.79,57.88,127.66,0.5982,-1,-1,-1
416,26,721.68,112.55,53.06,132.49,0.5786,-1,-1,-1
416,35,699.60,356.28,74.22,140.73,0.5537,-1,-1,-1
416,41,1148.47,252.56,52.50,149.85,0.5499,-1,-1,-1
417,24,336.73,348.83,107.61,148.96,0.8769,-1,-1,-1
417,39,718.77,402.62,90.96,173.52,0.8553,-1,-1,-1
417,16,534.66,180.14,57.76,130.76,0.8523,-1,-1,-1
417,37,801.45,464.87,65.12,154.92,0.8208,-1,-1,-1
417,43,514.76,302.34,68.92,156.66,0.7971,-1,-1,-1
417,8,776.99,167.97,68.85,149.38,0.7911,-1,-1,-1
417,13,280.74,93.04,62.56,117.44,0.7638,-1,-1,-1
417,32,660.62,41.64,51.63,132.41,0.6731,-1,-1,-1
417,35,708.75,355.43,68.48,141.16,0.6326,-1,-1,-1
417,40,493.41,52.30,55.64,127.30,0.5666,-1,-1,-1
417,41,1151.68,253.28,51.71,148.20,0.5369,-1,-1,-1
417,26,725.47,112.41,54.87,135.02,0.5334,-1,-1,-1
418,24,341.95,356.31,101.30,141.21,0.9164,-1,-1,-1
418,16,541.28,180.19,56.49,130.74,0.8417,-1,-1,-1
418,8,770.15,165.76,81.66,149.14,0.8216,-1,-1,-1
418,37,805.63,465.48,63.42,153.80,0.8053,-1,-1,-1
418,13,285.00,93.00,63.47,116.59,0.7748,-1,-1,-1
418,43,514.90,303.81,66.45,154.54,0.7590,-1,-1,-1
418,32,666.50,42.33,49.39,131.10,0.6832,-1,-1,-1
418,39,727.14,393.89,92.62,182.85,0.6082,-1,-1,-1
418,40,500.28,51.56,56.46,128.03,0.5970,-1,-1,-1
418,41,1159.10,253.30,50.65,147.68,0.5044,-1,-1,-1
419,24,344.99,357.78,103.59,139.81,0.8905,-1,-1,-1
419,16,544.15,180.03,57.22,130.56,0.8616,-1,-1,-1
419,8,763.62,164.84,90.79,149.42,0.8412,-1,-1,-1
419,39,729.73,403.61,91.45,172.77,0.8297,-1,-1,-1
419,37,807.60,465.96,63.27,153.62,0.8182,-1,-1,-1
419,13,287.33,91.56,61.86,117.92,0.7530,-1,-1,-1
419,43,504.78,305.55,76.46,152.32,0.7359,-1,-1,-1
419,32,669.28,42.85,48.96,130.44,0.7104,-1,-1,-1
419,40,503.00,51.11,55.69,128.01,0.5764,-1,-1,-1
419,35,732.89,355.41,60.11,143.98,0.5333,-1,-1,-1
420,24,347.98,358.12,107.72,139.79,0.8978,-1,-1,-1
420,8,756.57,164.43,100.14,149.62,0.8656,-1,-1,-1
420,39,732.76,404.64,92.24,171.15,0.8582,-1,-1,-1
420,16,546.26,179.89,57.27,130.80,0.8565,-1,-1,-1
420,43,503.87,308.69,78.79,148.94,0.8099,-1,-1,-1
420,37,809.67,466.43,63.23,152.81,0.7926,-1,-1,-1
420,13,288.62,91.59,63.60,117.73,0.7624,-1,-1,-1
420,32,669.51,39.66,51.55,133.64,0.7026,-1,-1,-1
420,35,735.90,356.76,59.01,144.89,0.6179,-1,-1,-1
420,40,506.34,50.63,56.05,128.65,0.5746,-1,-1,-1
420,41,1164.22,252.58,53.18,151.40,0.5392,-1,-1,-1
421,39,734.79,401.79,93.80,173.77,0.8887,-1,-1,-1
421,24,350.46,357.27,110.74,140.69,0.8790,-1,-1,-1
421,8,756.08,167.00,103.30,147.27,0.8738,-1,-1,-1
421,16,549.26,180.05,56.99,130.72,0.8362,-1,-1,-1
421,37,811.25,467.04,64.51,152.07,0.7919,-1,-1,-1
421,43,505.59,311.99,75.11,146.18,0.7893,-1,-1,-1
421,13,292.12,90.87,61.32,118.57,0.7770,-1,-1,-1
421,35,738.65,358.52,53.10,144.11,0.7640,-1,-1,-1
421,32,674.05,41.02,48.99,132.24,0.7256,-1,-1,-1
421,41,1168.34,251.63,51.96,149.86,0.5687,-1,-1,-1
421,40,509.54,50.40,54.81,128.36,0.5353,-1,-1,-1
422,39,737.99,399.55,98.40,173.05,0.8918,-1,-1,-1
422,24,353.18,355.16,121.68,143.12,0.8628,-1,-1,-1
422,16,551.67,180.01,57.09,130.12,0.8539,-1,-1,-1
422,8,758.18,172.92,102.32,141.50,0.8535,-1,-1,-1
422,35,742.60,360.50,53.47,141.57,0.8470,-1,-1,-1
422,43,506.45,315.92,75.89,145.79,0.8394,-1,-1,-1
422,13,293.70,90.78,59.77,118.29,0.7728,-1,-1,-1
422,37,812.21,468.10,64.56,150.98,0.7678,-1,-1,-1
422,32,675.93,43.18,49.46,130.01,0.7052,-1,-1,-1
422,40,512.58,50.46,54.13,128.02,0.5589,-1,-1,-1
422,41,1170.46,252.32,52.24,149.61,0.5380,-1,-1,-1
423,8,763.31,173.39,97.29,140.27,0.8872,-1,-1,-1
423,39,760.17,394.90,99.01,172.00,0.8847,-1,-1,-1
423,35,749.67,363.78,59.38,138.43,0.8719,-1,-1,-1
423,24,361.59,351.22,115.13,148.14,0.8649,-1,-1,-1
423,16,557.89,179.96,54.95,130.24,0.8570,-1,-1,-1
423,43,508.04,324.74,79.30,142.76,0.8500,-1,-1,-1
423,37,812.97,468.83,65.65,150.64,0.8135,-1,-1,-1
423,13,295.63,90.27,57.87,118.55,0.7597,-1,-1,-1
423,32,680.92,43.63,46.41,129.54,0.7316,-1,-1,-1
423,40,517.57,50.57,52.08,127.82,0.5706,-1,-1,-1
423,41,1175.54,253.15,50.55,149.80,0.5172,-1,-1,-1
424,24,365.57,350.73,125.25,149.02,0.9132,-1,-1,-1
424,8,764.24,171.96,95.92,141.79,0.8629,-1,-1,-1
424,43,509.65,330.15,79.09,138.86,0.8616,-1,-1,-1
424,35,752.39,365.01,63.24,136.48,0.8587,-1,-1,-1
424,16,558.96,179.65,55.40,131.24,0.8576,-1,-1,-1
424,39,775.83,391.57,92.31,173.24,0.8414,-1,-1,-1
424,37,813.70,469.18,65.02,150.08,0.7972,-1,-1,-1
424,13,295.00,90.08,59.76,118.65,0.7886,-1,-1,-1
424,32,681.97,42.96,44.62,130.45,0.7218,-1,-1,-1
424,40,520.23,50.97,52.15,126.85,0.6160,-1,-1,-1
425,35,754.43,366.15,65.15,135.21,0.8725,-1,-1,-1
425,43,511.34,331.66,80.05,137.24,0.8709,-1,-1,-1
425,16,560.32,179.53,55.67,130.82,0.8637,-1,-1,-1
425,8,765.20,174.79,94.45,138.79,0.8458,-1,-1,-1
425,24,373.71,350.23,113.11,149.58,0.8374,-1,-1,-1
425,13,294.85,89.74,61.81,119.05,0.8156,-1,-1,-1
425,39,791.90,387.24,83.18,177.65,0.7957,-1,-1,-1
425,37,816.16,468.86,63.06,150.59,0.7506,-1,-1,-1
425,32,683.18,41.73,43.40,131.87,0.7190,-1,-1,-1
425,40,521.29,50.22,51.93,127.34,0.6107,-1,-1,-1
426,35,755.24,366.47,70.48,134.89,0.8771,-1,-1,-1
426,16,560.53,179.46,56.41,130.47,0.8612,-1,-1,-1
426,24,385.79,349.49,114.47,150.46,0.8577,-1,-1,-1
426,43,512.80,334.26,79.85,134.59,0.8284,-1,-1,-1
426,8,766.01,169.74,91.32,143.74,0.8254,-1,-1,-1
426,13,295.56,89.75,62.02,118.95,0.8197,-1,-1,-1
426,39,814.46,383.87,67.41,112.90,0.8128,-1,-1,-1
426,37,809.20,468.80,70.85,151.04,0.7367,-1,-1,-1
426,32,682.59,42.39,43.21,132.08,0.7106,-1,-1,-1
426,40,522.53,50.18,52.18,125.44,0.5915,-1,-1,-1
427,35,755.61,366.20,75.60,135.33,0.8894,-1,-1,-1
427,24,385.39,347.62,121.34,152.17,0.8708,-1,-1,-1
427,16,560.34,179.69,57.22,129.73,0.8617,-1,-1,-1
427,43,512.12,334.88,81.58,134.04,0.8530,-1,-1,-1
427,39,819.89,380.20,66.13,116.47,0.8384,-1,-1,-1
427,8,766.09,172.72,84.81,140.85,0.8205,-1,-1,-1
427,13,297.05,89.47,60.81,119.12,0.8140,-1,-1,-1
427,37,809.73,467.76,67.33,151.86,0.7332,-1,-1,-1
427,32,682.34,43.25,43.60,132.23,0.6968,-1,-1,-1
427,40,522.33,49.75,53.40,124.97,0.5709,-1,-1,-1
428,35,754.89,364.46,86.27,137.53,0.8656,-1,-1,-1
428,24,406.67,343.01,105.53,157.01,0.8161,-1,-1,-1
428,16,559.87,180.42,59.38,128.52,0.7997,-1,-1,-1
428,13,297.48,89.37,59.41,119.28,0.7752,-1,-1,-1
428,39,826.79,375.69,65.55,181.01,0.7678,-1,-1,-1
428,43,513.40,333.41,81.27,135.94,0.7623,-1,-1,-1
428,8,765.59,176.55,79.47,137.02,0.7459,-1,-1,-1
428,37,806.74,468.41,61.24,151.27,0.6934,-1,-1,-1
428,32,680.38,42.84,45.09,134.07,0.6753,-1,-1,-1
428,40,524.18,48.92,54.18,125.54,0.5577,-1,-1,-1
429,35,754.54,363.21,89.27,138.58,0.8342,-1,-1,-1
429,16,559.00,181.03,63.19,128.79,0.8188,-1,-1,-1
429,24,414.77,342.60,102.84,153.48,0.7981,-1,-1,-1
429,39,831.05,375.02,64.93,177.85,0.7903,-1,-1,-1
429,43,512.85,331.35,81.18,137.88,0.7888,-1,-1,-1
429,13,297.11,89.32,59.02,119.38,0.7793,-1,-1,-1
429,8,764.66,175.99,80.87,137.81,0.7122,-1,-1,-1
429,32,679.55,44.00,44.09,133.14,0.6957,-1,-1,-1
429,37,803.19,467.40,59.03,152.04,0.6948,-1,-1,-1
429,40,525.93,47.11,55.31,126.75,0.5470,-1,-1,-1
430,35,754.69,360.86,93.63,140.89,0.8874,-1,-1,-1
430,16,558.45,181.79,66.83,127.82,0.8430,-1,-1,-1
430,39,835.91,374.77,63.46,176.88,0.8341,-1,-1,-1
430,24,414.86,343.51,109.55,150.06,0.8201,-1,-1,-1
430,43,515.66,330.49,79.19,138.64,0.8161,-1,-1,-1
430,8,764.35,170.59,80.98,143.29,0.7825,-1,-1,-1
430,13,296.17,89.18,59.25,119.43,0.7776,-1,-1,-1
430,37,801.08,467.46,55.37,151.76,0.7302,-1,-1,-1
430,32,679.49,44.78,43.32,132.42,0.6985,-1,-1,-1
430,40,526.65,47.00,55.73,126.35,0.5269,-1,-1,-1
431,39,839.42,375.97,70.09,179.33,0.8499,-1,-1,-1
431,35,762.48,358.62,89.26,145.15,0.8497,-1,-1,-1
431,16,557.40,182.47,69.29,127.74,0.8265,-1,-1,-1
431,8,764.03,166.52,81.53,147.76,0.8045,-1,-1,-1
431,24,441.00,344.61,85.32,145.65,0.7973,-1,-1,-1
431,13,297.01,89.37,57.61,119.31,0.7825,-1,-1,-1
431,43,523.18,329.57,72.75,139.59,0.7721,-1,-1,-1
431,32,677.60,44.71,43.06,132.60,0.6975,-1,-1,-1
431,37,798.66,465.43,54.49,153.58,0.6949,-1,-1,-1
431,40,528.11,47.54,55.46,124.80,0.5481,-1,-1,-1
432,35,779.17,356.12,81.79,149.76,0.8423,-1,-1,-1
432,39,843.50,377.88,79.49,180.60,0.8421,-1,-1,-1
432,16,557.02,183.35,69.97,127.54,0.8296,-1,-1,-1
432,43,529.57,329.60,72.01,139.73,0.8084,-1,-1,-1
432,13,295.03,89.46,58.83,119.24,0.7870,-1,-1,-1
432,8,763.70,167.43,81.26,146.96,0.7770,-1,-1,-1
432,37,795.79,466.92,52.41,152.40,0.7660,-1,-1,-1
432,24,450.10,346.49,77.06,150.50,0.7339,-1,-1,-1
432,32,675.47,43.90,44.56,133.18,0.6680,-1,-1,-1
432,40,528.99,46.30,56.62,125.36,0.5444,-1,-1,-1
432,-1,1175.03,252.02,51.98,152.44,0.5223,-1,-1,-1
432,-1,769.28,114.10,39.83,120.97,0.5177,-1,-1,-1
433,39,856.01,380.22,88.30,178.93,0.8843,-1,-1,-1
433,35,791.72,354.57,77.72,145.92,0.8719,-1,-1,-1
433,16,556.00,184.47,69.69,126.45,0.8584,-1,-1,-1
433,43,547.03,331.10,62.01,137.47,0.8561,-1,-1,-1
433,8,762.17,168.01,81.79,146.57,0.8199,-1,-1,-1
433,24,448.26,371.82,86.25,127.54,0.8108,-1,-1,-1
433,13,293.21,89.03,59.07,119.78,0.7937,-1,-1,-1
433,37,789.92,469.48,52.77,149.69,0.7718,-1,-1,-1
433,32,674.51,45.33,44.57,131.72,0.7050,-1,-1,-1
433,-1,1173.28,253.44,50.62,150.41,0.5746,-1,-1,-1
433,40,529.19,46.03,56.31,125.20,0.5470,-1,-1,-1
434,39,861.32,378.81,87.44,178.39,0.8850,-1,-1,-1
434,24,448.44,360.22,102.46,139.37,0.8777,-1,-1,-1
434,43,551.06,333.40,61.20,134.43,0.8673,-1,-1,-1
434,16,555.43,184.68,68.26,126.20,0.8655,-1,-1,-1
434,35,796.50,354.93,75.33,157.44,0.8655,-1,-1,-1
434,8,760.77,167.34,82.77,147.10,0.8403,-1,-1,-1
434,13,291.85,89.57,59.65,119.26,0.8010,-1,-1,-1
434,37,786.19,468.39,53.45,151.43,0.7552,-1,-1,-1
434,32,672.83,46.89,46.16,130.24,0.6904,-1,-1,-1
434,44,1171.72,253.43,52.46,150.82,0.5768,-1,-1,-1
434,40,529.23,43.66,55.05,127.69,0.5270,-1,-1,-1
435,24,449.32,364.06,114.56,140.74,0.9074,-1,-1,-1
435,39,865.65,376.28,83.39,178.50,0.8952,-1,-1,-1
435,16,555.99,184.72,66.58,127.14,0.8726,-1,-1,-1
435,43,552.78,334.98,61.25,127.35,0.8618,-1,-1,-1
435,35,802.09,356.08,72.80,152.53,0.8565,-1,-1,-1
435,8,758.45,168.00,83.43,146.45,0.8154,-1,-1,-1
435,13,290.63,89.23,59.14,119.87,0.7840,-1,-1,-1
435,37,774.41,468.51,61.64,152.11,0.7217,-1,-1,-1
435,32,672.51,47.42,45.07,129.23,0.7068,-1,-1,-1
435,44,1170.85,252.27,51.63,152.50,0.6061,-1,-1,-1
435,40,529.39,45.04,53.29,126.31,0.5271,-1,-1,-1
436,39,868.45,373.02,79.90,179.13,0.9045,-1,-1,-1
436,24,454.11,369.22,112.21,136.56,0.8892,-1,-1,-1
436,35,808.39,357.86,69.95,149.37,0.8823,-1,-1,-1
436,16,555.39,184.69,65.67,127.45,0.8704,-1,-1,-1
436,8,758.46,167.58,82.05,147.00,0.8557,-1,-1,-1
436,43,546.30,336.21,77.70,126.37,0.8363,-1,-1,-1
436,13,288.18,89.41,59.53,119.47,0.7687,-1,-1,-1
436,32,672.30,48.20,44.67,128.24,0.7303,-1,-1,-1
436,37,769.13,468.90,62.76,151.55,0.7186,-1,-1,-1
436,44,1168.30,249.85,52.58,154.27,0.5926,-1,-1,-1
436,40,528.11,45.24,53.12,126.19,0.5451,-1,-1,-1
437,24,459.70,373.41,104.35,132.43,0.8917,-1,-1,-1
437,39,868.55,370.63,79.02,177.19,0.8900,-1,-1,-1
437,35,812.12,358.59,71.65,148.54,0.8890,-1,-1,-1
437,16,555.72,184.55,63.59,126.03,0.8593,-1,-1,-1
437,43,548.48,337.40,88.07,124.68,0.8464,-1,-1,-1
437,8,760.35,167.68,78.33,146.99,0.8167,-1,-1,-1
437,13,285.99,89.85,59.77,119.01,0.7568,-1,-1,-1
437,37,761.48,469.16,67.96,150.97,0.7534,-1,-1,-1
437,32,671.02,47.13,45.07,128.71,0.7281,-1,-1,-1
437,44,1166.22,250.51,53.47,152.90,0.5619,-1,-1,-1
437,40,528.06,45.02,51.92,125.85,0.5121,-1,-1,-1
438,39,879.29,365.89,65.77,164.89,0.8688,-1,-1,-1
438,43,552.46,340.73,108.20,121.34,0.8659,-1,-1,-1
438,16,556.50,184.48,58.97,125.33,0.8584,-1,-1,-1
438,35,819.46,358.79,78.52,148.58,0.8519,-1,-1,-1
438,24,473.64,372.72,99.55,133.08,0.8504,-1,-1,-1
438,8,766.74,166.16,68.42,151.31,0.7885,-1,-1,-1
438,37,749.53,469.19,74.45,150.33,0.7632,-1,-1,-1
438,13,283.93,90.31,59.15,118.98,0.7492,-1,-1,-1
438,32,668.91,44.72,46.65,130.16,0.7300,-1,-1,-1
438,40,525.43,46.01,50.42,125.05,0.5500,-1,-1,-1
438,-1,759.30,109.71,42.40,111.29,0.5103,-1,-1,-1
439,43,553.12,341.04,109.72,121.01,0.8597,-1,-1,-1
439,16,555.69,184.59,57.55,126.04,0.8583,-1,-1,-1
439,24,476.59,368.04,92.73,137.01,0.8330,-1,-1,-1
439,39,883.14,363.36,60.42,164.30,0.8304,-1,-1,-1
439,35,817.34,356.98,89.37,151.09,0.8255,-1,-1,-1
439,37,744.87,469.01,78.35,150.70,0.7605,-1,-1,-1
439,8,774.69,166.18,57.99,153.33,0.7440,-1,-1,-1
439,32,667.82,45.93,47.25,128.32,0.7413,-1,-1,-1
439,13,282.37,90.13,57.92,118.95,0.7344,-1,-1,-1
439,40,525.67,46.19,48.65,124.68,0.5756,-1,-1,-1
440,43,548.83,339.16,111.68,123.24,0.8684,-1,-1,-1
440,16,554.22,185.06,57.17,124.51,0.8486,-1,-1,-1
440,24,479.19,364.03,77.41,140.56,0.8316,-1,-1,-1
440,35,814.95,354.20,99.78,154.02,0.8109,-1,-1,-1
440,39,884.77,360.90,58.01,166.20,0.7791,-1,-1,-1
440,32,666.33,45.50,48.48,128.11,0.7568,-1,-1,-1
440,13,280.97,90.11,56.36,118.89,0.7320,-1,-1,-1
440,37,741.09,468.81,80.54,151.24,0.7027,-1,-1,-1
440,8,775.98,166.68,55.09,154.45,0.6668,-1,-1,-1
440,40,524.09,45.63,48.80,125.01,0.5861,-1,-1,-1
441,16,551.89,185.67,58.65,124.14,0.8571,-1,-1,-1
441,35,812.55,351.32,100.86,156.43,0.8478,-1,-1,-1
441,43,543.85,336.94,114.17,125.87,0.8306,-1,-1,-1
441,24,480.81,357.66,73.34,146.13,0.8089,-1,-1,-1
441,39,884.62,357.51,58.96,168.75,0.7916,-1,-1,-1
441,32,664.41,47.04,49.20,126.22,0.7727,-1,-1,-1
441,13,276.78,89.18,58.81,119.78,0.7376,-1,-1,-1
441,37,737.13,468.73,82.45,151.46,0.7291,-1,-1,-1
441,8,774.41,166.33,55.20,155.93,0.6734,-1,-1,-1
441,40,522.19,45.28,49.36,125.37,0.5974,-1,-1,-1
441,-1,752.06,113.87,45.37,106.96,0.5012,-1,-1,-1
442,35,813.55,348.61,100.09,157.76,0.8887,-1,-1,-1
442,43,542.54,332.15,113.47,130.33,0.8550,-1,-1,-1
442,16,549.20,186.27,58.44,123.85,0.8443,-1,-1,-1
442,24,482.00,351.57,68.40,149.72,0.8371,-1,-1,-1
442,39,884.64,353.96,61.65,170.78,0.8062,-1,-1,-1
442,13,273.83,89.44,58.94,119.51,0.7662,-1,-1,-1
442,32,659.84,46.72,51.45,126.51,0.7511,-1,-1,-1
442,37,733.84,468.60,83.13,151.55,0.7489,-1,-1,-1
442,8,774.64,166.24,55.02,157.53,0.6547,-1,-1,-1
442,40,520.18,45.16,49.97,125.35,0.6159,-1,-1,-1
442,-1,749.52,112.89,47.52,128.96,0.5581,-1,-1,-1
442,44,1155.75,251.03,51.04,150.21,0.5024,-1,-1,-1
443,35,828.85,343.43,80.26,156.09,0.8756,-1,-1,-1
443,43,535.42,321.42,115.95,141.62,0.8629,-1,-1,-1
443,16,544.25,188.11,61.08,119.58,0.8401,-1,-1,-1
443,24,477.88,342.61,57.99,149.17,0.8368,-1,-1,-1
443,39,887.33,344.87,58.93,176.91,0.8070,-1,-1,-1
443,37,728.20,466.74,80.04,153.72,0.7926,-1,-1,-1
443,13,270.13,89.63,57.07,119.70,0.7590,-1,-1,-1
443,32,658.60,45.27,47.74,127.32,0.7552,-1,-1,-1
443,8,773.29,167.14,51.58,157.40,0.7226,-1,-1,-1
443,45,744.99,109.47,45.87,135.45,0.5788,-1,-1,-1
443,40,514.11,44.34,51.31,125.87,0.5742,-1,-1,-1
443,44,1150.12,252.17,49.15,149.81,0.5283,-1,-1,-1
444,43,532.56,317.12,114.04,145.40,0.8594,-1,-1,-1
444,35,835.49,340.55,71.14,154.40,0.8587,-1,-1,-1
444,24,475.94,338.79,58.53,142.45,0.8371,-1,-1,-1
444,39,888.81,341.45,67.41,178.83,0.8249,-1,-1,-1
444,16,541.14,189.70,64.22,124.95,0.8204,-1,-1,-1
444,37,724.77,466.01,80.65,154.69,0.7959,-1,-1,-1
444,32,656.31,44.48,47.11,128.51,0.7690,-1,-1,-1
444,13,267.23,89.16,56.84,120.08,0.7667,-1,-1,-1
444,8,770.97,168.51,51.95,156.03,0.6996,-1,-1,-1
444,45,742.51,108.71,46.31,141.81,0.5966,-1,-1,-1
444,40,512.29,43.36,51.14,126.98,0.5858,-1,-1,-1
445,43,530.61,312.60,107.79,147.42,0.8462,-1,-1,-1
445,24,473.48,336.77,62.62,141.37,0.8333,-1,-1,-1
445,16,539.10,191.49,65.32,127.94,0.8209,-1,-1,-1
445,39,889.63,339.14,67.60,175.27,0.8063,-1,-1,-1
445,35,844.48,335.82,59.71,153.83,0.8062,-1,-1,-1
445,37,722.22,465.54,74.31,154.65,0.7816,-1,-1,-1
445,13,265.87,89.67,55.21,119.42,0.7489,-1,-1,-1
445,32,654.00,35.97,47.84,137.17,0.7416,-1,-1,-1
445,8,773.46,169.16,46.65,155.44,0.6561,-1,-1,-1
445,44,1144.83,251.00,51.02,151.43,0.5916,-1,-1,-1
445,40,510.50,43.40,51.38,126.75,0.5567,-1,-1,-1
445,45,740.83,108.24,45.93,128.46,0.5164,-1,-1,-1
446,24,471.83,335.02,67.94,142.90,0.8537,-1,-1,-1
446,16,537.22,193.69,67.27,125.43,0.8352,-1,-1,-1
446,43,531.65,309.28,98.07,146.60,0.8318,-1,-1,-1
446,35,853.21,333.68,51.28,150.19,0.7793,-1,-1,-1
446,37,718.64,465.08,69.81,155.45,0.7717,-1,-1,-1
446,13,264.67,89.32,54.91,119.85,0.7580,-1,-1,-1
446,32,653.31,42.02,46.90,130.90,0.7501,-1,-1,-1
446,39,888.22,336.84,67.17,170.56,0.6057,-1,-1,-1
446,8,752.33,170.30,65.02,154.42,0.5792,-1,-1,-1
446,45,738.16,109.99,45.84,124.37,0.5732,-1,-1,-1
446,40,510.27,43.39,49.40,126.92,0.5666,-1,-1,-1
446,44,1144.51,253.51,47.97,148.27,0.5653,-1,-1,-1
447,24,469.37,329.87,69.46,147.93,0.8550,-1,-1,-1
447,43,532.19,307.18,87.12,143.18,0.8435,-1,-1,-1
447,16,535.46,195.51,68.05,124.06,0.8280,-1,-1,-1
447,35,858.15,331.19,48.57,147.56,0.8010,-1,-1,-1
447,37,715.80,464.47,63.27,155.90,0.7957,-1,-1,-1
447,39,890.05,334.34,64.17,166.69,0.7854,-1,-1,-1
447,32,652.48,45.24,46.88,127.66,0.7585,-1,-1,-1
447,13,262.29,89.07,55.47,120.68,0.7555,-1,-1,-1
447,8,765.29,170.20,49.93,154.55,0.6715,-1,-1,-1
447,45,737.04,109.82,45.25,126.39,0.6185,-1,-1,-1
447,44,1142.27,251.58,47.98,151.46,0.5614,-1,-1,-1
447,40,510.20,42.51,48.49,127.86,0.5594,-1,-1,-1
448,24,465.31,319.14,67.85,156.03,0.8490,-1,-1,-1
448,39,893.81,329.95,64.50,156.91,0.8356,-1,-1,-1
448,16,533.28,197.72,67.90,123.09,0.8086,-1,-1,-1
448,13,261.08,89.14,54.42,120.67,0.7830,-1,-1,-1
448,35,861.96,329.01,47.26,144.36,0.7785,-1,-1,-1
448,37,708.48,463.81,52.12,155.88,0.7783,-1,-1,-1
448,32,650.56,45.13,48.55,128.18,0.7375,-1,-1,-1
448,43,540.81,307.18,60.72,134.54,0.7232,-1,-1,-1
448,8,763.66,170.25,51.44,154.68,0.6875,-1,-1,-1
448,44,1140.54,251.71,50.72,150.45,0.5877,-1,-1,-1
448,45,735.13,109.91,46.22,128.27,0.5870,-1,-1,-1
448,40,509.94,43.59,47.81,127.38,0.5801,-1,-1,-1
449,39,894.07,327.27,70.79,158.74,0.8286,-1,-1,-1
449,16,532.80,198.17,67.76,122.63,0.8224,-1,-1,-1
449,24,466.91,315.76,66.95,151.49,0.8167,-1,-1,-1
449,13,260.10,88.89,55.17,121.19,0.7940,-1,-1,-1
449,37,705.72,463.67,51.26,156.76,0.7800,-1,-1,-1
449,32,650.04,45.50,47.81,127.92,0.7429,-1,-1,-1
449,43,532.29,306.02,66.46,135.63,0.7413,-1,-1,-1
449,35,862.72,326.20,46.96,147.45,0.7407,-1,-1,-1
449,8,767.32,170.56,48.23,154.60,0.6670,-1,-1,-1
449,44,1139.22,252.81,51.45,149.67,0.5717,-1,-1,-1
449,45,735.89,110.79,44.67,124.23,0.5662,-1,-1,-1
449,40,510.06,43.65,47.09,127.89,0.5652,-1,-1,-1
450,24,460.32,312.21,75.13,139.47,0.8339,-1,-1,-1
450,39,897.35,324.80,73.33,159.73,0.8283,-1,-1,-1
450,16,532.56,198.43,67.48,122.45,0.8124,-1,-1,-1
450,13,259.03,89.52,55.66,120.62,0.7906,-1,-1,-1
450,37,703.35,463.72,51.69,156.75,0.7804,-1,-1,-1
450,32,649.38,45.65,47.95,127.81,0.7477,-1,-1,-1
450,43,540.89,304.42,59.48,138.73,0.7147,-1,-1,-1
450,35,862.54,324.06,49.14,150.10,0.7060,-1,-1,-1
450,8,761.40,169.90,54.83,155.34,0.6734,-1,-1,-1
450,45,735.96,110.84,44.62,123.13,0.6017,-1,-1,-1
450,44,1139.22,251.78,52.13,150.48,0.5825,-1,-1,-1
450,40,509.71,42.97,47.03,128.46,0.5751,-1,-1,-1
451,24,459.45,309.22,77.30,133.51,0.8516,-1,-1,-1
451,37,700.19,463.52,51.39,156.66,0.8146,-1,-1,-1
451,39,899.83,320.83,75.00,163.26,0.8099,-1,-1,-1
451,16,531.60,198.30,66.84,122.90,0.8016,-1,-1,-1
451,13,258.03,89.35,55.02,120.90,0.7893,-1,-1,-1
451,32,648.70,45.54,48.74,128.12,0.7523,-1,-1,-1
451,43,529.39,302.97,67.91,140.02,0.7181,-1,-1,-1
451,8,762.46,169.44,52.94,155.80,0.6951,-1,-1,-1
451,35,864.03,321.16,49.30,153.20,0.6936,-1,-1,-1
451,44,1138.07,251.27,52.67,151.26,0.6175,-1,-1,-1
451,40,508.95,42.58,46.74,128.94,0.5819,-1,-1,-1
451,45,735.73,109.57,44.42,126.35,0.5675,-1,-1,-1
452,39,901.58,316.99,76.86,166.25,0.8390,-1,-1,-1
452,37,696.28,463.54,52.13,157.09,0.8379,-1,-1,-1
452,24,461.03,306.55,75.29,135.72,0.8314,-1,-1,-1
452,16,530.68,198.52,66.74,122.88,0.7946,-1,-1,-1
452,35,865.11,318.61,47.56,155.60,0.7568,-1,-1,-1
452,13,258.51,89.60,53.25,120.83,0.7545,-1,-1,-1
452,43,514.93,299.20,76.87,144.30,0.7161,-1,-1,-1
452,32,647.42,41.29,51.63,132.52,0.7056,-1,-1,-1
452,8,765.42,168.79,48.33,156.40,0.7007,-1,-1,-1
452,44,1138.23,251.09,51.61,151.64,0.5840,-1,-1,-1
452,40,508.09,42.52,46.35,129.07,0.5366,-1,-1,-1
452,45,736.80,110.23,42.06,119.98,0.5191,-1,-1,-1
453,39,904.51,312.36,74.18,168.27,0.8579,-1,-1,-1
453,37,677.82,465.24,64.82,155.73,0.7813,-1,-1,-1
453,16,523.29,198.89,71.93,125.88,0.7766,-1,-1,-1
453,13,257.21,90.55,52.60,120.16,0.7553,-1,-1,-1
453,24,465.60,298.21,115.79,145.87,0.7304,-1,-1,-1
453,32,645.47,38.23,55.37,136.14,0.7266,-1,-1,-1
453,8,768.38,168.73,43.15,156.94,0.7215,-1,-1,-1
453,35,861.99,311.92,52.15,162.36,0.7033,-1,-1,-1
453,40,505.75,42.83,45.92,129.38,0.5721,-1,-1,-1
453,44,1137.66,251.74,51.15,151.79,0.5713,-1,-1,-1
454,39,905.78,309.74,70.54,169.39,0.8320,-1,-1,-1
454,24,468.09,294.10,76.12,148.42,0.7489,-1,-1,-1
454,37,668.61,466.12,71.37,154.99,0.7453,-1,-1,-1
454,13,253.69,91.23,54.43,119.71,0.7331,-1,-1,-1
454,16,516.12,199.57,69.86,104.65,0.7294,-1,-1,-1
454,35,863.70,309.88,54.58,161.72,0.7273,-1,-1,-1
454,32,644.45,40.90,56.33,133.48,0.7162,-1,-1,-1
454,8,763.45,169.44,49.08,156.65,0.7020,-1,-1,-1
454,43,539.81,282.75,73.54,161.76,0.6627,-1,-1,-1
454,44,1135.38,249.73,52.87,154.61,0.5755,-1,-1,-1
454,40,504.35,43.79,46.21,128.91,0.5337,-1,-1,-1
455,39,907.28,307.51,68.39,166.49,0.8320,-1,-1,-1
455,35,864.53,306.43,53.41,161.57,0.7850,-1,-1,-1
455,37,668.82,467.34,68.80,153.73,0.7633,-1,-1,-1
455,32,644.01,46.12,54.33,128.31,0.7552,-1,-1,-1
455,13,252.73,92.16,52.12,119.83,0.7541,-1,-1,-1
455,8,763.42,169.90,48.23,156.78,0.7046,-1,-1,-1
455,16,510.94,200.42,73.62,102.29,0.6973,-1,-1,-1
455,43,545.33,277.96,64.82,163.30,0.6295,-1,-1,-1
455,44,1134.57,250.31,52.99,154.49,0.5926,-1,-1,-1
455,40,502.66,43.56,46.52,129.51,0.5552,-1,-1,-1
455,24,469.71,289.71,103.19,152.38,0.5535,-1,-1,-1
456,39,908.81,305.19,65.71,161.43,0.8293,-1,-1,-1
456,13,250.74,92.98,53.06,119.67,0.7368,-1,-1,-1
456,32,642.40,45.95,55.12,128.86,0.7292,-1,-1,-1
456,37,667.34,468.75,68.59,152.90,0.7176,-1,-1,-1
456,35,858.19,302.85,57.24,160.92,0.7139,-1,-1,-1
456,8,759.78,170.58,53.35,156.51,0.6891,-1,-1,-1
456,24,474.80,286.95,75.93,140.57,0.6753,-1,-1,-1
456,16,526.28,201.46,62.07,101.73,0.6672,-1,-1,-1
456,43,546.31,276.08,61.78,160.87,0.6410,-1,-1,-1
456,44,1133.61,251.50,52.93,154.12,0.6046,-1,-1,-1
456,40,500.72,43.71,46.15,129.55,0.5345,-1,-1,-1
457,39,906.43,301.70,67.13,158.09,0.8331,-1,-1,-1
457,13,247.65,93.48,53.95,121.74,0.7467,-1,-1,-1
457,37,666.91,469.88,67.73,151.39,0.7355,-1,-1,-1
457,24,476.73,283.57,71.81,137.06,0.7273,-1,-1,-1
457,35,858.62,298.49,53.24,161.42,0.7110,-1,-1,-1
457,8,759.91,170.46,54.45,156.85,0.7070,-1,-1,-1
457,43,550.52,265.56,59.22,165.52,0.6853,-1,-1,-1
457,32,639.73,35.75,54.25,140.00,0.6808,-1,-1,-1
457,16,502.90,203.61,78.62,98.09,0.6635,-1,-1,-1
457,44,1132.15,251.02,53.57,157.43,0.5876,-1,-1,-1
457,40,498.83,43.50,45.72,130.37,0.5496,-1,-1,-1
458,39,905.03,298.27,67.41,158.73,0.7952,-1,-1,-1
458,13,244.87,93.70,54.13,123.97,0.7910,-1,-1,-1
458,37,663.84,471.09,68.46,149.99,0.7124,-1,-1,-1
458,32,637.84,38.91,51.29,137.79,0.7078,-1,-1,-1
458,8,753.31,170.63,60.86,156.43,0.7065,-1,-1,-1
458,35,859.35,294.44,51.78,160.36,0.6787,-1,-1,-1
458,24,480.36,280.62,73.42,123.33,0.6372,-1,-1,-1
458,16,499.91,205.80,83.82,95.09,0.6360,-1,-1,-1
458,43,547.16,259.93,65.34,164.84,0.6269,-1,-1,-1
458,40,496.06,45.13,46.49,129.38,0.5622,-1,-1,-1
458,44,1128.54,252.28,56.24,157.52,0.5493,-1,-1,-1
459,39,897.76,289.93,70.94,163.76,0.8004,-1,-1,-1
459,13,238.61,94.26,54.41,128.10,0.7824,-1,-1,-1
459,8,738.91,171.60,74.55,156.82,0.7629,-1,-1,-1
459,37,661.04,473.38,64.82,147.89,0.7562,-1,-1,-1
459,24,481.57,282.13,92.24,120.47,0.7391,-1,-1,-1
459,32,634.46,48.34,52.44,129.01,0.7192,-1,-1,-1
459,43,548.58,248.56,64.44,149.73,0.7143,-1,-1,-1
459,35,858.30,286.75,52.33,155.57,0.6105,-1,-1,-1
459,40,491.03,45.25,47.03,130.73,0.5989,-1,-1,-1
459,16,493.90,212.81,82.78,105.78,0.5751,-1,-1,-1
459,44,1126.91,254.43,55.67,155.56,0.5122,-1,-1,-1
460,39,885.08,287.51,82.36,163.65,0.8597,-1,-1,-1
460,8,740.37,172.10,75.21,157.05,0.7717,-1,-1,-1
460,43,546.73,254.55,65.90,141.43,0.7633,-1,-1,-1
460,32,631.92,46.34,51.97,131.77,0.7589,-1,-1,-1
460,13,235.15,95.57,54.67,127.76,0.7453,-1,-1,-1
460,37,658.45,474.65,64.07,146.74,0.7287,-1,-1,-1
460,35,849.78,283.41,60.18,154.99,0.6426,-1,-1,-1
460,40,488.49,46.34,46.71,130.21,0.6269,-1,-1,-1
460,16,491.48,218.06,82.93,97.04,0.6090,-1,-1,-1
460,24,480.14,281.82,69.63,119.76,0.6072,-1,-1,-1
460,44,1127.16,256.03,54.40,154.21,0.5509,-1,-1,-1
461,39,888.86,285.08,79.13,161.12,0.8232,-1,-1,-1
461,13,231.42,96.87,56.44,127.05,0.7795,-1,-1,-1
461,32,629.57,45.45,53.09,132.86,0.7602,-1,-1,-1
461,8,736.22,174.83,81.43,154.90,0.7436,-1,-1,-1
461,37,653.92,475.71,63.63,145.44,0.7344,-1,-1,-1
461,35,856.06,281.46,47.97,153.33,0.6436,-1,-1,-1
461,43,546.71,259.33,68.71,127.16,0.6346,-1,-1,-1
461,40,485.78,46.06,44.89,131.19,0.6015,-1,-1,-1
461,44,1127.79,258.14,52.50,152.95,0.5457,-1,-1,-1
461,24,478.64,281.83,72.72,116.23,0.5215,-1,-1,-1
462,39,885.10,282.65,84.53,160.03,0.8441,-1,-1,-1
462,13,226.66,97.15,57.45,127.60,0.7992,-1,-1,-1
462,32,628.37,49.16,51.54,129.67,0.7955,-1,-1,-1
462,8,743.32,178.04,73.21,152.60,0.7613,-1,-1,-1
462,37,650.20,477.10,63.48,143.64,0.7602,-1,-1,-1
462,35,855.88,281.24,46.14,151.11,0.6611,-1,-1,-1
462,43,547.03,256.56,64.26,120.58,0.6488,-1,-1,-1
462,24,486.61,282.52,86.95,112.64,0.6481,-1,-1,-1
462,40,482.93,46.78,45.04,130.90,0.5921,-1,-1,-1
462,44,1126.53,257.48,50.03,155.60,0.5251,-1,-1,-1
462,16,503.06,227.87,60.29,80.52,0.5249,-1,-1,-1
463,39,891.99,281.69,80.27,159.57,0.8191,-1,-1,-1
463,13,221.67,97.27,58.39,127.91,0.8164,-1,-1,-1
463,32,625.84,48.25,51.93,130.93,0.7482,-1,-1,-1
463,8,743.12,181.20,71.57,150.39,0.7399,-1,-1,-1
463,37,643.89,478.55,65.54,142.15,0.7376,-1,-1,-1
463,24,491.91,280.47,81.56,112.38,0.7018,-1,-1,-1
463,35,853.74,280.95,52.09,151.60,0.6640,-1,-1,-1
463,43,548.16,255.62,64.59,116.30,0.6429,-1,-1,-1
463,44,1125.76,258.53,51.53,154.74,0.5674,-1,-1,-1
463,40,480.62,46.67,45.22,131.24,0.5669,-1,-1,-1
463,16,506.74,230.31,58.01,79.48,0.5352,-1,-1,-1
463,-1,709.36,183.29,63.06,122.18,0.5195,-1,-1,-1
464,39,889.84,281.44,86.02,157.44,0.8225,-1,-1,-1
464,13,214.70,98.21,61.30,127.66,0.7815,-1,-1,-1
464,37,637.09,479.78,64.80,140.96,0.7495,-1,-1,-1
464,32,622.96,45.64,51.07,133.69,0.7459,-1,-1,-1
464,8,733.70,187.66,79.92,145.00,0.7094,-1,-1,-1
464,43,542.45,254.89,86.23,124.46,0.6840,-1,-1,-1
464,35,854.47,281.28,49.38,153.93,0.6621,-1,-1,-1
464,24,488.93,277.22,87.59,114.64,0.6024,-1,-1,-1
464,44,1124.96,258.19,53.76,156.12,0.5712,-1,-1,-1
464,40,477.55,45.86,44.76,132.40,0.5597,-1,-1,-1
464,-1,446.08,277.99,132.66,112.05,0.5279,-1,-1,-1
464,-1,704.71,187.38,58.61,123.51,0.5069,-1,-1,-1
465,13,211.93,96.97,60.80,128.50,0.7906,-1,-1,-1
465,39,895.29,281.55,81.71,158.01,0.7781,-1,-1,-1
465,43,544.94,254.44,87.89,124.72,0.7114,-1,-1,-1
465,37,635.00,480.44,65.85,140.43,0.7112,-1,-1,-1
465,32,622.87,43.59,51.51,135.36,0.7111,-1,-1,-1
465,8,726.89,195.63,87.04,136.98,0.6848,-1,-1,-1
465,35,855.10,280.05,48.72,155.52,0.6571,-1,-1,-1
465,-1,443.95,274.79,123.69,116.52,0.6374,-1,-1,-1
465,16,503.82,226.65,56.58,89.60,0.6128,-1,-1,-1
465,40,477.11,45.07,45.40,132.74,0.5590,-1,-1,-1
465,46,707.03,187.83,55.53,125.98,0.5398,-1,-1,-1
465,44,1126.93,258.54,55.22,156.39,0.5394,-1,-1,-1
466,13,210.91,96.00,56.89,129.19,0.7951,-1,-1,-1
466,32,623.66,46.96,49.85,131.19,0.7656,-1,-1,-1
466,39,899.25,281.19,79.84,158.44,0.7624,-1,-1,-1
466,37,633.25,481.01,66.91,139.67,0.7576,-1,-1,-1
466,47,442.03,275.20,128.95,115.32,0.7254,-1,-1,-1
466,43,553.86,253.80,80.69,122.98,0.7154,-1,-1,-1
466,35,854.38,278.00,59.91,157.80,0.6681,-1,-1,-1
466,8,727.79,191.69,86.63,140.95,0.6451,-1,-1,-1
466,16,499.37,223.05,61.28,98.00,0.6409,-1,-1,-1
466,46,703.97,188.02,55.16,127.89,0.5867,-1,-1,-1
466,40,476.69,43.43,45.98,133.84,0.5696,-1,-1,-1
466,44,1128.26,256.58,55.59,158.64,0.5569,-1,-1,-1
467,39,902.04,280.38,77.65,156.76,0.8015,-1,-1,-1
467,37,631.78,481.36,68.59,139.19,0.7859,-1,-1,-1
467,13,208.74,95.92,53.79,128.56,0.7772,-1,-1,-1
467,47,439.48,274.60,132.17,115.38,0.7691,-1,-1,-1
467,32,624.25,46.12,50.49,131.63,0.7656,-1,-1,-1
467,43,557.59,252.30,77.00,125.61,0.7485,-1,-1,-1
467,8,722.56,186.99,92.90,146.11,0.7085,-1,-1,-1
467,16,495.84,217.46,71.77,110.76,0.6931,-1,-1,-1
467,35,852.91,276.35,57.67,159.53,0.6906,-1,-1,-1
467,44,1130.26,257.11,55.41,157.97,0.6027,-1,-1,-1
467,46,704.72,186.51,51.30,130.68,0.5934,-1,-1,-1
467,40,476.83,42.99,45.76,133.89,0.5579,-1,-1,-1
468,43,570.12,250.75,64.64,110.60,0.8323,-1,-1,-1
468,47,437.56,269.65,137.24,119.87,0.8171,-1,-1,-1
468,13,209.32,95.61,52.33,128.92,0.7877,-1,-1,-1
468,32,624.96,44.94,49.88,132.61,0.7776,-1,-1,-1
468,37,631.38,482.07,69.37,138.51,0.7759,-1,-1,-1
468,39,896.64,279.57,83.34,154.73,0.7696,-1,-1,-1
468,8,721.25,184.52,95.44,148.88,0.7115,-1,-1,-1
468,16,490.40,212.15,83.60,119.61,0.6993,-1,-1,-1
468,35,850.09,274.50,63.20,161.44,0.6984,-1,-1,-1
468,44,1131.97,256.11,56.03,159.01,0.6280,-1,-1,-1
468,46,704.68,185.31,51.60,132.12,0.5722,-1,-1,-1
468,40,477.09,42.92,45.64,133.79,0.5642,-1,-1,-1
469,43,572.44,246.19,64.68,115.27,0.8630,-1,-1,-1
469,47,437.56,260.85,145.00,127.95,0.8529,-1,-1,-1
469,8,717.74,179.05,99.42,155.37,0.7831,-1,-1,-1
469,37,631.30,483.27,71.22,137.55,0.7794,-1,-1,-1
469,13,208.77,95.46,53.15,129.22,0.7757,-1,-1,-1
469,39,891.81,276.69,91.02,145.45,0.7659,-1,-1,-1
469,32,624.66,41.71,53.01,135.79,0.7454,-1,-1,-1
469,35,851.07,272.41,59.89,162.19,0.7034,-1,-1,-1
469,16,483.65,204.01,87.14,135.93,0.6214,-1,-1,-1
469,44,1137.43,258.01,54.26,157.67,0.5900,-1,-1,-1
469,40,478.16,41.85,46.18,134.77,0.5875,-1,-1,-1
469,24,483.65,203.93,99.28,162.13,0.5278,-1,-1,-1
470,13,207.35,95.55,54.53,128.27,0.7269,-1,-1,-1
470,43,572.56,244.01,63.96,117.42,0.7148,-1,-1,-1
470,32,619.89,42.94,58.72,134.78,0.6812,-1,-1,-1
470,8,712.25,177.05,97.85,156.28,0.6756,-1,-1,-1
470,37,633.92,484.98,69.57,135.36,0.6652,-1,-1,-1
470,39,901.46,274.71,82.14,140.88,0.6532,-1,-1,-1
470,47,471.16,258.77,115.65,129.29,0.6359,-1,-1,-1
470,35,851.85,270.55,69.57,161.06,0.6353,-1,-1,-1
470,40,478.62,42.91,46.35,132.89,0.6036,-1,-1,-1
470,16,474.56,200.39,84.62,122.77,0.5206,-1,-1,-1
470,44,1139.77,257.51,54.53,159.65,0.5202,-1,-1,-1
471,47,437.26,253.67,156.41,136.22,0.8814,-1,-1,-1
471,43,573.99,240.01,65.79,123.26,0.8515,-1,-1,-1
471,13,208.65,96.50,54.32,127.78,0.8134,-1,-1,-1
471,37,632.78,484.31,73.07,136.83,0.7585,-1,-1,-1
471,8,715.62,177.14,97.15,157.00,0.7508,-1,-1,-1
471,39,901.12,270.86,83.90,140.00,0.7485,-1,-1,-1
471,35,851.96,266.18,67.35,162.26,0.7155,-1,-1,-1
471,16,472.87,194.79,90.48,129.02,0.7075,-1,-1,-1
471,32,618.78,42.34,60.85,135.20,0.6541,-1,-1,-1
471,44,1142.13,256.99,53.69,159.86,0.5671,-1,-1,-1
471,40,480.54,42.25,46.22,133.56,0.5611,-1,-1,-1
471,46,674.30,176.15,77.29,139.89,0.5397,-1,-1,-1
472,47,436.81,252.70,129.93,135.16,0.8785,-1,-1,-1
472,43,572.30,237.43,69.02,153.22,0.8270,-1,-1,-1
472,13,209.51,95.42,54.65,129.24,0.8005,-1,-1,-1
472,39,903.91,267.78,79.75,138.64,0.7717,-1,-1,-1
472,37,634.41,484.95,73.83,136.43,0.7394,-1,-1,-1
472,16,477.69,191.60,73.14,126.15,0.7275,-1,-1,-1
472,35,855.54,262.96,72.71,158.16,0.7009,-1,-1,-1
472,8,718.39,177.99,87.36,148.70,0.6960,-1,-1,-1
472,32,616.49,43.63,66.44,133.91,0.6302,-1,-1,-1
472,40,480.80,41.58,47.88,134.71,0.5821,-1,-1,-1
472,44,1144.44,256.58,56.39,160.45,0.5553,-1,-1,-1
472,46,676.47,176.77,70.68,138.01,0.5115,-1,-1,-1
473,47,438.88,251.72,121.83,137.11,0.8231,-1,-1,-1
473,13,210.21,93.86,56.24,131.63,0.8072,-1,-1,-1
473,43,575.07,236.20,67.87,148.78,0.8045,-1,-1,-1
473,35,857.40,259.28,70.31,160.20,0.7368,-1,-1,-1
473,37,636.69,485.47,73.79,135.41,0.7346,-1,-1,-1
473,16,478.22,187.91,63.78,131.88,0.7275,-1,-1,-1
473,39,906.82,264.32,74.70,139.72,0.7187,-1,-1,-1
473,8,719.20,177.38,79.19,144.45,0.6481,-1,-1,-1
473,32,629.48,43.55,53.90,134.05,0.6140,-1,-1,-1
473,40,482.12,40.63,48.76,136.05,0.5719,-1,-1,-1
473,44,1148.05,257.19,55.31,161.46,0.5587,-1,-1,-1
473,46,679.10,177.05,67.36,135.87,0.5185,-1,-1,-1
474,43,577.46,237.77,74.69,126.46,0.8746,-1,-1,-1
474,47,434.16,251.40,109.50,136.81,0.8435,-1,-1,-1
474,16,476.14,182.06,66.50,134.36,0.8224,-1,-1,-1
474,13,207.42,91.59,62.51,133.26,0.8220,-1,-1,-1
474,37,642.57,486.03,73.95,135.16,0.7897,-1,-1,-1
474,35,860.49,253.52,62.48,155.20,0.7617,-1,-1,-1
474,8,708.37,175.82,75.22,151.82,0.7506,-1,-1,-1
474,39,911.91,258.81,61.42,144.65,0.7279,-1,-1,-1
474,32,604.15,40.84,87.91,136.41,0.6241,-1,-1,-1
474,40,488.90,40.00,48.22,135.30,0.6060,-1,-1,-1
474,44,1157.56,257.06,53.65,161.44,0.5655,-1,-1,-1
475,47,431.23,250.82,105.46,137.68,0.8842,-1,-1,-1
475,43,579.43,239.73,80.79,132.55,0.8301,-1,-1,-1
475,16,475.58,180.45,68.62,133.38,0.8098,-1,-1,-1
475,13,207.07,92.81,64.91,131.77,0.8017,-1,-1,-1
475,37,645.82,486.22,74.05,134.93,0.7960,-1,-1,-1
475,35,860.77,251.83,63.42,154.74,0.7932,-1,-1,-1
475,39,911.79,256.23,62.84,147.13,0.7538,-1,-1,-1
475,8,712.91,174.30,66.39,156.70,0.6936,-1,-1,-1
475,32,614.67,39.63,87.09,136.93,0.6146,-1,-1,-1
475,40,491.77,39.00,47.78,135.77,0.5847,-1,-1,-1
475,44,1161.72,256.24,56.17,161.38,0.5593,-1,-1,-1
475,46,690.06,175.35,59.45,132.02,0.5115,-1,-1,-1
476,47,429.47,249.45,109.22,138.67,0.8464,-1,-1,-1
476,35,860.79,250.67,70.17,155.03,0.8225,-1,-1,-1
476,43,581.63,242.50,87.61,146.34,0.8129,-1,-1,-1
476,13,208.07,92.90,67.94,131.49,0.8014,-1,-1,-1
476,16,475.37,178.61,67.12,128.08,0.7883,-1,-1,-1
476,37,649.43,486.22,73.76,134.70,0.7859,-1,-1,-1
476,39,917.79,254.57,60.96,148.51,0.7495,-1,-1,-1
476,32,642.55,41.49,56.81,134.75,0.6685,-1,-1,-1
476,8,710.28,174.90,69.76,156.76,0.6623,-1,-1,-1
476,44,1165.45,255.56,56.70,162.42,0.6121,-1,-1,-1
476,40,495.02,38.97,47.19,135.53,0.5477,-1,-1,-1
476,46,687.79,174.92,65.25,132.19,0.5417,-1,-1,-1
477,47,425.63,248.12,114.63,139.29,0.8948,-1,-1,-1
477,43,584.52,245.96,94.22,148.14,0.8640,-1,-1,-1
477,35,858.57,250.77,72.98,155.09,0.8344,-1,-1,-1
477,37,653.20,486.29,73.16,134.15,0.8090,-1,-1,-1
477,13,210.16,92.93,69.43,131.29,0.8046,-1,-1,-1
477,16,475.38,177.99,64.28,122.12,0.8026,-1,-1,-1
477,39,911.87,252.76,70.62,149.99,0.7771,-1,-1,-1
477,8,705.65,174.47,75.29,158.88,0.7385,-1,-1,-1
477,32,648.45,41.86,51.75,134.29,0.7018,-1,-1,-1
477,40,497.83,38.43,48.37,136.50,0.5659,-1,-1,-1
477,44,1169.95,257.25,55.09,161.18,0.5446,-1,-1,-1
477,45,731.75,98.93,46.03,115.92,0.5108,-1,-1,-1
477,46,685.08,175.01,69.68,132.55,0.5077,-1,-1,-1
478,43,587.62,249.59,98.26,145.88,0.8758,-1,-1,-1
478,35,854.96,252.10,78.94,153.67,0.8684,-1,-1,-1
478,13,213.56,93.22,70.31,130.73,0.8288,-1,-1,-1
478,47,428.97,246.96,110.19,137.59,0.8263,-1,-1,-1
478,39,913.34,252.65,74.68,149.78,0.8078,-1,-1,-1
478,16,475.43,177.35,60.07,119.65,0.7978,-1,-1,-1
478,37,657.44,486.10,73.25,134.57,0.7916,-1,-1,-1
478,8,707.64,174.35,75.91,160.81,0.7829,-1,-1,-1
478,32,650.24,41.52,54.67,134.55,0.6583,-1,-1,-1
478,44,1173.66,256.93,55.38,162.37,0.5905,-1,-1,-1
478,40,502.20,38.87,48.24,135.65,0.5550,-1,-1,-1
478,46,683.72,174.81,72.09,134.17,0.5468,-1,-1,-1
478,45,737.32,98.03,43.73,132.53,0.5062,-1,-1,-1
479,35,856.32,254.69,82.16,151.65,0.8777,-1,-1,-1
479,43,593.03,256.10,103.15,143.35,0.8588,-1,-1,-1
479,37,666.16,486.35,71.87,134.40,0.8360,-1,-1,-1
479,47,436.34,247.89,96.09,133.13,0.8062,-1,-1,-1
479,13,222.65,93.41,69.42,130.70,0.7977,-1,-1,-1
479,8,718.08,180.06,70.33,157.94,0.7881,-1,-1,-1
479,39,922.91,254.03,69.34,145.88,0.7766,-1,-1,-1
479,16,477.52,174.52,52.83,139.97,0.7488,-1,-1,-1
479,32,648.54,40.74,64.64,135.58,0.6241,-1,-1,-1
479,40,510.79,39.28,47.80,134.60,0.5594,-1,-1,-1
479,44,1180.76,257.81,57.78,162.03,0.5497,-1,-1,-1
479,45,750.59,104.09,38.03,126.57,0.5088,-1,-1,-1
480,35,860.07,255.66,82.65,150.39,0.8830,-1,-1,-1
480,37,670.51,486.80,70.79,133.62,0.8315,-1,-1,-1
480,13,225.41,94.23,70.56,129.54,0.8116,-1,-1,-1
480,43,594.75,258.23,104.86,139.65,0.8068,-1,-1,-1
480,16,478.29,171.74,52.91,144.40,0.8039,-1,-1,-1
480,8,722.32,183.56,68.06,154.46,0.7820,-1,-1,-1
480,47,413.98,250.36,97.50,129.05,0.7428,-1,-1,-1
480,39,930.45,254.40,64.93,145.57,0.7354,-1,-1,-1
480,40,514.32,38.50,48.50,135.73,0.6480,-1,-1,-1
480,32,643.24,39.98,73.76,136.43,0.5942,-1,-1,-1
480,45,754.22,104.25,38.83,127.26,0.5744,-1,-1,-1
480,-1,635.14,662.25,55.02,57.73,0.5273,-1,-1,-1
480,46,689.09,177.61,70.52,122.44,0.5185,-1,-1,-1
481,35,864.24,255.42,81.12,150.87,0.8991,-1,-1,-1
481,16,480.58,169.07,53.84,147.21,0.8589,-1,-1,-1
481,37,674.76,486.98,70.84,133.66,0.8517,-1,-1,-1
481,43,594.68,258.20,106.21,142.63,0.8367,-1,-1,-1
481,47,410.35,252.67,84.72,128.56,0.8334,-1,-1,-1
481,13,228.21,94.85,72.19,129.45,0.8201,-1,-1,-1
481,39,935.66,253.53,63.45,145.59,0.7955,-1,-1,-1
481,8,725.05,188.92,65.81,149.69,0.7890,-1,-1,-1
481,40,519.61,39.65,48.72,134.55,0.6090,-1,-1,-1
481,45,758.10,102.05,38.32,128.90,0.6083,-1,-1,-1
481,32,654.45,40.35,66.67,136.43,0.5902,-1,-1,-1
481,-1,639.09,662.87,55.49,57.01,0.5154,-1,-1,-1
482,35,868.65,253.93,80.80,152.17,0.8830,-1,-1,-1
482,16,483.88,167.53,53.26,148.65,0.8677,-1,-1,-1
482,47,409.27,253.76,83.36,123.21,0.8275,-1,-1,-1
482,37,679.40,487.33,69.89,133.36,0.8258,-1,-1,-1
482,13,230.56,94.89,72.43,129.44,0.8136,-1,-1,-1
482,39,939.07,252.61,64.12,146.96,0.7562,-1,-1,-1
482,43,595.34,257.07,102.80,107.84,0.7411,-1,-1,-1
482,32,672.22,40.31,56.47,136.63,0.6530,-1,-1,-1
482,8,697.73,178.50,92.34,160.48,0.6267,-1,-1,-1
482,40,524.40,39.33,47.96,135.31,0.6121,-1,-1,-1
482,45,760.66,101.78,40.45,129.56,0.6073,-1,-1,-1
482,44,1197.10,259.86,55.72,162.30,0.5203,-1,-1,-1
483,35,873.23,251.77,83.04,153.58,0.8841,-1,-1,-1
483,16,485.00,165.80,53.95,149.69,0.8497,-1,-1,-1
483,13,232.99,94.44,70.26,130.56,0.8279,-1,-1,-1
483,47,412.21,254.30,78.37,128.17,0.8208,-1,-1,-1
483,43,595.40,255.03,96.69,142.60,0.8195,-1,-1,-1
483,37,683.26,487.88,70.30,133.03,0.7947,-1,-1,-1
483,39,938.13,251.68,69.72,149.21,0.7870,-1,-1,-1
483,32,678.43,42.04,51.57,135.61,0.6971,-1,-1,-1
483,8,696.14,178.83,90.73,160.84,0.6761,-1,-1,-1
483,45,762.10,101.21,42.00,130.84,0.5928,-1,-1,-1
483,40,527.87,40.33,49.08,135.18,0.5847,-1,-1,-1
484,47,407.67,253.70,88.95,143.91,0.8968,-1,-1,-1
484,35,881.58,247.86,82.61,156.62,0.8752,-1,-1,-1
484,16,490.68,163.21,48.87,145.07,0.8532,-1,-1,-1
484,43,594.57,248.33,83.57,154.78,0.8498,-1,-1,-1
484,13,239.50,95.97,65.65,129.92,0.8148,-1,-1,-1
484,37,691.18,489.34,69.51,131.12,0.8145,-1,-1,-1
484,39,950.82,250.61,68.99,153.37,0.7470,-1,-1,-1
484,45,766.98,106.02,43.42,127.53,0.6746,-1,-1,-1
484,32,673.05,43.01,65.72,136.05,0.6197,-1,-1,-1
484,8,701.54,180.34,86.12,160.59,0.5898,-1,-1,-1
484,40,537.65,42.32,47.05,134.55,0.5853,-1,-1,-1
484,-1,655.08,665.00,55.33,54.78,0.5247,-1,-1,-1
484,46,699.97,182.73,62.41,117.48,0.5005,-1,-1,-1
485,47,408.85,253.35,88.72,150.08,0.8836,-1,-1,-1
485,35,884.20,246.49,87.60,156.54,0.8551,-1,-1,-1
485,37,694.77,490.22,69.14,130.01,0.8277,-1,-1,-1
485,16,493.06,162.07,48.20,142.49,0.8198,-1,-1,-1
485,43,593.44,245.93,76.50,124.88,0.7922,-1,-1,-1
485,13,243.78,96.10,62.85,130.10,0.7808,-1,-1,-1
485,39,952.27,252.01,73.27,153.20,0.6843,-1,-1,-1
485,45,769.22,105.76,44.88,127.85,0.6810,-1,-1,-1
485,32,676.40,41.68,67.15,137.89,0.6702,-1,-1,-1
485,8,727.79,181.07,69.34,160.93,0.6241,-1,-1,-1
485,-1,712.41,661.39,58.26,58.76,0.5112,-1,-1,-1
485,44,1213.34,262.24,57.21,164.17,0.5083,-1,-1,-1
486,47,406.58,253.87,88.33,152.97,0.9004,-1,-1,-1
486,43,592.08,245.06,83.43,160.06,0.8442,-1,-1,-1
486,35,886.30,246.45,89.05,157.29,0.8376,-1,-1,-1
486,13,246.77,97.49,62.22,129.04,0.8286,-1,-1,-1
486,37,697.77,491.31,69.48,128.84,0.8187,-1,-1,-1
486,16,494.74,159.54,48.37,139.81,0.8046,-1,-1,-1
486,39,950.07,253.54,80.13,154.60,0.7281,-1,-1,-1
486,45,772.93,105.22,43.91,128.80,0.6700,-1,-1,-1
486,32,677.17,42.42,70.15,138.46,0.6440,-1,-1,-1
486,8,715.07,181.50,85.03,161.33,0.6363,-1,-1,-1
486,40,544.53,42.99,48.57,135.48,0.5630,-1,-1,-1
486,44,1217.83,265.43,50.05,161.73,0.5130,-1,-1,-1
486,-1,714.97,661.81,58.89,58.26,0.5124,-1,-1,-1
487,47,406.17,254.93,83.19,153.33,0.8857,-1,-1,-1
487,13,248.24,98.69,63.32,128.59,0.8621,-1,-1,-1
487,35,888.18,247.49,95.73,155.48,0.8535,-1,-1,-1
487,43,590.18,244.72,83.49,154.51,0.8281,-1,-1,-1
487,37,700.01,492.34,70.89,128.21,0.8255,-1,-1,-1
487,39,944.58,255.81,89.13,155.14,0.8056,-1,-1,-1
487,16,496.87,158.02,47.65,136.74,0.7855,-1,-1,-1
487,8,713.55,182.61,83.28,160.93,0.7003,-1,-1,-1
487,45,776.84,107.90,42.74,127.88,0.6654,-1,-1,-1
487,32,675.22,44.05,75.24,137.80,0.6472,-1,-1,-1
487,-1,775.77,659.05,65.69,60.95,0.5344,-1,-1,-1
487,48,718.91,662.77,59.79,57.27,0.5271,-1,-1,-1
488,47,400.18,256.05,82.73,152.36,0.9064,-1,-1,-1
488,35,891.64,249.37,97.62,157.41,0.8531,-1,-1,-1
488,13,251.69,98.19,61.85,130.26,0.8194,-1,-1,-1
488,43,587.21,245.85,81.54,145.55,0.8145,-1,-1,-1
488,37,703.23,493.72,70.08,126.64,0.8118,-1,-1,-1
488,16,497.88,153.99,47.89,136.87,0.7652,-1,-1,-1
488,39,959.64,258.81,77.38,155.63,0.7524,-1,-1,-1
488,8,725.67,184.03,72.37,160.67,0.7227,-1,-1,-1
488,45,780.39,107.79,41.48,128.68,0.6176,-1,-1,-1
488,32,673.83,43.73,78.93,138.80,0.5957,-1,-1,-1
488,46,712.55,183.18,46.10,119.86,0.5880,-1,-1,-1
488,-1,778.00,659.49,65.95,60.58,0.5195,-1,-1,-1
489,47,394.46,255.80,69.66,154.07,0.8759,-1,-1,-1
489,35,896.28,254.86,85.35,154.58,0.8748,-1,-1,-1
489,43,575.03,251.03,83.07,153.24,0.8576,-1,-1,-1
489,13,255.63,99.27,63.38,130.94,0.8441,-1,-1,-1
489,37,707.58,495.66,71.26,124.74,0.8081,-1,-1,-1
489,8,743.04,185.06,54.24,161.54,0.8021,-1,-1,-1
489,16,498.70,153.39,48.07,135.22,0.7895,-1,-1,-1
489,39,967.86,265.45,72.66,158.17,0.7097,-1,-1,-1
489,46,713.81,181.92,46.09,123.10,0.6542,-1,-1,-1
489,32,681.57,48.13,78.98,136.34,0.6522,-1,-1,-1
489,45,783.24,107.19,40.56,131.06,0.6353,-1,-1,-1
489,44,1220.73,267.43,58.83,163.95,0.5201,-1,-1,-1
490,47,390.41,255.46,62.67,154.77,0.8704,-1,-1,-1
490,35,897.90,257.52,85.63,153.46,0.8474,-1,-1,-1
490,43,564.95,254.69,84.78,154.83,0.8361,-1,-1,-1
490,13,258.43,99.81,62.64,130.83,0.8285,-1,-1,-1
490,37,708.44,496.37,71.96,123.96,0.8138,-1,-1,-1
490,16,498.54,153.34,48.21,135.83,0.7947,-1,-1,-1
490,8,742.32,185.21,54.65,162.15,0.7412,-1,-1,-1
490,39,965.88,267.79,68.26,160.02,0.6962,-1,-1,-1
490,32,705.02,49.18,57.62,136.02,0.6941,-1,-1,-1
490,45,784.29,103.24,40.89,140.59,0.6406,-1,-1,-1
490,46,715.43,180.26,46.95,124.82,0.5918,-1,-1,-1
490,40,559.17,48.11,48.47,133.91,0.5707,-1,-1,-1
490,44,1219.80,268.37,59.79,162.52,0.5053,-1,-1,-1
491,47,396.54,255.18,50.23,155.30,0.8626,-1,-1,-1
491,37,709.60,497.21,72.05,123.22,0.8012,-1,-1,-1
491,35,899.52,258.66,85.09,153.24,0.8003,-1,-1,-1
491,13,260.97,99.41,61.41,132.07,0.7972,-1,-1,-1
491,43,560.04,258.93,82.78,153.49,0.7864,-1,-1,-1
491,16,497.96,154.40,48.27,135.11,0.7654,-1,-1,-1
491,8,741.97,184.76,56.30,163.39,0.7568,-1,-1,-1
491,39,969.01,269.90,60.40,162.46,0.7041,-1,-1,-1
491,32,710.61,50.64,51.32,135.08,0.6864,-1,-1,-1
491,46,715.58,178.63,43.99,127.51,0.6351,-1,-1,-1
491,45,785.51,104.89,39.71,140.37,0.6347,-1,-1,-1
491,40,561.42,48.78,48.22,134.64,0.5678,-1,-1,-1
492,47,395.98,255.98,47.04,154.83,0.8749,-1,-1,-1
492,37,711.06,498.05,72.27,122.27,0.8362,-1,-1,-1
492,13,261.17,99.92,62.97,131.87,0.8295,-1,-1,-1
492,35,901.28,258.61,83.88,154.46,0.8158,-1,-1,-1
492,43,561.72,263.83,75.45,150.48,0.8140,-1,-1,-1
492,16,496.96,155.10,48.11,135.13,0.7540,-1,-1,-1
492,8,743.04,183.90,55.95,165.04,0.7424,-1,-1,-1
492,39,970.32,272.31,61.06,161.84,0.7149,-1,-1,-1
492,46,713.07,175.29,51.11,131.99,0.6626,-1,-1,-1
492,32,715.07,51.54,48.02,132.79,0.6546,-1,-1,-1
492,45,787.02,105.22,39.31,135.86,0.6290,-1,-1,-1
492,40,561.34,49.60,49.43,134.69,0.5885,-1,-1,-1
493,47,391.82,257.40,46.38,155.12,0.8514,-1,-1,-1
493,35,902.94,257.76,83.16,156.71,0.8450,-1,-1,-1
493,43,568.49,267.25,63.63,151.74,0.8247,-1,-1,-1
493,37,712.03,498.78,72.30,121.56,0.8210,-1,-1,-1
493,13,263.23,100.72,62.03,131.61,0.8037,-1,-1,-1
493,16,495.88,158.95,47.83,132.59,0.7976,-1,-1,-1
493,39,970.36,274.11,63.32,160.99,0.7602,-1,-1,-1
493,8,742.49,183.49,56.78,165.76,0.7303,-1,-1,-1
493,45,786.15,104.39,40.63,145.68,0.6688,-1,-1,-1
493,46,713.58,178.37,50.42,129.42,0.6492,-1,-1,-1
493,32,715.64,51.16,48.58,134.61,0.6093,-1,-1,-1
493,40,561.39,51.05,50.05,134.62,0.5688,-1,-1,-1
493,44,1222.00,268.26,57.54,163.60,0.5007,-1,-1,-1
494,47,373.44,263.07,55.20,157.28,0.8694,-1,-1,-1
494,43,562.74,270.40,62.38,155.51,0.8415,-1,-1,-1
494,37,712.66,500.00,72.94,120.39,0.8316,-1,-1,-1
494,13,265.92,102.90,61.08,131.38,0.8164,-1,-1,-1
494,16,492.07,162.09,49.07,131.05,0.7888,-1,-1,-1
494,8,745.27,182.12,51.53,167.61,0.7735,-1,-1,-1
494,39,970.98,278.00,63.26,158.16,0.7613,-1,-1,-1
494,35,906.86,258.04,78.16,157.34,0.7402,-1,-1,-1
494,45,786.07,104.84,41.02,147.16,0.6691,-1,-1,-1
494,46,707.14,176.84,50.23,137.00,0.6319,-1,-1,-1
494,32,717.67,53.17,47.56,132.40,0.6027,-1,-1,-1
494,40,561.87,52.99,50.92,134.28,0.5833,-1,-1,-1
494,44,1225.88,267.45,53.93,165.84,0.5287,-1,-1,-1
495,47,368.76,267.75,56.00,154.44,0.8718,-1,-1,-1
495,37,712.89,500.38,73.29,120.21,0.8302,-1,-1,-1
495,43,562.89,270.94,59.79,155.78,0.8214,-1,-1,-1
495,13,266.69,104.70,60.52,130.51,0.7921,-1,-1,-1
495,39,966.88,279.43,66.83,157.50,0.7897,-1,-1,-1
495,16,490.62,160.25,48.88,133.89,0.7885,-1,-1,-1
495,8,742.04,178.11,51.27,171.73,0.7627,-1,-1,-1
495,46,700.20,176.63,54.95,139.91,0.7122,-1,-1,-1
495,35,908.80,259.43,68.12,142.20,0.6949,-1,-1,-1
495,45,785.44,108.12,41.75,143.80,0.6562,-1,-1,-1
495,32,718.14,54.63,47.16,132.84,0.6245,-1,-1,-1
495,40,561.12,53.65,51.96,134.75,0.5857,-1,-1,-1
495,44,1226.89,268.95,52.83,164.31,0.5821,-1,-1,-1
496,47,367.63,273.30,52.57,152.06,0.8568,-1,-1,-1
496,43,562.03,268.98,59.14,158.10,0.8266,-1,-1,-1
496,37,712.86,501.05,73.66,119.36,0.8231,-1,-1,-1
496,39,967.50,280.83,65.67,156.72,0.8120,-1,-1,-1
496,13,268.62,105.98,59.44,130.08,0.8069,-1,-1,-1
496,16,489.92,158.69,48.29,135.98,0.7915,-1,-1,-1
496,35,913.65,261.67,70.71,156.78,0.6931,-1,-1,-1
496,45,785.16,106.39,41.94,147.02,0.6625,-1,-1,-1
496,32,719.20,57.50,46.63,124.92,0.6245,-1,-1,-1
496,8,723.27,173.56,65.21,175.48,0.6171,-1,-1,-1
496,46,691.12,177.97,62.44,143.14,0.5948,-1,-1,-1
496,44,1227.05,269.23,52.75,164.11,0.5787,-1,-1,-1
497,47,361.36,278.43,55.48,152.94,0.8632,-1,-1,-1
497,43,562.97,268.58,57.04,159.48,0.8374,-1,-1,-1
497,37,713.11,501.89,73.95,118.33,0.8265,-1,-1,-1
497,13,269.07,107.35,60.13,130.25,0.8180,-1,-1,-1
497,39,968.38,282.29,64.33,155.57,0.8092,-1,-1,-1
497,16,488.94,157.57,47.99,138.21,0.8075,-1,-1,-1
497,8,722.99,185.47,64.04,160.58,0.7082,-1,-1,-1
497,45,785.01,108.84,41.63,145.26,0.7059,-1,-1,-1
497,35,924.83,265.09,57.15,154.33,0.6955,-1,-1,-1
497,32,718.07,59.46,49.09,130.25,0.6462,-1,-1,-1
497,46,682.46,187.08,64.98,136.06,0.6395,-1,-1,-1
497,44,1226.22,269.43,53.57,164.65,0.5880,-1,-1,-1
497,40,562.11,56.17,50.46,133.79,0.5422,-1,-1,-1
498,43,563.57,267.64,54.57,161.44,0.8544,-1,-1,-1
498,47,354.06,282.45,61.51,151.15,0.8533,-1,-1,-1
498,37,713.33,502.81,73.78,117.00,0.8320,-1,-1,-1
498,16,489.24,154.81,45.76,141.92,0.8043,-1,-1,-1
498,13,270.76,108.74,59.88,130.45,0.8000,-1,-1,-1
498,39,955.15,283.95,76.02,155.02,0.7547,-1,-1,-1
498,8,726.22,187.75,60.68,157.92,0.7222,-1,-1,-1
498,46,673.79,189.70,64.83,136.76,0.6904,-1,-1,-1
498,45,784.77,107.46,41.72,147.73,0.6796,-1,-1,-1
498,32,716.28,59.92,51.33,133.33,0.6709,-1,-1,-1
498,35,930.18,269.31,44.48,131.09,0.6177,-1,-1,-1
498,44,1224.67,270.34,55.34,164.56,0.5795,-1,-1,-1
499,47,332.82,288.35,75.56,151.91,0.8909,-1,-1,-1
499,43,563.64,266.74,52.41,163.58,0.8433,-1,-1,-1
499,37,714.01,504.45,72.10,115.33,0.8215,-1,-1,-1
499,16,486.97,152.82,44.67,141.73,0.8147,-1,-1,-1
499,8,708.64,191.76,76.56,153.87,0.7906,-1,-1,-1
499,13,274.78,111.47,57.86,129.89,0.7641,-1,-1,-1
499,32,714.00,61.90,57.95,134.18,0.7388,-1,-1,-1
499,39,948.09,287.59,80.61,152.97,0.7170,-1,-1,-1
499,45,781.25,108.02,44.54,149.83,0.7077,-1,-1,-1
499,46,662.93,193.38,65.86,139.67,0.7007,-1,-1,-1
499,44,1221.65,272.08,58.15,163.02,0.5756,-1,-1,-1
499,40,559.26,61.61,51.27,131.33,0.5374,-1,-1,-1
499,-1,928.89,279.71,69.18,141.06,0.5312,-1,-1,-1
499,35,927.77,278.78,42.41,121.72,0.5105,-1,-1,-1
500,47,325.43,290.42,79.23,153.71,0.9073,-1,-1,-1
500,43,563.42,266.93,52.14,164.74,0.8478,-1,-1,-1
500,8,705.33,193.40,79.77,151.32,0.8141,-1,-1,-1
500,16,485.51,152.92,44.95,139.70,0.8067,-1,-1,-1
500,37,714.69,504.93,69.06,114.96,0.7927,-1,-1,-1
500,39,954.25,289.93,73.41,151.56,0.7860,-1,-1,-1
500,32,713.50,64.90,58.89,133.02,0.7379,-1,-1,-1
500,13,275.93,113.79,58.51,129.57,0.7336,-1,-1,-1
500,46,660.51,195.13,69.81,140.84,0.7188,-1,-1,-1
500,45,780.47,111.44,45.26,148.53,0.7127,-1,-1,-1
500,44,1218.50,273.04,61.16,163.14,0.5651,-1,-1,-1
500,35,923.79,284.13,49.04,132.34,0.5321,-1,-1,-1
501,47,325.08,293.24,74.54,154.32,0.9096,-1,-1,-1
501,8,693.87,195.23,90.63,149.61,0.8959,-1,-1,-1
501,43,562.40,268.09,52.77,164.96,0.8508,-1,-1,-1
501,37,714.81,505.83,67.06,114.20,0.8067,-1,-1,-1
501,16,484.06,152.26,45.07,138.23,0.8060,-1,-1,-1
501,39,949.13,291.23,77.63,151.46,0.7730,-1,-1,-1
501,13,278.22,115.41,59.50,129.01,0.7678,-1,-1,-1
501,46,656.80,196.29,65.71,140.80,0.7666,-1,-1,-1
501,32,713.12,68.42,61.31,131.39,0.7644,-1,-1,-1
501,45,779.83,107.75,45.48,153.34,0.7000,-1,-1,-1
501,35,915.63,287.86,67.10,141.87,0.5776,-1,-1,-1
501,44,1215.99,274.56,63.74,149.16,0.5458,-1,-1,-1
502,47,325.13,297.06,70.88,153.63,0.9048,-1,-1,-1
502,8,689.82,196.52,94.22,148.49,0.8528,-1,-1,-1
502,43,561.20,269.06,53.37,164.07,0.8422,-1,-1,-1
502,37,713.26,506.64,67.45,113.40,0.7953,-1,-1,-1
502,13,280.29,117.15,60.66,128.66,0.7751,-1,-1,-1
502,16,482.14,153.36,45.52,136.05,0.7671,-1,-1,-1
502,46,653.66,197.83,66.53,141.42,0.7493,-1,-1,-1
502,32,717.03,68.61,57.39,131.36,0.7322,-1,-1,-1
502,45,780.71,109.33,43.30,153.39,0.6973,-1,-1,-1
502,39,940.26,293.11,84.64,150.61,0.6873,-1,-1,-1
502,44,1213.79,275.91,65.98,158.47,0.5651,-1,-1,-1
502,35,908.75,291.44,67.36,141.13,0.5519,-1,-1,-1
503,47,325.60,300.26,69.43,152.39,0.9068,-1,-1,-1
503,43,560.99,271.29,52.99,161.48,0.8392,-1,-1,-1
503,8,688.95,191.63,94.16,153.79,0.8331,-1,-1,-1
503,37,710.82,507.87,68.04,112.31,0.8063,-1,-1,-1
503,13,281.51,119.27,62.42,128.89,0.7526,-1,-1,-1
503,46,650.21,200.23,64.93,142.64,0.7496,-1,-1,-1
503,16,479.85,152.59,47.12,132.38,0.7471,-1,-1,-1
503,45,779.50,115.48,44.51,147.90,0.7115,-1,-1,-1
503,32,721.56,67.98,55.53,133.73,0.6818,-1,-1,-1
503,39,935.66,294.64,88.16,149.75,0.6470,-1,-1,-1
503,35,905.13,294.08,67.49,141.12,0.5745,-1,-1,-1
503,44,1211.38,277.30,67.57,148.32,0.5274,-1,-1,-1
504,47,324.69,302.79,65.56,153.00,0.9051,-1,-1,-1
504,8,681.19,196.97,99.56,150.86,0.8735,-1,-1,-1
504,43,556.38,274.58,57.49,160.23,0.8566,-1,-1,-1
504,39,920.62,297.39,99.61,149.32,0.8231,-1,-1,-1
504,16,469.80,156.25,55.13,131.81,0.8216,-1,-1,-1
504,37,705.68,510.67,66.78,109.47,0.8211,-1,-1,-1
504,46,643.92,205.20,64.58,137.76,0.7707,-1,-1,-1
504,13,283.72,124.02,67.15,126.98,0.7666,-1,-1,-1
504,45,778.30,119.13,45.05,146.20,0.6803,-1,-1,-1
504,32,717.44,70.70,60.25,134.08,0.6556,-1,-1,-1
504,35,902.66,297.02,61.49,142.70,0.6152,-1,-1,-1
505,47,322.76,302.72,66.23,153.03,0.9138,-1,-1,-1
505,8,674.28,196.36,105.16,151.94,0.8574,-1,-1,-1
505,43,554.96,276.31,58.95,158.96,0.8573,-1,-1,-1
505,39,913.76,298.11,105.01,149.95,0.8243,-1,-1,-1
505,37,702.35,511.99,67.36,107.87,0.8239,-1,-1,-1
505,16,469.16,157.29,54.74,132.08,0.8179,-1,-1,-1
505,13,285.60,126.01,69.64,126.11,0.7647,-1,-1,-1
505,46,642.30,207.94,61.50,136.60,0.7596,-1,-1,-1
505,35,901.58,297.41,52.36,138.88,0.6965,-1,-1,-1
505,45,778.17,120.07,44.30,145.58,0.6597,-1,-1,-1
505,32,720.63,71.87,60.70,134.39,0.6038,-1,-1,-1
506,47,322.66,302.28,63.66,153.40,0.9107,-1,-1,-1
506,39,914.16,299.22,101.35,149.38,0.8558,-1,-1,-1
506,43,555.47,277.30,58.35,158.86,0.8476,-1,-1,-1
506,8,678.19,196.60,97.45,150.82,0.8437,-1,-1,-1
506,37,699.33,513.37,66.80,106.52,0.8208,-1,-1,-1
506,16,469.22,159.16,53.54,130.92,0.8160,-1,-1,-1
506,13,287.83,127.16,70.51,125.81,0.7835,-1,-1,-1
506,46,638.49,209.49,65.94,136.59,0.7782,-1,-1,-1
506,35,900.68,297.59,51.07,138.11,0.6783,-1,-1,-1
506,45,777.43,120.76,44.11,145.50,0.6512,-1,-1,-1
506,32,717.83,71.87,63.49,134.91,0.6050,-1,-1,-1
507,47,319.97,302.82,63.88,154.89,0.9148,-1,-1,-1
507,39,912.72,299.87,100.27,150.46,0.8684,-1,-1,-1
507,43,557.23,278.40,56.76,158.31,0.8518,-1,-1,-1
507,8,677.63,196.60,92.83,151.73,0.8467,-1,-1,-1
507,16,468.08,160.75,53.65,129.84,0.8293,-1,-1,-1
507,13,287.89,128.80,74.96,124.44,0.8202,-1,-1,-1
507,46,631.68,210.47,67.68,134.97,0.7887,-1,-1,-1
507,37,695.37,514.15,66.05,106.04,0.7785,-1,-1,-1
507,35,898.60,297.24,51.11,137.81,0.7002,-1,-1,-1
507,45,777.05,119.18,44.33,147.41,0.6514,-1,-1,-1
507,32,720.78,74.26,59.71,133.41,0.5764,-1,-1,-1
508,47,314.43,304.33,68.68,157.87,0.9118,-1,-1,-1
508,39,912.43,300.31,97.54,152.57,0.8759,-1,-1,-1
508,43,557.89,279.56,55.98,157.75,0.8483,-1,-1,-1
508,8,669.76,196.45,91.41,151.04,0.8362,-1,-1,-1
508,13,287.81,129.78,78.07,124.28,0.8243,-1,-1,-1
508,16,467.05,161.56,53.99,129.52,0.8159,-1,-1,-1
508,37,692.19,515.17,65.11,104.70,0.7759,-1,-1,-1
508,46,623.41,210.59,76.47,135.39,0.7380,-1,-1,-1
508,35,897.62,297.11,51.51,137.73,0.6777,-1,-1,-1
508,45,776.93,121.24,43.49,145.13,0.6231,-1,-1,-1
508,32,726.80,75.14,54.33,132.87,0.5375,-1,-1,-1
509,47,303.99,310.40,74.54,161.08,0.9060,-1,-1,-1
509,39,909.27,303.00,92.76,153.58,0.8637,-1,-1,-1
509,8,650.72,194.65,99.25,149.99,0.8464,-1,-1,-1
509,46,608.24,207.28,98.08,141.63,0.8314,-1,-1,-1
509,43,559.11,281.00,54.79,157.53,0.8274,-1,-1,-1
509,16,465.73,161.88,54.03,129.90,0.8010,-1,-1,-1
509,13,287.78,133.38,81.82,122.50,0.8004,-1,-1,-1
509,37,683.83,515.92,64.30,104.20,0.7460,-1,-1,-1
509,45,773.53,129.38,43.50,136.85,0.6847,-1,-1,-1
509,35,893.89,295.16,44.09,139.78,0.6487,-1,-1,-1
509,32,733.19,78.05,44.93,131.23,0.5614,-1,-1,-1
510,47,301.14,315.27,76.03,161.39,0.9048,-1,-1,-1
510,39,908.41,303.84,88.09,152.94,0.8377,-1,-1,-1
510,43,558.49,281.18,55.37,157.80,0.8186,-1,-1,-1
510,13,287.58,133.87,83.78,122.66,0.8123,-1,-1,-1
510,37,679.07,515.97,63.73,104.06,0.8063,-1,-1,-1
510,46,599.91,204.36,91.76,143.34,0.8054,-1,-1,-1
510,16,465.04,162.03,53.69,130.02,0.8032,-1,-1,-1
510,8,643.90,194.25,81.78,150.55,0.7728,-1,-1,-1
510,45,773.89,130.37,41.43,136.45,0.6763,-1,-1,-1
510,35,891.64,294.45,44.56,140.07,0.6582,-1,-1,-1
510,32,734.99,78.79,43.23,131.10,0.5950,-1,-1,-1
511,47,299.07,320.20,76.49,163.28,0.9051,-1,-1,-1
511,43,558.40,282.03,54.57,157.67,0.8330,-1,-1,-1
511,39,907.49,304.06,84.47,152.63,0.8319,-1,-1,-1
511,46,594.33,202.79,90.11,145.16,0.8087,-1,-1,-1
511,16,463.95,160.86,53.80,131.60,0.8016,-1,-1,-1
511,13,287.18,134.45,84.67,122.28,0.7992,-1,-1,-1
511,8,635.52,193.91,75.95,152.17,0.7591,-1,-1,-1
511,37,675.30,516.27,62.47,103.57,0.7325,-1,-1,-1
511,45,769.00,130.31,45.37,137.04,0.6747,-1,-1,-1
511,35,888.38,295.13,46.33,140.29,0.6163,-1,-1,-1
511,32,735.76,79.42,43.33,131.00,0.6080,-1,-1,-1
512,47,295.81,324.66,77.52,165.07,0.9108,-1,-1,-1
512,39,905.77,304.26,83.62,152.69,0.8412,-1,-1,-1
512,43,557.39,282.62,55.12,156.83,0.8165,-1,-1,-1
512,46,588.23,201.31,84.14,140.32,0.8066,-1,-1,-1
512,8,626.55,192.89,74.24,154.82,0.7905,-1,-1,-1
512,13,286.44,135.23,85.36,121.89,0.7839,-1,-1,-1
512,16,462.81,160.14,53.75,132.99,0.7665,-1,-1,-1
512,37,670.99,516.53,61.01,103.03,0.7030,-1,-1,-1
512,45,769.92,132.01,43.07,135.25,0.6570,-1,-1,-1
512,32,735.41,79.15,44.69,131.65,0.5923,-1,-1,-1
512,35,883.93,294.04,47.22,141.60,0.5609,-1,-1,-1
513,47,293.43,328.51,77.21,166.52,0.9026,-1,-1,-1
513,39,904.33,304.88,71.46,153.96,0.8419,-1,-1,-1
513,46,577.22,202.44,81.84,133.58,0.8100,-1,-1,-1
513,43,557.52,280.63,54.54,159.28,0.7994,-1,-1,-1
513,13,286.57,135.49,83.63,122.16,0.7943,-1,-1,-1
513,16,461.73,159.89,53.18,133.18,0.7696,-1,-1,-1
513,8,623.28,192.56,70.30,155.70,0.7266,-1,-1,-1
513,37,667.04,515.99,59.48,103.41,0.7176,-1,-1,-1
513,45,768.97,131.68,43.13,136.20,0.6575,-1,-1,-1
513,35,879.07,293.69,45.68,142.01,0.5872,-1,-1,-1
513,32,736.68,79.75,42.93,131.68,0.5863,-1,-1,-1
514,47,290.77,334.16,75.68,166.58,0.9006,-1,-1,-1
514,39,902.16,306.11,62.05,160.42,0.8129,-1,-1,-1
514,13,287.85,135.21,79.68,123.01,0.7963,-1,-1,-1
514,43,556.30,282.85,77.98,156.62,0.7709,-1,-1,-1
514,8,611.29,196.01,69.64,147.22,0.7646,-1,-1,-1
514,16,459.72,158.22,51.85,134.02,0.7620,-1,-1,-1
514,37,659.15,516.65,58.41,103.13,0.7190,-1,-1,-1
514,46,557.99,201.26,76.52,124.34,0.6718,-1,-1,-1
514,45,768.08,134.34,41.14,134.06,0.6491,-1,-1,-1
514,35,875.63,294.64,43.67,142.81,0.5678,-1,-1,-1
514,32,735.28,80.78,43.82,131.41,0.5654,-1,-1,-1
515,47,290.28,336.76,73.50,165.40,0.8986,-1,-1,-1
515,39,900.38,307.00,57.15,162.38,0.8020,-1,-1,-1
515,16,458.91,158.60,51.44,133.56,0.7694,-1,-1,-1
515,13,290.10,135.24,76.05,122.92,0.7638,-1,-1,-1
515,8,609.68,196.75,63.16,149.33,0.7437,-1,-1,-1
515,35,875.45,295.49,46.32,150.62,0.7256,-1,-1,-1
515,37,654.59,517.20,58.11,103.14,0.7229,-1,-1,-1
515,45,765.56,135.29,41.76,134.09,0.6652,-1,-1,-1
515,32,734.67,84.21,45.68,128.39,0.5355,-1,-1,-1
516,47,289.66,340.08,71.49,164.88,0.9044,-1,-1,-1
516,13,292.83,135.33,72.93,122.56,0.7779,-1,-1,-1
516,39,899.56,308.85,50.92,166.22,0.7632,-1,-1,-1
516,16,457.90,158.13,51.16,134.33,0.7518,-1,-1,-1
516,8,603.53,197.91,64.56,152.50,0.7341,-1,-1,-1
516,37,649.63,517.36,58.13,102.49,0.6927,-1,-1,-1
516,35,872.54,296.36,46.41,153.34,0.6719,-1,-1,-1
516,45,764.91,138.57,40.32,131.79,0.6697,-1,-1,-1
516,32,733.15,83.31,47.37,129.29,0.5677,-1,-1,-1
517,47,288.85,341.95,70.59,165.56,0.8949,-1,-1,-1
517,35,871.01,297.51,46.27,153.47,0.7793,-1,-1,-1
517,13,295.64,135.48,69.92,122.98,0.7596,-1,-1,-1
517,39,898.95,310.08,48.78,167.21,0.7479,-1,-1,-1
517,16,456.93,158.85,51.03,134.27,0.7381,-1,-1,-1
517,8,600.37,199.74,65.16,151.35,0.7194,-1,-1,-1
517,45,763.94,136.81,40.73,133.45,0.6979,-1,-1,-1
517,37,643.74,518.27,59.07,102.52,0.6725,-1,-1,-1
517,43,538.66,282.37,71.38,157.89,0.5817,-1,-1,-1
517,32,732.95,85.91,44.60,126.38,0.5555,-1,-1,-1
517,44,1162.16,281.40,55.28,144.40,0.5197,-1,-1,-1
517,46,531.55,191.18,68.09,156.22,0.5029,-1,-1,-1
518,47,288.82,343.70,69.24,165.37,0.9004,-1,-1,-1
518,35,869.71,298.73,45.99,154.60,0.7777,-1,-1,-1
518,8,595.02,201.98,71.25,148.67,0.7605,-1,-1,-1
518,13,300.67,135.44,63.62,123.86,0.7459,-1,-1,-1
518,43,549.29,283.89,60.94,156.81,0.7358,-1,-1,-1
518,16,455.25,159.51,51.37,134.39,0.7291,-1,-1,-1
518,39,898.67,312.89,45.75,165.79,0.7289,-1,-1,-1
518,46,523.54,188.38,63.16,124.13,0.6616,-1,-1,-1
518,45,762.91,139.94,40.30,130.72,0.6607,-1,-1,-1
518,37,637.80,519.39,60.02,101.36,0.6402,-1,-1,-1
518,32,732.03,86.54,45.64,124.99,0.5431,-1,-1,-1
518,44,1160.80,279.80,54.73,146.07,0.5263,-1,-1,-1
519,47,289.16,345.94,67.38,164.09,0.9079,-1,-1,-1
519,39,894.11,317.79,47.37,165.76,0.7905,-1,-1,-1
519,35,867.14,301.58,43.53,152.44,0.7858,-1,-1,-1
519,46,518.64,184.79,63.73,167.40,0.7588,-1,-1,-1
519,8,577.56,205.32,86.16,145.54,0.7551,-1,-1,-1
519,37,625.08,521.40,62.83,98.57,0.7150,-1,-1,-1
519,16,452.93,160.79,50.55,133.82,0.7124,-1,-1,-1
519,13,311.52,135.44,50.66,126.64,0.7005,-1,-1,-1
519,45,760.54,137.54,41.51,133.46,0.6417,-1,-1,-1
519,44,1155.78,280.83,57.85,145.58,0.5609,-1,-1,-1
519,43,564.60,286.45,42.32,155.66,0.5172,-1,-1,-1
520,47,289.70,347.58,66.21,162.48,0.9057,-1,-1,-1
520,39,892.02,320.34,47.54,165.85,0.8029,-1,-1,-1
520,35,865.50,302.55,42.88,151.82,0.7895,-1,-1,-1
520,46,508.26,184.45,62.32,165.29,0.7885,-1,-1,-1
520,16,452.23,160.93,49.27,134.45,0.7121,-1,-1,-1
520,13,314.85,135.72,46.82,127.43,0.6872,-1,-1,-1
520,37,621.42,522.78,61.23,98.36,0.6655,-1,-1,-1
520,45,753.68,137.76,47.86,133.54,0.6381,-1,-1,-1
520,8,564.38,205.40,95.75,238.21,0.6181,-1,-1,-1
520,44,1153.22,280.51,58.12,145.43,0.6008,-1,-1,-1
521,47,289.97,349.38,65.23,163.14,0.9011,-1,-1,-1
521,46,489.27,184.95,72.60,137.96,0.7777,-1,-1,-1
521,16,451.06,160.69,49.76,134.52,0.7288,-1,-1,-1
521,35,864.34,303.79,46.48,151.81,0.7266,-1,-1,-1
521,39,888.42,323.31,50.46,164.31,0.7149,-1,-1,-1
521,37,616.88,524.06,60.50,96.86,0.7045,-1,-1,-1
521,13,315.27,135.92,45.63,126.69,0.6747,-1,-1,-1
521,45,752.99,137.84,47.98,133.94,0.6666,-1,-1,-1
521,8,550.47,205.99,109.47,237.73,0.6456,-1,-1,-1
521,44,1151.04,280.59,59.23,145.99,0.5957,-1,-1,-1
521,32,732.50,87.10,45.07,125.19,0.5048,-1,-1,-1
522,47,291.33,351.93,64.22,164.23,0.9017,-1,-1,-1
522,46,481.42,186.05,77.58,163.00,0.7516,-1,-1,-1
522,16,449.57,161.21,51.89,134.65,0.7032,-1,-1,-1
522,13,314.84,136.11,46.84,127.01,0.6973,-1,-1,-1
522,35,862.61,304.09,46.28,151.68,0.6829,-1,-1,-1
522,37,611.59,525.01,60.33,96.00,0.6802,-1,-1,-1
522,45,750.81,137.98,50.07,133.96,0.6307,-1,-1,-1
522,39,887.31,325.63,48.38,165.10,0.6257,-1,-1,-1
522,44,1148.34,279.39,62.51,147.55,0.5565,-1,-1,-1
522,8,560.41,206.95,98.32,142.48,0.5093,-1,-1,-1
523,47,291.97,355.75,63.87,166.76,0.8969,-1,-1,-1
523,46,471.78,187.57,83.65,160.26,0.7776,-1,-1,-1
523,35,861.06,304.05,43.27,151.18,0.7599,-1,-1,-1
523,39,887.54,327.61,45.89,164.75,0.7088,-1,-1,-1
523,16,448.14,162.30,52.86,133.21,0.7057,-1,-1,-1
523,45,749.95,138.73,50.70,133.62,0.6901,-1,-1,-1
523,13,314.45,136.65,46.29,126.51,0.6780,-1,-1,-1
523,8,542.09,208.10,107.20,233.52,0.6410,-1,-1,-1
523,37,605.31,526.71,60.85,93.62,0.6189,-1,-1,-1
523,44,1145.67,279.69,59.62,146.90,0.5311,-1,-1,-1
524,47,292.53,362.16,65.24,170.44,0.9130,-1,-1,-1
524,46,459.74,187.76,84.18,147.54,0.7808,-1,-1,-1
524,8,528.04,208.44,99.33,237.69,0.7763,-1,-1,-1
524,35,859.18,304.28,54.11,152.16,0.7129,-1,-1,-1
524,13,312.63,138.18,46.66,126.01,0.6931,-1,-1,-1
524,16,446.95,164.71,50.28,131.37,0.6606,-1,-1,-1
524,37,598.13,525.67,56.74,94.12,0.6459,-1,-1,-1
524,45,749.22,139.55,49.52,133.36,0.6180,-1,-1,-1
524,39,881.66,331.36,48.21,162.69,0.5788,-1,-1,-1
524,44,1142.91,278.70,55.68,147.93,0.5465,-1,-1,-1
525,47,292.11,364.99,65.95,170.55,0.9080,-1,-1,-1
525,8,524.84,207.01,98.05,240.85,0.7494,-1,-1,-1
525,46,458.73,186.72,81.40,148.49,0.7477,-1,-1,-1
525,13,311.40,138.73,45.56,126.78,0.6982,-1,-1,-1
525,37,593.82,526.10,54.30,94.49,0.6319,-1,-1,-1
525,35,858.36,304.43,47.24,151.46,0.6220,-1,-1,-1
525,16,446.72,165.78,49.31,131.61,0.6129,-1,-1,-1
525,45,748.56,139.45,48.74,133.40,0.6016,-1,-1,-1
525,44,1140.62,278.23,53.31,148.14,0.5739,-1,-1,-1
526,47,292.02,367.46,66.38,170.47,0.9043,-1,-1,-1
526,8,517.28,207.37,61.74,147.99,0.7989,-1,-1,-1
526,-1,558.68,290.87,65.47,157.30,0.7979,-1,-1,-1
526,46,457.43,185.50,78.88,145.23,0.7217,-1,-1,-1
526,39,879.52,332.64,49.83,161.54,0.6874,-1,-1,-1
526,13,309.89,139.35,46.42,127.94,0.6769,-1,-1,-1
526,37,603.68,524.86,38.27,82.53,0.6488,-1,-1,-1
526,45,749.10,139.66,47.86,133.31,0.6044,-1,-1,-1
526,44,1138.45,278.30,53.28,148.48,0.5803,-1,-1,-1
526,35,856.88,304.54,67.36,151.58,0.5461,-1,-1,-1
526,16,446.31,167.40,45.56,130.62,0.5126,-1,-1,-1
527,47,291.70,370.04,66.90,170.28,0.9034,-1,-1,-1
527,-1,558.93,291.97,66.94,156.39,0.8280,-1,-1,-1
527,8,514.44,206.67,59.62,148.54,0.8267,-1,-1,-1
527,35,855.94,304.33,43.92,151.48,0.7449,-1,-1,-1
527,46,455.40,184.36,73.44,141.25,0.7416,-1,-1,-1
527,13,308.19,139.81,49.07,128.02,0.7115,-1,-1,-1
527,39,878.40,335.36,51.07,158.61,0.6955,-1,-1,-1
527,45,749.32,139.43,48.48,133.50,0.6756,-1,-1,-1
527,37,600.47,523.91,35.50,73.10,0.6237,-1,-1,-1
527,44,1137.03,277.52,52.94,149.51,0.5871,-1,-1,-1
528,47,291.68,372.05,66.81,169.64,0.9117,-1,-1,-1
528,49,559.65,293.84,67.27,155.26,0.8462,-1,-1,-1
528,8,509.64,206.91,63.99,147.96,0.8152,-1,-1,-1
528,35,855.39,304.36,43.66,151.27,0.7843,-1,-1,-1
528,45,748.07,140.54,51.92,132.04,0.7196,-1,-1,-1
528,39,880.55,328.89,49.51,164.70,0.6973,-1,-1,-1
528,46,455.43,181.15,69.32,143.53,0.6818,-1,-1,-1
528,13,305.74,140.04,48.07,129.20,0.6530,-1,-1,-1
528,37,596.92,523.69,34.09,67.62,0.6207,-1,-1,-1
528,44,1136.13,276.03,55.24,150.78,0.5778,-1,-1,-1
528,16,435.25,167.80,51.34,155.93,0.5119,-1,-1,-1
529,47,291.65,374.88,66.25,167.75,0.9059,-1,-1,-1
529,49,560.09,295.67,66.36,153.18,0.8432,-1,-1,-1
529,8,500.16,207.95,59.27,146.61,0.8091,-1,-1,-1
529,45,749.02,140.05,55.53,132.65,0.7764,-1,-1,-1
529,35,854.49,304.40,45.93,151.35,0.7729,-1,-1,-1
529,46,446.27,173.93,69.04,148.24,0.7355,-1,-1,-1
529,39,883.44,297.50,45.60,196.67,0.7256,-1,-1,-1
529,44,1133.48,272.81,54.08,153.00,0.6155,-1,-1,-1
529,37,587.54,522.33,34.40,63.16,0.6082,-1,-1,-1
529,13,301.01,151.74,44.69,118.67,0.5786,-1,-1,-1
529,32,736.99,84.34,39.18,124.40,0.5087,-1,-1,-1
530,47,291.93,375.45,66.27,167.23,0.9081,-1,-1,-1
530,49,560.76,297.19,65.14,151.77,0.8468,-1,-1,-1
530,8,490.03,208.46,64.86,147.57,0.8096,-1,-1,-1
530,45,748.15,139.81,57.13,132.75,0.8049,-1,-1,-1
530,35,853.87,305.02,46.24,150.40,0.7860,-1,-1,-1
530,39,884.21,295.12,46.62,199.30,0.7775,-1,-1,-1
530,46,448.58,173.20,70.89,146.11,0.7676,-1,-1,-1
530,13,299.98,153.00,47.42,118.24,0.6903,-1,-1,-1
530,44,1132.10,270.13,55.03,155.56,0.6597,-1,-1,-1
530,37,582.76,522.27,35.59,62.58,0.6053,-1,-1,-1
530,32,734.02,84.50,44.29,124.02,0.5288,-1,-1,-1
531,47,291.98,375.82,66.33,166.62,0.9039,-1,-1,-1
531,49,562.04,297.51,63.87,151.46,0.8573,-1,-1,-1
531,8,487.66,206.28,63.02,151.35,0.8379,-1,-1,-1
531,35,853.26,305.33,46.91,149.59,0.7974,-1,-1,-1
531,45,747.81,140.34,57.88,132.19,0.7933,-1,-1,-1
531,39,883.54,290.52,48.40,203.53,0.7790,-1,-1,-1
531,46,449.15,172.36,63.39,138.62,0.7463,-1,-1,-1
531,13,297.87,152.81,49.65,118.92,0.6814,-1,-1,-1
531,44,1130.79,270.60,55.43,155.04,0.6717,-1,-1,-1
531,37,579.01,521.85,36.28,61.95,0.6081,-1,-1,-1
531,32,733.94,85.10,44.67,123.63,0.5563,-1,-1,-1
532,47,291.68,376.16,67.60,165.90,0.9027,-1,-1,-1
532,49,563.49,297.95,62.80,150.57,0.8526,-1,-1,-1
532,8,484.13,205.81,61.50,154.78,0.8498,-1,-1,-1
532,46,443.69,170.49,64.96,135.50,0.8063,-1,-1,-1
532,45,747.70,140.60,58.04,132.01,0.8037,-1,-1,-1
532,39,884.07,288.72,50.35,206.61,0.7897,-1,-1,-1
532,35,853.17,305.96,49.02,148.97,0.7747,-1,-1,-1
532,13,295.78,149.34,51.54,124.48,0.6944,-1,-1,-1
532,44,1129.78,270.36,55.09,155.03,0.6587,-1,-1,-1
532,37,570.45,522.07,41.47,61.52,0.6289,-1,-1,-1
532,32,733.02,84.92,42.02,123.09,0.5399,-1,-1,-1
533,47,291.09,377.10,68.86,164.79,0.9049,-1,-1,-1
533,49,566.40,298.11,60.18,150.37,0.8452,-1,-1,-1
533,8,479.65,206.78,61.29,156.19,0.8352,-1,-1,-1
533,46,436.75,169.87,69.02,130.66,0.8104,-1,-1,-1
533,45,747.46,140.44,57.94,132.13,0.8094,-1,-1,-1
533,35,852.85,306.57,50.89,148.98,0.7896,-1,-1,-1
533,13,294.72,149.58,61.53,125.51,0.7332,-1,-1,-1
533,39,886.18,288.20,51.74,209.19,0.7094,-1,-1,-1
533,44,1128.13,269.27,55.21,155.47,0.7043,-1,-1,-1
533,37,566.79,522.23,41.00,61.58,0.6241,-1,-1,-1
533,32,731.51,84.76,42.86,123.68,0.5783,-1,-1,-1
534,47,288.53,380.47,73.80,164.67,0.9049,-1,-1,-1
534,49,571.53,297.10,57.60,151.25,0.8251,-1,-1,-1
534,46,420.65,170.16,85.18,129.86,0.8163,-1,-1,-1
534,8,474.76,218.63,57.05,144.87,0.8112,-1,-1,-1
534,39,890.35,292.82,52.41,212.46,0.8106,-1,-1,-1
534,35,852.17,308.27,49.95,152.29,0.8018,-1,-1,-1
534,45,747.63,147.36,57.80,125.09,0.7682,-1,-1,-1
534,13,294.41,155.12,59.01,121.70,0.7033,-1,-1,-1
534,44,1126.34,266.32,57.76,157.45,0.6946,-1,-1,-1
534,37,560.55,523.47,38.30,60.05,0.6384,-1,-1,-1
534,32,729.31,84.26,46.89,125.04,0.6195,-1,-1,-1
535,47,287.42,383.08,76.39,166.31,0.9038,-1,-1,-1
535,49,574.18,296.53,57.79,151.69,0.8267,-1,-1,-1
535,8,473.09,216.33,55.38,146.68,0.8137,-1,-1,-1
535,35,852.23,308.87,50.98,154.00,0.8131,-1,-1,-1
535,46,416.82,170.90,86.35,129.54,0.8010,-1,-1,-1
535,39,890.23,297.68,73.79,213.41,0.7733,-1,-1,-1
535,45,747.68,149.11,57.99,123.23,0.7572,-1,-1,-1
535,13,295.45,158.38,55.34,119.40,0.6966,-1,-1,-1
535,44,1125.52,264.61,58.25,157.74,0.6576,-1,-1,-1
535,37,557.77,524.42,37.19,58.98,0.6478,-1,-1,-1
535,32,728.77,84.54,47.66,124.78,0.6283,-1,-1,-1
536,47,287.89,386.11,78.00,167.29,0.9058,-1,-1,-1
536,39,891.09,301.68,62.03,214.21,0.8097,-1,-1,-1
536,35,851.77,309.68,51.38,156.33,0.7887,-1,-1,-1
536,46,415.51,171.77,82.55,128.53,0.7841,-1,-1,-1
536,8,468.15,216.21,58.23,146.04,0.7771,-1,-1,-1
536,49,576.39,295.38,59.24,152.67,0.7753,-1,-1,-1
536,45,748.31,151.11,57.85,121.25,0.7382,-1,-1,-1
536,44,1125.70,264.21,58.16,153.79,0.6833,-1,-1,-1
536,13,296.60,165.27,53.09,114.07,0.6524,-1,-1,-1
536,32,728.52,85.47,48.47,124.15,0.6011,-1,-1,-1
536,37,553.91,524.62,37.32,58.79,0.5959,-1,-1,-1
537,47,288.18,388.81,79.39,168.18,0.9033,-1,-1,-1
537,49,577.78,294.97,57.44,152.65,0.8364,-1,-1,-1
537,39,890.62,306.55,64.83,211.70,0.8292,-1,-1,-1
537,8,462.49,215.24,61.13,146.61,0.7790,-1,-1,-1
537,46,415.79,172.66,76.57,126.51,0.7739,-1,-1,-1
537,35,851.48,310.35,52.94,145.97,0.7706,-1,-1,-1
537,45,750.06,148.35,56.74,124.45,0.7419,-1,-1,-1
537,44,1124.90,262.89,57.48,152.80,0.6634,-1,-1,-1
537,13,297.49,168.53,50.80,111.86,0.6553,-1,-1,-1
537,37,549.46,524.39,37.67,59.14,0.6070,-1,-1,-1
537,32,728.17,86.30,47.84,122.98,0.5943,-1,-1,-1
538,47,289.36,391.59,80.72,168.93,0.9004,-1,-1,-1
538,49,579.56,294.58,57.59,152.76,0.8406,-1,-1,-1
538,39,891.30,354.05,64.47,166.42,0.8092,-1,-1,-1
538,8,458.97,214.91,63.19,146.52,0.7988,-1,-1,-1
538,46,415.61,172.20,75.27,126.51,0.7928,-1,-1,-1
538,35,850.90,311.81,54.53,152.53,0.7787,-1,-1,-1
538,45,753.02,146.60,54.23,126.53,0.7588,-1,-1,-1
538,13,297.38,170.76,51.94,109.96,0.6753,-1,-1,-1
538,44,1124.45,261.64,55.28,152.98,0.6653,-1,-1,-1
538,37,545.54,524.39,38.59,58.96,0.6098,-1,-1,-1
538,32,727.78,85.81,48.48,123.35,0.5995,-1,-1,-1
539,47,290.58,397.16,83.59,168.16,0.8976,-1,-1,-1
539,35,849.37,314.44,55.43,154.54,0.8167,-1,-1,-1
539,49,583.44,294.73,64.36,152.46,0.8162,-1,-1,-1
539,39,892.59,334.54,72.42,191.22,0.8158,-1,-1,-1
539,45,759.40,140.63,49.92,134.53,0.7545,-1,-1,-1
539,46,415.51,172.20,72.00,126.95,0.7415,-1,-1,-1
539,13,293.30,177.83,52.58,104.82,0.6821,-1,-1,-1
539,-1,458.36,218.99,62.62,140.89,0.6796,-1,-1,-1
539,32,724.64,86.93,51.84,121.96,0.6350,-1,-1,-1
539,8,454.92,218.71,66.10,141.40,0.6307,-1,-1,-1
539,44,1122.77,254.21,58.48,148.58,0.6092,-1,-1,-1
539,37,536.81,524.29,41.31,59.02,0.6064,-1,-1,-1
540,47,291.43,398.53,84.72,167.64,0.8969,-1,-1,-1
540,49,585.38,294.77,65.53,152.35,0.8500,-1,-1,-1
540,39,893.62,347.08,71.45,179.02,0.8384,-1,-1,-1
540,35,848.59,315.00,56.87,153.68,0.7991,-1,-1,-1
540,46,415.77,168.18,71.93,130.62,0.7941,-1,-1,-1
540,-1,455.64,220.48,64.39,141.24,0.7710,-1,-1,-1
540,45,762.28,138.59,47.42,138.15,0.7243,-1,-1,-1
540,13,292.38,181.05,54.87,102.28,0.6807,-1,-1,-1
540,32,721.92,86.78,55.41,122.11,0.6302,-1,-1,-1
540,37,532.68,524.06,42.27,59.42,0.6236,-1,-1,-1
540,44,1121.61,254.86,58.80,148.26,0.6099,-1,-1,-1
541,47,292.33,400.51,86.86,165.80,0.8867,-1,-1,-1
541,49,586.98,294.93,63.71,151.89,0.8672,-1,-1,-1
541,39,896.56,331.82,71.80,194.21,0.8653,-1,-1,-1
541,35,847.85,315.59,52.13,152.73,0.8094,-1,-1,-1
541,46,416.08,169.45,70.57,127.61,0.7757,-1,-1,-1
541,50,450.88,221.31,67.59,142.41,0.7729,-1,-1,-1
541,45,763.35,137.96,46.49,139.33,0.7183,-1,-1,-1
541,13,291.41,182.15,55.24,101.57,0.7019,-1,-1,-1
541,32,716.93,88.22,59.81,120.30,0.6803,-1,-1,-1
541,44,1121.45,252.10,59.48,151.43,0.6166,-1,-1,-1
541,37,528.76,523.21,44.21,60.38,0.6024,-1,-1,-1
542,47,295.22,401.36,85.26,164.29,0.9008,-1,-1,-1
542,49,588.61,294.99,62.61,151.60,0.8745,-1,-1,-1
542,39,901.33,336.97,71.00,188.43,0.8743,-1,-1,-1
542,50,453.50,221.18,65.52,143.50,0.8061,-1,-1,-1
542,35,847.46,315.84,49.55,152.65,0.7981,-1,-1,-1
542,46,415.21,168.71,71.76,126.39,0.7292,-1,-1,-1
542,45,763.66,139.64,46.56,138.53,0.7231,-1,-1,-1
542,13,291.45,187.69,60.46,95.41,0.6964,-1,-1,-1
542,32,712.79,90.24,64.02,118.02,0.6606,-1,-1,-1
542,37,523.12,522.54,47.82,60.94,0.5924,-1,-1,-1
542,44,1120.25,253.55,58.56,147.77,0.5805,-1,-1,-1
543,47,298.18,401.01,83.82,164.30,0.9071,-1,-1,-1
543,39,900.68,341.35,76.21,184.44,0.8845,-1,-1,-1
543,49,590.21,294.93,61.37,151.02,0.8743,-1,-1,-1
543,50,453.21,220.06,64.94,143.97,0.8409,-1,-1,-1
543,35,846.45,315.44,49.75,152.61,0.8098,-1,-1,-1
543,46,411.66,167.26,74.80,126.73,0.7368,-1,-1,-1
543,45,765.46,142.60,44.79,135.17,0.7172,-1,-1,-1
543,13,291.56,187.62,55.45,94.40,0.6563,-1,-1,-1
543,32,708.59,90.64,67.98,117.19,0.6490,-1,-1,-1
543,37,517.48,522.46,50.97,61.09,0.6355,-1,-1,-1
543,44,1119.14,253.06,56.48,149.11,0.6331,-1,-1,-1
544,47,307.05,399.28,77.30,164.56,0.9062,-1,-1,-1
544,39,897.04,348.01,86.98,177.79,0.8954,-1,-1,-1
544,49,593.11,293.91,61.64,150.76,0.8813,-1,-1,-1
544,50,452.09,216.28,66.02,146.58,0.8248,-1,-1,-1
544,35,845.72,314.62,45.51,152.40,0.8236,-1,-1,-1
544,13,291.85,186.06,67.90,94.58,0.7342,-1,-1,-1
544,45,766.27,141.17,43.37,137.81,0.6849,-1,-1,-1
544,46,405.39,164.75,78.05,128.86,0.6642,-1,-1,-1
544,32,701.96,91.16,73.68,114.90,0.6546,-1,-1,-1
544,37,507.67,519.98,55.57,63.81,0.6276,-1,-1,-1
544,44,1116.06,250.60,59.59,143.98,0.6049,-1,-1,-1
545,47,310.37,399.70,74.85,164.62,0.9069,-1,-1,-1
545,39,895.36,351.09,92.61,177.24,0.8738,-1,-1,-1
545,49,594.94,293.52,61.64,150.34,0.8665,-1,-1,-1
545,50,450.92,214.69,66.88,147.36,0.8380,-1,-1,-1
545,35,844.25,313.50,46.79,152.62,0.8346,-1,-1,-1
545,46,405.82,163.70,76.46,129.56,0.6914,-1,-1,-1
545,45,767.28,141.13,41.96,139.09,0.6873,-1,-1,-1
545,13,291.48,185.52,65.93,94.74,0.6665,-1,-1,-1
545,32,698.80,91.15,76.30,113.82,0.6606,-1,-1,-1
545,37,502.69,519.25,57.86,64.67,0.6524,-1,-1,-1
545,44,1115.79,249.38,59.32,146.36,0.6082,-1,-1,-1
546,47,313.56,400.75,73.19,165.94,0.9113,-1,-1,-1
546,39,895.62,352.28,95.31,180.09,0.8514,-1,-1,-1
546,49,595.60,292.34,63.34,150.23,0.8364,-1,-1,-1
546,35,842.72,313.05,46.75,138.60,0.8062,-1,-1,-1
546,50,451.41,212.72,66.14,148.42,0.7520,-1,-1,-1
546,13,292.58,184.13,67.07,103.52,0.6953,-1,-1,-1
546,46,404.89,162.40,77.53,130.27,0.6828,-1,-1,-1
546,45,769.00,141.41,39.33,138.03,0.6681,-1,-1,-1
546,37,498.47,518.31,59.04,65.35,0.6573,-1,-1,-1
546,32,697.19,89.89,77.64,114.53,0.6515,-1,-1,-1
546,44,1114.95,249.23,57.31,143.28,0.6114,-1,-1,-1
547,47,314.71,402.85,72.47,166.75,0.9146,-1,-1,-1
547,39,893.57,353.88,99.86,183.04,0.8710,-1,-1,-1
547,49,595.90,291.87,65.52,152.04,0.8646,-1,-1,-1
547,35,841.64,311.87,47.26,141.88,0.8065,-1,-1,-1
547,50,450.66,211.82,66.52,148.51,0.7991,-1,-1,-1
547,13,291.66,184.42,66.67,110.80,0.7605,-1,-1,-1
547,45,767.74,141.52,39.62,138.67,0.7014,-1,-1,-1
547,37,491.66,516.94,62.63,66.93,0.6452,-1,-1,-1
547,32,696.32,91.78,77.47,111.69,0.6399,-1,-1,-1
547,44,1114.08,248.92,55.38,144.82,0.6385,-1,-1,-1
547,46,403.35,161.91,74.50,129.80,0.6245,-1,-1,-1
548,47,315.95,405.36,71.50,164.45,0.9152,-1,-1,-1
548,39,893.05,355.58,102.05,185.27,0.8931,-1,-1,-1
548,49,596.35,291.34,66.97,153.22,0.8403,-1,-1,-1
548,35,841.01,310.62,47.54,151.65,0.8371,-1,-1,-1
548,13,293.94,184.50,63.76,112.30,0.7460,-1,-1,-1
548,45,766.43,143.22,40.25,137.13,0.6839,-1,-1,-1
548,32,694.42,92.03,78.23,110.62,0.6686,-1,-1,-1
548,44,1112.54,249.00,56.10,141.74,0.6571,-1,-1,-1
548,37,486.49,516.65,63.91,66.92,0.6520,-1,-1,-1
548,8,415.44,161.67,100.01,198.31,0.6251,-1,-1,-1
549,47,320.79,409.48,68.78,161.75,0.9165,-1,-1,-1
549,39,891.95,360.29,110.04,186.77,0.8970,-1,-1,-1
549,49,597.30,289.91,67.67,155.38,0.8338,-1,-1,-1
549,50,449.58,215.16,62.00,145.05,0.8316,-1,-1,-1
549,35,838.93,309.01,47.48,151.49,0.8228,-1,-1,-1
549,13,301.71,186.17,53.96,120.74,0.7835,-1,-1,-1
549,45,762.43,141.48,43.66,139.26,0.6653,-1,-1,-1
549,37,470.95,515.21,72.44,68.57,0.6652,-1,-1,-1
549,32,685.29,93.62,81.92,107.46,0.6423,-1,-1,-1
549,46,401.94,161.20,73.29,128.00,0.6157,-1,-1,-1
549,44,1108.91,245.18,56.79,142.15,0.5879,-1,-1,-1
549,16,382.59,180.35,53.16,108.26,0.5073,-1,-1,-1
550,47,323.67,410.81,67.44,161.82,0.9101,-1,-1,-1
550,39,891.96,360.79,109.46,187.43,0.9044,-1,-1,-1
550,13,298.11,187.86,57.79,120.71,0.8206,-1,-1,-1
550,35,838.41,307.97,45.57,152.13,0.7958,-1,-1,-1
550,50,447.50,216.08,60.27,144.03,0.7905,-1,-1,-1
550,49,597.90,288.88,67.61,151.46,0.7765,-1,-1,-1
550,37,461.74,514.13,78.08,69.90,0.6652,-1,-1,-1
550,45,762.07,140.94,43.07,138.90,0.6342,-1,-1,-1
550,16,369.18,180.69,66.56,106.48,0.6144,-1,-1,-1
550,32,682.62,91.83,80.90,108.42,0.6012,-1,-1,-1
550,46,400.76,163.36,72.89,124.62,0.5944,-1,-1,-1
550,44,1106.76,242.66,55.99,147.10,0.5872,-1,-1,-1
551,47,325.60,411.86,67.56,163.16,0.9042,-1,-1,-1
551,39,891.47,362.06,109.86,186.46,0.9032,-1,-1,-1
551,35,837.04,306.67,46.28,152.39,0.8276,-1,-1,-1
551,50,446.73,216.33,59.11,144.89,0.8156,-1,-1,-1
551,13,296.31,190.34,60.94,117.22,0.7987,-1,-1,-1
551,49,598.01,288.03,68.26,152.57,0.7710,-1,-1,-1
551,37,460.39,512.70,75.37,71.09,0.6959,-1,-1,-1
551,46,397.70,162.08,76.45,124.61,0.6770,-1,-1,-1
551,45,761.49,139.50,42.93,139.52,0.6695,-1,-1,-1
551,16,358.03,179.62,75.72,101.90,0.6379,-1,-1,-1
551,32,664.68,91.61,95.17,107.39,0.6138,-1,-1,-1
551,44,1105.50,241.33,55.96,149.98,0.5986,-1,-1,-1
552,47,326.70,412.60,68.32,165.82,0.8883,-1,-1,-1
552,39,891.91,363.94,110.65,184.16,0.8876,-1,-1,-1
552,35,835.77,305.73,47.46,152.00,0.8257,-1,-1,-1
552,49,598.41,287.47,67.23,146.57,0.8050,-1,-1,-1
552,50,451.21,229.04,53.16,136.46,0.7609,-1,-1,-1
552,13,298.76,191.00,60.04,115.93,0.7463,-1,-1,-1
552,45,760.12,138.38,43.53,139.58,0.7052,-1,-1,-1
552,37,458.93,511.47,73.55,72.69,0.6812,-1,-1,-1
552,46,396.91,163.31,78.91,122.92,0.6453,-1,-1,-1
552,16,352.42,179.46,75.20,96.99,0.5937,-1,-1,-1
552,44,1102.75,240.02,58.80,149.45,0.5934,-1,-1,-1
552,32,658.70,89.79,91.87,107.49,0.5802,-1,-1,-1
553,39,893.35,364.63,109.31,182.48,0.8951,-1,-1,-1
553,47,326.24,413.50,71.21,165.50,0.8776,-1,-1,-1
553,35,835.18,304.45,46.86,152.49,0.8419,-1,-1,-1
553,49,598.65,286.40,67.18,156.43,0.8311,-1,-1,-1
553,50,446.78,224.05,56.66,142.44,0.7919,-1,-1,-1
553,13,299.73,190.18,60.64,116.24,0.7483,-1,-1,-1
553,45,758.71,137.43,44.29,139.43,0.7242,-1,-1,-1
553,37,454.50,509.50,74.33,74.88,0.7131,-1,-1,-1
553,46,395.90,166.39,81.35,118.83,0.6665,-1,-1,-1
553,44,1099.67,238.27,60.96,151.23,0.6136,-1,-1,-1
553,16,347.76,179.66,77.13,99.06,0.6105,-1,-1,-1
553,32,656.13,87.90,84.98,108.66,0.5691,-1,-1,-1
554,39,896.64,364.61,107.00,179.72,0.9012,-1,-1,-1
554,47,324.79,414.96,75.85,167.23,0.8677,-1,-1,-1
554,49,599.49,285.27,72.84,154.03,0.8522,-1,-1,-1
554,50,436.66,232.62,66.12,132.57,0.8241,-1,-1,-1
554,46,392.93,167.04,94.93,115.81,0.7723,-1,-1,-1
554,35,831.62,302.49,52.33,151.47,0.7699,-1,-1,-1
554,37,449.81,505.93,71.45,78.62,0.7175,-1,-1,-1
554,13,303.94,188.86,61.69,122.57,0.7065,-1,-1,-1
554,45,753.58,137.90,49.07,138.62,0.6499,-1,-1,-1
554,44,1097.33,233.86,61.13,145.58,0.6043,-1,-1,-1
554,16,351.25,185.29,64.94,94.08,0.5789,-1,-1,-1
555,47,326.35,415.42,74.96,165.18,0.8953,-1,-1,-1
555,39,897.70,366.88,106.17,176.18,0.8387,-1,-1,-1
555,50,435.14,215.68,68.87,148.54,0.8259,-1,-1,-1
555,49,599.61,284.40,74.69,145.95,0.7978,-1,-1,-1
555,46,390.61,169.00,101.98,112.07,0.7564,-1,-1,-1
555,35,830.11,301.45,52.61,147.40,0.7289,-1,-1,-1
555,13,306.86,188.22,61.70,128.19,0.7026,-1,-1,-1
555,37,449.53,504.29,67.85,80.37,0.6876,-1,-1,-1
555,45,751.62,139.38,48.64,135.67,0.6309,-1,-1,-1
555,16,356.60,185.81,55.75,100.33,0.6147,-1,-1,-1
555,44,1097.00,232.78,60.23,143.64,0.6121,-1,-1,-1
556,47,330.49,415.01,72.94,163.87,0.8874,-1,-1,-1
556,49,599.68,283.99,79.33,156.14,0.8820,-1,-1,-1
556,39,897.64,362.93,106.14,179.33,0.8414,-1,-1,-1
556,50,437.52,213.39,68.30,149.76,0.8041,-1,-1,-1
556,46,388.42,168.61,107.94,111.97,0.7418,-1,-1,-1
556,13,308.85,188.17,62.86,133.98,0.7306,-1,-1,-1
556,37,448.86,502.49,65.55,82.14,0.6745,-1,-1,-1
556,45,750.57,138.88,48.39,133.95,0.6077,-1,-1,-1
556,16,355.39,185.01,61.51,106.65,0.6015,-1,-1,-1
556,44,1096.34,232.85,60.10,141.46,0.5953,-1,-1,-1
556,35,828.53,300.89,52.20,145.90,0.5577,-1,-1,-1
556,32,655.99,71.42,47.44,123.00,0.5254,-1,-1,-1
557,49,599.44,283.50,81.23,156.54,0.8898,-1,-1,-1
557,47,334.44,413.54,70.10,164.29,0.8832,-1,-1,-1
557,39,898.07,361.88,105.39,179.71,0.8821,-1,-1,-1
557,50,438.59,212.64,69.76,149.75,0.8052,-1,-1,-1
557,13,310.81,188.39,59.18,136.58,0.7531,-1,-1,-1
557,35,826.39,299.73,54.81,151.30,0.7319,-1,-1,-1
557,46,389.81,165.56,108.70,112.67,0.6824,-1,-1,-1
557,16,353.38,183.08,64.84,109.67,0.6699,-1,-1,-1
557,37,450.40,500.65,60.10,83.96,0.6690,-1,-1,-1
557,45,747.01,137.83,51.16,134.63,0.6082,-1,-1,-1
557,44,1095.23,231.02,57.77,142.06,0.5880,-1,-1,-1
558,47,335.19,411.08,69.88,162.52,0.8937,-1,-1,-1
558,49,599.30,283.25,82.98,156.12,0.8844,-1,-1,-1
558,39,897.53,360.69,105.76,181.59,0.8743,-1,-1,-1
558,50,441.02,217.30,68.82,144.37,0.7809,-1,-1,-1
558,13,313.55,186.92,57.27,139.45,0.7253,-1,-1,-1
558,35,825.39,299.34,52.50,151.03,0.7206,-1,-1,-1
558,37,450.94,499.03,55.26,85.35,0.6973,-1,-1,-1
558,16,350.81,180.86,66.99,110.00,0.6628,-1,-1,-1
558,46,392.27,165.55,110.02,112.17,0.6623,-1,-1,-1
558,45,744.30,137.18,48.97,134.00,0.6468,-1,-1,-1
558,44,1093.24,229.20,56.98,142.91,0.5949,-1,-1,-1
559,47,335.14,407.18,70.92,163.42,0.9074,-1,-1,-1
559,39,897.71,361.29,105.37,186.68,0.8692,-1,-1,-1
559,49,597.49,283.20,84.03,153.29,0.8617,-1,-1,-1
559,13,315.80,192.75,59.31,134.27,0.7665,-1,-1,-1
559,50,446.93,211.02,65.04,148.41,0.7610,-1,-1,-1
559,35,822.83,297.91,53.74,142.71,0.7459,-1,-1,-1
559,37,447.49,496.55,51.97,88.19,0.6982,-1,-1,-1
559,45,734.12,138.47,55.16,131.93,0.6806,-1,-1,-1
559,46,404.49,169.64,106.05,108.51,0.6166,-1,-1,-1
559,32,618.00,73.95,64.64,121.74,0.6140,-1,-1,-1
559,16,352.56,180.86,59.32,102.76,0.6061,-1,-1,-1
559,44,1091.12,228.00,55.65,143.69,0.5861,-1,-1,-1
560,47,334.69,406.48,71.89,164.41,0.8982,-1,-1,-1
560,49,595.85,283.93,83.63,152.07,0.8828,-1,-1,-1
560,39,898.62,363.11,101.02,187.04,0.8198,-1,-1,-1
560,50,447.03,212.35,64.98,146.19,0.7882,-1,-1,-1
560,35,821.97,297.30,52.98,155.48,0.7596,-1,-1,-1
560,13,317.20,193.54,57.52,132.15,0.7576,-1,-1,-1
560,37,444.76,495.25,50.94,89.38,0.7128,-1,-1,-1
560,45,729.23,136.19,57.15,133.74,0.6981,-1,-1,-1
560,44,1089.91,227.61,54.05,142.68,0.6124,-1,-1,-1
560,32,605.79,74.43,70.29,120.24,0.6106,-1,-1,-1
560,16,359.22,183.97,50.11,88.90,0.6002,-1,-1,-1
561,47,334.67,406.59,72.06,164.33,0.8943,-1,-1,-1
561,49,593.36,285.20,84.76,149.83,0.8593,-1,-1,-1
561,39,897.76,362.29,104.27,189.80,0.8511,-1,-1,-1
561,50,442.10,211.10,70.60,147.64,0.7688,-1,-1,-1
561,13,318.69,192.93,64.14,131.98,0.7456,-1,-1,-1
561,37,440.97,493.98,50.30,90.33,0.7447,-1,-1,-1
561,35,821.25,297.04,52.18,156.55,0.7219,-1,-1,-1
561,45,726.76,135.13,57.51,133.60,0.6800,-1,-1,-1
561,32,601.39,72.22,63.43,121.37,0.5949,-1,-1,-1
561,44,1088.15,225.60,54.95,150.45,0.5706,-1,-1,-1
561,16,362.22,185.88,46.64,85.41,0.5693,-1,-1,-1
561,46,455.35,167.72,70.89,73.13,0.5184,-1,-1,-1
562,47,334.00,407.51,73.59,164.33,0.8984,-1,-1,-1
562,39,897.79,364.12,104.38,189.63,0.8695,-1,-1,-1
562,49,587.19,287.38,90.41,145.56,0.8540,-1,-1,-1
562,35,819.76,296.67,51.23,157.48,0.7603,-1,-1,-1
562,13,323.05,193.96,54.87,129.52,0.7345,-1,-1,-1
562,37,437.90,493.01,49.04,91.31,0.7237,-1,-1,-1
562,50,442.04,209.86,72.31,148.11,0.7207,-1,-1,-1
562,45,721.34,137.01,60.09,131.70,0.6815,-1,-1,-1
562,44,1086.49,225.71,55.32,148.30,0.5902,-1,-1,-1
562,16,364.90,186.89,44.44,83.48,0.5830,-1,-1,-1
562,46,441.20,167.92,91.12,107.93,0.5266,-1,-1,-1
563,47,333.44,408.22,75.86,163.20,0.8904,-1,-1,-1
563,39,897.09,366.67,105.62,188.08,0.8687,-1,-1,-1
563,49,580.66,288.84,95.51,142.57,0.8490,-1,-1,-1
563,35,818.65,296.40,51.99,158.51,0.8098,-1,-1,-1
563,37,433.37,491.80,50.05,92.46,0.7530,-1,-1,-1
563,13,324.51,195.52,54.59,117.40,0.6932,-1,-1,-1
563,45,718.29,138.11,61.06,129.80,0.6918,-1,-1,-1
563,50,443.11,180.78,94.10,175.22,0.6686,-1,-1,-1
563,16,366.55,186.65,43.79,85.24,0.6028,-1,-1,-1
563,44,1083.83,224.27,56.49,149.82,0.5860,-1,-1,-1
564,47,334.47,410.53,87.31,162.40,0.8993,-1,-1,-1
564,39,894.40,376.60,104.90,178.06,0.8072,-1,-1,-1
564,49,554.01,289.81,117.30,140.06,0.8072,-1,-1,-1
564,35,816.18,295.89,54.34,159.82,0.7893,-1,-1,-1
564,50,437.66,207.95,75.04,152.35,0.7855,-1,-1,-1
564,13,325.83,202.62,59.77,126.77,0.7794,-1,-1,-1
564,37,421.19,489.54,54.35,94.87,0.7636,-1,-1,-1
564,45,709.78,135.58,60.58,130.37,0.7049,-1,-1,-1
564,16,369.64,185.49,46.75,89.95,0.5510,-1,-1,-1
564,32,577.36,67.15,49.61,121.50,0.5418,-1,-1,-1
564,44,1079.02,223.20,57.56,146.93,0.5116,-1,-1,-1
564,46,476.82,163.54,70.31,83.19,0.5017,-1,-1,-1
565,47,335.69,411.37,86.84,158.21,0.9070,-1,-1,-1
565,39,892.56,371.68,110.58,182.13,0.8457,-1,-1,-1
565,13,326.41,207.59,59.92,127.60,0.8280,-1,-1,-1
565,49,574.72,288.56,93.96,140.24,0.7980,-1,-1,-1
565,35,813.57,295.02,57.23,160.38,0.7751,-1,-1,-1
565,37,417.87,488.99,52.53,95.35,0.7448,-1,-1,-1
565,50,437.51,207.70,78.49,152.90,0.7398,-1,-1,-1
565,45,705.31,134.34,60.59,130.44,0.7183,-1,-1,-1
565,46,480.79,160.31,73.45,106.09,0.6207,-1,-1,-1
565,32,570.86,69.66,52.63,117.66,0.6113,-1,-1,-1
565,44,1076.92,221.39,59.83,151.01,0.5138,-1,-1,-1
566,47,336.22,411.77,85.36,171.25,0.8744,-1,-1,-1
566,13,325.90,212.16,70.68,126.64,0.8697,-1,-1,-1
566,39,891.38,372.15,111.90,180.89,0.8603,-1,-1,-1
566,35,810.73,293.41,59.33,161.56,0.8411,-1,-1,-1
566,49,563.57,288.03,101.92,140.17,0.8320,-1,-1,-1
566,37,413.18,488.32,53.96,96.02,0.7333,-1,-1,-1
566,45,699.12,134.48,62.92,129.74,0.7327,-1,-1,-1
566,50,433.27,204.17,80.59,154.90,0.7295,-1,-1,-1
566,16,370.47,188.21,51.85,80.47,0.6073,-1,-1,-1
566,32,549.54,67.37,69.81,119.66,0.5583,-1,-1,-1
566,46,486.66,159.33,69.74,113.14,0.5375,-1,-1,-1
566,44,1075.97,220.93,58.78,150.74,0.5335,-1,-1,-1
567,39,890.48,373.69,112.63,178.24,0.8642,-1,-1,-1
567,13,323.15,215.98,84.19,122.48,0.8474,-1,-1,-1
567,47,338.11,411.98,79.99,159.38,0.8450,-1,-1,-1
567,35,812.08,292.96,55.80,160.47,0.8446,-1,-1,-1
567,49,570.12,287.61,90.97,142.68,0.8156,-1,-1,-1
567,45,693.40,135.26,62.31,131.81,0.7661,-1,-1,-1
567,37,405.83,487.03,57.16,97.34,0.7465,-1,-1,-1
567,50,435.29,185.72,81.51,172.93,0.7428,-1,-1,-1
567,46,494.75,159.82,64.11,114.44,0.6057,-1,-1,-1
567,16,372.64,190.87,51.70,89.50,0.5764,-1,-1,-1
567,32,547.03,68.77,68.23,118.59,0.5610,-1,-1,-1
568,39,889.18,373.80,113.86,176.81,0.8565,-1,-1,-1
568,47,338.71,412.04,77.35,167.92,0.8543,-1,-1,-1
568,13,321.49,219.03,92.30,120.95,0.8366,-1,-1,-1
568,35,814.28,297.17,50.61,155.35,0.8337,-1,-1,-1
568,50,431.17,188.13,95.40,169.86,0.8011,-1,-1,-1
568,49,572.21,288.37,83.81,145.24,0.7983,-1,-1,-1
568,45,686.51,135.19,62.41,135.16,0.7405,-1,-1,-1
568,37,402.07,486.00,56.82,98.68,0.6426,-1,-1,-1
568,16,374.86,193.89,54.44,91.77,0.5934,-1,-1,-1
568,32,538.83,67.39,70.98,119.96,0.5222,-1,-1,-1
568,46,502.82,163.47,54.18,95.51,0.5189,-1,-1,-1
568,44,1068.18,220.63,65.87,145.64,0.5168,-1,-1,-1
569,39,883.13,374.67,119.56,173.70,0.8898,-1,-1,-1
569,47,336.84,411.95,80.51,155.69,0.8666,-1,-1,-1
569,50,444.10,176.87,78.80,178.56,0.8314,-1,-1,-1
569,13,318.81,222.22,99.70,121.28,0.8286,-1,-1,-1
569,35,809.84,297.33,50.49,152.44,0.8101,-1,-1,-1
569,49,560.96,291.43,79.29,142.06,0.8073,-1,-1,-1
569,37,389.31,483.65,61.62,100.90,0.7360,-1,-1,-1
569,45,675.62,139.54,61.76,136.46,0.7107,-1,-1,-1
569,16,381.01,197.48,57.04,102.36,0.6281,-1,-1,-1
569,32,520.22,65.10,77.27,163.18,0.5549,-1,-1,-1
569,44,1064.74,218.05,63.21,144.20,0.5440,-1,-1,-1
570,47,334.32,410.52,84.51,156.10,0.8703,-1,-1,-1
570,39,880.76,374.84,120.59,172.87,0.8697,-1,-1,-1
570,13,326.05,223.44,90.60,119.05,0.8543,-1,-1,-1
570,50,444.84,178.69,77.27,175.95,0.8312,-1,-1,-1
570,49,556.49,293.56,74.50,143.56,0.7926,-1,-1,-1
570,16,385.54,198.50,56.15,120.84,0.7251,-1,-1,-1
570,37,385.60,482.48,61.34,101.69,0.7159,-1,-1,-1
570,45,665.48,142.55,61.98,134.38,0.7043,-1,-1,-1
570,35,808.78,296.41,50.31,152.59,0.6742,-1,-1,-1
570,32,518.98,63.35,67.70,156.95,0.5627,-1,-1,-1
570,44,1068.35,214.13,56.83,148.88,0.5412,-1,-1,-1
571,39,878.67,374.93,121.70,173.89,0.8901,-1,-1,-1
571,50,442.05,182.59,79.07,173.45,0.8548,-1,-1,-1
571,47,335.43,409.66,86.52,151.97,0.8542,-1,-1,-1
571,13,336.06,224.53,77.88,118.08,0.8200,-1,-1,-1
571,35,806.97,294.22,50.91,153.94,0.7627,-1,-1,-1
571,16,388.25,198.65,57.15,125.51,0.7557,-1,-1,-1
571,49,553.43,294.96,68.11,148.46,0.7366,-1,-1,-1
571,37,378.02,481.31,65.02,102.79,0.7295,-1,-1,-1
571,45,665.70,142.73,54.31,134.74,0.6628,-1,-1,-1
571,46,510.91,150.79,73.13,123.76,0.6562,-1,-1,-1
571,32,509.39,63.20,55.31,121.73,0.5953,-1,-1,-1
571,44,1070.94,212.87,50.88,149.31,0.5178,-1,-1,-1
572,39,876.20,374.96,122.86,174.65,0.8986,-1,-1,-1
572,50,441.65,186.19,80.82,172.44,0.8487,-1,-1,-1
572,47,337.12,408.03,86.43,152.66,0.8360,-1,-1,-1
572,13,343.26,225.61,66.13,118.95,0.8053,-1,-1,-1
572,16,390.90,200.11,65.51,128.27,0.7546,-1,-1,-1
572,37,375.83,482.33,63.55,101.64,0.7333,-1,-1,-1
572,49,540.67,296.85,73.01,156.33,0.7310,-1,-1,-1
572,35,804.20,293.34,58.20,153.59,0.6710,-1,-1,-1
572,45,660.09,143.81,55.50,133.96,0.6548,-1,-1,-1
572,46,516.44,150.40,69.90,126.06,0.6119,-1,-1,-1
572,32,504.26,62.58,54.27,122.43,0.6039,-1,-1,-1
572,44,1070.16,217.84,48.99,142.50,0.5254,-1,-1,-1
573,39,874.54,375.66,123.83,174.20,0.8934,-1,-1,-1
573,50,442.02,189.09,82.57,173.94,0.8464,-1,-1,-1
573,47,342.08,406.34,82.61,151.25,0.7985,-1,-1,-1
573,49,535.33,297.78,71.73,159.75,0.7677,-1,-1,-1
573,35,804.57,291.40,51.74,154.39,0.7573,-1,-1,-1
573,13,340.93,225.79,65.24,122.76,0.7351,-1,-1,-1
573,16,386.92,201.43,71.46,128.00,0.7320,-1,-1,-1
573,37,371.77,481.75,64.83,102.12,0.7242,-1,-1,-1
573,45,658.82,145.72,53.11,133.39,0.6801,-1,-1,-1
573,46,534.21,150.85,60.33,127.98,0.6041,-1,-1,-1
573,32,496.45,61.71,54.20,122.71,0.5614,-1,-1,-1
573,44,1068.75,216.30,48.61,142.87,0.5064,-1,-1,-1
574,39,868.49,378.20,127.60,182.35,0.8853,-1,-1,-1
574,47,350.22,402.13,77.04,154.11,0.8226,-1,-1,-1
574,35,800.05,289.07,53.16,153.57,0.8034,-1,-1,-1
574,50,446.12,198.83,87.32,168.65,0.7993,-1,-1,-1
574,16,382.89,203.24,79.75,126.76,0.7634,-1,-1,-1
574,49,525.81,299.89,72.42,167.82,0.7448,-1,-1,-1
574,37,369.66,478.23,61.35,105.38,0.7367,-1,-1,-1
574,13,339.77,225.17,65.52,127.95,0.7174,-1,-1,-1
574,45,650.42,149.45,53.09,135.24,0.6612,-1,-1,-1
574,46,541.90,167.26,64.02,111.37,0.6523,-1,-1,-1
574,32,486.44,58.87,45.34,128.85,0.5516,-1,-1,-1
575,39,867.13,379.23,128.05,184.07,0.8933,-1,-1,-1
575,35,797.20,289.15,55.53,154.12,0.8207,-1,-1,-1
575,50,447.73,204.13,86.66,162.50,0.7891,-1,-1,-1
575,47,351.76,399.67,76.18,144.70,0.7810,-1,-1,-1
575,16,381.85,203.62,83.72,124.32,0.7757,-1,-1,-1
575,49,523.34,301.28,68.94,166.61,0.7630,-1,-1,-1
575,13,338.45,225.29,65.25,130.13,0.7614,-1,-1,-1
575,46,561.95,152.01,51.73,125.71,0.7376,-1,-1,-1
575,37,360.17,476.11,68.47,107.76,0.7271,-1,-1,-1
575,45,645.33,151.75,56.77,132.53,0.6988,-1,-1,-1
575,32,480.59,58.46,44.95,131.32,0.5268,-1,-1,-1
575,44,1065.33,214.68,45.99,147.72,0.5105,-1,-1,-1
576,39,865.31,381.66,127.63,183.07,0.8780,-1,-1,-1
576,35,795.07,289.23,56.97,155.77,0.8273,-1,-1,-1
576,16,379.54,204.10,91.08,153.56,0.8010,-1,-1,-1
576,47,351.32,397.65,77.29,144.95,0.8009,-1,-1,-1
576,13,338.34,226.58,65.09,131.23,0.7919,-1,-1,-1
576,50,452.68,206.75,74.64,158.51,0.7802,-1,-1,-1
576,49,519.00,302.98,71.71,165.21,0.7713,-1,-1,-1
576,37,361.66,476.14,63.88,107.89,0.7572,-1,-1,-1
576,46,568.00,152.59,53.73,123.72,0.7393,-1,-1,-1
576,45,640.34,155.35,58.50,128.28,0.6687,-1,-1,-1
576,32,468.32,57.57,49.59,132.11,0.5791,-1,-1,-1
576,44,1063.02,214.67,48.89,152.71,0.5332,-1,-1,-1
577,39,863.89,382.00,127.89,183.89,0.8845,-1,-1,-1
577,35,794.17,289.44,56.39,157.83,0.8684,-1,-1,-1
577,50,454.06,207.36,77.54,156.91,0.8275,-1,-1,-1
577,46,565.49,152.22,64.44,123.99,0.8057,-1,-1,-1
577,16,379.47,204.28,92.03,126.61,0.7839,-1,-1,-1
577,47,349.52,396.15,78.87,115.42,0.7802,-1,-1,-1
577,49,516.45,303.68,73.08,163.94,0.7744,-1,-1,-1
577,13,339.67,227.90,66.92,133.38,0.7661,-1,-1,-1
577,37,353.92,475.18,69.91,108.65,0.7526,-1,-1,-1
577,45,630.58,158.34,65.18,125.45,0.6593,-1,-1,-1
577,32,461.89,58.51,51.82,134.59,0.6244,-1,-1,-1
577,44,1060.46,215.07,49.11,140.24,0.5025,-1,-1,-1
578,39,862.91,383.13,127.53,183.79,0.9010,-1,-1,-1
578,35,792.98,289.97,57.82,158.24,0.8718,-1,-1,-1
578,47,347.82,395.38,80.71,110.77,0.8206,-1,-1,-1
578,13,344.18,229.87,62.64,132.13,0.8120,-1,-1,-1
578,50,452.06,214.83,74.51,149.36,0.8119,-1,-1,-1
578,37,348.29,474.58,73.12,109.42,0.8044,-1,-1,-1
578,16,378.11,205.26,90.96,130.47,0.7864,-1,-1,-1
578,46,564.45,151.64,86.61,125.22,0.7852,-1,-1,-1
578,49,516.92,303.36,65.46,163.33,0.7757,-1,-1,-1
578,45,628.24,160.22,64.92,122.34,0.6615,-1,-1,-1
578,32,455.61,57.86,51.13,136.82,0.6162,-1,-1,-1
579,39,863.67,384.43,123.91,181.70,0.8848,-1,-1,-1
579,35,791.88,291.49,66.63,158.93,0.8796,-1,-1,-1
579,37,345.62,473.74,73.17,110.48,0.8071,-1,-1,-1
579,47,345.12,393.50,83.21,111.15,0.7938,-1,-1,-1
579,13,337.01,217.61,66.00,143.74,0.7419,-1,-1,-1
579,16,374.57,209.95,110.25,152.33,0.7259,-1,-1,-1
579,32,441.81,59.15,56.18,135.47,0.7192,-1,-1,-1
579,49,509.06,299.45,61.70,166.30,0.6665,-1,-1,-1
579,44,1052.92,214.16,57.63,156.40,0.5232,-1,-1,-1
579,46,573.28,153.14,114.88,128.98,0.5115,-1,-1,-1
580,35,790.57,292.20,73.32,159.12,0.8918,-1,-1,-1
580,39,865.54,383.70,120.96,181.65,0.8803,-1,-1,-1
580,16,379.99,208.07,112.56,154.26,0.8144,-1,-1,-1
580,37,345.31,473.57,72.56,110.58,0.7903,-1,-1,-1
580,13,330.68,212.31,71.42,148.42,0.7789,-1,-1,-1
580,47,343.82,392.77,84.53,112.00,0.7700,-1,-1,-1
580,32,433.42,68.55,59.46,124.59,0.7533,-1,-1,-1
580,49,514.01,302.84,49.59,162.29,0.6739,-1,-1,-1
580,50,474.16,204.53,66.01,138.94,0.6467,-1,-1,-1
580,45,607.34,154.37,79.25,128.01,0.6098,-1,-1,-1
580,46,580.13,154.25,105.96,127.65,0.5440,-1,-1,-1
580,44,1051.32,214.19,55.77,156.64,0.5169,-1,-1,-1
581,35,788.45,293.13,80.11,158.44,0.9110,-1,-1,-1
581,39,866.23,383.36,120.09,181.10,0.8920,-1,-1,-1
581,16,384.85,200.36,112.71,160.60,0.8344,-1,-1,-1
581,47,342.97,391.91,84.91,112.10,0.7997,-1,-1,-1
581,37,344.80,473.37,72.44,110.81,0.7959,-1,-1,-1
581,32,420.37,69.76,67.41,122.36,0.7942,-1,-1,-1
581,45,609.33,155.55,79.21,126.85,0.7408,-1,-1,-1
581,13,323.23,207.51,76.68,152.31,0.7245,-1,-1,-1
581,49,486.16,183.75,73.27,280.52,0.7206,-1,-1,-1
581,44,1049.48,214.17,54.65,156.94,0.5706,-1,-1,-1
582,35,786.99,294.16,84.30,157.34,0.9108,-1,-1,-1
582,39,867.09,382.77,119.08,181.29,0.8888,-1,-1,-1
582,47,341.44,390.34,85.69,114.28,0.7834,-1,-1,-1
582,37,344.12,473.60,72.88,110.63,0.7567,-1,-1,-1
582,16,386.14,196.18,120.98,162.54,0.7409,-1,-1,-1
582,32,409.45,71.18,70.86,120.63,0.7374,-1,-1,-1
582,46,627.16,157.94,73.44,134.93,0.7031,-1,-1,-1
582,49,492.73,179.19,62.86,284.61,0.6417,-1,-1,-1
582,13,331.53,215.47,62.70,143.05,0.6087,-1,-1,-1
582,45,583.92,147.26,54.02,113.89,0.5425,-1,-1,-1
582,44,1048.24,213.82,53.47,156.19,0.5410,-1,-1,-1
583,35,785.28,294.87,85.77,156.50,0.9082,-1,-1,-1
583,39,868.89,382.51,117.55,181.27,0.8800,-1,-1,-1
583,47,341.33,389.51,85.33,115.18,0.7865,-1,-1,-1
583,37,344.87,473.67,72.40,110.43,0.7700,-1,-1,-1
583,16,388.10,199.01,116.40,156.73,0.7520,-1,-1,-1
583,32,399.50,72.39,77.16,119.34,0.7506,-1,-1,-1
583,46,631.24,159.54,68.56,133.50,0.7492,-1,-1,-1
583,13,325.25,202.12,69.15,154.64,0.6685,-1,-1,-1
583,49,496.19,175.20,59.48,288.55,0.6663,-1,-1,-1
583,45,577.67,146.64,60.62,114.53,0.6197,-1,-1,-1
583,44,1047.27,214.01,53.08,156.20,0.5371,-1,-1,-1
584,35,782.48,297.17,86.96,154.17,0.9062,-1,-1,-1
584,39,869.55,383.95,117.33,180.33,0.8897,-1,-1,-1
584,47,341.06,388.17,84.68,115.81,0.8111,-1,-1,-1
584,46,638.55,164.29,65.72,129.40,0.7895,-1,-1,-1
584,32,390.01,74.17,79.96,122.80,0.7605,-1,-1,-1
584,37,346.76,474.57,74.07,109.61,0.7587,-1,-1,-1
584,13,318.11,168.14,75.83,182.87,0.7369,-1,-1,-1
584,16,394.02,216.71,122.53,139.11,0.6857,-1,-1,-1
584,50,501.05,176.40,63.95,158.35,0.6852,-1,-1,-1
584,45,567.98,142.30,85.66,127.66,0.6711,-1,-1,-1
584,49,505.44,291.91,39.27,173.58,0.5841,-1,-1,-1
584,44,1046.71,212.81,51.90,157.13,0.5386,-1,-1,-1
585,35,782.44,298.33,86.53,153.26,0.9005,-1,-1,-1
585,39,870.30,384.52,117.21,180.17,0.8862,-1,-1,-1
585,47,342.16,387.80,83.43,116.73,0.7948,-1,-1,-1
585,16,428.23,219.73,96.27,137.58,0.7454,-1,-1,-1
585,32,387.31,77.27,80.10,120.09,0.7410,-1,-1,-1
585,37,347.13,475.42,77.59,108.91,0.7158,-1,-1,-1
585,13,313.76,189.15,81.86,157.71,0.6984,-1,-1,-1
585,50,504.37,181.59,67.19,162.75,0.6386,-1,-1,-1
585,46,654.48,172.13,57.64,132.93,0.6212,-1,-1,-1
585,49,499.46,293.02,42.74,175.58,0.6010,-1,-1,-1
585,45,563.77,138.69,66.86,122.46,0.5758,-1,-1,-1
586,39,872.11,385.33,116.34,179.85,0.8972,-1,-1,-1
586,35,784.97,299.35,83.30,152.81,0.8877,-1,-1,-1
586,47,342.49,387.72,83.40,118.15,0.7900,-1,-1,-1
586,13,310.62,199.94,86.76,145.41,0.7569,-1,-1,-1
586,50,508.51,197.20,71.39,148.10,0.7216,-1,-1,-1
586,37,349.25,476.95,78.16,107.06,0.7130,-1,-1,-1
586,32,387.24,78.33,73.53,119.47,0.7063,-1,-1,-1
586,16,426.09,218.33,90.02,138.41,0.7042,-1,-1,-1
586,46,652.98,170.70,68.27,135.67,0.6976,-1,-1,-1
586,49,492.86,295.90,52.87,175.16,0.6819,-1,-1,-1
586,45,561.64,136.13,62.22,128.40,0.6493,-1,-1,-1
587,39,873.98,386.81,116.01,179.11,0.9075,-1,-1,-1
587,35,788.49,299.38,79.62,153.41,0.8640,-1,-1,-1
587,13,308.23,203.73,92.95,142.65,0.8384,-1,-1,-1
587,47,344.07,386.93,82.74,122.60,0.7869,-1,-1,-1
587,50,518.52,196.92,68.96,158.48,0.7401,-1,-1,-1
587,37,353.12,478.18,77.46,105.76,0.7395,-1,-1,-1
587,32,386.49,80.19,72.48,118.52,0.7243,-1,-1,-1
587,16,417.88,216.69,97.35,140.84,0.7162,-1,-1,-1
587,49,487.80,300.15,65.68,172.85,0.7122,-1,-1,-1
587,46,659.48,174.83,72.85,137.73,0.6921,-1,-1,-1
587,45,555.55,131.89,62.15,130.07,0.6236,-1,-1,-1
587,44,1050.37,218.09,68.08,153.77,0.5366,-1,-1,-1
588,39,876.13,387.90,115.76,177.96,0.8992,-1,-1,-1
588,13,305.98,204.03,93.06,142.61,0.8497,-1,-1,-1
588,35,790.76,299.34,77.73,154.17,0.8463,-1,-1,-1
588,47,345.52,385.93,82.28,125.84,0.8062,-1,-1,-1
588,16,424.73,216.18,96.89,141.89,0.8042,-1,-1,-1
588,46,670.65,180.11,83.29,137.45,0.7635,-1,-1,-1
588,37,356.58,479.62,76.64,104.26,0.7616,-1,-1,-1
588,50,528.57,194.63,67.72,165.40,0.7368,-1,-1,-1
588,32,386.13,80.05,72.47,118.77,0.7326,-1,-1,-1
588,49,481.09,305.44,72.57,169.44,0.6850,-1,-1,-1
588,45,554.39,126.49,60.01,127.66,0.6216,-1,-1,-1
588,44,1052.41,218.62,66.97,152.97,0.5538,-1,-1,-1
589,39,882.57,389.61,113.30,178.60,0.8901,-1,-1,-1
589,13,301.28,205.56,87.68,141.62,0.8417,-1,-1,-1
589,46,682.94,189.68,105.75,134.09,0.8084,-1,-1,-1
589,47,350.34,386.63,78.77,132.88,0.7752,-1,-1,-1
589,37,363.89,481.82,75.40,102.35,0.7496,-1,-1,-1
589,35,799.71,300.07,68.35,154.41,0.7403,-1,-1,-1
589,16,442.99,216.52,76.96,137.60,0.7263,-1,-1,-1
589,32,386.01,79.09,71.92,120.13,0.7239,-1,-1,-1
589,50,548.32,203.32,59.70,152.65,0.7048,-1,-1,-1
589,49,476.67,308.47,68.17,167.97,0.6659,-1,-1,-1
589,45,543.44,121.40,62.49,139.38,0.5544,-1,-1,-1
590,39,885.14,390.88,111.76,178.41,0.8768,-1,-1,-1
590,13,299.08,206.08,83.67,141.06,0.8668,-1,-1,-1
590,46,689.74,193.91,110.55,130.93,0.8134,-1,-1,-1
590,47,351.51,386.78,78.94,138.23,0.7551,-1,-1,-1
590,35,803.69,300.04,64.29,155.12,0.7385,-1,-1,-1
590,37,367.43,482.90,74.07,101.09,0.7254,-1,-1,-1
590,50,557.49,198.53,101.43,158.10,0.7142,-1,-1,-1
590,32,386.59,78.68,71.61,121.38,0.7052,-1,-1,-1
590,45,535.41,116.89,64.07,142.32,0.6838,-1,-1,-1
590,16,445.55,218.09,81.53,138.45,0.6401,-1,-1,-1
590,49,478.05,307.17,99.98,170.63,0.5739,-1,-1,-1
591,39,890.14,392.57,109.61,177.55,0.8714,-1,-1,-1
591,13,298.35,206.57,79.30,140.98,0.8571,-1,-1,-1
591,50,565.89,200.65,80.02,158.76,0.8009,-1,-1,-1
591,35,813.70,300.80,56.46,155.61,0.7717,-1,-1,-1
591,46,681.36,198.25,128.98,128.88,0.7439,-1,-1,-1
591,32,387.93,76.28,70.89,124.99,0.6962,-1,-1,-1
591,45,528.91,120.18,66.34,141.21,0.6838,-1,-1,-1
591,47,353.55,386.89,78.86,143.93,0.6835,-1,-1,-1
591,37,373.07,484.25,71.17,99.78,0.6636,-1,-1,-1
591,16,449.76,219.57,76.54,170.63,0.5619,-1,-1,-1
592,39,893.43,394.52,109.34,177.19,0.8693,-1,-1,-1
592,13,297.57,207.65,77.54,141.03,0.8564,-1,-1,-1
592,50,574.37,203.45,86.93,156.97,0.8381,-1,-1,-1
592,46,705.56,202.02,108.02,126.67,0.8183,-1,-1,-1
592,35,815.33,301.87,55.28,155.90,0.7477,-1,-1,-1
592,49,480.17,308.44,73.51,170.36,0.7172,-1,-1,-1
592,32,388.66,77.88,70.92,125.01,0.6960,-1,-1,-1
592,47,355.97,387.40,78.16,138.58,0.6924,-1,-1,-1
592,45,520.01,122.49,73.87,140.66,0.6797,-1,-1,-1
592,37,375.41,487.20,71.85,96.48,0.6481,-1,-1,-1
592,16,453.55,223.81,65.33,170.20,0.6110,-1,-1,-1
593,50,574.29,205.50,103.74,155.98,0.8850,-1,-1,-1
593,39,898.43,396.83,106.55,176.91,0.8837,-1,-1,-1
593,13,293.35,209.14,81.65,141.00,0.8628,-1,-1,-1
593,46,713.86,204.96,100.65,125.67,0.8131,-1,-1,-1
593,35,816.43,303.53,53.82,156.41,0.7523,-1,-1,-1
593,45,516.78,122.60,74.80,141.39,0.7320,-1,-1,-1
593,49,485.56,307.05,72.24,173.45,0.7143,-1,-1,-1
593,47,358.06,387.78,77.72,158.06,0.6828,-1,-1,-1
593,37,379.17,490.50,70.21,93.53,0.6411,-1,-1,-1
593,32,390.33,79.28,72.62,123.62,0.6091,-1,-1,-1
594,39,906.67,400.79,101.31,177.21,0.9045,-1,-1,-1
594,50,574.79,209.02,129.16,154.45,0.8847,-1,-1,-1
594,46,722.65,205.29,93.56,129.10,0.8247,-1,-1,-1
594,13,288.17,214.15,81.57,135.89,0.8194,-1,-1,-1
594,45,514.50,114.13,73.74,150.78,0.7739,-1,-1,-1
594,49,495.14,307.67,58.19,175.75,0.7486,-1,-1,-1
594,47,363.58,392.34,76.01,160.14,0.7452,-1,-1,-1
594,16,461.84,234.28,76.81,124.78,0.7162,-1,-1,-1
594,32,389.04,85.62,82.74,121.14,0.7045,-1,-1,-1
594,35,816.85,306.86,55.23,134.86,0.6859,-1,-1,-1
594,37,389.10,491.30,63.76,93.13,0.6783,-1,-1,-1
595,39,909.74,402.45,99.83,176.74,0.9134,-1,-1,-1
595,50,577.77,211.27,138.52,148.29,0.9029,-1,-1,-1
595,13,286.88,216.38,79.55,132.45,0.8377,-1,-1,-1
595,46,724.39,203.27,90.85,133.74,0.8275,-1,-1,-1
595,49,496.84,308.80,57.71,176.40,0.7968,-1,-1,-1
595,47,365.89,393.85,74.72,158.48,0.7621,-1,-1,-1
595,45,513.00,105.81,73.96,156.35,0.7620,-1,-1,-1
595,35,814.19,308.14,59.04,157.36,0.7453,-1,-1,-1
595,16,461.67,235.06,83.44,129.75,0.7118,-1,-1,-1
595,32,389.20,88.06,87.14,120.52,0.7024,-1,-1,-1
595,37,392.03,491.62,63.68,92.58,0.6893,-1,-1,-1
596,39,912.82,403.72,98.70,177.00,0.9073,-1,-1,-1
596,50,586.70,214.50,135.10,144.48,0.9047,-1,-1,-1
596,13,287.89,218.67,79.00,129.32,0.8250,-1,-1,-1
596,46,693.50,200.51,122.78,135.59,0.7737,-1,-1,-1
596,47,368.11,394.26,74.15,158.12,0.7526,-1,-1,-1
596,49,497.24,310.49,60.56,176.05,0.7516,-1,-1,-1
596,45,512.08,98.18,71.48,161.67,0.7457,-1,-1,-1
596,16,461.80,234.69,83.53,122.90,0.7171,-1,-1,-1
596,32,389.26,90.61,91.49,119.13,0.7030,-1,-1,-1
596,35,792.14,308.97,83.13,158.12,0.6973,-1,-1,-1
596,37,394.06,493.10,63.90,90.91,0.6837,-1,-1,-1
597,50,598.11,217.04,124.08,143.68,0.9041,-1,-1,-1
597,39,915.54,405.44,96.84,177.04,0.8908,-1,-1,-1
597,13,289.97,221.49,76.52,128.26,0.8445,-1,-1,-1
597,45,509.77,97.59,70.22,159.25,0.7805,-1,-1,-1
597,47,369.04,395.54,74.63,154.07,0.7757,-1,-1,-1
597,49,499.60,313.14,62.26,175.57,0.7483,-1,-1,-1
597,16,461.01,234.16,81.91,127.39,0.7165,-1,-1,-1
597,32,388.63,92.54,95.41,119.78,0.7030,-1,-1,-1
597,37,396.51,495.25,63.78,89.03,0.6944,-1,-1,-1
597,46,694.64,198.47,117.99,138.26,0.6414,-1,-1,-1
597,35,800.81,309.99,73.75,159.58,0.6335,-1,-1,-1
598,39,917.15,407.19,96.12,177.59,0.8911,-1,-1,-1
598,50,612.95,219.11,123.05,143.34,0.8681,-1,-1,-1
598,13,289.26,224.00,76.99,128.27,0.8659,-1,-1,-1
598,47,368.84,396.76,76.33,152.71,0.7989,-1,-1,-1
598,46,717.32,196.28,94.53,140.77,0.7879,-1,-1,-1
598,49,500.74,317.29,63.57,174.74,0.7692,-1,-1,-1
598,16,460.43,233.33,78.89,128.18,0.7263,-1,-1,-1
598,32,388.62,95.66,99.27,118.68,0.7025,-1,-1,-1
598,37,398.61,497.31,64.69,86.97,0.6883,-1,-1,-1
598,45,506.70,99.40,69.38,156.07,0.6822,-1,-1,-1
598,35,796.84,312.24,80.17,159.17,0.6325,-1,-1,-1
599,39,919.39,411.73,95.24,176.85,0.8874,-1,-1,-1
599,13,286.54,227.66,79.96,127.59,0.8774,-1,-1,-1
599,47,367.17,399.46,79.93,150.98,0.8242,-1,-1,-1
599,49,502.53,325.68,69.69,170.13,0.7959,-1,-1,-1
599,50,631.69,222.69,92.65,143.54,0.7881,-1,-1,-1
599,16,459.73,232.10,73.41,150.14,0.7775,-1,-1,-1
599,46,723.88,197.13,86.67,137.90,0.7412,-1,-1,-1
599,32,388.87,97.50,100.21,120.98,0.7395,-1,-1,-1
599,45,493.85,103.99,74.53,149.29,0.7084,-1,-1,-1
599,37,404.18,501.88,63.90,82.56,0.6527,-1,-1,-1
599,35,789.80,315.21,88.66,160.37,0.6161,-1,-1,-1
600,39,920.34,413.79,95.05,178.16,0.8965,-1,-1,-1
600,13,281.11,228.50,84.82,129.36,0.8904,-1,-1,-1
600,50,621.83,222.87,132.62,145.34,0.8618,-1,-1,-1
600,47,366.77,401.07,80.06,149.84,0.8372,-1,-1,-1
600,16,459.25,232.00,70.97,158.47,0.8233,-1,-1,-1
600,46,718.24,198.10,92.01,139.25,0.7996,-1,-1,-1
600,49,503.28,329.66,72.02,169.05,0.7947,-1,-1,-1
600,32,388.86,101.14,100.94,119.75,0.7683,-1,-1,-1
600,45,489.63,105.34,76.32,145.89,0.7638,-1,-1,-1
600,37,406.54,504.70,62.92,79.56,0.6700,-1,-1,-1
600,35,791.67,316.45,87.43,161.08,0.6143,-1,-1,-1
601,13,274.92,229.79,90.11,131.11,0.9019,-1,-1,-1
601,39,920.56,415.71,95.67,179.37,0.8900,-1,-1,-1
601,47,367.22,402.98,79.76,148.25,0.8415,-1,-1,-1
601,46,716.81,200.40,94.76,138.94,0.8401,-1,-1,-1
601,49,502.83,331.02,74.05,170.93,0.8162,-1,-1,-1
601,16,458.03,231.61,68.75,157.64,0.8113,-1,-1,-1
601,45,485.72,106.06,82.00,147.78,0.7924,-1,-1,-1
601,32,389.36,102.03,99.94,120.50,0.7808,-1,-1,-1
601,50,642.14,222.13,94.61,147.97,0.7178,-1,-1,-1
601,37,409.35,506.98,61.82,77.03,0.6564,-1,-1,-1
601,35,825.38,317.85,52.91,161.59,0.6540,-1,-1,-1
602,13,269.37,231.48,92.05,131.58,0.9081,-1,-1,-1
602,39,921.59,417.82,95.34,179.78,0.8946,-1,-1,-1
602,47,365.63,404.64,80.61,150.54,0.8365,-1,-1,-1
602,49,503.52,332.57,72.99,170.94,0.8350,-1,-1,-1
602,16,457.27,230.96,67.20,157.01,0.8340,-1,-1,-1
602,46,713.37,202.61,101.21,139.44,0.8293,-1,-1,-1
602,50,658.22,219.69,96.25,151.86,0.7949,-1,-1,-1
602,32,390.75,103.69,97.83,120.51,0.7786,-1,-1,-1
602,45,483.73,116.40,82.77,137.71,0.7543,-1,-1,-1
602,35,827.00,319.23,51.33,162.78,0.6903,-1,-1,-1
602,37,411.84,510.15,59.81,73.56,0.6758,-1,-1,-1
603,13,263.42,232.57,92.96,132.33,0.9109,-1,-1,-1
603,39,922.09,419.98,95.07,180.79,0.8948,-1,-1,-1
603,47,363.74,406.32,82.28,151.99,0.8326,-1,-1,-1
603,49,502.07,332.57,73.81,172.78,0.8278,-1,-1,-1
603,46,712.90,189.84,104.02,154.31,0.8164,-1,-1,-1
603,45,480.87,112.36,85.39,144.35,0.8161,-1,-1,-1
603,16,455.74,230.63,69.03,156.61,0.8048,-1,-1,-1
603,35,828.35,319.95,50.77,164.45,0.7555,-1,-1,-1
603,50,644.40,215.03,107.40,157.96,0.7548,-1,-1,-1
603,32,395.32,104.80,92.38,120.49,0.6908,-1,-1,-1
603,37,414.55,512.70,59.76,70.92,0.6767,-1,-1,-1
603,-1,1047.73,271.11,64.83,133.12,0.5160,-1,-1,-1
604,13,253.00,233.36,85.23,136.08,0.8966,-1,-1,-1
604,39,922.04,424.65,94.82,180.42,0.8367,-1,-1,-1
604,49,502.39,333.29,73.32,176.21,0.8221,-1,-1,-1
604,45,477.40,114.75,87.94,145.60,0.8030,-1,-1,-1
604,47,360.37,410.02,81.33,155.18,0.7946,-1,-1,-1
604,35,828.40,322.53,51.81,164.91,0.7748,-1,-1,-1
604,16,451.70,231.14,64.42,154.68,0.7724,-1,-1,-1
604,50,665.60,210.21,92.59,164.43,0.7607,-1,-1,-1
604,46,728.32,177.96,86.98,169.98,0.7122,-1,-1,-1
604,32,405.13,104.40,81.67,123.46,0.6780,-1,-1,-1
604,37,418.04,518.11,58.97,65.76,0.6424,-1,-1,-1
605,13,248.09,233.79,77.72,137.93,0.8938,-1,-1,-1
605,39,921.82,427.12,94.72,176.41,0.8399,-1,-1,-1
605,49,505.00,334.14,72.06,176.75,0.8237,-1,-1,-1
605,46,724.21,175.21,87.75,174.13,0.8187,-1,-1,-1
605,16,449.96,232.52,62.65,152.85,0.8046,-1,-1,-1
605,45,477.18,115.24,87.75,146.38,0.7993,-1,-1,-1
605,47,358.69,411.15,81.27,159.92,0.7906,-1,-1,-1
605,35,828.89,324.79,52.39,164.69,0.7616,-1,-1,-1
605,50,668.22,208.01,85.00,166.64,0.7532,-1,-1,-1
605,32,409.47,105.04,76.43,124.96,0.6560,-1,-1,-1
605,37,419.47,520.02,60.36,63.95,0.5841,-1,-1,-1
605,-1,1048.97,272.60,73.01,139.90,0.5402,-1,-1,-1
606,13,243.16,234.25,68.76,140.53,0.8773,-1,-1,-1
606,39,921.75,429.80,94.58,174.04,0.8334,-1,-1,-1
606,49,509.91,334.55,70.44,176.65,0.8309,-1,-1,-1
606,47,356.47,412.41,80.16,160.16,0.7997,-1,-1,-1
606,16,447.93,234.26,66.49,150.10,0.7935,-1,-1,-1
606,35,828.63,326.70,54.00,164.88,0.7639,-1,-1,-1
606,46,728.51,174.93,80.32,174.67,0.7594,-1,-1,-1
606,45,474.79,117.78,89.99,143.71,0.7457,-1,-1,-1
606,50,673.07,206.50,73.82,167.69,0.7437,-1,-1,-1
606,32,414.75,106.74,71.19,126.16,0.6354,-1,-1,-1
606,37,424.38,522.75,56.77,61.21,0.5851,-1,-1,-1
606,-1,1049.67,271.77,74.52,142.80,0.5338,-1,-1,-1
607,39,921.65,432.54,94.12,170.88,0.8436,-1,-1,-1
607,49,516.19,334.34,67.06,178.54,0.8407,-1,-1,-1
607,47,354.77,413.58,79.66,162.29,0.8331,-1,-1,-1
607,13,237.96,235.15,60.87,142.45,0.8228,-1,-1,-1
607,16,444.92,237.08,67.20,148.41,0.7835,-1,-1,-1
607,35,828.38,328.44,55.20,165.25,0.7487,-1,-1,-1
607,50,677.93,205.48,77.65,166.52,0.7339,-1,-1,-1
607,46,729.58,176.64,71.38,171.13,0.7125,-1,-1,-1
607,45,474.26,123.95,88.77,140.17,0.6441,-1,-1,-1
607,32,415.60,107.09,69.93,128.01,0.6374,-1,-1,-1
607,37,422.04,524.01,60.15,59.51,0.5559,-1,-1,-1
607,51,1050.96,272.50,72.92,144.51,0.5458,-1,-1,-1
608,49,523.70,333.98,61.23,179.06,0.8734,-1,-1,-1
608,13,233.07,237.20,55.43,144.33,0.8430,-1,-1,-1
608,47,353.45,414.78,79.66,164.03,0.8378,-1,-1,-1
608,39,921.59,434.95,93.00,168.12,0.8343,-1,-1,-1
608,50,682.74,204.21,64.22,164.63,0.8242,-1,-1,-1
608,16,440.26,240.88,77.11,147.27,0.8148,-1,-1,-1
608,35,827.77,331.06,58.56,164.83,0.7810,-1,-1,-1
608,46,730.95,177.82,64.66,165.42,0.7521,-1,-1,-1
608,45,473.31,136.79,88.46,131.08,0.6948,-1,-1,-1
608,32,413.79,108.50,68.41,128.39,0.6695,-1,-1,-1
608,37,429.86,526.19,53.11,57.63,0.6002,-1,-1,-1
608,51,1051.80,269.85,72.11,149.63,0.5150,-1,-1,-1
609,47,351.75,418.40,76.14,163.69,0.8551,-1,-1,-1
609,50,685.15,200.70,60.18,160.59,0.8531,-1,-1,-1
609,49,531.16,332.35,56.36,179.54,0.8383,-1,-1,-1
609,13,218.83,243.65,57.34,136.87,0.8273,-1,-1,-1
609,39,919.25,440.77,93.08,155.30,0.8092,-1,-1,-1
609,35,828.26,335.99,59.44,163.85,0.7990,-1,-1,-1
609,46,730.45,182.30,53.37,154.11,0.7971,-1,-1,-1
609,16,436.44,247.80,83.34,145.63,0.7963,-1,-1,-1
609,45,470.39,131.80,89.30,141.21,0.7690,-1,-1,-1
609,32,409.64,113.72,68.70,128.36,0.6399,-1,-1,-1
609,37,438.00,529.73,46.89,54.17,0.5426,-1,-1,-1
609,51,1053.24,264.47,72.11,160.07,0.5214,-1,-1,-1
610,50,684.93,198.82,64.94,159.42,0.8717,-1,-1,-1
610,47,351.02,419.84,77.19,163.07,0.8448,-1,-1,-1
610,49,532.60,332.00,55.79,178.47,0.8338,-1,-1,-1
610,39,918.91,443.11,92.53,155.26,0.8182,-1,-1,-1
610,35,827.48,338.82,59.88,163.78,0.7837,-1,-1,-1
610,16,434.78,249.45,81.13,146.71,0.7701,-1,-1,-1
610,13,210.62,243.84,60.22,142.69,0.7693,-1,-1,-1
610,46,731.66,185.45,51.23,153.60,0.7531,-1,-1,-1
610,45,470.33,141.27,88.35,133.54,0.7367,-1,-1,-1
610,32,407.84,107.70,68.93,136.85,0.6507,-1,-1,-1
610,51,1051.86,264.57,74.07,161.76,0.5789,-1,-1,-1
611,50,685.20,196.88,69.73,157.30,0.8917,-1,-1,-1
611,47,350.17,422.78,81.79,160.57,0.8579,-1,-1,-1
611,49,532.94,332.51,56.66,176.82,0.8392,-1,-1,-1
611,39,917.93,445.64,92.60,163.03,0.8195,-1,-1,-1
611,35,826.92,341.52,60.84,164.19,0.8001,-1,-1,-1
611,13,201.96,252.20,62.39,139.09,0.7962,-1,-1,-1
611,16,432.49,251.84,88.29,146.85,0.7883,-1,-1,-1
611,46,733.73,188.10,49.34,140.35,0.7565,-1,-1,-1
611,45,468.08,151.45,89.60,126.05,0.7448,-1,-1,-1
611,32,406.61,121.93,68.08,124.46,0.6648,-1,-1,-1
611,51,1051.33,265.15,75.67,160.61,0.5645,-1,-1,-1
612,50,684.50,196.50,71.56,158.07,0.8989,-1,-1,-1
612,47,349.22,425.74,87.20,158.58,0.8527,-1,-1,-1
612,49,532.47,334.40,58.34,176.20,0.8520,-1,-1,-1
612,39,917.19,449.36,91.77,169.86,0.8229,-1,-1,-1
612,13,191.95,256.11,69.42,140.08,0.8158,-1,-1,-1
612,16,431.07,255.67,84.20,144.85,0.8024,-1,-1,-1
612,35,825.73,344.68,60.98,164.13,0.7965,-1,-1,-1
612,45,467.14,143.80,88.93,135.91,0.7128,-1,-1,-1
612,46,733.96,193.36,48.57,135.08,0.6806,-1,-1,-1
612,32,405.21,105.15,68.83,143.35,0.6238,-1,-1,-1
612,51,1050.20,266.19,75.34,159.95,0.5416,-1,-1,-1
613,47,349.60,429.04,89.43,156.10,0.8704,-1,-1,-1
613,39,916.76,452.37,91.79,167.93,0.8685,-1,-1,-1
613,13,180.56,259.70,79.26,142.11,0.8654,-1,-1,-1
613,49,532.11,336.71,59.54,176.50,0.8552,-1,-1,-1
613,50,680.50,195.49,74.57,161.89,0.8378,-1,-1,-1
613,16,428.98,257.80,84.91,144.77,0.8331,-1,-1,-1
613,35,825.32,347.50,60.55,164.51,0.8149,-1,-1,-1
613,45,465.69,138.19,88.32,144.80,0.6792,-1,-1,-1
613,32,404.39,104.79,68.33,146.83,0.6594,-1,-1,-1
613,46,733.53,199.44,48.55,131.60,0.6015,-1,-1,-1
613,51,1050.21,266.40,48.37,146.76,0.5706,-1,-1,-1
613,-1,447.91,539.67,50.75,175.65,0.5108,-1,-1,-1
614,13,163.08,265.93,90.89,142.78,0.8887,-1,-1,-1
614,47,349.76,432.97,90.28,152.31,0.8554,-1,-1,-1
614,49,534.49,344.47,62.22,175.11,0.8272,-1,-1,-1
614,16,427.12,260.57,82.69,146.73,0.8145,-1,-1,-1
614,50,677.77,195.90,72.18,164.19,0.8073,-1,-1,-1
614,35,822.14,353.82,60.28,164.01,0.7978,-1,-1,-1
614,45,465.48,141.07,83.90,148.97,0.7849,-1,-1,-1
614,39,916.76,458.10,90.60,137.28,0.7625,-1,-1,-1
614,32,402.58,116.27,68.70,140.33,0.7462,-1,-1,-1
614,46,733.32,211.67,46.75,125.03,0.6680,-1,-1,-1
614,-1,450.93,546.06,59.15,173.87,0.5590,-1,-1,-1
615,13,159.36,268.32,88.47,143.07,0.8765,-1,-1,-1
615,49,536.58,348.29,64.72,174.64,0.8568,-1,-1,-1
615,47,350.00,434.80,83.82,150.06,0.8438,-1,-1,-1
615,16,426.52,261.06,80.80,147.04,0.8232,-1,-1,-1
615,35,821.31,356.42,60.11,164.64,0.8024,-1,-1,-1
615,45,464.26,156.03,84.45,134.15,0.8003,-1,-1,-1
615,50,674.00,196.84,70.01,162.49,0.7691,-1,-1,-1
615,39,916.52,460.81,91.02,133.80,0.7402,-1,-1,-1
615,32,402.18,120.49,67.06,138.88,0.7291,-1,-1,-1
615,46,729.72,210.62,49.29,128.90,0.6163,-1,-1,-1
615,52,451.95,549.12,70.35,170.95,0.5741,-1,-1,-1
615,51,1046.38,266.64,51.13,153.87,0.5295,-1,-1,-1
616,13,156.20,270.49,83.34,143.63,0.8846,-1,-1,-1
616,49,537.15,352.31,68.75,174.09,0.8684,-1,-1,-1
616,47,350.05,436.94,81.53,147.82,0.8477,-1,-1,-1
616,16,424.29,260.70,84.11,150.03,0.8346,-1,-1,-1
616,35,821.05,359.08,59.07,164.69,0.8009,-1,-1,-1
616,50,667.51,198.11,73.08,162.30,0.7972,-1,-1,-1
616,45,463.69,158.02,84.74,134.19,0.7881,-1,-1,-1
616,39,917.89,462.81,89.40,137.95,0.7186,-1,-1,-1
616,32,402.46,111.43,67.62,149.93,0.6715,-1,-1,-1
616,46,728.58,209.25,48.09,132.47,0.6327,-1,-1,-1
616,52,451.12,551.83,81.65,168.36,0.6187,-1,-1,-1
617,13,153.92,271.81,79.56,144.46,0.9068,-1,-1,-1
617,47,350.18,438.20,75.49,146.11,0.8592,-1,-1,-1
617,16,421.85,260.90,83.88,150.91,0.8476,-1,-1,-1
617,49,529.89,355.08,81.32,174.54,0.8467,-1,-1,-1
617,50,661.37,198.66,81.01,161.66,0.8284,-1,-1,-1
617,35,820.64,361.97,58.66,164.06,0.8199,-1,-1,-1
617,39,919.75,464.70,87.57,140.01,0.7683,-1,-1,-1
617,45,463.45,158.39,89.58,135.52,0.7496,-1,-1,-1
617,32,401.89,120.34,65.13,142.81,0.7344,-1,-1,-1
617,46,717.18,208.00,59.09,134.94,0.6788,-1,-1,-1
617,52,450.12,554.40,92.49,165.91,0.5882,-1,-1,-1
618,13,148.08,272.12,78.45,146.09,0.9078,-1,-1,-1
618,49,535.07,356.88,79.69,174.83,0.8904,-1,-1,-1
618,47,350.37,438.78,76.76,146.00,0.8621,-1,-1,-1
618,16,419.47,261.24,84.52,152.12,0.8335,-1,-1,-1
618,50,655.77,203.06,91.34,159.59,0.8152,-1,-1,-1
618,35,820.52,363.93,56.96,164.24,0.7844,-1,-1,-1
618,39,920.75,466.75,87.29,123.27,0.7583,-1,-1,-1
618,32,400.84,122.41,65.72,142.55,0.7378,-1,-1,-1
618,45,462.97,157.24,92.74,137.80,0.7307,-1,-1,-1
618,46,718.53,206.43,57.63,134.89,0.6190,-1,-1,-1
618,52,448.44,557.26,100.14,163.15,0.5477,-1,-1,-1
618,51,1042.46,271.65,54.68,155.54,0.5207,-1,-1,-1
619,49,535.71,357.76,85.10,177.31,0.9004,-1,-1,-1
619,13,134.81,272.94,76.61,149.06,0.8899,-1,-1,-1
619,47,351.99,440.54,79.54,144.77,0.8664,-1,-1,-1
619,16,413.22,262.94,85.98,149.88,0.8282,-1,-1,-1
619,35,817.96,367.21,56.67,164.61,0.7721,-1,-1,-1
619,39,924.27,469.74,85.08,124.30,0.7684,-1,-1,-1
619,50,644.40,206.45,99.24,159.02,0.7624,-1,-1,-1
619,32,398.72,114.23,69.62,154.31,0.6997,-1,-1,-1
619,45,462.07,160.82,85.52,137.17,0.6759,-1,-1,-1
619,51,1040.17,269.80,50.32,154.26,0.5590,-1,-1,-1
619,46,721.15,207.95,55.35,133.26,0.5401,-1,-1,-1
620,49,538.61,358.25,82.87,178.21,0.8961,-1,-1,-1
620,13,127.88,274.59,74.38,148.58,0.8854,-1,-1,-1
620,47,352.93,440.94,80.40,144.36,0.8741,-1,-1,-1
620,16,406.82,264.73,91.90,148.68,0.8376,-1,-1,-1
620,35,817.18,368.74,54.82,164.65,0.8182,-1,-1,-1
620,32,397.39,120.87,64.52,150.24,0.7821,-1,-1,-1
620,39,925.69,470.90,84.81,140.90,0.7690,-1,-1,-1
620,45,450.39,160.18,90.97,139.45,0.7056,-1,-1,-1
620,51,1039.38,267.78,49.51,156.21,0.6144,-1,-1,-1
620,50,642.98,207.88,126.85,158.25,0.5377,-1,-1,-1
621,49,541.73,358.56,79.24,178.11,0.8923,-1,-1,-1
621,13,119.53,276.43,71.67,147.99,0.8883,-1,-1,-1
621,47,355.74,441.42,80.05,144.23,0.8758,-1,-1,-1
621,16,398.72,266.68,98.89,148.33,0.8393,-1,-1,-1
621,35,816.11,370.51,54.99,164.16,0.8266,-1,-1,-1
621,39,927.91,472.05,83.50,139.53,0.8002,-1,-1,-1
621,32,395.45,131.00,84.24,141.62,0.7498,-1,-1,-1
621,45,457.64,166.67,88.81,134.48,0.7367,-1,-1,-1
621,50,641.72,209.28,97.16,158.73,0.6861,-1,-1,-1
621,51,1037.87,267.36,49.24,146.55,0.5548,-1,-1,-1
621,52,448.13,564.89,94.82,155.17,0.5147,-1,-1,-1
621,46,719.16,209.80,64.68,117.06,0.5048,-1,-1,-1
622,13,104.70,277.92,75.68,148.02,0.8950,-1,-1,-1
622,49,544.52,358.46,75.70,178.45,0.8819,-1,-1,-1
622,47,358.35,441.67,79.95,143.56,0.8777,-1,-1,-1
622,16,387.74,268.84,107.85,148.04,0.8397,-1,-1,-1
622,39,929.19,473.44,82.45,139.02,0.8117,-1,-1,-1
622,35,815.59,371.83,54.47,164.13,0.8111,-1,-1,-1
622,50,637.71,209.19,96.01,159.01,0.7579,-1,-1,-1
622,45,440.06,158.58,99.72,144.05,0.7552,-1,-1,-1
622,32,391.39,122.26,78.17,148.16,0.6321,-1,-1,-1
622,51,1035.05,266.74,51.95,157.95,0.5870,-1,-1,-1
622,46,718.38,208.38,66.68,113.69,0.5464,-1,-1,-1
622,52,448.96,565.79,92.91,154.27,0.5207,-1,-1,-1
623,49,547.49,357.91,72.15,178.39,0.9067,-1,-1,-1
623,13,91.54,278.96,80.58,148.26,0.8997,-1,-1,-1
623,47,360.88,441.63,80.55,143.07,0.8741,-1,-1,-1
623,16,381.77,272.73,112.83,144.34,0.8624,-1,-1,-1
623,39,930.56,474.43,81.84,138.20,0.8199,-1,-1,-1
623,50,636.24,209.20,91.48,158.60,0.8175,-1,-1,-1
623,35,815.43,372.69,53.72,164.73,0.8015,-1,-1,-1
623,45,439.44,159.32,100.30,144.52,0.7986,-1,-1,-1
623,32,387.30,126.40,72.54,142.30,0.7734,-1,-1,-1
623,46,716.03,206.94,67.82,114.00,0.6306,-1,-1,-1
623,51,1033.28,263.36,54.57,153.36,0.5664,-1,-1,-1
624,13,79.63,280.35,90.69,147.43,0.9135,-1,-1,-1
624,49,550.57,356.33,68.91,179.17,0.9043,-1,-1,-1
624,47,361.91,441.96,81.91,142.59,0.8879,-1,-1,-1
624,16,376.44,275.78,117.25,139.04,0.8817,-1,-1,-1
624,50,636.10,210.78,93.13,155.49,0.8429,-1,-1,-1
624,39,932.92,474.38,79.73,142.44,0.8368,-1,-1,-1
624,35,815.35,372.77,53.20,165.45,0.7904,-1,-1,-1
624,45,433.83,160.03,105.83,143.98,0.7836,-1,-1,-1
624,32,384.57,132.97,74.72,135.82,0.7717,-1,-1,-1
624,46,714.71,206.82,67.51,113.18,0.6578,-1,-1,-1
624,51,1030.52,260.66,52.26,147.27,0.5802,-1,-1,-1
625,13,58.90,282.38,107.90,145.97,0.9249,-1,-1,-1
625,49,551.97,352.45,66.89,179.90,0.9131,-1,-1,-1
625,16,369.36,279.39,124.31,136.93,0.9010,-1,-1,-1
625,47,363.41,442.45,84.28,140.81,0.8879,-1,-1,-1
625,45,434.60,161.52,105.10,142.41,0.8380,-1,-1,-1
625,50,630.95,210.40,100.47,144.40,0.8333,-1,-1,-1
625,39,937.49,474.64,76.17,137.50,0.8290,-1,-1,-1
625,32,381.98,137.20,76.22,133.76,0.8048,-1,-1,-1
625,35,816.73,372.76,51.69,166.63,0.7770,-1,-1,-1
625,46,714.03,207.27,69.53,112.17,0.6831,-1,-1,-1
625,51,1026.26,254.86,62.58,153.67,0.5050,-1,-1,-1
626,13,54.42,283.47,110.28,144.84,0.9321,-1,-1,-1
626,49,551.06,350.29,68.21,178.87,0.9076,-1,-1,-1
626,16,367.05,279.47,126.63,137.81,0.8989,-1,-1,-1
626,47,364.60,443.03,84.29,141.01,0.8821,-1,-1,-1
626,50,630.43,211.13,102.69,138.86,0.8413,-1,-1,-1
626,45,435.85,163.63,103.66,141.65,0.8381,-1,-1,-1
626,32,382.44,139.70,74.84,132.10,0.8293,-1,-1,-1
626,39,938.90,474.55,74.99,130.79,0.8152,-1,-1,-1
626,35,818.26,372.16,50.15,167.77,0.7773,-1,-1,-1
626,46,713.40,206.85,69.93,113.49,0.6742,-1,-1,-1
627,13,52.19,284.84,109.37,144.13,0.9230,-1,-1,-1
627,49,550.41,348.64,71.37,177.02,0.9010,-1,-1,-1
627,47,366.57,444.75,84.36,140.03,0.8858,-1,-1,-1
627,16,363.86,278.73,129.11,138.81,0.8813,-1,-1,-1
627,45,432.80,165.74,107.27,140.90,0.8369,-1,-1,-1
627,39,939.78,474.54,74.52,143.89,0.8199,-1,-1,-1
627,32,382.23,139.77,74.70,135.54,0.8176,-1,-1,-1
627,50,637.61,210.47,98.91,135.49,0.8150,-1,-1,-1
627,35,819.01,371.56,50.05,168.47,0.7695,-1,-1,-1
627,46,711.53,205.16,72.43,114.93,0.6920,-1,-1,-1
628,13,51.37,284.55,104.98,145.17,0.9208,-1,-1,-1
628,49,549.36,347.47,74.88,174.27,0.9071,-1,-1,-1
628,47,368.43,446.22,83.09,138.57,0.8816,-1,-1,-1
628,16,359.20,277.37,127.27,139.85,0.8733,-1,-1,-1
628,45,432.81,167.63,109.97,140.23,0.8169,-1,-1,-1
628,39,939.96,474.27,74.39,144.74,0.8154,-1,-1,-1
628,32,381.85,139.45,74.42,138.10,0.8068,-1,-1,-1
628,50,646.20,207.93,95.17,134.62,0.8060,-1,-1,-1
628,35,819.79,370.55,49.23,169.30,0.7933,-1,-1,-1
628,46,708.90,203.97,75.05,114.30,0.6597,-1,-1,-1
629,13,50.57,283.17,98.23,146.27,0.9205,-1,-1,-1
629,49,549.34,346.85,77.15,172.50,0.9094,-1,-1,-1
629,16,353.23,275.16,125.46,140.96,0.8855,-1,-1,-1
629,47,369.80,448.48,82.73,136.14,0.8720,-1,-1,-1
629,45,432.55,166.67,107.39,140.67,0.8623,-1,-1,-1
629,39,939.93,473.97,74.44,145.16,0.8279,-1,-1,-1
629,50,655.68,205.41,90.45,134.50,0.8169,-1,-1,-1
629,35,819.96,369.08,49.56,170.00,0.7896,-1,-1,-1
629,32,380.45,137.68,75.91,139.06,0.7882,-1,-1,-1
629,46,707.29,201.84,76.81,115.15,0.6524,-1,-1,-1
630,13,50.34,277.78,75.49,150.69,0.9179,-1,-1,-1
630,49,549.53,347.54,82.82,168.58,0.9027,-1,-1,-1
630,16,346.45,269.25,113.40,145.49,0.8852,-1,-1,-1
630,47,371.50,450.67,84.27,133.67,0.8545,-1,-1,-1
630,45,440.93,165.23,99.37,140.67,0.8389,-1,-1,-1
630,50,656.70,195.08,97.39,142.37,0.8388,-1,-1,-1
630,39,938.15,473.06,75.27,145.30,0.8278,-1,-1,-1
630,35,821.94,366.39,49.94,171.46,0.7718,-1,-1,-1
630,32,366.81,135.45,89.74,145.17,0.7526,-1,-1,-1
631,13,50.28,274.91,73.55,153.20,0.9026,-1,-1,-1
631,49,548.32,349.48,86.27,167.67,0.8970,-1,-1,-1
631,16,343.96,266.59,104.86,147.86,0.8886,-1,-1,-1
631,45,451.17,164.89,89.16,139.78,0.8456,-1,-1,-1
631,50,656.55,193.14,99.84,144.21,0.8354,-1,-1,-1
631,47,373.06,451.31,84.45,133.01,0.8234,-1,-1,-1
631,39,937.02,473.19,75.70,145.09,0.8126,-1,-1,-1
631,32,364.99,132.17,89.37,143.48,0.7820,-1,-1,-1
631,35,822.23,365.01,50.60,172.12,0.7471,-1,-1,-1
632,13,47.52,273.05,73.26,155.34,0.8917,-1,-1,-1
632,16,342.60,263.43,92.73,150.41,0.8826,-1,-1,-1
632,49,546.80,352.50,91.88,163.25,0.8801,-1,-1,-1
632,45,454.98,163.74,85.19,140.86,0.8576,-1,-1,-1
632,39,935.47,473.20,76.11,144.83,0.8416,-1,-1,-1
632,47,374.57,451.49,85.55,132.82,0.8234,-1,-1,-1
632,50,657.50,191.80,99.22,144.99,0.8171,-1,-1,-1
632,32,376.53,131.99,76.02,142.98,0.8041,-1,-1,-1
632,35,822.98,363.39,51.05,173.23,0.7496,-1,-1,-1
632,46,694.77,190.95,88.65,118.21,0.5422,-1,-1,-1
633,49,547.29,354.75,93.40,160.15,0.9043,-1,-1,-1
633,16,341.57,260.87,77.62,151.88,0.8849,-1,-1,-1
633,47,375.87,451.93,87.85,132.43,0.8706,-1,-1,-1
633,13,42.67,272.73,74.63,156.61,0.8652,-1,-1,-1
633,45,456.17,163.09,83.82,140.76,0.8595,-1,-1,-1
633,50,657.96,189.48,99.44,146.64,0.8487,-1,-1,-1
633,39,933.49,473.84,76.89,144.18,0.8477,-1,-1,-1
633,32,376.76,131.45,74.04,143.39,0.7680,-1,-1,-1
633,35,823.19,362.34,51.05,173.46,0.7586,-1,-1,-1
634,13,34.80,272.29,78.23,158.03,0.8918,-1,-1,-1
634,49,547.50,356.01,93.86,158.98,0.8899,-1,-1,-1
634,16,341.48,258.70,66.10,153.74,0.8798,-1,-1,-1
634,47,377.74,451.45,89.09,132.63,0.8730,-1,-1,-1
634,45,456.87,165.05,83.56,138.08,0.8463,-1,-1,-1
634,39,931.87,474.15,77.73,143.82,0.8414,-1,-1,-1
634,50,658.01,186.47,100.93,148.21,0.8311,-1,-1,-1
634,35,824.34,361.58,50.92,173.42,0.7839,-1,-1,-1
634,32,377.10,128.16,71.33,145.90,0.7624,-1,-1,-1
635,13,16.96,273.11,87.41,156.81,0.9200,-1,-1,-1
635,49,548.26,354.49,95.36,158.70,0.8874,-1,-1,-1
635,47,383.29,450.12,90.38,133.13,0.8823,-1,-1,-1
635,16,338.88,256.90,56.85,159.96,0.8617,-1,-1,-1
635,45,459.95,162.71,80.70,138.87,0.8505,-1,-1,-1
635,39,927.59,474.52,79.53,143.53,0.8290,-1,-1,-1
635,35,825.06,359.83,52.05,173.87,0.8221,-1,-1,-1
635,50,661.19,183.23,99.78,150.43,0.8136,-1,-1,-1
635,32,379.74,127.09,67.49,145.10,0.7759,-1,-1,-1
636,13,11.13,272.99,88.77,156.29,0.9364,-1,-1,-1
636,49,547.95,352.93,95.91,159.02,0.8918,-1,-1,-1
636,47,387.52,449.41,89.59,133.85,0.8868,-1,-1,-1
636,16,337.96,257.28,54.68,163.77,0.8617,-1,-1,-1
636,45,461.20,162.09,79.00,138.23,0.8596,-1,-1,-1
636,39,925.16,474.21,81.37,144.22,0.8485,-1,-1,-1
636,35,825.55,358.28,52.69,174.77,0.8157,-1,-1,-1
636,50,665.66,178.95,95.55,153.22,0.7794,-1,-1,-1
636,32,380.18,125.81,66.59,145.73,0.7562,-1,-1,-1
637,13,5.47,273.21,91.43,155.03,0.9329,-1,-1,-1
637,47,391.17,448.61,88.13,135.44,0.8985,-1,-1,-1
637,49,546.74,350.52,96.00,160.45,0.8733,-1,-1,-1
637,45,462.77,161.17,79.19,137.84,0.8556,-1,-1,-1
637,39,923.38,473.39,82.91,144.59,0.8491,-1,-1,-1
637,16,335.78,259.04,53.52,164.40,0.8387,-1,-1,-1
637,35,826.64,357.68,53.80,174.52,0.8269,-1,-1,-1
637,50,661.18,177.72,100.97,153.41,0.8100,-1,-1,-1
637,32,383.01,125.01,63.49,145.91,0.7962,-1,-1,-1
638,13,2.34,272.84,91.94,154.68,0.9367,-1,-1,-1
638,47,394.80,447.65,87.36,137.18,0.8997,-1,-1,-1
638,49,545.64,348.42,95.28,162.17,0.8909,-1,-1,-1
638,39,921.98,472.79,85.00,145.06,0.8695,-1,-1,-1
638,16,333.35,261.46,52.29,164.24,0.8546,-1,-1,-1
638,45,463.87,160.67,81.08,137.49,0.8447,-1,-1,-1
638,50,656.41,175.18,107.87,155.14,0.8425,-1,-1,-1
638,35,827.40,356.92,54.60,174.67,0.8078,-1,-1,-1
638,32,384.74,125.10,61.11,144.97,0.8029,-1,-1,-1
639,13,2.05,271.76,90.73,154.79,0.9298,-1,-1,-1
639,47,398.34,446.91,85.82,138.79,0.9055,-1,-1,-1
639,49,545.09,346.68,93.65,163.11,0.8922,-1,-1,-1
639,39,920.73,472.32,87.98,146.07,0.8641,-1,-1,-1
639,16,326.14,263.62,57.93,164.47,0.8440,-1,-1,-1
639,45,467.56,158.00,80.40,139.59,0.8395,-1,-1,-1
639,50,665.02,173.36,101.01,156.80,0.8256,-1,-1,-1
639,32,385.29,125.09,61.23,144.16,0.8018,-1,-1,-1
639,35,829.56,356.81,55.16,173.56,0.7851,-1,-1,-1
640,13,3.11,268.00,91.56,157.30,0.9223,-1,-1,-1
640,47,405.14,444.80,82.95,139.96,0.8906,-1,-1,-1
640,49,545.88,343.92,86.61,164.79,0.8755,-1,-1,-1
640,39,919.15,471.21,93.46,148.35,0.8669,-1,-1,-1
640,16,319.76,266.96,59.56,164.03,0.8649,-1,-1,-1
640,35,833.76,356.28,55.59,173.19,0.8058,-1,-1,-1
640,32,389.01,122.87,61.21,145.30,0.7986,-1,-1,-1
640,45,476.13,153.06,77.69,142.87,0.7978,-1,-1,-1
640,50,666.03,170.75,104.01,156.32,0.7823,-1,-1,-1
640,-1,558.58,546.30,64.50,173.56,0.5471,-1,-1,-1
641,13,4.37,264.23,91.14,160.25,0.9006,-1,-1,-1
641,47,407.73,443.40,82.53,140.49,0.8973,-1,-1,-1
641,49,544.08,342.25,83.72,166.23,0.8839,-1,-1,-1
641,16,321.85,267.86,56.19,164.02,0.8741,-1,-1,-1
641,39,918.80,471.18,95.29,148.47,0.8546,-1,-1,-1
641,32,390.35,120.95,62.02,146.59,0.8143,-1,-1,-1
641,45,480.47,152.79,75.85,142.69,0.8107,-1,-1,-1
641,50,665.12,169.58,107.13,155.87,0.8082,-1,-1,-1
641,35,837.18,356.05,54.50,173.61,0.8020,-1,-1,-1
641,-1,568.63,544.37,58.31,175.77,0.5703,-1,-1,-1
642,47,410.93,443.43,80.66,141.18,0.8870,-1,-1,-1
642,13,7.83,250.00,89.85,174.30,0.8859,-1,-1,-1
642,16,324.03,268.41,53.67,161.85,0.8781,-1,-1,-1
642,49,542.79,340.25,79.93,167.32,0.8716,-1,-1,-1
642,39,919.05,470.71,96.58,148.94,0.8555,-1,-1,-1
642,32,394.13,119.32,59.95,147.94,0.8249,-1,-1,-1
642,35,840.61,355.98,52.77,173.86,0.8112,-1,-1,-1
642,45,488.01,152.81,70.51,140.44,0.8024,-1,-1,-1
642,50,673.52,169.72,99.83,153.55,0.7338,-1,-1,-1
643,13,11.00,269.93,88.39,152.56,0.9166,-1,-1,-1
643,47,412.60,443.78,80.65,140.02,0.8963,-1,-1,-1
643,16,324.78,268.14,52.18,161.39,0.8730,-1,-1,-1
643,49,544.22,338.76,71.32,167.05,0.8582,-1,-1,-1
643,39,918.30,470.39,100.86,148.80,0.8461,-1,-1,-1
643,32,394.54,119.00,60.12,147.25,0.8145,-1,-1,-1
643,35,844.05,355.90,51.51,174.50,0.8085,-1,-1,-1
643,45,499.27,152.95,63.31,137.74,0.7641,-1,-1,-1
643,50,673.37,167.08,83.88,147.41,0.6817,-1,-1,-1
644,47,414.39,445.43,81.18,138.09,0.9015,-1,-1,-1
644,13,13.61,262.78,86.21,158.17,0.8967,-1,-1,-1
644,16,324.81,267.71,52.41,160.76,0.8822,-1,-1,-1
644,49,545.29,337.17,63.02,168.16,0.8404,-1,-1,-1
644,39,917.52,469.62,105.18,149.53,0.8230,-1,-1,-1
644,35,847.11,356.03,52.91,174.70,0.8005,-1,-1,-1
644,32,396.32,116.39,65.78,148.13,0.7925,-1,-1,-1
644,45,510.12,150.56,55.78,140.71,0.7637,-1,-1,-1
644,50,670.93,166.14,93.02,150.48,0.6863,-1,-1,-1
644,-1,590.73,540.29,41.06,42.96,0.5030,-1,-1,-1
645,13,22.60,260.30,72.82,159.51,0.9135,-1,-1,-1
645,47,419.59,450.13,79.80,135.43,0.8867,-1,-1,-1
645,16,325.49,265.07,52.89,160.69,0.8811,-1,-1,-1
645,49,548.29,335.84,59.58,166.19,0.8520,-1,-1,-1
645,35,853.16,355.76,52.68,173.28,0.8120,-1,-1,-1
645,32,392.35,114.59,76.99,147.47,0.7944,-1,-1,-1
645,39,916.93,467.36,112.45,152.87,0.7885,-1,-1,-1
645,45,527.25,148.25,46.63,139.94,0.7469,-1,-1,-1
645,50,679.53,157.59,72.69,155.77,0.7181,-1,-1,-1
646,13,27.19,261.48,64.81,157.73,0.9058,-1,-1,-1
646,47,421.58,452.72,80.15,132.39,0.8929,-1,-1,-1
646,16,326.64,263.67,52.16,160.23,0.8880,-1,-1,-1
646,49,549.38,335.72,61.32,165.13,0.8590,-1,-1,-1
646,39,916.46,466.10,119.40,154.19,0.8344,-1,-1,-1
646,32,388.19,113.82,89.24,147.17,0.8041,-1,-1,-1
646,35,857.54,355.78,50.73,171.84,0.8039,-1,-1,-1
646,45,530.93,145.72,46.27,141.85,0.7316,-1,-1,-1
646,50,679.69,152.85,68.70,158.73,0.7179,-1,-1,-1
646,-1,607.77,535.41,81.19,179.70,0.6036,-1,-1,-1
647,13,32.15,261.13,60.12,156.78,0.9155,-1,-1,-1
647,47,424.30,454.77,79.20,130.14,0.8816,-1,-1,-1
647,16,327.22,262.68,53.00,159.35,0.8744,-1,-1,-1
647,49,543.55,335.76,69.63,162.96,0.8585,-1,-1,-1
647,39,916.76,464.95,120.16,154.63,0.8153,-1,-1,-1
647,35,860.62,355.25,50.16,170.63,0.8106,-1,-1,-1
647,32,387.48,113.18,95.39,146.31,0.7995,-1,-1,-1
647,45,537.72,144.14,45.49,142.17,0.7397,-1,-1,-1
647,50,683.22,156.18,59.05,151.53,0.6899,-1,-1,-1
647,-1,612.34,533.55,89.61,179.20,0.5270,-1,-1,-1
648,13,36.04,259.44,58.11,157.31,0.8994,-1,-1,-1
648,49,535.67,336.53,82.16,161.45,0.8834,-1,-1,-1
648,47,428.05,456.72,77.03,127.62,0.8704,-1,-1,-1
648,16,324.97,261.51,56.21,158.85,0.8602,-1,-1,-1
648,39,917.75,463.04,123.41,156.59,0.8507,-1,-1,-1
648,35,863.07,355.14,50.85,169.53,0.8187,-1,-1,-1
648,32,388.64,114.01,98.87,144.44,0.8014,-1,-1,-1
648,45,541.93,142.74,46.01,143.37,0.7560,-1,-1,-1
648,50,681.41,153.75,57.75,153.21,0.6737,-1,-1,-1
648,-1,618.42,532.52,52.58,50.18,0.5716,-1,-1,-1
649,13,38.49,257.77,58.34,157.81,0.9122,-1,-1,-1
649,49,532.35,337.25,88.14,160.01,0.9096,-1,-1,-1
649,16,316.27,260.78,66.30,158.09,0.8839,-1,-1,-1
649,47,431.04,456.61,76.21,126.91,0.8652,-1,-1,-1
649,39,918.53,461.42,125.78,158.68,0.8623,-1,-1,-1
649,35,865.31,354.86,51.97,168.19,0.8389,-1,-1,-1
649,32,390.61,109.32,101.81,148.07,0.8184,-1,-1,-1
649,50,674.10,152.17,66.10,152.59,0.7760,-1,-1,-1
649,45,545.33,144.18,46.52,139.82,0.7574,-1,-1,-1
649,-1,392.28,110.74,100.06,147.01,0.5896,-1,-1,-1
650,13,43.59,255.45,58.15,157.10,0.9043,-1,-1,-1
650,16,312.26,258.98,73.20,157.15,0.8951,-1,-1,-1
650,49,531.10,338.39,95.05,158.38,0.8713,-1,-1,-1
650,39,920.27,458.42,129.02,161.62,0.8349,-1,-1,-1
650,47,436.91,457.44,74.30,125.70,0.8324,-1,-1,-1
650,32,396.04,108.80,102.40,145.98,0.7988,-1,-1,-1
650,50,671.53,150.26,69.29,155.75,0.7808,-1,-1,-1
650,45,556.46,145.34,43.23,136.70,0.7470,-1,-1,-1
650,35,867.60,354.01,54.76,166.11,0.7184,-1,-1,-1
650,-1,635.39,528.68,58.59,55.12,0.6246,-1,-1,-1
651,13,45.47,254.44,59.15,156.70,0.9108,-1,-1,-1
651,16,314.99,258.09,73.03,156.88,0.9047,-1,-1,-1
651,49,533.79,338.58,92.43,156.72,0.8776,-1,-1,-1
651,39,921.69,456.77,130.30,169.03,0.7984,-1,-1,-1
651,45,559.82,143.08,44.86,137.72,0.7691,-1,-1,-1
651,47,439.91,456.78,73.20,126.44,0.7677,-1,-1,-1
651,32,399.44,108.59,100.51,145.09,0.7668,-1,-1,-1
651,50,670.26,149.83,68.90,157.72,0.7637,-1,-1,-1
651,35,869.98,353.16,53.71,165.24,0.7451,-1,-1,-1
651,-1,640.43,527.14,61.66,56.75,0.6173,-1,-1,-1
652,13,47.78,253.57,58.17,156.47,0.9185,-1,-1,-1
652,16,318.12,256.76,70.47,156.87,0.9008,-1,-1,-1
652,49,536.36,338.88,87.74,155.06,0.8899,-1,-1,-1
652,32,405.23,107.09,96.26,145.54,0.8081,-1,-1,-1
652,39,922.72,454.96,132.40,173.23,0.8036,-1,-1,-1
652,47,442.30,454.88,72.83,129.07,0.7959,-1,-1,-1
652,35,873.63,352.16,52.06,164.39,0.7782,-1,-1,-1
652,50,666.91,149.05,71.99,161.03,0.7590,-1,-1,-1
652,45,565.23,139.21,43.69,140.45,0.7551,-1,-1,-1
652,53,647.75,525.87,62.16,57.98,0.6159,-1,-1,-1
653,13,50.00,252.76,57.53,156.87,0.9123,-1,-1,-1
653,16,321.18,255.92,68.40,156.08,0.9027,-1,-1,-1
653,49,539.42,338.90,81.33,153.48,0.8851,-1,-1,-1
653,39,924.16,453.59,132.11,172.37,0.8464,-1,-1,-1
653,47,444.56,454.38,73.98,129.97,0.8461,-1,-1,-1
653,32,413.31,107.88,89.54,144.00,0.8374,-1,-1,-1
653,35,876.01,351.58,51.62,163.70,0.8092,-1,-1,-1
653,50,664.68,148.73,76.38,165.70,0.7952,-1,-1,-1
653,45,567.12,133.92,44.73,144.48,0.7471,-1,-1,-1
653,53,653.36,524.47,64.31,59.32,0.6234,-1,-1,-1
654,13,52.32,252.21,56.03,156.35,0.9143,-1,-1,-1
654,16,324.70,254.86,64.86,156.33,0.9097,-1,-1,-1
654,39,924.62,452.10,133.53,172.03,0.8744,-1,-1,-1
654,49,541.31,338.70,75.10,152.09,0.8704,-1,-1,-1
654,47,446.81,453.11,73.90,131.19,0.8427,-1,-1,-1
654,35,877.89,350.56,51.24,163.58,0.8168,-1,-1,-1
654,32,418.83,107.44,84.51,143.09,0.7912,-1,-1,-1
654,50,662.00,148.72,78.79,167.51,0.7780,-1,-1,-1
654,45,570.48,137.03,44.42,140.76,0.7514,-1,-1,-1
654,53,659.70,522.68,64.96,60.81,0.6551,-1,-1,-1
655,16,329.77,253.17,59.95,155.79,0.8915,-1,-1,-1
655,39,925.96,449.37,133.83,172.45,0.8882,-1,-1,-1
655,13,56.30,250.72,54.44,156.93,0.8808,-1,-1,-1
655,47,450.99,453.25,75.84,130.82,0.8515,-1,-1,-1
655,49,542.96,337.82,69.97,154.93,0.8428,-1,-1,-1
655,35,878.86,348.66,53.42,162.75,0.8019,-1,-1,-1
655,50,655.17,155.07,90.69,163.56,0.7914,-1,-1,-1
655,32,432.53,105.63,75.17,141.25,0.7688,-1,-1,-1
655,45,576.47,138.76,46.99,137.23,0.7649,-1,-1,-1
655,53,672.55,518.96,67.05,64.94,0.7516,-1,-1,-1
656,13,56.08,250.56,58.09,156.60,0.8903,-1,-1,-1
656,16,330.88,252.94,57.43,156.16,0.8898,-1,-1,-1
656,39,926.65,448.02,133.61,172.57,0.8758,-1,-1,-1
656,49,540.79,337.88,70.23,159.69,0.8671,-1,-1,-1
656,47,453.60,453.98,75.27,130.31,0.8574,-1,-1,-1
656,35,876.86,347.72,56.30,162.46,0.8287,-1,-1,-1
656,50,651.38,158.46,92.03,160.89,0.8151,-1,-1,-1
656,32,441.90,104.48,65.30,140.99,0.8108,-1,-1,-1
656,45,582.59,140.75,45.85,134.70,0.7898,-1,-1,-1
656,53,677.76,517.44,66.86,66.23,0.7414,-1,-1,-1
657,13,56.28,250.55,60.00,156.37,0.8991,-1,-1,-1
657,16,331.10,253.02,56.84,156.38,0.8930,-1,-1,-1
657,49,540.24,338.43,71.57,164.19,0.8824,-1,-1,-1
657,35,876.77,347.41,57.83,161.89,0.8492,-1,-1,-1
657,39,927.44,446.61,133.95,173.28,0.8430,-1,-1,-1
657,47,456.08,454.07,75.06,130.20,0.8415,-1,-1,-1
657,50,649.61,159.25,90.29,160.30,0.8310,-1,-1,-1
657,32,449.00,103.71,58.67,141.15,0.8074,-1,-1,-1
657,45,585.45,142.01,48.40,132.89,0.7955,-1,-1,-1
657,53,682.64,516.13,67.40,67.24,0.6979,-1,-1,-1
658,13,56.13,250.51,64.09,155.65,0.9057,-1,-1,-1
658,16,331.18,252.91,57.15,156.66,0.8951,-1,-1,-1
658,49,539.74,339.21,73.29,167.10,0.8806,-1,-1,-1
658,39,927.98,445.11,134.12,174.12,0.8754,-1,-1,-1
658,35,877.26,346.27,57.99,161.26,0.8667,-1,-1,-1
658,47,458.18,454.44,75.98,129.79,0.8351,-1,-1,-1
658,45,587.52,142.43,51.24,131.60,0.7900,-1,-1,-1
658,32,457.63,103.86,51.00,140.08,0.7758,-1,-1,-1
658,50,645.37,159.68,91.35,159.90,0.7658,-1,-1,-1
658,53,687.13,514.84,68.24,68.75,0.7644,-1,-1,-1
659,13,57.60,250.36,64.52,155.19,0.9003,-1,-1,-1
659,16,331.31,253.28,57.53,155.63,0.8921,-1,-1,-1
659,39,929.34,443.68,133.54,175.06,0.8823,-1,-1,-1
659,49,539.38,340.12,75.31,170.63,0.8736,-1,-1,-1
659,35,878.39,345.33,57.64,161.34,0.8718,-1,-1,-1
659,47,460.45,455.59,76.65,128.36,0.8289,-1,-1,-1
659,50,673.98,163.38,62.92,155.81,0.8252,-1,-1,-1
659,45,589.35,141.15,54.27,132.38,0.8211,-1,-1,-1
659,32,462.42,103.23,45.68,138.72,0.7885,-1,-1,-1
659,53,692.19,513.74,68.29,69.51,0.7313,-1,-1,-1
660,13,62.48,250.84,64.30,152.13,0.8900,-1,-1,-1
660,16,330.91,253.48,59.43,151.90,0.8727,-1,-1,-1
660,39,930.19,441.02,132.97,176.73,0.8720,-1,-1,-1
660,35,881.21,342.98,56.04,160.84,0.8639,-1,-1,-1
660,49,540.30,341.41,81.44,170.56,0.8397,-1,-1,-1
660,47,466.59,456.22,77.65,127.42,0.8375,-1,-1,-1
660,45,593.25,139.35,54.04,132.63,0.7963,-1,-1,-1
660,32,467.59,102.48,43.51,136.88,0.7818,-1,-1,-1
660,50,670.44,170.31,65.23,146.74,0.7480,-1,-1,-1
660,53,701.55,511.49,70.39,72.57,0.6951,-1,-1,-1
660,-1,1104.10,647.10,63.56,73.04,0.5105,-1,-1,-1
661,39,930.36,439.40,133.03,178.82,0.8823,-1,-1,-1
661,16,330.82,253.92,59.61,151.54,0.8798,-1,-1,-1
661,13,64.75,251.06,63.37,150.93,0.8778,-1,-1,-1
661,47,470.60,456.65,75.10,127.19,0.8500,-1,-1,-1
661,35,881.88,342.05,55.18,160.44,0.8454,-1,-1,-1
661,49,540.37,342.12,86.91,168.77,0.8378,-1,-1,-1
661,45,594.94,139.81,54.98,131.33,0.8230,-1,-1,-1
661,32,468.60,101.71,44.89,136.59,0.8107,-1,-1,-1
661,50,666.43,170.39,68.39,146.04,0.7879,-1,-1,-1
661,53,706.27,510.76,69.17,73.60,0.6771,-1,-1,-1
662,16,331.05,254.11,59.34,150.77,0.8939,-1,-1,-1
662,13,67.67,251.67,63.43,149.22,0.8767,-1,-1,-1
662,39,932.27,438.01,131.74,179.36,0.8674,-1,-1,-1
662,47,474.48,456.64,72.48,127.11,0.8502,-1,-1,-1
662,35,883.31,340.74,53.14,160.87,0.8485,-1,-1,-1
662,49,541.00,342.44,88.49,168.05,0.8388,-1,-1,-1
662,45,596.77,139.15,54.23,131.09,0.7993,-1,-1,-1
662,32,469.52,100.79,45.63,136.58,0.7942,-1,-1,-1
662,50,662.96,172.61,71.21,143.63,0.7554,-1,-1,-1
662,53,709.77,510.00,67.61,74.23,0.6601,-1,-1,-1
663,16,331.51,254.41,59.21,149.22,0.8929,-1,-1,-1
663,13,70.61,251.85,62.39,147.78,0.8780,-1,-1,-1
663,39,932.79,436.36,131.87,182.14,0.8605,-1,-1,-1
663,47,478.27,456.30,69.88,127.21,0.8430,-1,-1,-1
663,35,883.76,339.70,53.34,160.17,0.8414,-1,-1,-1
663,49,542.56,342.72,86.84,166.79,0.8220,-1,-1,-1
663,32,469.71,100.28,47.06,136.32,0.7913,-1,-1,-1
663,45,597.74,137.82,54.66,132.27,0.7437,-1,-1,-1
663,53,714.20,509.51,67.20,74.79,0.6785,-1,-1,-1
663,50,678.57,169.90,55.58,145.48,0.6700,-1,-1,-1
664,16,331.91,254.95,59.35,147.67,0.8883,-1,-1,-1
664,13,73.19,252.06,60.87,146.79,0.8735,-1,-1,-1
664,39,934.59,434.93,131.34,183.33,0.8384,-1,-1,-1
664,35,883.64,338.44,53.75,160.43,0.8258,-1,-1,-1
664,49,544.12,342.86,82.26,165.64,0.8012,-1,-1,-1
664,47,480.53,456.79,70.59,127.16,0.7899,-1,-1,-1
664,32,469.44,99.98,48.44,135.65,0.7867,-1,-1,-1
664,45,598.60,138.21,55.12,131.21,0.7514,-1,-1,-1
664,53,717.16,509.41,66.24,74.91,0.6924,-1,-1,-1
664,50,675.59,166.76,59.10,148.02,0.6437,-1,-1,-1
665,13,78.52,252.71,60.22,145.73,0.8951,-1,-1,-1
665,16,332.23,256.48,59.28,146.10,0.8933,-1,-1,-1
665,49,550.06,342.90,68.91,164.14,0.8714,-1,-1,-1
665,39,936.91,433.84,132.63,183.73,0.8662,-1,-1,-1
665,47,483.97,457.17,70.71,126.55,0.8494,-1,-1,-1
665,35,880.80,338.09,56.52,160.10,0.7989,-1,-1,-1
665,32,468.59,101.01,51.28,134.43,0.7823,-1,-1,-1
665,50,662.50,161.44,71.51,153.04,0.7816,-1,-1,-1
665,53,724.31,510.50,63.88,73.89,0.7343,-1,-1,-1
665,45,606.03,139.05,49.78,131.63,0.7174,-1,-1,-1
666,16,331.73,257.12,59.70,145.34,0.8875,-1,-1,-1
666,13,80.18,253.59,59.90,144.85,0.8835,-1,-1,-1
666,49,551.98,343.65,66.84,163.22,0.8832,-1,-1,-1
666,39,938.02,433.44,133.09,182.99,0.8809,-1,-1,-1
666,47,485.01,457.77,70.97,125.97,0.8668,-1,-1,-1
666,35,881.25,338.15,55.36,160.08,0.8084,-1,-1,-1
666,32,467.30,101.98,53.27,133.49,0.7835,-1,-1,-1
666,53,726.91,511.09,63.18,72.88,0.7532,-1,-1,-1
666,50,660.80,161.56,73.30,154.10,0.7288,-1,-1,-1
666,45,610.64,140.09,45.86,131.35,0.6849,-1,-1,-1
667,16,331.20,258.56,60.21,144.49,0.8932,-1,-1,-1
667,39,939.46,433.40,132.98,182.47,0.8886,-1,-1,-1
667,13,81.89,254.18,59.93,144.94,0.8872,-1,-1,-1
667,49,554.63,344.38,63.86,162.10,0.8806,-1,-1,-1
667,47,484.98,458.90,71.83,124.84,0.8570,-1,-1,-1
667,35,882.10,338.34,53.22,160.07,0.8255,-1,-1,-1
667,32,466.27,102.04,54.14,133.42,0.8039,-1,-1,-1
667,53,729.51,511.74,61.80,72.72,0.7266,-1,-1,-1
667,50,657.06,163.01,77.32,151.97,0.7000,-1,-1,-1
667,45,615.09,140.47,43.24,132.87,0.6734,-1,-1,-1
668,16,330.49,259.06,60.52,144.15,0.8899,-1,-1,-1
668,13,83.79,254.51,59.61,144.51,0.8807,-1,-1,-1
668,39,940.91,432.45,132.20,180.89,0.8789,-1,-1,-1
668,49,555.73,344.98,61.36,161.39,0.8727,-1,-1,-1
668,47,484.13,459.30,73.75,124.56,0.8462,-1,-1,-1
668,35,881.96,338.38,51.98,160.13,0.8213,-1,-1,-1
668,32,464.40,103.97,56.26,131.08,0.7998,-1,-1,-1
668,53,732.54,512.31,59.21,72.10,0.7172,-1,-1,-1
668,50,654.68,166.30,79.89,150.85,0.6285,-1,-1,-1
668,45,616.71,140.76,42.64,133.36,0.6137,-1,-1,-1
669,16,329.83,259.54,60.52,143.59,0.8958,-1,-1,-1
669,39,943.39,431.39,130.29,179.26,0.8950,-1,-1,-1
669,13,84.87,255.02,59.94,143.67,0.8922,-1,-1,-1
669,49,555.42,345.38,60.46,160.89,0.8845,-1,-1,-1
669,35,881.08,338.61,52.29,159.67,0.8333,-1,-1,-1
669,47,483.03,459.73,75.78,124.09,0.8329,-1,-1,-1
669,32,460.99,103.33,61.73,131.83,0.8054,-1,-1,-1
669,53,735.33,512.51,58.19,71.74,0.7432,-1,-1,-1
669,50,676.35,169.16,57.32,151.26,0.6377,-1,-1,-1
669,-1,645.89,173.39,52.42,132.81,0.5481,-1,-1,-1
669,45,616.52,141.82,42.84,132.56,0.5415,-1,-1,-1
670,39,950.84,428.88,123.18,175.08,0.8963,-1,-1,-1
670,16,328.29,260.64,61.08,142.25,0.8884,-1,-1,-1
670,13,86.76,255.67,60.60,142.91,0.8745,-1,-1,-1
670,47,480.43,461.12,77.44,122.82,0.8543,-1,-1,-1
670,49,547.15,348.50,67.20,160.37,0.8310,-1,-1,-1
670,35,879.55,339.28,52.16,158.39,0.8259,-1,-1,-1
670,32,454.92,103.60,65.04,131.03,0.8128,-1,-1,-1
670,53,739.97,511.58,56.36,72.37,0.7544,-1,-1,-1
670,50,654.77,178.33,77.21,152.72,0.6957,-1,-1,-1
671,13,87.74,255.84,60.77,142.77,0.8989,-1,-1,-1
671,16,328.42,261.14,60.45,141.69,0.8929,-1,-1,-1
671,39,955.10,427.68,119.03,174.56,0.8877,-1,-1,-1
671,32,452.28,104.05,67.19,130.79,0.8452,-1,-1,-1
671,47,479.42,462.05,77.95,121.83,0.8349,-1,-1,-1
671,35,879.15,339.74,52.17,157.73,0.8308,-1,-1,-1
671,53,741.69,511.12,55.57,72.65,0.7713,-1,-1,-1
671,49,549.34,350.30,63.13,163.46,0.7605,-1,-1,-1
671,50,654.46,181.47,76.65,151.39,0.7200,-1,-1,-1
671,45,624.21,144.98,60.87,168.09,0.5039,-1,-1,-1
672,13,88.74,256.39,60.90,142.19,0.9032,-1,-1,-1
672,16,327.96,261.78,60.88,141.04,0.8962,-1,-1,-1
672,39,960.28,426.36,113.87,174.66,0.8926,-1,-1,-1
672,47,478.97,462.81,77.27,120.79,0.8382,-1,-1,-1
672,32,449.38,104.64,70.47,130.57,0.8343,-1,-1,-1
672,35,878.46,340.17,52.24,157.31,0.8196,-1,-1,-1
672,53,743.12,511.20,55.62,72.91,0.7548,-1,-1,-1
672,49,547.31,353.81,63.80,164.92,0.7321,-1,-1,-1
672,50,643.83,161.29,89.11,175.27,0.6607,-1,-1,-1
672,45,624.60,153.01,59.80,160.90,0.5526,-1,-1,-1
673,39,965.61,425.08,107.89,175.42,0.9072,-1,-1,-1
673,16,327.84,262.15,60.93,140.89,0.8909,-1,-1,-1
673,13,90.57,256.72,60.30,141.80,0.8840,-1,-1,-1
673,32,446.09,105.23,73.56,130.41,0.8562,-1,-1,-1
673,47,478.95,464.44,75.74,118.83,0.8549,-1,-1,-1
673,35,877.92,340.66,51.43,156.93,0.8328,-1,-1,-1
673,53,744.30,511.08,54.96,73.16,0.7632,-1,-1,-1
673,49,547.63,355.47,60.08,166.86,0.7489,-1,-1,-1
673,50,656.43,188.68,75.97,152.31,0.7111,-1,-1,-1
673,45,616.99,142.48,59.17,172.05,0.5002,-1,-1,-1
674,13,92.32,257.29,60.16,141.40,0.8923,-1,-1,-1
674,39,971.47,423.47,101.19,176.10,0.8900,-1,-1,-1
674,16,328.16,262.75,60.92,140.13,0.8737,-1,-1,-1
674,32,443.22,106.69,76.72,129.85,0.8468,-1,-1,-1
674,47,478.22,465.90,74.39,117.51,0.8385,-1,-1,-1
674,35,877.30,341.16,50.65,155.99,0.8267,-1,-1,-1
674,50,651.32,191.64,81.23,150.77,0.7574,-1,-1,-1
674,49,547.13,361.69,60.93,160.57,0.7545,-1,-1,-1
674,53,745.71,511.11,53.59,73.28,0.7230,-1,-1,-1
675,13,95.85,257.87,59.53,140.60,0.8899,-1,-1,-1
675,39,983.49,420.13,85.99,177.27,0.8823,-1,-1,-1
675,32,440.78,115.86,79.65,121.48,0.8524,-1,-1,-1
675,16,330.22,256.88,59.67,145.64,0.8326,-1,-1,-1
675,35,876.46,342.39,50.22,154.09,0.8233,-1,-1,-1
675,47,476.72,466.73,72.08,116.96,0.8044,-1,-1,-1
675,45,596.49,201.35,67.15,123.80,0.7753,-1,-1,-1
675,49,547.69,365.22,57.90,156.16,0.7551,-1,-1,-1
675,50,630.74,159.47,101.19,185.36,0.7329,-1,-1,-1
675,53,747.31,510.29,49.95,73.97,0.7143,-1,-1,-1
676,13,97.44,258.23,59.17,139.93,0.8860,-1,-1,-1
676,39,989.18,419.09,79.08,176.99,0.8812,-1,-1,-1
676,32,440.68,117.45,80.49,120.38,0.8549,-1,-1,-1
676,16,330.86,251.78,59.60,150.97,0.8376,-1,-1,-1
676,35,876.10,342.69,49.78,153.61,0.8191,-1,-1,-1
676,47,476.31,466.88,70.77,117.12,0.7814,-1,-1,-1
676,50,630.08,159.27,97.88,188.97,0.7460,-1,-1,-1
676,49,547.63,366.89,57.38,154.00,0.7433,-1,-1,-1
676,45,592.93,202.82,69.94,130.75,0.7320,-1,-1,-1
676,53,748.82,509.64,47.39,74.63,0.6822,-1,-1,-1
677,13,99.15,258.68,59.05,139.39,0.8864,-1,-1,-1
677,39,994.27,417.66,72.32,177.54,0.8664,-1,-1,-1
677,16,330.87,248.20,59.73,154.24,0.8535,-1,-1,-1
677,32,440.97,120.57,80.75,117.55,0.8199,-1,-1,-1
677,35,875.93,343.17,49.67,152.96,0.8053,-1,-1,-1
677,47,475.60,467.28,70.00,116.78,0.7818,-1,-1,-1
677,49,547.42,367.42,56.39,153.14,0.7479,-1,-1,-1
677,45,589.05,204.23,64.39,137.15,0.7413,-1,-1,-1
677,50,644.24,198.05,79.85,151.44,0.6622,-1,-1,-1
677,53,749.83,509.25,45.87,74.77,0.6528,-1,-1,-1
678,39,998.84,416.54,66.69,179.15,0.8984,-1,-1,-1
678,13,100.58,258.89,58.42,139.25,0.8818,-1,-1,-1
678,16,331.02,246.86,59.56,155.69,0.8612,-1,-1,-1
678,32,441.33,120.93,80.72,117.82,0.8234,-1,-1,-1
678,35,876.11,343.98,49.32,151.73,0.8207,-1,-1,-1
678,47,475.72,466.96,68.38,116.83,0.8167,-1,-1,-1
678,45,584.32,206.94,73.84,142.50,0.7842,-1,-1,-1
678,49,547.32,368.25,56.30,151.94,0.7693,-1,-1,-1
678,50,628.02,155.83,93.10,194.22,0.7587,-1,-1,-1
678,53,750.47,508.87,45.71,75.19,0.6978,-1,-1,-1
679,39,1001.71,416.06,62.20,179.34,0.8959,-1,-1,-1
679,13,101.55,259.02,59.36,139.29,0.8830,-1,-1,-1
679,16,331.42,245.90,59.57,156.64,0.8698,-1,-1,-1
679,32,442.13,123.33,79.95,115.94,0.8278,-1,-1,-1
679,35,875.10,344.75,50.29,150.75,0.8183,-1,-1,-1
679,47,476.32,466.87,67.65,116.91,0.7930,-1,-1,-1
679,45,580.98,210.24,64.02,142.10,0.7915,-1,-1,-1
679,49,547.02,368.49,57.91,151.05,0.7642,-1,-1,-1
679,50,634.17,204.04,83.99,145.99,0.7421,-1,-1,-1
679,53,751.76,508.65,45.41,75.29,0.7032,-1,-1,-1
680,39,1005.82,415.08,55.76,179.32,0.8912,-1,-1,-1
680,13,103.83,259.24,60.93,139.09,0.8892,-1,-1,-1
680,16,329.99,245.91,61.61,156.61,0.8702,-1,-1,-1
680,45,575.35,215.76,53.21,136.78,0.8554,-1,-1,-1
680,35,874.86,345.65,50.15,148.86,0.8172,-1,-1,-1
680,49,546.06,368.67,62.46,153.53,0.8142,-1,-1,-1
680,32,443.07,123.64,78.94,115.93,0.8086,-1,-1,-1
680,47,475.91,466.68,67.95,117.10,0.7905,-1,-1,-1
680,50,631.63,212.70,69.17,138.10,0.7412,-1,-1,-1
680,53,753.10,507.92,47.21,76.56,0.7402,-1,-1,-1
681,13,105.88,259.61,60.30,138.36,0.8926,-1,-1,-1
681,45,570.60,218.51,55.26,134.43,0.8816,-1,-1,-1
681,39,1006.48,414.37,53.10,179.17,0.8767,-1,-1,-1
681,16,330.34,246.87,61.86,155.60,0.8669,-1,-1,-1
681,32,442.88,126.99,78.12,112.66,0.8336,-1,-1,-1
681,49,545.88,369.18,65.48,156.90,0.8169,-1,-1,-1
681,35,874.58,346.29,50.21,148.05,0.8097,-1,-1,-1
681,47,475.80,466.79,68.30,117.03,0.7945,-1,-1,-1
681,50,617.66,209.96,72.75,141.10,0.7818,-1,-1,-1
681,53,754.61,507.29,46.83,77.02,0.7423,-1,-1,-1
681,-1,624.48,145.74,39.74,95.34,0.5185,-1,-1,-1
682,13,107.48,259.44,60.62,138.60,0.8921,-1,-1,-1
682,45,564.99,219.10,60.19,134.15,0.8805,-1,-1,-1
682,16,327.66,249.00,64.99,153.43,0.8738,-1,-1,-1
682,39,1006.10,413.86,52.48,178.41,0.8666,-1,-1,-1
682,49,545.67,369.73,69.55,160.20,0.8229,-1,-1,-1
682,50,606.91,209.93,76.27,141.23,0.8182,-1,-1,-1
682,32,442.97,128.51,77.65,111.40,0.8155,-1,-1,-1
682,35,873.66,347.00,50.86,147.06,0.8119,-1,-1,-1
682,47,475.96,466.76,67.71,117.03,0.8112,-1,-1,-1
682,53,754.94,507.01,48.56,77.51,0.7557,-1,-1,-1
683,13,108.47,259.45,61.80,138.71,0.8831,-1,-1,-1
683,45,556.99,219.01,68.63,134.53,0.8701,-1,-1,-1
683,16,326.74,251.79,66.48,150.54,0.8479,-1,-1,-1
683,39,1005.34,413.03,51.68,177.73,0.8438,-1,-1,-1
683,49,545.07,370.35,74.13,160.63,0.8185,-1,-1,-1
683,50,597.51,209.77,82.44,141.37,0.8055,-1,-1,-1
683,35,873.56,347.69,50.55,146.37,0.7987,-1,-1,-1
683,32,442.89,127.09,77.95,113.41,0.7949,-1,-1,-1
683,47,476.11,467.07,67.87,116.67,0.7744,-1,-1,-1
683,53,756.17,506.58,49.11,78.22,0.7224,-1,-1,-1
684,13,109.92,259.21,61.99,138.92,0.8630,-1,-1,-1
684,45,546.42,218.48,77.57,135.07,0.8551,-1,-1,-1
684,16,326.83,256.66,67.06,145.71,0.8482,-1,-1,-1
684,39,1002.04,412.03,53.51,176.95,0.8465,-1,-1,-1
684,49,545.11,371.13,76.29,159.42,0.8283,-1,-1,-1
684,35,873.21,348.08,50.57,145.68,0.8090,-1,-1,-1
684,50,591.60,209.60,88.80,141.63,0.7819,-1,-1,-1
684,47,476.37,466.95,68.04,116.77,0.7756,-1,-1,-1
684,53,757.17,506.34,49.27,78.24,0.7522,-1,-1,-1
684,32,443.28,126.88,78.38,113.57,0.7446,-1,-1,-1
685,39,997.34,409.36,55.44,175.29,0.8660,-1,-1,-1
685,45,522.44,218.27,100.90,137.71,0.8610,-1,-1,-1
685,13,112.14,258.45,64.83,139.42,0.8552,-1,-1,-1
685,16,326.77,262.57,68.03,139.78,0.8488,-1,-1,-1
685,35,872.27,348.55,51.67,144.61,0.8148,-1,-1,-1
685,49,546.00,372.45,77.76,157.56,0.8138,-1,-1,-1
685,47,477.08,467.07,67.69,116.55,0.7782,-1,-1,-1
685,50,596.83,210.52,84.90,142.72,0.7755,-1,-1,-1
685,32,442.02,128.25,81.60,112.89,0.7412,-1,-1,-1
685,53,757.96,505.39,51.77,79.13,0.7337,-1,-1,-1
685,-1,623.23,150.32,41.39,127.66,0.5645,-1,-1,-1
686,13,114.11,258.75,66.60,139.00,0.8696,-1,-1,-1
686,39,995.44,407.26,55.91,174.44,0.8605,-1,-1,-1
686,16,327.70,262.64,67.83,139.42,0.8491,-1,-1,-1
686,45,511.06,218.76,107.36,141.13,0.8478,-1,-1,-1
686,49,547.84,373.27,76.06,156.48,0.8284,-1,-1,-1
686,50,561.70,212.46,118.76,145.19,0.8157,-1,-1,-1
686,35,872.22,348.29,51.64,144.31,0.7980,-1,-1,-1
686,47,477.81,467.35,67.12,116.27,0.7848,-1,-1,-1
686,32,440.84,125.06,84.79,116.28,0.7641,-1,-1,-1
686,53,758.72,504.74,52.90,79.98,0.6949,-1,-1,-1
686,-1,623.48,151.28,40.36,127.42,0.5718,-1,-1,-1
687,39,993.96,405.18,56.54,169.76,0.8540,-1,-1,-1
687,16,327.39,262.95,68.85,139.29,0.8454,-1,-1,-1
687,45,504.10,219.78,98.20,140.57,0.8436,-1,-1,-1
687,50,553.11,214.97,122.87,147.34,0.8366,-1,-1,-1
687,49,548.41,373.82,75.93,155.43,0.8188,-1,-1,-1
687,13,115.84,258.68,65.19,138.56,0.8059,-1,-1,-1
687,35,871.67,348.26,51.97,144.33,0.7969,-1,-1,-1
687,47,478.47,467.30,66.83,116.16,0.7641,-1,-1,-1
687,32,440.82,126.58,85.76,115.14,0.7414,-1,-1,-1
687,53,759.87,504.09,53.37,80.74,0.6525,-1,-1,-1
687,54,624.11,152.31,39.39,128.94,0.5844,-1,-1,-1
688,45,492.91,219.89,102.33,140.32,0.8887,-1,-1,-1
688,16,332.21,263.27,64.60,138.72,0.8447,-1,-1,-1
688,39,991.98,403.66,58.26,167.57,0.8428,-1,-1,-1
688,50,548.05,218.74,122.72,146.99,0.8220,-1,-1,-1
688,49,548.50,374.32,76.32,154.52,0.8125,-1,-1,-1
688,13,118.39,258.79,66.31,138.14,0.8040,-1,-1,-1
688,35,871.47,348.11,51.99,143.99,0.7747,-1,-1,-1
688,47,479.21,467.47,66.90,115.72,0.7388,-1,-1,-1
688,32,443.44,128.89,81.38,113.22,0.6878,-1,-1,-1
688,53,760.69,503.27,54.95,81.60,0.6654,-1,-1,-1
688,54,623.03,153.82,40.69,127.96,0.6197,-1,-1,-1
689,39,989.66,402.28,59.81,164.78,0.8535,-1,-1,-1
689,45,480.64,219.57,100.81,141.10,0.8499,-1,-1,-1
689,50,546.10,222.98,117.31,146.96,0.8312,-1,-1,-1
689,16,337.36,263.95,60.01,138.06,0.8210,-1,-1,-1
689,49,549.13,374.08,77.15,154.41,0.8004,-1,-1,-1
689,35,873.47,348.00,50.14,143.99,0.7706,-1,-1,-1
689,47,479.70,467.19,66.56,115.94,0.7507,-1,-1,-1
689,13,121.76,258.96,67.40,138.18,0.7398,-1,-1,-1
689,32,444.93,127.92,80.31,114.44,0.6682,-1,-1,-1
689,53,761.83,502.70,55.46,82.09,0.6578,-1,-1,-1
689,54,623.21,156.37,40.57,125.68,0.6496,-1,-1,-1
690,39,985.41,398.58,64.18,164.72,0.8677,-1,-1,-1
690,16,341.28,264.64,58.04,137.29,0.8455,-1,-1,-1
690,45,464.18,220.85,92.93,140.34,0.8429,-1,-1,-1
690,50,543.37,230.41,104.53,141.16,0.8166,-1,-1,-1
690,47,480.71,466.66,65.77,116.13,0.7745,-1,-1,-1
690,49,549.52,376.65,79.70,151.66,0.7699,-1,-1,-1
690,35,877.51,347.63,46.11,144.36,0.7693,-1,-1,-1
690,13,128.35,259.44,55.79,136.14,0.7221,-1,-1,-1
690,54,619.06,159.61,44.16,122.13,0.6959,-1,-1,-1
690,32,447.97,128.41,79.40,115.51,0.6774,-1,-1,-1
690,53,763.71,502.00,58.07,82.99,0.6503,-1,-1,-1
691,39,984.15,397.12,64.91,166.00,0.8657,-1,-1,-1
691,16,341.93,265.12,58.68,136.84,0.8513,-1,-1,-1
691,45,459.80,220.00,85.53,141.47,0.8309,-1,-1,-1
691,50,536.22,232.93,98.86,138.55,0.7859,-1,-1,-1
691,35,879.34,347.17,44.24,144.80,0.7800,-1,-1,-1
691,47,481.31,466.50,65.58,116.41,0.7692,-1,-1,-1
691,13,132.39,259.77,52.29,134.88,0.7074,-1,-1,-1
691,49,552.72,376.10,77.41,151.89,0.6941,-1,-1,-1
691,32,449.91,124.64,81.53,119.27,0.6904,-1,-1,-1
691,54,617.11,159.59,45.44,122.66,0.6788,-1,-1,-1
691,53,765.08,501.16,58.84,83.56,0.6563,-1,-1,-1
692,39,982.67,395.88,66.09,166.64,0.8704,-1,-1,-1
692,16,342.54,265.33,58.98,136.66,0.8562,-1,-1,-1
692,45,454.94,220.60,83.14,141.41,0.8388,-1,-1,-1
692,47,482.10,466.12,65.11,117.07,0.8030,-1,-1,-1
692,35,880.72,346.38,43.16,145.33,0.7902,-1,-1,-1
692,50,528.82,234.34,91.67,137.24,0.7854,-1,-1,-1
692,13,135.74,260.22,60.58,134.43,0.7337,-1,-1,-1
692,32,451.24,125.53,82.17,118.40,0.7320,-1,-1,-1
692,49,557.80,376.23,72.64,151.62,0.7003,-1,-1,-1
692,54,616.83,159.81,45.54,123.64,0.6998,-1,-1,-1
692,53,766.40,500.11,60.28,84.79,0.6536,-1,-1,-1
693,39,982.34,394.63,66.15,167.06,0.8706,-1,-1,-1
693,16,343.12,265.72,58.90,136.32,0.8633,-1,-1,-1
693,45,451.45,221.01,80.61,139.93,0.8590,-1,-1,-1
693,47,482.43,465.92,64.85,118.02,0.8198,-1,-1,-1
693,13,139.11,260.72,55.86,134.49,0.8006,-1,-1,-1
693,50,532.36,235.94,74.60,137.29,0.7926,-1,-1,-1
693,35,881.73,345.42,42.68,146.17,0.7850,-1,-1,-1
693,32,451.48,123.78,82.41,120.27,0.7269,-1,-1,-1
693,53,768.04,498.63,60.60,85.85,0.7011,-1,-1,-1
693,54,616.96,160.09,44.57,124.01,0.6858,-1,-1,-1
693,49,564.91,369.50,68.55,159.19,0.6718,-1,-1,-1
694,16,343.03,266.30,59.50,135.80,0.8660,-1,-1,-1
694,45,447.17,222.01,79.08,144.58,0.8579,-1,-1,-1
694,39,980.74,393.97,67.51,167.46,0.8547,-1,-1,-1
694,47,482.41,465.85,64.69,118.13,0.8081,-1,-1,-1
694,13,141.14,260.90,51.49,134.50,0.7860,-1,-1,-1
694,35,881.54,344.69,42.93,146.89,0.7629,-1,-1,-1
694,50,527.63,236.42,74.52,135.86,0.7383,-1,-1,-1
694,32,454.62,123.84,79.66,119.62,0.7094,-1,-1,-1
694,53,769.78,497.63,60.62,86.84,0.7009,-1,-1,-1
694,54,617.00,159.38,44.24,124.39,0.6935,-1,-1,-1
694,49,568.69,363.22,68.10,165.92,0.6443,-1,-1,-1
695,16,343.37,267.24,59.44,134.92,0.8630,-1,-1,-1
695,39,979.36,393.12,70.65,168.00,0.8294,-1,-1,-1
695,45,438.06,224.21,79.23,150.71,0.8118,-1,-1,-1
695,35,881.91,343.89,43.55,147.14,0.7797,-1,-1,-1
695,50,525.31,239.31,68.37,145.11,0.7784,-1,-1,-1
695,47,482.13,465.61,65.94,118.43,0.7729,-1,-1,-1
695,13,143.83,262.82,50.55,132.31,0.7623,-1,-1,-1
695,49,569.58,374.49,66.30,154.20,0.7063,-1,-1,-1
695,54,616.74,160.68,43.47,123.08,0.6962,-1,-1,-1
695,53,776.60,495.68,57.44,88.50,0.6934,-1,-1,-1
695,32,470.88,126.08,65.85,109.02,0.6865,-1,-1,-1
695,-1,382.14,116.65,65.11,121.36,0.5318,-1,-1,-1
696,16,343.18,267.42,60.12,134.60,0.8548,-1,-1,-1
696,39,978.92,392.26,72.71,169.09,0.8527,-1,-1,-1
696,45,432.61,225.59,81.18,147.20,0.8167,-1,-1,-1
696,35,880.61,343.42,45.42,147.89,0.8113,-1,-1,-1
696,47,481.80,465.30,66.60,118.74,0.7908,-1,-1,-1
696,13,144.82,263.49,55.19,130.99,0.7717,-1,-1,-1
696,53,778.58,494.85,56.87,89.27,0.7348,-1,-1,-1
696,50,516.13,241.15,72.64,145.64,0.6996,-1,-1,-1
696,49,569.59,378.06,64.86,150.15,0.6949,-1,-1,-1
696,54,615.97,160.81,43.91,123.38,0.6711,-1,-1,-1
696,32,473.69,122.98,64.85,112.58,0.6705,-1,-1,-1
696,-1,381.17,117.91,54.17,120.82,0.5324,-1,-1,-1
697,16,343.33,267.61,60.84,134.32,0.8520,-1,-1,-1
697,39,978.13,391.58,74.00,169.17,0.8513,-1,-1,-1
697,45,426.82,231.29,78.90,143.78,0.8431,-1,-1,-1
697,35,879.18,342.82,47.99,148.55,0.8058,-1,-1,-1
697,47,481.61,464.98,66.83,118.92,0.7957,-1,-1,-1
697,50,512.09,242.75,72.08,145.59,0.7873,-1,-1,-1
697,13,144.89,264.52,55.11,130.01,0.7589,-1,-1,-1
697,53,780.36,494.09,56.39,90.18,0.7373,-1,-1,-1
697,49,569.96,378.87,65.88,149.33,0.7273,-1,-1,-1
697,54,614.97,161.21,44.25,123.60,0.6745,-1,-1,-1
697,32,475.02,124.45,66.03,114.77,0.6738,-1,-1,-1
697,55,379.87,120.71,50.80,118.02,0.5629,-1,-1,-1
698,39,977.97,389.96,74.47,169.85,0.8529,-1,-1,-1
698,16,343.47,267.55,61.93,134.24,0.8338,-1,-1,-1
698,45,420.94,235.21,78.53,143.16,0.8304,-1,-1,-1
698,35,878.88,342.36,49.33,148.86,0.7923,-1,-1,-1
698,47,481.07,464.67,67.12,119.41,0.7851,-1,-1,-1
698,13,146.92,265.66,55.77,128.81,0.7791,-1,-1,-1
698,49,570.10,380.30,66.87,147.84,0.7479,-1,-1,-1
698,50,511.32,243.59,64.70,144.83,0.7465,-1,-1,-1
698,53,781.77,493.43,55.96,90.59,0.7282,-1,-1,-1
698,54,614.89,162.03,43.96,123.59,0.6978,-1,-1,-1
698,32,477.80,122.83,65.45,116.70,0.6776,-1,-1,-1
698,55,379.25,122.12,44.21,116.77,0.5923,-1,-1,-1
699,45,416.23,238.63,77.33,145.00,0.8743,-1,-1,-1
699,39,977.99,388.66,74.59,169.64,0.8618,-1,-1,-1
699,16,343.93,267.54,61.71,135.25,0.8372,-1,-1,-1
699,13,148.04,267.24,57.89,127.19,0.8182,-1,-1,-1
699,35,877.97,341.68,50.93,149.75,0.8119,-1,-1,-1
699,47,480.63,464.36,67.68,119.75,0.8048,-1,-1,-1
699,50,510.73,243.49,55.55,144.88,0.7722,-1,-1,-1
699,49,570.40,380.47,67.32,147.52,0.7638,-1,-1,-1
699,53,782.34,492.60,56.86,91.52,0.7363,-1,-1,-1
699,54,615.31,163.19,43.55,123.68,0.7266,-1,-1,-1
699,32,482.22,122.92,61.59,115.18,0.6727,-1,-1,-1
699,55,379.11,122.23,42.36,116.84,0.5811,-1,-1,-1
700,39,978.60,384.72,72.14,169.38,0.8728,-1,-1,-1
700,16,344.99,268.20,62.65,135.32,0.8298,-1,-1,-1
700,13,150.67,270.12,58.76,124.28,0.8279,-1,-1,-1
700,45,406.20,243.88,71.34,139.96,0.8160,-1,-1,-1
700,47,479.15,463.93,68.07,120.23,0.7824,-1,-1,-1
700,50,509.62,239.56,44.15,148.27,0.7761,-1,-1,-1
700,35,876.93,340.39,54.64,149.43,0.7647,-1,-1,-1
700,53,782.88,491.52,58.16,92.59,0.7464,-1,-1,-1
700,49,572.23,382.33,66.25,145.50,0.7278,-1,-1,-1
700,54,615.34,163.39,42.64,129.25,0.7153,-1,-1,-1
700,32,487.68,120.74,55.34,117.14,0.6543,-1,-1,-1
700,55,377.17,120.17,42.53,118.92,0.5908,-1,-1,-1
701,39,979.01,382.61,70.29,168.40,0.8880,-1,-1,-1
701,16,346.13,269.25,65.07,134.76,0.8371,-1,-1,-1
701,13,151.86,271.99,63.10,121.87,0.8282,-1,-1,-1
701,45,400.47,245.13,69.00,138.78,0.8055,-1,-1,-1
701,47,478.26,463.80,68.38,120.53,0.7952,-1,-1,-1
701,50,507.78,236.79,44.78,151.15,0.7889,-1,-1,-1
701,35,877.91,339.52,54.35,148.78,0.7855,-1,-1,-1
701,53,783.52,491.28,58.42,92.95,0.7737,-1,-1,-1
701,49,572.25,382.59,66.49,145.31,0.7415,-1,-1,-1
701,54,615.01,162.96,42.45,131.54,0.7222,-1,-1,-1
701,32,490.53,120.96,50.05,115.91,0.6335,-1,-1,-1
702,39,979.47,380.33,68.17,166.70,0.8852,-1,-1,-1
702,13,152.85,273.75,65.05,119.86,0.8249,-1,-1,-1
702,47,477.44,463.33,67.85,120.75,0.8192,-1,-1,-1
702,35,877.71,338.82,55.43,149.63,0.8119,-1,-1,-1
702,16,347.66,270.33,66.86,133.85,0.8082,-1,-1,-1
702,53,783.38,491.13,59.34,93.11,0.7900,-1,-1,-1
702,50,502.95,235.10,46.58,152.26,0.7869,-1,-1,-1
702,45,400.34,245.42,62.96,138.15,0.7799,-1,-1,-1
702,54,615.98,165.16,41.21,130.95,0.7361,-1,-1,-1
702,49,573.44,382.82,65.42,144.99,0.7245,-1,-1,-1
702,32,491.86,121.08,48.83,115.56,0.6349,-1,-1,-1
703,39,979.88,378.57,66.18,163.34,0.8758,-1,-1,-1
703,47,476.00,463.19,68.27,120.80,0.8184,-1,-1,-1
703,13,153.68,274.93,69.00,118.75,0.8131,-1,-1,-1
703,35,878.57,337.91,55.94,150.23,0.8015,-1,-1,-1
703,16,348.58,271.95,66.21,132.02,0.7961,-1,-1,-1
703,53,783.45,490.85,59.48,93.38,0.7892,-1,-1,-1
703,50,495.22,234.03,50.08,152.99,0.7710,-1,-1,-1
703,49,573.13,382.98,65.62,144.74,0.7459,-1,-1,-1
703,45,398.97,246.64,57.82,137.14,0.7189,-1,-1,-1
703,54,617.25,164.98,39.61,131.54,0.7156,-1,-1,-1
703,32,492.34,120.54,46.42,115.95,0.6342,-1,-1,-1
703,55,360.99,123.08,45.16,115.92,0.5360,-1,-1,-1
704,39,979.88,376.34,63.30,162.07,0.8738,-1,-1,-1
704,35,880.15,336.89,55.55,151.15,0.8320,-1,-1,-1
704,47,474.82,462.54,68.71,121.36,0.8194,-1,-1,-1
704,16,349.86,272.94,66.12,131.22,0.7950,-1,-1,-1
704,53,783.96,490.52,59.36,93.63,0.7861,-1,-1,-1
704,50,483.77,234.36,58.14,151.25,0.7789,-1,-1,-1
704,13,155.62,276.55,68.52,117.36,0.7772,-1,-1,-1
704,49,577.77,383.58,61.08,144.14,0.7394,-1,-1,-1
704,45,401.46,248.73,49.64,135.26,0.7194,-1,-1,-1
704,54,617.96,166.17,39.18,130.64,0.7121,-1,-1,-1
704,32,491.93,120.63,47.10,116.02,0.6596,-1,-1,-1
704,55,355.07,123.81,50.21,115.92,0.5090,-1,-1,-1
705,50,473.09,237.10,62.99,149.18,0.8258,-1,-1,-1
705,35,882.25,335.88,57.34,150.36,0.8250,-1,-1,-1
705,39,980.00,371.75,57.95,158.78,0.8193,-1,-1,-1
705,47,472.13,461.56,70.10,122.50,0.8188,-1,-1,-1
705,53,784.29,490.37,59.45,93.92,0.7739,-1,-1,-1
705,49,581.01,385.15,58.66,143.00,0.7413,-1,-1,-1
705,16,353.19,276.01,69.08,128.30,0.7129,-1,-1,-1
705,54,617.78,167.06,40.54,129.83,0.7037,-1,-1,-1
705,13,167.78,277.36,75.54,116.61,0.7015,-1,-1,-1
705,45,400.66,252.40,41.70,136.59,0.6710,-1,-1,-1
705,32,491.37,121.89,48.08,114.09,0.6597,-1,-1,-1
706,39,979.65,369.47,57.43,159.12,0.8362,-1,-1,-1
706,35,885.54,335.81,55.80,147.93,0.8361,-1,-1,-1
706,50,465.61,238.32,69.31,148.39,0.8269,-1,-1,-1
706,47,470.64,461.25,70.38,122.77,0.8262,-1,-1,-1
706,53,784.40,490.26,59.33,94.05,0.7743,-1,-1,-1
706,49,578.73,383.25,61.28,145.16,0.7525,-1,-1,-1
706,13,171.00,277.21,77.02,117.00,0.7122,-1,-1,-1
706,54,617.74,166.56,41.46,129.87,0.7114,-1,-1,-1
706,16,354.85,277.23,67.78,127.74,0.7034,-1,-1,-1
706,32,491.63,122.00,47.86,113.95,0.6743,-1,-1,-1
706,45,394.23,254.09,49.47,137.52,0.6375,-1,-1,-1
707,35,887.54,335.18,55.80,146.90,0.8523,-1,-1,-1
707,39,980.03,368.15,54.48,159.59,0.8510,-1,-1,-1
707,50,459.50,240.14,72.08,146.78,0.8458,-1,-1,-1
707,47,469.55,460.87,70.84,123.27,0.8362,-1,-1,-1
707,49,577.35,382.84,63.78,145.51,0.7828,-1,-1,-1
707,13,173.22,277.21,79.18,117.15,0.7819,-1,-1,-1
707,53,784.58,490.37,59.03,93.83,0.7732,-1,-1,-1
707,54,616.38,166.03,43.24,130.59,0.7288,-1,-1,-1
707,16,356.83,278.56,76.15,126.64,0.6950,-1,-1,-1
707,32,491.82,122.46,46.86,113.84,0.6687,-1,-1,-1
707,45,388.53,255.48,55.57,138.27,0.5870,-1,-1,-1
708,50,454.24,240.55,73.84,146.37,0.8935,-1,-1,-1
708,39,979.72,366.89,53.34,160.85,0.8607,-1,-1,-1
708,35,891.04,334.89,54.38,144.34,0.8491,-1,-1,-1
708,47,468.98,460.53,71.09,123.32,0.8469,-1,-1,-1
708,13,177.55,277.16,77.59,116.77,0.8395,-1,-1,-1
708,49,577.66,382.86,64.01,145.61,0.7887,-1,-1,-1
708,53,784.48,490.33,58.86,93.83,0.7760,-1,-1,-1
708,16,358.64,279.12,77.33,126.57,0.7431,-1,-1,-1
708,54,616.63,165.58,43.73,131.33,0.7191,-1,-1,-1
708,32,490.38,122.90,47.72,113.34,0.6714,-1,-1,-1
708,45,390.14,255.46,54.04,137.69,0.5658,-1,-1,-1
709,50,452.36,240.52,74.54,146.50,0.8805,-1,-1,-1
709,35,893.14,334.77,53.20,141.53,0.8520,-1,-1,-1
709,47,467.96,460.40,71.85,124.00,0.8472,-1,-1,-1
709,39,978.06,365.79,54.20,161.76,0.8351,-1,-1,-1
709,13,184.58,278.84,72.06,115.17,0.7914,-1,-1,-1
709,49,581.25,383.75,61.18,144.75,0.7750,-1,-1,-1
709,53,784.47,490.46,58.68,93.60,0.7668,-1,-1,-1
709,16,360.81,280.16,72.12,125.48,0.7141,-1,-1,-1
709,54,618.00,165.75,43.74,131.16,0.6868,-1,-1,-1
709,32,490.90,123.02,46.78,113.03,0.6712,-1,-1,-1
709,45,387.51,255.46,57.35,138.15,0.5960,-1,-1,-1
710,50,451.09,237.97,74.16,149.27,0.8622,-1,-1,-1
710,35,895.45,334.92,53.02,137.49,0.8567,-1,-1,-1
710,47,467.35,460.30,72.29,123.36,0.8485,-1,-1,-1
710,13,193.54,284.64,76.60,119.66,0.8473,-1,-1,-1
710,39,974.21,365.45,55.15,158.35,0.8252,-1,-1,-1
710,53,782.98,490.31,59.34,93.92,0.7725,-1,-1,-1
710,49,579.68,383.41,64.18,145.16,0.7610,-1,-1,-1
710,54,619.81,166.51,43.91,130.54,0.7062,-1,-1,-1
710,32,490.64,123.48,45.46,112.33,0.6803,-1,-1,-1
710,45,383.66,254.86,61.94,139.63,0.6792,-1,-1,-1
710,16,366.03,280.55,66.14,125.55,0.6694,-1,-1,-1
710,55,325.33,123.40,59.16,130.40,0.5154,-1,-1,-1
711,35,895.41,335.10,55.05,137.12,0.8588,-1,-1,-1
711,50,451.52,235.61,71.94,150.69,0.8576,-1,-1,-1
711,47,467.35,460.32,72.08,123.25,0.8520,-1,-1,-1
711,39,974.48,365.60,53.75,156.86,0.8358,-1,-1,-1
711,13,194.18,288.43,81.72,121.11,0.8306,-1,-1,-1
711,53,782.86,490.52,58.49,93.66,0.7728,-1,-1,-1
711,49,580.76,383.34,63.34,145.29,0.7485,-1,-1,-1
711,16,368.33,281.89,74.70,124.17,0.7176,-1,-1,-1
711,54,620.02,166.11,45.05,131.07,0.7051,-1,-1,-1
711,32,490.46,123.33,44.93,112.45,0.6779,-1,-1,-1
711,45,381.93,254.58,59.91,132.66,0.6229,-1,-1,-1
711,55,324.33,124.54,46.24,129.48,0.5004,-1,-1,-1
712,39,973.09,365.20,53.49,155.12,0.8497,-1,-1,-1
712,35,894.98,335.10,57.79,137.34,0.8485,-1,-1,-1
712,47,467.28,460.41,72.22,123.26,0.8453,-1,-1,-1
712,50,451.72,233.75,70.48,150.19,0.8164,-1,-1,-1
712,13,195.84,293.17,79.58,124.66,0.7879,-1,-1,-1
712,53,782.36,490.65,58.31,93.59,0.7740,-1,-1,-1
712,49,580.61,382.75,63.71,146.05,0.7317,-1,-1,-1
712,54,621.22,166.44,44.15,130.64,0.7020,-1,-1,-1
712,16,369.01,283.94,69.78,122.69,0.6868,-1,-1,-1
712,32,488.95,122.73,46.96,113.12,0.6514,-1,-1,-1
712,45,381.99,254.96,63.67,138.17,0.5729,-1,-1,-1
712,55,323.78,124.85,44.13,128.25,0.5365,-1,-1,-1
713,39,972.17,364.88,51.83,152.84,0.8656,-1,-1,-1
713,47,467.69,460.68,72.36,122.79,0.8531,-1,-1,-1
713,35,894.39,335.57,60.56,136.99,0.8419,-1,-1,-1
713,13,201.11,298.20,78.59,122.51,0.8093,-1,-1,-1
713,53,782.02,491.08,57.64,92.82,0.8052,-1,-1,-1
713,50,452.01,231.10,66.41,150.64,0.7899,-1,-1,-1
713,49,582.16,382.80,62.50,146.42,0.7601,-1,-1,-1
713,16,369.18,286.28,64.71,122.13,0.7197,-1,-1,-1
713,54,621.52,167.40,44.81,129.84,0.6922,-1,-1,-1
713,32,488.05,123.74,49.00,112.31,0.6463,-1,-1,-1
713,45,382.02,255.39,59.09,133.75,0.6249,-1,-1,-1
713,55,323.18,125.46,34.92,127.28,0.5279,-1,-1,-1
714,39,971.44,363.61,50.85,149.04,0.8502,-1,-1,-1
714,47,468.34,460.94,72.07,122.44,0.8465,-1,-1,-1
714,35,894.17,335.86,62.63,136.94,0.8412,-1,-1,-1
714,13,208.19,301.94,69.49,119.05,0.7936,-1,-1,-1
714,50,450.25,229.47,62.75,149.04,0.7826,-1,-1,-1
714,53,781.93,491.47,56.66,92.64,0.7702,-1,-1,-1
714,49,581.55,382.66,63.29,146.62,0.7560,-1,-1,-1
714,16,366.68,289.33,64.64,122.92,0.7450,-1,-1,-1
714,54,623.32,169.06,43.92,128.34,0.6875,-1,-1,-1
714,32,488.05,124.06,48.47,112.18,0.6497,-1,-1,-1
714,-1,382.81,255.95,58.08,120.38,0.5763,-1,-1,-1
714,45,382.93,256.38,63.53,137.58,0.5228,-1,-1,-1
714,55,321.58,125.19,32.26,128.21,0.5137,-1,-1,-1
715,39,967.58,359.98,52.18,148.66,0.8672,-1,-1,-1
715,35,893.54,336.17,66.86,136.92,0.8590,-1,-1,-1
715,47,469.80,461.52,71.53,122.25,0.8463,-1,-1,-1
715,13,226.59,305.90,54.69,115.75,0.8135,-1,-1,-1
715,53,779.85,492.70,55.75,91.52,0.7789,-1,-1,-1
715,49,583.58,383.45,61.34,146.18,0.7709,-1,-1,-1
715,50,440.53,227.45,64.73,151.88,0.7593,-1,-1,-1
715,16,358.95,294.68,81.82,120.70,0.7583,-1,-1,-1
715,54,623.52,170.77,44.90,126.91,0.7378,-1,-1,-1
715,32,488.90,124.72,46.05,112.12,0.6793,-1,-1,-1
715,55,314.58,126.96,34.25,127.62,0.5784,-1,-1,-1
716,39,965.45,357.90,53.21,149.39,0.8627,-1,-1,-1
716,35,895.28,336.16,66.30,136.91,0.8523,-1,-1,-1
716,47,471.37,461.35,70.23,122.15,0.8350,-1,-1,-1
716,50,451.98,228.24,52.24,146.52,0.8314,-1,-1,-1
716,13,233.93,305.00,51.91,116.53,0.8070,-1,-1,-1
716,16,356.38,296.97,82.91,118.35,0.7936,-1,-1,-1
716,49,582.97,383.40,61.60,146.29,0.7756,-1,-1,-1
716,53,778.12,493.14,55.59,91.20,0.7752,-1,-1,-1
716,54,623.72,171.26,46.15,127.24,0.7320,-1,-1,-1
716,32,487.90,125.05,46.79,111.99,0.6641,-1,-1,-1
716,55,305.98,127.68,41.13,127.55,0.6311,-1,-1,-1
716,45,377.09,260.21,65.87,125.71,0.5235,-1,-1,-1
717,35,897.61,335.93,64.94,137.36,0.8447,-1,-1,-1
717,39,964.45,355.80,53.59,151.66,0.8427,-1,-1,-1
717,50,452.86,229.04,50.49,143.19,0.8424,-1,-1,-1
717,47,472.39,461.42,69.72,121.91,0.8346,-1,-1,-1
717,13,236.45,302.71,52.15,118.80,0.7975,-1,-1,-1
717,53,776.99,493.47,54.72,90.66,0.7728,-1,-1,-1
717,16,355.82,297.51,82.18,117.88,0.7707,-1,-1,-1
717,49,582.25,381.77,62.16,147.65,0.7614,-1,-1,-1
717,54,623.69,171.44,47.28,127.06,0.7350,-1,-1,-1
717,32,487.26,125.66,47.08,111.36,0.6878,-1,-1,-1
717,55,298.27,131.36,46.52,124.37,0.6717,-1,-1,-1
717,45,375.62,262.55,70.44,133.70,0.6539,-1,-1,-1
718,47,473.50,461.31,69.13,121.88,0.8423,-1,-1,-1
718,35,899.97,335.38,63.45,137.64,0.8385,-1,-1,-1
718,50,451.64,230.39,50.13,140.67,0.8359,-1,-1,-1
718,39,963.30,354.37,53.52,152.98,0.8356,-1,-1,-1
718,16,355.41,297.68,82.25,117.96,0.7877,-1,-1,-1
718,13,235.55,299.07,70.90,122.47,0.7760,-1,-1,-1
718,49,580.22,380.95,64.13,147.91,0.7565,-1,-1,-1
718,53,775.97,494.15,53.36,89.84,0.7523,-1,-1,-1
718,54,623.47,172.79,48.87,125.56,0.7206,-1,-1,-1
718,55,291.35,134.61,51.99,121.55,0.7116,-1,-1,-1
718,45,375.43,265.47,77.13,131.57,0.6886,-1,-1,-1
718,32,486.20,126.08,47.82,111.09,0.6875,-1,-1,-1
719,47,474.34,460.98,68.95,122.40,0.8544,-1,-1,-1
719,39,962.67,353.55,53.26,154.07,0.8433,-1,-1,-1
719,35,902.27,334.83,62.01,138.03,0.8398,-1,-1,-1
719,50,450.37,231.95,48.94,138.32,0.8219,-1,-1,-1
719,13,235.61,294.57,72.62,126.88,0.8130,-1,-1,-1
719,16,354.71,294.03,80.96,121.97,0.7934,-1,-1,-1
719,49,587.72,390.04,56.60,137.84,0.7742,-1,-1,-1
719,53,774.29,495.04,53.24,88.88,0.7523,-1,-1,-1
719,45,373.37,266.88,81.30,130.17,0.7276,-1,-1,-1
719,54,623.78,173.16,49.58,126.58,0.7110,-1,-1,-1
719,55,287.66,134.94,55.20,121.47,0.6976,-1,-1,-1
719,32,485.27,126.36,48.57,111.01,0.6564,-1,-1,-1
720,13,240.88,285.23,71.85,134.64,0.8971,-1,-1,-1
720,39,959.23,351.64,56.32,155.35,0.8514,-1,-1,-1
720,47,475.47,460.13,69.46,123.00,0.8478,-1,-1,-1
720,16,354.31,288.39,74.12,132.43,0.8375,-1,-1,-1
720,35,908.10,333.16,57.11,139.34,0.8235,-1,-1,-1
720,50,447.21,235.88,48.01,134.90,0.8191,-1,-1,-1
720,49,582.87,382.22,61.65,143.62,0.7650,-1,-1,-1
720,54,623.76,171.40,51.51,130.63,0.7396,-1,-1,-1
720,45,377.60,268.70,76.60,127.85,0.7182,-1,-1,-1
720,55,283.71,136.06,56.67,122.54,0.7010,-1,-1,-1
720,53,770.73,496.47,52.07,88.48,0.6892,-1,-1,-1
720,32,483.52,126.71,49.88,110.63,0.6420,-1,-1,-1
721,13,243.51,281.49,72.94,134.14,0.8991,-1,-1,-1
721,39,957.92,350.71,56.97,155.49,0.8408,-1,-1,-1
721,35,909.63,332.00,56.45,140.63,0.8243,-1,-1,-1
721,47,475.47,460.08,69.89,122.94,0.8231,-1,-1,-1
721,50,445.65,237.13,47.64,133.88,0.8131,-1,-1,-1
721,16,353.31,285.10,69.01,136.78,0.8093,-1,-1,-1
721,49,581.19,379.80,63.39,145.34,0.7659,-1,-1,-1
721,54,624.05,172.14,51.77,130.98,0.7348,-1,-1,-1
721,53,767.67,497.27,52.90,87.38,0.6795,-1,-1,-1
721,32,482.14,126.93,50.34,110.36,0.6769,-1,-1,-1
721,45,376.39,268.94,77.94,127.13,0.6566,-1,-1,-1
721,55,281.25,136.73,54.95,122.24,0.6564,-1,-1,-1
722,13,247.33,278.73,74.56,132.91,0.8807,-1,-1,-1
722,47,475.04,460.10,70.65,122.56,0.8480,-1,-1,-1
722,39,956.36,349.27,58.46,154.86,0.8203,-1,-1,-1
722,49,579.32,378.32,65.02,146.60,0.8177,-1,-1,-1
722,35,908.74,331.19,58.86,142.04,0.8047,-1,-1,-1
722,50,443.94,237.55,48.54,133.73,0.7998,-1,-1,-1
722,16,355.93,284.62,58.51,138.55,0.7696,-1,-1,-1
722,45,373.67,269.02,80.32,127.76,0.7180,-1,-1,-1
722,54,624.72,173.20,51.65,130.64,0.6981,-1,-1,-1
722,55,281.21,136.70,52.82,122.20,0.6924,-1,-1,-1
722,32,480.61,126.59,50.80,111.05,0.6907,-1,-1,-1
722,53,766.26,497.72,52.44,86.72,0.6738,-1,-1,-1
723,47,474.14,460.23,71.58,122.81,0.8650,-1,-1,-1
723,13,254.08,277.16,73.19,127.88,0.8397,-1,-1,-1
723,39,955.39,348.06,59.05,154.69,0.8243,-1,-1,-1
723,49,580.05,378.55,64.11,146.68,0.8138,-1,-1,-1
723,50,441.26,236.79,50.16,135.05,0.8029,-1,-1,-1
723,35,907.97,330.77,64.40,142.62,0.7762,-1,-1,-1
723,16,353.47,285.21,53.51,137.52,0.7692,-1,-1,-1
723,45,374.62,268.89,78.26,127.32,0.7313,-1,-1,-1
723,32,476.82,127.19,53.87,111.29,0.6966,-1,-1,-1
723,53,764.28,498.16,52.08,86.28,0.6948,-1,-1,-1
723,55,281.76,138.19,51.28,120.98,0.6943,-1,-1,-1
723,54,627.04,176.19,50.61,128.86,0.6911,-1,-1,-1
724,47,473.14,460.38,72.93,123.50,0.8776,-1,-1,-1
724,49,580.46,377.78,63.67,146.87,0.8388,-1,-1,-1
724,39,952.58,346.82,61.60,155.18,0.8317,-1,-1,-1
724,35,906.73,330.55,63.21,143.17,0.8023,-1,-1,-1
724,13,263.89,275.69,69.10,122.29,0.8015,-1,-1,-1
724,50,439.01,235.48,51.51,136.69,0.7923,-1,-1,-1
724,16,344.86,299.35,61.21,122.44,0.7921,-1,-1,-1
724,45,371.92,268.43,80.32,127.42,0.7868,-1,-1,-1
724,53,763.65,498.96,50.25,85.59,0.7194,-1,-1,-1
724,32,471.30,126.86,58.50,112.46,0.7085,-1,-1,-1
724,54,623.54,175.03,62.16,131.33,0.6879,-1,-1,-1
724,55,275.99,138.83,55.44,120.84,0.6415,-1,-1,-1
725,47,469.72,461.04,74.52,123.42,0.8754,-1,-1,-1
725,45,365.40,269.44,84.06,128.24,0.8528,-1,-1,-1
725,49,580.06,378.07,63.70,145.45,0.8399,-1,-1,-1
725,39,948.29,345.68,65.11,154.99,0.8360,-1,-1,-1
725,16,334.78,291.32,69.21,126.24,0.8304,-1,-1,-1
725,50,435.02,231.47,51.81,141.30,0.8278,-1,-1,-1
725,35,904.51,330.63,64.45,143.21,0.7826,-1,-1,-1
725,13,279.11,271.47,54.94,122.83,0.7738,-1,-1,-1
725,54,624.31,177.36,66.00,130.28,0.7460,-1,-1,-1
725,32,462.44,128.94,65.47,111.19,0.7309,-1,-1,-1
725,53,762.33,500.40,48.29,83.70,0.7299,-1,-1,-1
725,55,269.14,139.22,50.80,121.53,0.5972,-1,-1,-1
726,47,466.77,461.58,76.92,122.80,0.8667,-1,-1,-1
726,39,946.87,345.21,65.73,155.69,0.8502,-1,-1,-1
726,45,365.74,270.59,82.27,127.50,0.8294,-1,-1,-1
726,49,580.33,378.52,63.20,144.74,0.8229,-1,-1,-1
726,50,435.73,230.28,49.21,144.08,0.8226,-1,-1,-1
726,13,278.33,268.90,56.20,126.12,0.7966,-1,-1,-1
726,16,330.91,294.64,72.05,124.19,0.7823,-1,-1,-1
726,35,903.11,330.58,65.71,143.99,0.7714,-1,-1,-1
726,54,625.82,178.44,65.18,129.57,0.7434,-1,-1,-1
726,53,759.97,501.57,49.52,82.53,0.7307,-1,-1,-1
726,32,459.01,128.79,67.28,111.67,0.7307,-1,-1,-1
726,55,259.80,138.88,52.70,122.13,0.5677,-1,-1,-1
727,39,938.97,345.28,72.98,156.03,0.8694,-1,-1,-1
727,47,464.24,461.95,77.65,122.27,0.8663,-1,-1,-1
727,49,580.55,379.87,63.07,143.17,0.8377,-1,-1,-1
727,16,322.85,298.03,79.18,121.95,0.8261,-1,-1,-1
727,13,277.10,265.70,63.05,129.33,0.8212,-1,-1,-1
727,45,363.39,271.47,83.71,127.96,0.8016,-1,-1,-1
727,50,433.72,230.00,49.70,143.21,0.7960,-1,-1,-1
727,35,902.58,331.19,63.94,144.21,0.7874,-1,-1,-1
727,54,628.20,180.40,63.35,128.15,0.7532,-1,-1,-1
727,53,757.53,502.37,51.27,81.97,0.7448,-1,-1,-1
727,32,454.52,130.09,70.79,111.59,0.7066,-1,-1,-1
727,55,256.92,140.61,49.90,120.65,0.6299,-1,-1,-1
728,39,929.60,345.15,81.73,156.92,0.8676,-1,-1,-1
728,47,461.47,462.23,77.58,121.55,0.8549,-1,-1,-1
728,49,580.15,380.40,64.10,142.79,0.8274,-1,-1,-1
728,50,431.55,230.78,50.76,141.07,0.8034,-1,-1,-1
728,45,360.67,271.72,84.85,129.31,0.8028,-1,-1,-1
728,13,278.01,262.60,66.88,132.50,0.8026,-1,-1,-1
728,16,320.40,301.77,80.13,118.80,0.7901,-1,-1,-1
728,35,901.55,331.58,59.41,144.74,0.7725,-1,-1,-1
728,53,756.23,503.29,51.89,81.25,0.7714,-1,-1,-1
728,54,629.19,182.92,63.57,126.25,0.7546,-1,-1,-1
728,32,450.59,129.61,73.19,113.21,0.7310,-1,-1,-1
728,55,252.17,140.55,52.70,120.99,0.5818,-1,-1,-1
729,39,922.22,345.79,88.90,156.72,0.8335,-1,-1,-1
729,49,579.81,380.66,65.29,143.55,0.8116,-1,-1,-1
729,50,427.45,233.24,53.99,139.04,0.8000,-1,-1,-1
729,47,457.30,463.15,79.40,120.57,0.7951,-1,-1,-1
729,53,754.70,504.69,53.26,79.82,0.7641,-1,-1,-1
729,13,279.64,260.44,69.33,132.53,0.7389,-1,-1,-1
729,32,448.80,128.76,73.64,114.36,0.7351,-1,-1,-1
729,54,629.45,182.37,62.89,127.03,0.7063,-1,-1,-1
729,45,356.37,271.49,86.03,131.55,0.7036,-1,-1,-1
729,35,900.56,331.91,55.56,145.63,0.6898,-1,-1,-1
729,55,244.96,138.99,53.67,123.70,0.6219,-1,-1,-1
729,16,304.80,307.99,94.51,113.58,0.6201,-1,-1,-1
730,39,910.30,347.17,98.63,156.37,0.8523,-1,-1,-1
730,50,411.09,236.76,66.04,138.37,0.8322,-1,-1,-1
730,32,444.20,128.37,74.14,115.47,0.8179,-1,-1,-1
730,49,579.85,381.31,64.76,145.65,0.8124,-1,-1,-1
730,53,752.04,506.65,54.63,78.09,0.7714,-1,-1,-1
730,47,449.79,463.93,80.36,119.91,0.7691,-1,-1,-1
730,45,346.33,270.92,87.16,126.53,0.7432,-1,-1,-1
730,54,626.86,182.87,63.14,127.49,0.7330,-1,-1,-1
730,16,295.78,303.93,88.93,113.52,0.7150,-1,-1,-1
730,55,231.02,139.93,59.90,126.95,0.6508,-1,-1,-1
730,35,898.64,332.47,52.12,128.90,0.5905,-1,-1,-1
730,13,289.11,257.78,65.82,122.28,0.5547,-1,-1,-1
731,39,910.25,346.43,96.97,156.29,0.8488,-1,-1,-1
731,50,405.01,237.41,70.16,137.87,0.8207,-1,-1,-1
731,49,580.46,381.48,64.04,147.00,0.7975,-1,-1,-1
731,32,442.00,128.45,74.83,115.54,0.7782,-1,-1,-1
731,47,446.73,463.91,79.37,120.16,0.7645,-1,-1,-1
731,53,749.98,507.26,55.60,77.30,0.7574,-1,-1,-1
731,54,625.27,182.52,65.93,128.15,0.7161,-1,-1,-1
731,55,226.81,141.60,59.08,127.15,0.6753,-1,-1,-1
731,16,292.29,303.28,81.14,112.33,0.6382,-1,-1,-1
731,45,338.13,273.16,85.44,128.27,0.5103,-1,-1,-1
732,50,402.15,237.25,70.78,138.99,0.8314,-1,-1,-1
732,39,908.61,345.65,95.91,155.88,0.8306,-1,-1,-1
732,32,439.74,127.57,74.68,116.82,0.8229,-1,-1,-1
732,49,580.14,381.74,63.85,147.84,0.8077,-1,-1,-1
732,53,748.63,508.13,56.74,76.28,0.7699,-1,-1,-1
732,47,443.90,463.30,77.85,120.32,0.7419,-1,-1,-1
732,45,335.06,274.41,78.84,130.17,0.7394,-1,-1,-1
732,54,623.38,182.38,65.45,127.63,0.7330,-1,-1,-1
732,55,222.44,142.48,57.35,127.13,0.6832,-1,-1,-1
732,16,281.08,301.73,84.29,111.89,0.6672,-1,-1,-1
733,50,398.19,236.33,72.90,140.18,0.8372,-1,-1,-1
733,39,907.27,344.74,94.61,155.74,0.8346,-1,-1,-1
733,49,579.34,382.01,64.52,147.82,0.8293,-1,-1,-1
733,32,437.21,127.19,74.61,116.88,0.7809,-1,-1,-1
733,47,440.78,462.78,76.58,120.71,0.7800,-1,-1,-1
733,53,747.84,508.81,57.76,75.39,0.7598,-1,-1,-1
733,54,620.73,182.36,69.61,128.55,0.7271,-1,-1,-1
733,55,219.76,143.36,57.39,126.67,0.6621,-1,-1,-1
733,16,280.90,296.94,74.27,116.28,0.6445,-1,-1,-1
733,45,327.48,276.91,75.54,129.94,0.5261,-1,-1,-1
734,50,394.76,234.81,73.95,141.83,0.8708,-1,-1,-1
734,49,578.87,382.37,65.03,148.30,0.8367,-1,-1,-1
734,39,904.07,343.77,90.63,156.17,0.8186,-1,-1,-1
734,47,437.15,462.83,76.69,120.56,0.8177,-1,-1,-1
734,32,435.21,126.78,74.49,117.07,0.7906,-1,-1,-1
734,54,620.93,183.09,62.17,127.83,0.7641,-1,-1,-1
734,53,747.55,509.29,58.77,74.97,0.7493,-1,-1,-1
734,55,216.22,144.24,56.60,125.70,0.7178,-1,-1,-1
734,45,324.21,276.54,65.61,133.87,0.6940,-1,-1,-1
734,16,282.14,293.86,74.32,119.21,0.6666,-1,-1,-1
735,39,889.69,334.88,83.54,165.94,0.8809,-1,-1,-1
735,47,432.16,462.93,75.24,120.74,0.8701,-1,-1,-1
735,50,379.65,233.96,87.03,139.55,0.8566,-1,-1,-1
735,49,578.17,383.54,63.91,149.61,0.8486,-1,-1,-1
735,32,430.20,127.50,75.38,119.39,0.7828,-1,-1,-1
735,54,618.34,183.33,62.28,129.44,0.7657,-1,-1,-1
735,55,208.71,142.45,55.51,128.28,0.7336,-1,-1,-1
735,53,747.61,510.85,61.15,73.65,0.7196,-1,-1,-1
735,16,283.02,287.27,68.53,128.26,0.6317,-1,-1,-1
736,49,577.35,383.68,64.88,150.67,0.8687,-1,-1,-1
736,50,365.28,235.45,101.44,135.43,0.8567,-1,-1,-1
736,47,430.13,463.37,74.28,119.70,0.8384,-1,-1,-1
736,39,887.89,335.44,74.62,166.90,0.8138,-1,-1,-1
736,32,427.94,126.31,75.60,119.92,0.7714,-1,-1,-1
736,54,617.65,187.38,65.27,125.57,0.7672,-1,-1,-1
736,55,204.38,141.74,55.09,129.51,0.7408,-1,-1,-1
736,16,271.89,283.27,77.05,133.44,0.7087,-1,-1,-1
736,53,746.72,511.53,63.03,72.84,0.6895,-1,-1,-1
736,13,323.18,251.06,63.14,117.98,0.6087,-1,-1,-1
736,45,274.56,285.15,84.08,138.79,0.5844,-1,-1,-1
737,49,578.77,384.20,63.90,151.20,0.8695,-1,-1,-1
737,50,371.14,237.32,95.13,129.60,0.8667,-1,-1,-1
737,47,427.85,463.86,73.30,119.28,0.8186,-1,-1,-1
737,54,615.85,187.02,62.50,126.43,0.7473,-1,-1,-1
737,32,424.92,126.64,76.57,119.38,0.7451,-1,-1,-1
737,39,872.05,336.16,87.17,167.72,0.7209,-1,-1,-1
737,55,200.45,141.32,53.17,130.44,0.7201,-1,-1,-1
737,16,269.14,279.79,62.93,135.54,0.7132,-1,-1,-1
737,53,747.36,512.53,63.47,71.65,0.6722,-1,-1,-1
738,49,578.99,384.11,62.83,152.37,0.8826,-1,-1,-1
738,50,368.00,238.97,97.46,126.35,0.8432,-1,-1,-1
738,39,859.17,336.83,99.52,167.79,0.8322,-1,-1,-1
738,47,425.94,464.80,73.39,118.65,0.8262,-1,-1,-1
738,16,253.45,277.15,73.02,137.43,0.7997,-1,-1,-1
738,54,614.24,188.50,62.71,125.66,0.7596,-1,-1,-1
738,32,423.40,125.89,75.91,119.35,0.7586,-1,-1,-1
738,55,196.63,141.21,51.19,130.70,0.6918,-1,-1,-1
738,53,747.72,513.56,64.00,70.72,0.6616,-1,-1,-1
738,-1,302.94,284.49,65.36,145.34,0.5596,-1,-1,-1
738,-1,315.83,284.38,56.64,114.19,0.5072,-1,-1,-1
739,49,578.73,384.18,62.31,152.98,0.8933,-1,-1,-1
739,50,367.51,241.42,96.64,124.53,0.8268,-1,-1,-1
739,16,244.82,275.23,83.96,138.12,0.8183,-1,-1,-1
739,47,423.96,465.27,73.60,118.39,0.8105,-1,-1,-1
739,39,851.32,337.17,105.92,167.89,0.7990,-1,-1,-1
739,32,420.78,125.95,76.90,119.81,0.7768,-1,-1,-1
739,55,190.27,143.93,54.17,128.29,0.7119,-1,-1,-1
739,54,611.53,187.79,62.97,126.79,0.7070,-1,-1,-1
739,53,748.57,514.08,64.15,70.29,0.6383,-1,-1,-1
739,-1,301.14,283.96,62.48,147.66,0.5113,-1,-1,-1
740,49,577.40,383.80,62.84,155.79,0.8905,-1,-1,-1
740,50,364.60,240.82,95.34,127.46,0.8466,-1,-1,-1
740,16,229.41,272.70,87.49,133.94,0.8457,-1,-1,-1
740,47,419.60,465.95,75.00,117.69,0.7909,-1,-1,-1
740,56,295.79,282.94,69.20,150.68,0.7735,-1,-1,-1
740,32,416.29,125.66,75.90,121.10,0.7731,-1,-1,-1
740,54,604.09,187.29,67.29,128.58,0.7276,-1,-1,-1
740,55,179.76,146.10,56.68,127.49,0.6993,-1,-1,-1
740,39,843.71,340.97,88.82,165.77,0.6916,-1,-1,-1
740,53,750.76,515.92,64.22,68.45,0.6232,-1,-1,-1
740,13,328.50,233.72,82.66,134.97,0.5328,-1,-1,-1
740,-1,896.59,337.02,61.56,141.51,0.5283,-1,-1,-1
741,49,576.62,383.61,63.07,157.14,0.8899,-1,-1,-1
741,50,366.15,238.30,91.48,130.49,0.8597,-1,-1,-1
741,56,292.51,284.33,65.87,149.76,0.8328,-1,-1,-1
741,16,228.91,273.03,87.96,129.86,0.8302,-1,-1,-1
741,47,417.29,466.05,76.68,117.83,0.8059,-1,-1,-1
741,32,414.36,126.45,76.04,121.14,0.7503,-1,-1,-1
741,39,838.13,339.94,88.59,167.09,0.7485,-1,-1,-1
741,54,602.84,188.35,66.85,128.05,0.7469,-1,-1,-1
741,55,176.74,144.04,54.11,132.19,0.6789,-1,-1,-1
741,-1,893.69,336.49,63.82,142.83,0.6689,-1,-1,-1
741,53,751.84,516.51,63.41,67.55,0.6287,-1,-1,-1
742,49,576.08,383.61,63.19,158.36,0.8786,-1,-1,-1
742,50,367.02,234.40,88.36,134.37,0.8482,-1,-1,-1
742,56,289.66,286.18,69.24,149.70,0.8439,-1,-1,-1
742,16,235.61,273.05,80.18,127.26,0.8384,-1,-1,-1
742,47,415.33,466.97,76.25,116.37,0.8088,-1,-1,-1
742,54,600.23,190.20,67.74,126.55,0.7818,-1,-1,-1
742,57,891.22,336.13,64.60,143.92,0.7137,-1,-1,-1
742,32,413.15,129.71,74.72,114.60,0.6771,-1,-1,-1
742,39,841.96,340.27,83.73,166.55,0.6683,-1,-1,-1
742,53,753.77,517.26,63.00,66.55,0.6542,-1,-1,-1
742,55,172.98,146.16,53.63,131.74,0.6526,-1,-1,-1
743,49,575.40,383.69,63.27,159.62,0.8908,-1,-1,-1
743,56,283.67,288.99,78.28,148.60,0.8600,-1,-1,-1
743,16,233.01,271.99,81.48,128.06,0.8551,-1,-1,-1
743,50,369.57,232.82,84.08,135.79,0.8385,-1,-1,-1
743,47,413.44,467.03,77.63,116.20,0.8055,-1,-1,-1
743,54,596.98,189.09,68.05,128.33,0.7563,-1,-1,-1
743,57,887.93,337.48,67.72,143.08,0.7212,-1,-1,-1
743,32,411.06,130.22,74.87,112.46,0.7161,-1,-1,-1
743,55,169.45,144.68,54.24,135.12,0.6865,-1,-1,-1
743,39,829.84,338.85,92.34,168.02,0.6794,-1,-1,-1
743,53,755.28,517.41,61.89,66.57,0.6511,-1,-1,-1
743,13,336.31,225.75,70.06,103.90,0.6021,-1,-1,-1
744,49,574.82,383.68,63.07,160.59,0.8868,-1,-1,-1
744,16,229.57,268.98,85.85,131.71,0.8722,-1,-1,-1
744,56,280.56,291.91,88.20,148.43,0.8545,-1,-1,-1
744,50,366.82,229.59,86.18,136.49,0.8198,-1,-1,-1
744,47,410.06,466.97,79.22,116.65,0.8175,-1,-1,-1
744,57,886.36,337.62,68.54,144.34,0.7566,-1,-1,-1
744,54,592.64,186.47,67.61,131.06,0.7494,-1,-1,-1
744,39,857.26,336.96,58.37,169.32,0.7327,-1,-1,-1
744,32,409.06,127.43,74.59,116.19,0.7221,-1,-1,-1
744,55,165.20,143.16,53.94,137.90,0.6684,-1,-1,-1
744,53,756.04,517.64,63.01,66.22,0.6317,-1,-1,-1
744,13,339.96,224.96,66.27,107.97,0.5801,-1,-1,-1
745,49,574.80,384.30,62.36,162.38,0.8900,-1,-1,-1
745,16,224.46,263.73,92.64,135.80,0.8833,-1,-1,-1
745,56,274.96,299.40,110.81,145.17,0.8796,-1,-1,-1
745,50,360.87,227.69,93.77,132.95,0.8412,-1,-1,-1
745,57,876.45,337.56,76.70,147.22,0.8259,-1,-1,-1
745,47,402.48,468.40,83.52,115.19,0.8194,-1,-1,-1
745,54,587.85,189.05,67.12,128.48,0.7848,-1,-1,-1
745,55,158.43,145.94,52.86,137.71,0.7121,-1,-1,-1
745,39,806.89,335.71,88.62,159.33,0.7085,-1,-1,-1
745,32,404.55,128.11,74.21,116.23,0.7026,-1,-1,-1
745,53,757.62,518.31,63.86,65.70,0.6526,-1,-1,-1
746,56,271.55,303.33,119.70,142.65,0.8839,-1,-1,-1
746,49,574.57,384.44,63.59,164.15,0.8811,-1,-1,-1
746,16,223.12,262.10,94.34,136.78,0.8769,-1,-1,-1
746,47,398.21,469.15,84.91,114.50,0.8670,-1,-1,-1
746,50,363.59,223.80,92.63,131.03,0.8091,-1,-1,-1
746,57,872.21,337.26,79.56,149.26,0.8060,-1,-1,-1
746,54,586.53,187.61,68.48,131.13,0.7709,-1,-1,-1
746,39,797.25,335.92,91.24,154.94,0.7286,-1,-1,-1
746,32,403.02,130.95,72.98,113.57,0.6870,-1,-1,-1
746,55,153.87,149.50,52.65,135.16,0.6740,-1,-1,-1
746,13,339.54,223.56,56.64,109.39,0.6439,-1,-1,-1
746,53,758.74,519.04,64.47,64.98,0.6313,-1,-1,-1
747,49,574.15,384.39,67.44,165.99,0.8813,-1,-1,-1
747,56,267.72,304.67,130.60,142.96,0.8773,-1,-1,-1
747,47,393.35,470.38,86.69,113.26,0.8624,-1,-1,-1
747,16,224.90,261.03,93.85,137.87,0.8589,-1,-1,-1
747,57,869.63,336.81,80.28,150.80,0.7924,-1,-1,-1
747,54,584.20,187.82,67.37,132.28,0.7798,-1,-1,-1
747,39,795.39,337.38,90.42,157.64,0.7606,-1,-1,-1
747,50,373.63,213.70,83.55,135.39,0.7484,-1,-1,-1
747,13,337.68,221.46,61.74,108.34,0.6996,-1,-1,-1
747,32,401.64,130.09,72.14,116.42,0.6652,-1,-1,-1
747,55,147.52,149.70,54.95,136.01,0.6489,-1,-1,-1
747,53,759.92,519.71,64.32,64.28,0.6255,-1,-1,-1
748,49,573.88,384.35,67.42,167.82,0.8820,-1,-1,-1
748,16,231.06,259.77,89.25,135.60,0.8648,-1,-1,-1
748,56,264.29,305.18,133.09,144.93,0.8626,-1,-1,-1
748,47,388.49,471.17,87.32,112.60,0.8276,-1,-1,-1
748,57,864.29,336.00,83.52,153.28,0.8222,-1,-1,-1
748,39,795.95,339.69,83.44,154.32,0.7957,-1,-1,-1
748,50,378.97,213.60,78.22,132.42,0.7706,-1,-1,-1
748,54,580.42,186.56,67.77,134.25,0.7647,-1,-1,-1
748,13,336.49,219.14,63.67,111.36,0.7111,-1,-1,-1
748,55,144.11,149.83,53.09,136.73,0.6651,-1,-1,-1
748,32,399.19,131.26,70.41,111.34,0.5661,-1,-1,-1
748,53,760.50,520.28,64.20,63.51,0.5576,-1,-1,-1
749,49,573.33,384.25,65.23,170.33,0.8889,-1,-1,-1
749,56,260.46,305.45,139.42,151.73,0.8828,-1,-1,-1
749,16,239.07,258.78,83.86,134.77,0.8777,-1,-1,-1
749,57,860.01,333.72,82.99,156.27,0.8335,-1,-1,-1
749,47,382.86,472.62,88.82,110.80,0.8260,-1,-1,-1
749,39,791.68,342.93,84.63,151.67,0.8058,-1,-1,-1
749,50,388.90,217.46,86.42,126.83,0.7656,-1,-1,-1
749,54,579.08,187.87,67.05,133.99,0.7457,-1,-1,-1
749,13,336.94,216.38,65.78,109.40,0.7222,-1,-1,-1
749,55,141.16,150.67,51.57,136.71,0.6929,-1,-1,-1
749,32,395.25,138.98,66.80,98.03,0.6121,-1,-1,-1
749,53,761.18,520.96,64.06,62.75,0.5190,-1,-1,-1
750,49,571.49,384.61,62.70,171.07,0.8778,-1,-1,-1
750,56,259.09,300.77,151.18,166.03,0.8414,-1,-1,-1
750,39,776.07,350.77,94.07,145.00,0.8307,-1,-1,-1
750,16,258.01,258.45,68.74,137.73,0.8184,-1,-1,-1
750,57,849.60,329.79,80.74,157.98,0.7903,-1,-1,-1
750,47,373.72,475.07,84.70,108.03,0.7216,-1,-1,-1
750,54,574.06,189.34,65.24,134.62,0.6929,-1,-1,-1
750,13,336.37,214.51,63.99,111.76,0.6793,-1,-1,-1
750,55,131.09,151.89,52.03,137.10,0.6621,-1,-1,-1
750,32,385.33,139.14,74.92,103.05,0.6165,-1,-1,-1
750,53,762.66,523.71,65.10,59.93,0.5860,-1,-1,-1
750,50,379.19,227.27,89.88,112.26,0.5615,-1,-1,-1
751,39,769.67,351.46,99.37,144.45,0.8841,-1,-1,-1
751,49,569.59,384.75,61.23,171.93,0.8762,-1,-1,-1
751,56,266.32,297.39,145.32,171.12,0.8726,-1,-1,-1
751,57,844.26,327.64,78.63,158.87,0.7807,-1,-1,-1
751,16,269.65,258.94,59.88,134.91,0.7676,-1,-1,-1
751,47,368.06,474.99,84.57,108.35,0.7601,-1,-1,-1
751,50,381.02,197.69,106.95,141.52,0.7360,-1,-1,-1
751,54,572.73,193.98,61.52,131.77,0.7328,-1,-1,-1
751,13,330.59,210.20,66.33,110.87,0.7317,-1,-1,-1
751,55,127.84,151.96,50.11,137.83,0.6508,-1,-1,-1
751,32,380.18,140.84,78.37,107.68,0.6382,-1,-1,-1
751,53,763.89,524.68,64.02,59.04,0.6017,-1,-1,-1
752,39,758.63,352.94,109.33,144.28,0.9015,-1,-1,-1
752,49,567.46,384.80,62.26,172.09,0.8797,-1,-1,-1
752,56,275.05,300.29,139.19,168.91,0.8419,-1,-1,-1
752,47,362.98,475.52,83.32,107.88,0.8018,-1,-1,-1
752,57,828.62,324.73,87.23,159.47,0.7526,-1,-1,-1
752,16,265.53,260.25,68.19,136.15,0.7456,-1,-1,-1
752,13,326.48,209.39,70.19,105.89,0.7181,-1,-1,-1
752,54,571.22,196.08,61.11,131.09,0.7169,-1,-1,-1
752,50,387.08,194.00,94.45,143.63,0.6918,-1,-1,-1
752,55,121.57,152.15,51.79,139.03,0.6583,-1,-1,-1
752,53,764.22,526.35,63.42,57.52,0.5917,-1,-1,-1
752,32,378.77,140.76,75.80,106.56,0.5631,-1,-1,-1
753,39,748.73,352.10,118.69,146.27,0.8944,-1,-1,-1
753,49,565.18,384.82,63.22,171.95,0.8814,-1,-1,-1
753,57,811.70,322.93,97.25,159.38,0.8108,-1,-1,-1
753,47,358.63,476.17,81.96,107.55,0.7922,-1,-1,-1
753,50,383.21,212.68,88.27,127.24,0.7704,-1,-1,-1
753,56,289.61,312.63,120.27,158.87,0.7486,-1,-1,-1
753,13,325.93,211.26,68.10,100.40,0.7464,-1,-1,-1
753,16,260.43,262.80,78.38,125.19,0.7379,-1,-1,-1
753,54,569.25,196.18,61.18,132.26,0.6974,-1,-1,-1
753,55,115.10,153.83,52.43,139.02,0.6756,-1,-1,-1
753,53,765.15,527.67,62.78,56.11,0.5666,-1,-1,-1
753,32,375.62,143.82,81.32,103.66,0.5049,-1,-1,-1
754,49,562.64,384.75,64.51,172.22,0.8969,-1,-1,-1
754,39,744.14,351.76,121.37,146.83,0.8823,-1,-1,-1
754,47,353.39,476.15,82.06,107.22,0.7875,-1,-1,-1
754,50,371.52,149.76,107.12,191.65,0.7804,-1,-1,-1
754,57,803.18,321.91,101.13,157.82,0.7796,-1,-1,-1
754,56,307.48,314.22,109.35,159.02,0.7467,-1,-1,-1
754,13,324.44,207.95,67.67,104.61,0.7309,-1,-1,-1
754,54,567.12,196.72,61.25,133.17,0.7165,-1,-1,-1
754,16,259.59,265.52,81.04,112.39,0.7146,-1,-1,-1
754,55,107.96,155.24,55.30,139.88,0.7080,-1,-1,-1
755,49,556.65,384.60,66.44,171.73,0.8925,-1,-1,-1
755,39,732.64,350.73,120.50,145.88,0.8597,-1,-1,-1
755,47,344.03,478.92,79.69,104.73,0.7784,-1,-1,-1
755,56,317.42,296.30,118.26,179.78,0.7575,-1,-1,-1
755,16,268.42,269.15,86.00,128.59,0.7525,-1,-1,-1
755,54,559.58,195.46,65.96,135.87,0.7407,-1,-1,-1
755,55,93.52,157.19,63.24,143.07,0.7136,-1,-1,-1
755,57,790.45,322.16,102.44,153.62,0.6919,-1,-1,-1
755,13,326.51,203.80,59.77,110.77,0.6649,-1,-1,-1
755,50,403.07,202.43,80.30,138.22,0.5886,-1,-1,-1
756,49,553.64,384.99,67.48,171.34,0.9001,-1,-1,-1
756,39,724.16,350.42,115.05,146.55,0.8720,-1,-1,-1
756,56,321.61,307.84,95.02,167.81,0.8281,-1,-1,-1
756,47,338.94,482.04,78.15,101.49,0.8051,-1,-1,-1
756,57,798.57,323.16,85.47,143.63,0.7638,-1,-1,-1
756,55,87.34,157.32,62.48,146.38,0.7377,-1,-1,-1
756,54,558.27,194.98,63.74,136.91,0.7248,-1,-1,-1
756,16,272.58,268.94,86.44,125.67,0.7219,-1,-1,-1
756,50,405.28,198.60,81.84,144.30,0.6765,-1,-1,-1
756,13,325.89,202.79,56.96,112.07,0.6694,-1,-1,-1
756,32,365.55,139.92,112.48,113.20,0.5818,-1,-1,-1
757,49,547.62,385.38,72.15,171.19,0.8868,-1,-1,-1
757,39,710.66,351.39,107.54,145.62,0.8489,-1,-1,-1
757,47,332.85,485.54,76.27,98.29,0.7866,-1,-1,-1
757,56,327.01,306.23,100.18,165.32,0.7767,-1,-1,-1
757,57,794.68,324.93,88.71,150.83,0.7653,-1,-1,-1
757,54,548.56,187.18,72.43,145.38,0.7522,-1,-1,-1
757,50,412.46,186.88,78.19,155.22,0.7498,-1,-1,-1
757,16,271.18,267.49,87.75,119.66,0.7072,-1,-1,-1
757,55,82.46,159.17,61.70,146.38,0.6899,-1,-1,-1
757,32,363.21,136.64,114.18,122.15,0.6381,-1,-1,-1
757,13,325.17,202.92,55.55,112.72,0.6094,-1,-1,-1
758,49,542.11,386.00,75.72,171.01,0.8942,-1,-1,-1
758,39,692.49,351.52,106.14,146.76,0.8393,-1,-1,-1
758,16,272.05,266.65,99.35,134.54,0.7973,-1,-1,-1
758,47,324.77,489.38,77.25,94.35,0.7726,-1,-1,-1
758,56,334.56,305.52,94.23,158.52,0.7661,-1,-1,-1
758,57,791.64,327.10,91.74,152.66,0.7267,-1,-1,-1
758,54,547.17,186.86,71.18,145.14,0.7072,-1,-1,-1
758,55,76.63,160.64,63.46,146.74,0.6923,-1,-1,-1
758,50,411.73,186.33,80.49,156.96,0.6864,-1,-1,-1
758,32,369.45,129.25,102.94,129.88,0.6790,-1,-1,-1
758,13,322.43,201.90,55.27,113.78,0.6377,-1,-1,-1
759,49,538.58,386.15,77.74,170.61,0.8865,-1,-1,-1
759,39,674.87,351.61,94.10,148.58,0.8366,-1,-1,-1
759,56,346.63,304.76,84.01,156.79,0.8224,-1,-1,-1
759,16,274.81,265.15,97.25,137.30,0.8077,-1,-1,-1
759,47,317.76,494.60,76.69,89.21,0.7432,-1,-1,-1
759,57,802.72,329.10,79.82,151.17,0.7321,-1,-1,-1
759,54,544.30,184.88,67.55,144.89,0.7133,-1,-1,-1
759,50,406.78,181.56,92.38,162.51,0.7014,-1,-1,-1
759,55,71.57,160.41,63.68,149.06,0.6998,-1,-1,-1
759,32,378.83,120.45,94.48,136.40,0.6854,-1,-1,-1
759,13,317.90,200.18,56.56,115.18,0.6467,-1,-1,-1
760,49,529.36,385.96,83.04,171.06,0.9055,-1,-1,-1
760,39,649.22,349.48,110.47,152.00,0.8924,-1,-1,-1
760,16,286.91,261.90,98.62,142.44,0.8352,-1,-1,-1
760,57,781.55,328.57,99.66,150.80,0.8294,-1,-1,-1
760,56,358.66,303.84,89.00,163.18,0.7150,-1,-1,-1
760,55,62.79,162.16,64.35,150.32,0.7014,-1,-1,-1
760,50,413.40,190.71,113.89,158.05,0.7008,-1,-1,-1
760,54,540.81,178.38,61.68,144.50,0.6996,-1,-1,-1
760,32,393.59,120.86,80.33,133.57,0.6706,-1,-1,-1
760,13,312.01,193.86,62.25,121.13,0.6701,-1,-1,-1
760,47,292.39,497.53,86.50,95.08,0.6634,-1,-1,-1
760,-1,774.60,534.08,60.63,183.45,0.5342,-1,-1,-1
760,-1,922.68,184.00,49.37,128.83,0.5108,-1,-1,-1
761,49,524.49,385.90,87.06,170.60,0.8982,-1,-1,-1
761,39,640.86,347.27,118.30,154.79,0.8770,-1,-1,-1
761,57,778.89,326.62,100.53,151.01,0.7978,-1,-1,-1
761,56,392.30,303.49,62.52,163.61,0.7588,-1,-1,-1
761,16,294.80,266.87,92.45,138.13,0.7552,-1,-1,-1
761,55,58.93,163.13,65.97,149.83,0.7237,-1,-1,-1
761,47,282.88,496.66,88.63,96.66,0.7236,-1,-1,-1
761,32,396.60,121.45,78.26,131.85,0.7063,-1,-1,-1
761,50,418.00,208.69,89.57,140.07,0.6811,-1,-1,-1
761,13,309.99,190.94,61.82,94.76,0.6463,-1,-1,-1
761,54,536.07,176.06,60.52,139.05,0.6392,-1,-1,-1
761,-1,778.15,533.23,58.86,184.23,0.5277,-1,-1,-1
761,-1,922.31,183.63,50.05,129.37,0.5140,-1,-1,-1
762,49,521.76,384.76,89.43,171.52,0.9027,-1,-1,-1
762,56,404.67,302.57,62.89,163.83,0.8358,-1,-1,-1
762,39,627.49,344.81,124.76,157.00,0.8340,-1,-1,-1
762,16,304.94,259.91,86.05,146.64,0.8286,-1,-1,-1
762,57,774.52,323.67,102.37,155.52,0.8057,-1,-1,-1
762,47,272.16,493.63,93.09,94.17,0.7651,-1,-1,-1
762,55,59.28,164.90,64.22,147.86,0.7465,-1,-1,-1
762,50,429.15,208.87,85.28,140.80,0.7175,-1,-1,-1
762,54,492.37,175.41,101.15,138.44,0.6463,-1,-1,-1
762,32,400.26,120.46,72.80,133.40,0.6426,-1,-1,-1
762,13,308.18,187.98,61.68,94.56,0.6058,-1,-1,-1
762,58,782.41,532.55,56.71,183.03,0.5411,-1,-1,-1
762,59,922.19,183.27,50.37,130.04,0.5057,-1,-1,-1
763,49,517.18,383.22,93.70,172.34,0.8934,-1,-1,-1
763,39,615.27,342.30,120.40,148.17,0.8824,-1,-1,-1
763,56,405.25,299.40,75.42,166.00,0.8664,-1,-1,-1
763,16,313.00,260.78,80.64,147.01,0.8377,-1,-1,-1
763,57,770.60,320.73,101.01,157.95,0.7804,-1,-1,-1
763,47,261.36,490.03,98.90,100.02,0.7676,-1,-1,-1
763,55,58.37,164.38,64.56,148.23,0.7485,-1,-1,-1
763,50,435.48,205.20,92.53,143.57,0.7183,-1,-1,-1
763,54,534.60,174.98,57.61,138.27,0.6405,-1,-1,-1
763,13,308.07,187.05,60.43,98.75,0.5673,-1,-1,-1
763,32,403.74,117.85,70.94,134.20,0.5644,-1,-1,-1
763,58,784.29,531.37,56.63,182.97,0.5465,-1,-1,-1
763,59,922.25,182.86,49.69,130.20,0.5115,-1,-1,-1
764,49,512.50,381.89,98.00,172.50,0.8871,-1,-1,-1
764,39,606.43,341.78,117.04,146.20,0.8801,-1,-1,-1
764,56,405.40,296.74,98.93,167.83,0.8476,-1,-1,-1
764,16,319.83,261.55,83.18,147.94,0.8327,-1,-1,-1
764,47,253.82,486.22,103.25,128.64,0.7858,-1,-1,-1
764,57,767.13,317.65,97.73,162.77,0.7829,-1,-1,-1
764,55,54.85,163.49,67.95,148.86,0.7659,-1,-1,-1
764,50,446.84,210.63,99.40,136.72,0.6910,-1,-1,-1
764,13,307.40,185.22,59.82,128.54,0.6196,-1,-1,-1
764,54,536.75,175.02,55.09,136.92,0.6115,-1,-1,-1
764,32,418.84,119.69,58.01,131.14,0.6047,-1,-1,-1
764,58,785.47,529.65,58.12,182.44,0.5389,-1,-1,-1
764,59,922.26,182.75,49.86,129.82,0.5147,-1,-1,-1
765,49,503.74,382.46,102.16,169.99,0.8561,-1,-1,-1
765,16,327.52,265.67,93.95,151.94,0.8153,-1,-1,-1
765,39,578.60,340.06,97.28,147.06,0.7814,-1,-1,-1
765,57,759.97,311.14,85.31,157.01,0.7585,-1,-1,-1
765,55,53.40,160.96,69.57,150.47,0.7582,-1,-1,-1
765,47,252.50,479.36,91.69,137.62,0.7372,-1,-1,-1
765,56,414.65,290.03,124.54,161.16,0.7274,-1,-1,-1
765,13,299.71,184.14,62.48,131.65,0.6726,-1,-1,-1
765,32,422.33,119.72,71.22,131.31,0.6491,-1,-1,-1
765,50,489.99,224.57,85.62,122.34,0.6480,-1,-1,-1
765,54,536.12,173.24,53.88,135.28,0.6004,-1,-1,-1
765,59,922.04,182.02,49.35,130.33,0.5007,-1,-1,-1
766,16,325.73,269.04,105.47,156.29,0.8781,-1,-1,-1
766,49,498.50,384.84,104.81,168.41,0.8040,-1,-1,-1
766,47,250.03,477.15,88.18,139.43,0.7810,-1,-1,-1
766,13,293.72,184.18,69.26,131.83,0.7706,-1,-1,-1
766,56,422.02,288.42,123.90,159.94,0.7555,-1,-1,-1
766,57,753.88,308.72,78.05,152.64,0.7545,-1,-1,-1
766,39,569.59,339.59,66.11,147.32,0.7261,-1,-1,-1
766,55,52.67,162.49,67.91,148.29,0.7243,-1,-1,-1
766,32,422.08,120.89,83.55,128.58,0.6349,-1,-1,-1
766,54,536.67,172.74,52.98,131.57,0.6011,-1,-1,-1
766,59,922.38,181.69,48.90,128.70,0.5164,-1,-1,-1
766,58,789.20,525.16,63.62,180.56,0.5002,-1,-1,-1
767,16,328.99,273.03,112.13,154.75,0.8614,-1,-1,-1
767,49,492.22,386.32,111.21,167.61,0.8258,-1,-1,-1
767,47,247.26,475.09,85.52,142.13,0.8024,-1,-1,-1
767,57,751.01,306.35,69.29,154.59,0.7731,-1,-1,-1
767,13,292.48,186.33,70.77,129.39,0.7728,-1,-1,-1
767,55,51.34,161.19,64.48,149.21,0.7073,-1,-1,-1
767,56,431.71,289.38,106.37,150.70,0.6835,-1,-1,-1
767,39,564.08,336.10,67.46,149.32,0.6794,-1,-1,-1
767,32,426.26,125.23,86.49,124.08,0.6667,-1,-1,-1
767,54,536.82,173.69,51.91,131.18,0.5677,-1,-1,-1
767,59,922.56,181.45,49.24,129.14,0.5261,-1,-1,-1
767,50,482.30,218.34,114.52,139.79,0.5009,-1,-1,-1
768,16,332.55,277.83,114.98,154.72,0.8318,-1,-1,-1
768,57,750.63,305.25,62.71,159.30,0.7812,-1,-1,-1
768,49,484.37,366.64,119.46,188.93,0.7731,-1,-1,-1
768,47,244.18,470.06,83.80,146.68,0.7706,-1,-1,-1
768,13,292.14,187.02,70.37,128.88,0.7269,-1,-1,-1
768,55,50.23,160.87,58.64,149.70,0.7063,-1,-1,-1
768,56,444.99,287.58,112.25,152.84,0.7056,-1,-1,-1
768,32,431.14,126.57,80.13,122.58,0.6974,-1,-1,-1
768,50,487.25,212.67,121.33,149.47,0.6485,-1,-1,-1
768,39,557.02,336.99,73.83,146.72,0.6372,-1,-1,-1
768,59,922.26,181.36,50.90,128.41,0.5120,-1,-1,-1
768,54,537.93,173.02,50.60,111.24,0.5024,-1,-1,-1
769,16,339.19,280.38,112.54,152.16,0.8214,-1,-1,-1
769,47,240.13,463.31,82.99,149.11,0.7992,-1,-1,-1
769,49,478.64,392.22,126.18,163.83,0.7990,-1,-1,-1
769,57,750.10,304.90,56.60,157.83,0.7767,-1,-1,-1
769,13,292.17,187.40,70.20,127.91,0.7450,-1,-1,-1
769,32,428.12,129.18,85.62,119.83,0.7279,-1,-1,-1
769,39,538.78,335.21,90.24,147.51,0.7101,-1,-1,-1
769,50,492.33,214.06,124.18,146.76,0.6527,-1,-1,-1
769,55,48.10,159.96,51.91,150.60,0.6428,-1,-1,-1
769,56,462.34,285.11,92.48,145.36,0.5463,-1,-1,-1
769,59,922.20,181.31,50.98,128.32,0.5223,-1,-1,-1
769,53,794.46,523.92,62.33,59.81,0.5124,-1,-1,-1
770,16,354.30,276.61,85.94,153.88,0.8657,-1,-1,-1
770,57,736.52,307.74,56.41,153.50,0.8448,-1,-1,-1
770,47,230.31,449.76,79.81,137.54,0.8212,-1,-1,-1
770,32,436.86,128.01,78.52,120.61,0.7985,-1,-1,-1
770,50,502.52,214.97,120.74,145.80,0.7891,-1,-1,-1
770,13,299.24,190.05,63.72,123.41,0.7695,-1,-1,-1
770,55,45.53,160.67,46.89,148.99,0.7114,-1,-1,-1
770,49,468.67,383.00,136.04,175.66,0.6908,-1,-1,-1
770,59,922.13,181.23,50.40,128.65,0.5628,-1,-1,-1
770,39,504.19,277.58,107.77,199.70,0.5359,-1,-1,-1
770,53,799.14,523.19,63.67,60.77,0.5324,-1,-1,-1
771,16,358.39,271.86,71.42,156.25,0.8725,-1,-1,-1
771,57,729.29,310.51,69.28,149.36,0.8347,-1,-1,-1
771,47,224.60,445.55,78.36,156.29,0.8242,-1,-1,-1
771,32,437.68,126.83,77.87,121.51,0.7883,-1,-1,-1
771,49,462.78,399.36,141.77,163.15,0.7751,-1,-1,-1
771,55,43.85,161.27,46.79,148.38,0.7342,-1,-1,-1
771,13,302.70,189.22,62.32,118.56,0.7269,-1,-1,-1
771,53,801.84,522.71,62.70,61.28,0.5653,-1,-1,-1
771,59,921.96,181.06,50.28,128.31,0.5622,-1,-1,-1
771,39,493.74,275.45,103.67,196.42,0.5226,-1,-1,-1
771,50,554.72,230.24,68.01,130.43,0.5078,-1,-1,-1
772,16,359.61,267.03,63.85,160.95,0.8726,-1,-1,-1
772,47,214.78,440.93,80.60,167.69,0.8723,-1,-1,-1
772,57,715.64,309.05,83.09,150.58,0.8083,-1,-1,-1
772,32,438.18,125.07,76.80,123.22,0.8011,-1,-1,-1
772,13,303.71,194.18,64.52,115.25,0.7608,-1,-1,-1
772,56,517.75,272.15,64.65,168.99,0.7547,-1,-1,-1
772,55,41.22,162.67,46.71,146.70,0.7149,-1,-1,-1
772,49,457.26,368.49,147.31,194.98,0.6381,-1,-1,-1
772,50,557.40,229.19,62.89,131.40,0.5995,-1,-1,-1
772,53,804.39,522.15,63.59,62.01,0.5419,-1,-1,-1
772,59,922.09,181.01,50.40,128.32,0.5310,-1,-1,-1
772,54,515.14,169.15,78.09,90.04,0.5026,-1,-1,-1
773,47,207.21,438.78,80.13,158.02,0.8774,-1,-1,-1
773,16,361.93,261.79,61.13,164.39,0.8764,-1,-1,-1
773,57,700.94,311.98,98.22,147.52,0.8348,-1,-1,-1
773,56,524.06,268.97,72.43,169.58,0.8121,-1,-1,-1
773,49,458.71,394.26,143.12,168.53,0.7958,-1,-1,-1
773,13,303.47,194.23,69.19,118.75,0.7779,-1,-1,-1
773,32,438.37,123.16,76.40,125.23,0.7778,-1,-1,-1
773,39,448.03,333.02,76.55,158.84,0.6952,-1,-1,-1
773,55,35.28,161.98,51.76,147.55,0.6769,-1,-1,-1
773,50,564.72,229.05,54.02,131.47,0.6307,-1,-1,-1
773,53,805.72,521.34,64.60,62.73,0.5566,-1,-1,-1
773,59,921.85,181.07,50.34,127.80,0.5372,-1,-1,-1
774,16,365.91,258.12,56.70,157.88,0.8674,-1,-1,-1
774,47,207.23,436.26,71.01,150.85,0.8581,-1,-1,-1
774,57,698.83,315.71,99.12,143.23,0.8408,-1,-1,-1
774,49,453.78,392.40,140.41,169.57,0.8058,-1,-1,-1
774,56,532.59,263.19,70.00,175.51,0.8033,-1,-1,-1
774,32,438.59,122.14,76.25,126.00,0.8026,-1,-1,-1
774,13,305.00,194.91,74.74,118.05,0.7855,-1,-1,-1
774,55,31.82,163.87,55.08,145.09,0.7250,-1,-1,-1
774,39,447.72,332.61,65.84,158.99,0.7161,-1,-1,-1
774,50,571.81,226.86,49.89,133.01,0.6820,-1,-1,-1
774,53,807.65,520.12,65.44,64.00,0.5491,-1,-1,-1
774,59,921.24,180.94,50.76,127.94,0.5215,-1,-1,-1
774,54,511.03,165.68,83.62,103.29,0.5047,-1,-1,-1
775,47,202.40,429.67,61.13,151.64,0.8595,-1,-1,-1
775,16,368.54,252.91,60.61,153.92,0.8590,-1,-1,-1
775,32,439.08,122.06,76.61,125.66,0.8132,-1,-1,-1
775,57,691.46,310.84,102.86,149.27,0.8107,-1,-1,-1
775,49,451.42,383.95,121.97,177.07,0.7789,-1,-1,-1
775,56,548.48,266.30,80.44,171.65,0.7709,-1,-1,-1
775,39,431.56,328.49,70.36,145.93,0.7660,-1,-1,-1
775,55,32.15,164.98,54.90,143.55,0.7394,-1,-1,-1
775,13,311.27,192.33,62.38,120.71,0.6654,-1,-1,-1
775,53,811.11,518.44,65.37,65.63,0.6304,-1,-1,-1
775,50,575.09,230.80,55.37,131.50,0.5338,-1,-1,-1
775,59,920.54,180.82,51.16,128.11,0.5274,-1,-1,-1
775,54,512.52,163.17,84.56,117.18,0.5009,-1,-1,-1
776,16,368.83,249.95,68.09,156.73,0.8787,-1,-1,-1
776,47,199.42,424.76,59.95,153.88,0.8770,-1,-1,-1
776,49,446.05,380.34,118.37,179.45,0.8172,-1,-1,-1
776,57,684.25,311.46,104.96,149.61,0.8114,-1,-1,-1
776,32,439.22,122.78,76.79,124.75,0.8061,-1,-1,-1
776,56,557.23,264.00,77.43,175.26,0.7969,-1,-1,-1
776,39,420.28,326.55,75.46,153.88,0.7928,-1,-1,-1
776,55,31.91,165.71,54.37,142.98,0.7627,-1,-1,-1
776,13,315.55,192.21,55.24,120.72,0.6808,-1,-1,-1
776,53,812.55,518.04,65.41,66.19,0.6223,-1,-1,-1
776,59,920.49,180.87,50.88,128.03,0.5392,-1,-1,-1
776,54,511.54,161.19,86.29,120.21,0.5203,-1,-1,-1
776,50,577.21,232.37,61.08,133.79,0.5125,-1,-1,-1
777,47,193.19,420.44,62.86,156.35,0.8845,-1,-1,-1
777,16,370.28,246.27,76.42,159.76,0.8758,-1,-1,-1
777,49,438.29,377.79,115.77,181.14,0.8669,-1,-1,-1
777,39,409.63,324.91,80.23,151.90,0.8451,-1,-1,-1
777,32,439.11,124.41,77.26,122.81,0.8060,-1,-1,-1
777,57,674.43,312.46,107.35,149.56,0.7853,-1,-1,-1
777,56,565.91,266.01,75.67,173.17,0.7698,-1,-1,-1
777,55,31.75,165.41,54.66,143.36,0.7512,-1,-1,-1
777,13,319.89,189.54,52.55,123.40,0.6910,-1,-1,-1
777,53,814.45,517.76,64.26,66.50,0.6584,-1,-1,-1
777,50,577.97,224.66,72.10,147.97,0.6138,-1,-1,-1
777,54,512.69,158.54,86.90,123.09,0.5636,-1,-1,-1
777,59,920.26,181.16,50.69,127.44,0.5293,-1,-1,-1
778,47,189.75,415.04,63.14,160.28,0.8711,-1,-1,-1
778,16,372.10,243.99,88.89,161.89,0.8659,-1,-1,-1
778,39,389.94,324.41,90.18,149.91,0.8484,-1,-1,-1
778,49,450.25,376.53,93.40,179.72,0.8162,-1,-1,-1
778,32,437.76,127.01,78.80,120.59,0.8054,-1,-1,-1
778,57,673.46,319.57,97.11,142.33,0.7606,-1,-1,-1
778,56,575.38,276.03,69.24,162.31,0.7357,-1,-1,-1
778,55,31.71,165.87,54.12,142.60,0.7323,-1,-1,-1
778,13,321.31,185.34,49.72,127.72,0.7059,-1,-1,-1
778,53,815.89,517.45,63.00,66.78,0.6550,-1,-1,-1
778,50,584.22,227.76,85.83,149.11,0.5879,-1,-1,-1
778,59,920.46,181.54,49.66,127.04,0.5316,-1,-1,-1
779,47,190.82,409.16,59.76,164.71,0.8760,-1,-1,-1
779,16,375.63,242.32,94.28,161.56,0.8699,-1,-1,-1
779,49,442.81,375.39,87.61,175.49,0.8247,-1,-1,-1
779,39,378.64,324.72,87.92,152.39,0.8071,-1,-1,-1
779,32,436.43,128.73,80.42,118.15,0.8049,-1,-1,-1
779,55,31.90,166.39,51.47,144.08,0.7362,-1,-1,-1
779,56,584.59,272.97,70.15,164.45,0.7209,-1,-1,-1
779,57,662.89,318.54,94.15,143.32,0.6741,-1,-1,-1
779,13,322.54,161.97,49.61,151.22,0.6732,-1,-1,-1
779,53,817.16,516.83,62.41,67.32,0.6649,-1,-1,-1
779,54,525.37,156.59,74.32,125.55,0.5043,-1,-1,-1
779,59,920.45,181.51,49.72,127.03,0.5006,-1,-1,-1
780,47,184.76,400.20,61.42,171.66,0.8487,-1,-1,-1
780,49,414.60,377.68,96.03,171.99,0.8297,-1,-1,-1
780,32,433.39,133.05,83.49,113.66,0.7980,-1,-1,-1
780,16,383.97,218.30,87.55,171.00,0.7364,-1,-1,-1
780,55,31.88,167.14,49.51,147.61,0.7230,-1,-1,-1
780,57,657.36,317.36,74.39,144.49,0.7227,-1,-1,-1
780,56,598.11,267.10,65.48,166.72,0.7131,-1,-1,-1
780,53,819.21,516.27,61.43,67.54,0.6728,-1,-1,-1
780,13,325.70,152.34,45.55,160.71,0.6422,-1,-1,-1
780,39,356.46,324.78,89.13,150.36,0.5827,-1,-1,-1
780,54,523.46,155.20,83.66,125.72,0.5548,-1,-1,-1
780,59,920.57,181.78,48.39,127.76,0.5215,-1,-1,-1
781,49,402.50,380.40,98.59,168.37,0.8446,-1,-1,-1
781,47,180.93,398.21,61.77,171.12,0.8223,-1,-1,-1
781,32,433.01,138.33,84.08,108.28,0.7912,-1,-1,-1
781,16,386.63,208.11,86.38,169.09,0.7856,-1,-1,-1
781,55,31.69,167.44,52.17,149.37,0.7275,-1,-1,-1
781,57,631.24,316.29,100.08,145.83,0.6854,-1,-1,-1
781,53,820.55,516.23,60.06,67.68,0.6844,-1,-1,-1
781,39,351.21,333.18,82.87,131.89,0.6047,-1,-1,-1
781,54,521.51,156.25,91.43,125.19,0.5849,-1,-1,-1
781,13,329.08,144.74,42.56,168.03,0.5678,-1,-1,-1
781,59,920.21,181.93,48.73,128.02,0.5125,-1,-1,-1
782,49,399.21,384.16,98.95,167.72,0.8581,-1,-1,-1
782,47,178.37,396.23,62.73,172.16,0.8480,-1,-1,-1
782,16,386.14,202.16,86.30,175.55,0.8368,-1,-1,-1
782,32,432.77,139.75,84.79,107.37,0.7470,-1,-1,-1
782,55,31.84,168.98,58.45,150.32,0.7365,-1,-1,-1
782,57,645.04,305.98,85.34,156.61,0.7027,-1,-1,-1
782,53,821.43,516.28,59.14,67.69,0.6999,-1,-1,-1
782,39,311.65,332.98,111.99,141.44,0.6523,-1,-1,-1
782,54,524.08,156.81,95.79,126.01,0.6390,-1,-1,-1
782,13,332.80,142.23,38.90,166.04,0.6175,-1,-1,-1
782,50,602.84,236.29,71.15,128.75,0.5207,-1,-1,-1
782,59,919.44,183.00,48.93,128.01,0.5188,-1,-1,-1
783,49,398.14,388.02,100.69,165.98,0.8467,-1,-1,-1
783,47,176.36,396.53,65.58,168.90,0.8435,-1,-1,-1
783,16,391.11,231.20,78.93,147.89,0.8055,-1,-1,-1
783,39,293.39,335.27,119.73,139.34,0.7635,-1,-1,-1
783,57,610.55,310.48,115.90,153.11,0.7605,-1,-1,-1
783,32,428.31,140.52,89.07,107.47,0.6634,-1,-1,-1
783,53,821.78,517.20,58.65,66.80,0.6468,-1,-1,-1
783,55,32.12,170.55,36.73,151.79,0.6435,-1,-1,-1
783,54,528.77,158.68,99.11,128.21,0.5929,-1,-1,-1
784,49,397.74,391.57,100.60,162.88,0.8890,-1,-1,-1
784,47,172.45,395.80,73.22,166.76,0.8558,-1,-1,-1
784,39,282.35,338.38,120.68,140.58,0.8477,-1,-1,-1
784,16,389.28,226.84,77.77,151.59,0.8305,-1,-1,-1
784,57,591.64,308.31,129.02,156.54,0.8281,-1,-1,-1
784,32,421.69,144.25,96.04,104.75,0.6980,-1,-1,-1
784,55,31.65,172.65,36.38,151.65,0.6631,-1,-1,-1
784,53,822.10,518.38,58.35,65.70,0.6552,-1,-1,-1
784,54,549.22,161.25,82.51,127.12,0.5870,-1,-1,-1
784,50,597.56,240.83,88.86,93.48,0.5234,-1,-1,-1
784,13,335.34,133.26,38.00,171.92,0.5083,-1,-1,-1
784,59,918.08,186.38,50.57,127.93,0.5066,-1,-1,-1
785,47,165.10,390.63,80.07,164.03,0.8644,-1,-1,-1
785,49,397.39,392.66,102.74,163.47,0.8569,-1,-1,-1
785,39,274.91,346.35,108.50,139.66,0.8540,-1,-1,-1
785,16,371.09,188.60,87.75,190.20,0.7950,-1,-1,-1
785,57,579.04,311.30,123.37,147.60,0.7913,-1,-1,-1
785,54,549.76,164.24,86.06,128.90,0.7058,-1,-1,-1
785,32,418.95,149.32,98.03,102.71,0.6699,-1,-1,-1
785,55,31.95,175.99,38.83,151.99,0.6349,-1,-1,-1
785,13,334.54,142.50,46.66,163.28,0.5506,-1,-1,-1
785,53,822.35,521.63,57.26,62.34,0.5394,-1,-1,-1
785,56,642.92,259.32,62.32,167.97,0.5322,-1,-1,-1
786,47,160.98,387.88,80.99,163.26,0.8777,-1,-1,-1
786,57,573.61,312.02,119.12,147.86,0.8663,-1,-1,-1
786,39,274.79,348.21,104.47,139.13,0.8603,-1,-1,-1
786,49,397.47,391.32,106.74,165.69,0.8063,-1,-1,-1
786,16,388.72,209.79,64.58,167.93,0.7536,-1,-1,-1
786,54,553.66,169.47,82.05,126.48,0.7344,-1,-1,-1
786,32,413.59,151.05,99.22,103.69,0.6192,-1,-1,-1
786,55,31.81,178.54,44.91,151.77,0.5994,-1,-1,-1
786,56,637.54,273.35,68.20,156.28,0.5210,-1,-1,-1
786,53,822.13,523.71,57.09,60.31,0.5043,-1,-1,-1
787,39,274.59,348.97,100.99,140.14,0.8850,-1,-1,-1
787,47,156.09,385.39,82.40,163.77,0.8788,-1,-1,-1
787,57,568.91,314.62,107.54,147.20,0.8639,-1,-1,-1
787,16,387.90,208.21,62.30,165.37,0.7713,-1,-1,-1
787,56,634.40,276.70,76.26,154.54,0.7389,-1,-1,-1
787,54,539.00,172.13,98.10,126.89,0.6624,-1,-1,-1
787,55,31.27,182.79,37.90,149.73,0.6411,-1,-1,-1
787,13,339.88,159.87,49.62,149.76,0.5657,-1,-1,-1
787,32,406.97,155.58,97.46,101.83,0.5518,-1,-1,-1
787,49,398.16,388.33,103.90,168.80,0.5431,-1,-1,-1
788,47,152.18,383.94,80.56,162.43,0.8806,-1,-1,-1
788,39,274.50,348.46,99.09,143.33,0.8800,-1,-1,-1
788,49,400.82,385.66,117.68,171.57,0.8364,-1,-1,-1
788,57,565.91,316.10,93.20,148.57,0.7985,-1,-1,-1
788,16,390.63,207.74,59.24,161.82,0.7503,-1,-1,-1
788,54,539.36,175.97,97.71,127.04,0.7088,-1,-1,-1
788,56,642.66,282.30,76.52,151.07,0.6850,-1,-1,-1
788,55,31.50,171.42,51.91,164.30,0.6704,-1,-1,-1
789,47,147.87,384.18,80.07,161.87,0.8758,-1,-1,-1
789,39,274.15,346.15,101.65,148.55,0.8747,-1,-1,-1
789,49,408.08,382.55,114.36,170.85,0.8352,-1,-1,-1
789,57,560.76,317.75,77.21,149.14,0.8315,-1,-1,-1
789,16,389.65,212.33,60.16,153.38,0.7919,-1,-1,-1
789,54,551.11,179.26,85.20,126.98,0.7826,-1,-1,-1
789,55,30.96,164.95,57.92,173.90,0.7341,-1,-1,-1
789,56,654.88,281.71,79.96,155.19,0.7071,-1,-1,-1
789,59,914.40,199.85,50.45,129.23,0.5136,-1,-1,-1
790,47,143.68,385.61,79.29,162.59,0.8874,-1,-1,-1
790,39,273.84,344.62,106.21,151.99,0.8803,-1,-1,-1
790,49,418.29,380.66,106.20,172.90,0.8679,-1,-1,-1
790,57,554.25,319.33,67.31,149.94,0.8597,-1,-1,-1
790,54,552.26,182.43,83.05,127.42,0.8373,-1,-1,-1
790,56,659.53,290.19,90.55,149.86,0.7591,-1,-1,-1
790,16,384.02,216.10,64.22,145.46,0.7437,-1,-1,-1
790,55,30.76,163.91,58.38,178.59,0.7378,-1,-1,-1
790,13,346.56,183.20,54.34,139.52,0.6276,-1,-1,-1
790,59,913.13,204.70,51.32,131.78,0.5498,-1,-1,-1
790,-1,810.25,534.53,61.12,179.10,0.5074,-1,-1,-1
790,-1,659.87,265.47,84.84,155.48,0.5052,-1,-1,-1
791,39,274.53,343.73,111.28,156.21,0.8891,-1,-1,-1
791,57,534.86,324.63,79.57,151.79,0.8676,-1,-1,-1
791,49,437.54,377.88,90.52,176.91,0.8649,-1,-1,-1
791,54,553.86,190.74,79.98,127.19,0.8390,-1,-1,-1
791,47,135.68,391.66,74.89,164.25,0.8145,-1,-1,-1
791,56,647.07,292.28,125.59,155.87,0.7618,-1,-1,-1
791,16,379.20,221.67,62.54,138.34,0.7569,-1,-1,-1
791,55,28.50,174.12,59.36,176.38,0.7079,-1,-1,-1
791,13,345.49,189.84,54.80,147.56,0.5992,-1,-1,-1
791,-1,807.42,542.48,58.41,176.91,0.5354,-1,-1,-1
792,39,279.16,344.82,108.31,156.49,0.9040,-1,-1,-1
792,47,131.28,396.65,71.92,165.03,0.8542,-1,-1,-1
792,49,442.71,378.43,91.07,176.96,0.8530,-1,-1,-1
792,57,510.70,328.97,98.55,149.11,0.8293,-1,-1,-1
792,54,555.54,193.68,77.60,128.62,0.7845,-1,-1,-1
792,55,27.79,178.77,58.99,175.93,0.7532,-1,-1,-1
792,16,388.29,219.02,54.55,143.66,0.7319,-1,-1,-1
792,13,346.47,181.49,54.82,164.74,0.6638,-1,-1,-1
792,56,631.46,301.76,146.00,150.30,0.6500,-1,-1,-1
793,39,284.68,346.95,102.67,155.69,0.8994,-1,-1,-1
793,57,511.99,334.29,90.93,139.73,0.8553,-1,-1,-1
793,49,448.73,380.36,75.60,176.62,0.8429,-1,-1,-1
793,47,126.56,401.93,69.72,165.54,0.8423,-1,-1,-1
793,54,559.57,198.36,75.55,128.31,0.8180,-1,-1,-1
793,55,24.51,182.64,61.64,176.81,0.7530,-1,-1,-1
793,16,381.83,220.91,58.16,143.96,0.7289,-1,-1,-1
793,56,628.03,309.44,155.83,130.32,0.5746,-1,-1,-1
793,-1,678.62,309.77,106.36,128.78,0.5168,-1,-1,-1
793,59,909.07,221.33,49.34,124.50,0.5114,-1,-1,-1
794,39,288.90,349.94,98.47,155.01,0.8949,-1,-1,-1
794,57,505.73,340.31,88.95,131.18,0.8633,-1,-1,-1
794,54,565.76,202.64,72.31,128.50,0.8561,-1,-1,-1
794,47,122.55,405.28,69.40,166.67,0.8468,-1,-1,-1
794,49,457.50,382.72,67.02,175.43,0.8450,-1,-1,-1
794,55,22.74,184.60,61.04,180.05,0.7471,-1,-1,-1
794,-1,686.05,317.77,103.26,128.37,0.6960,-1,-1,-1
794,16,381.82,221.15,55.57,145.52,0.6724,-1,-1,-1
794,13,345.44,197.85,56.69,162.55,0.5905,-1,-1,-1
794,59,908.20,224.70,49.23,126.69,0.5720,-1,-1,-1
795,39,292.52,354.35,94.53,154.24,0.8894,-1,-1,-1
795,54,571.76,206.58,70.04,128.91,0.8658,-1,-1,-1
795,47,111.99,409.62,78.03,167.03,0.8312,-1,-1,-1
795,49,462.37,383.24,69.29,177.50,0.8173,-1,-1,-1
795,55,19.94,191.81,61.14,177.08,0.7624,-1,-1,-1
795,57,490.16,347.11,93.80,123.54,0.7420,-1,-1,-1
795,16,384.48,221.01,52.63,149.82,0.6390,-1,-1,-1
795,60,688.51,323.63,104.56,133.35,0.6265,-1,-1,-1
795,13,328.67,199.28,70.98,166.12,0.6072,-1,-1,-1
795,56,633.12,323.87,105.81,123.95,0.5946,-1,-1,-1
795,59,906.19,230.48,50.11,125.15,0.5107,-1,-1,-1
796,54,582.51,214.43,66.11,130.90,0.8782,-1,-1,-1
796,39,300.89,364.55,86.93,155.95,0.8727,-1,-1,-1
796,47,93.74,417.43,92.09,167.11,0.8706,-1,-1,-1
796,49,451.96,397.41,100.24,169.39,0.8052,-1,-1,-1
796,60,697.28,333.80,95.46,149.89,0.7970,-1,-1,-1
796,55,14.75,201.53,63.21,176.27,0.7625,-1,-1,-1
796,16,385.91,229.59,54.20,141.96,0.6955,-1,-1,-1
796,56,673.02,305.12,71.59,142.13,0.6715,-1,-1,-1
796,13,318.13,207.67,78.36,166.08,0.6081,-1,-1,-1
796,-1,446.61,360.49,65.66,132.03,0.5292,-1,-1,-1
796,59,903.32,239.47,49.72,124.66,0.5179,-1,-1,-1
797,47,89.82,421.30,91.50,165.71,0.8797,-1,-1,-1
797,49,468.61,403.98,73.12,167.25,0.8697,-1,-1,-1
797,39,302.96,369.95,86.24,160.23,0.8673,-1,-1,-1
797,54,586.21,217.76,64.80,133.44,0.8509,-1,-1,-1
797,60,702.22,329.66,90.46,160.71,0.8299,-1,-1,-1
797,-1,438.03,365.21,67.98,131.46,0.7643,-1,-1,-1
797,55,13.52,204.93,62.57,177.21,0.7590,-1,-1,-1
797,16,385.07,234.12,54.77,137.25,0.7163,-1,-1,-1
797,56,671.02,308.69,63.85,142.57,0.6722,-1,-1,-1
797,13,323.28,219.08,72.07,158.28,0.6466,-1,-1,-1
797,59,901.20,243.10,48.89,127.81,0.5371,-1,-1,-1
797,-1,797.27,573.20,55.00,146.93,0.5158,-1,-1,-1
798,47,86.63,423.65,85.01,166.45,0.8583,-1,-1,-1
798,39,303.77,376.14,85.00,159.30,0.8402,-1,-1,-1
798,54,586.37,221.52,66.10,136.71,0.8382,-1,-1,-1
798,49,465.76,409.75,89.90,166.18,0.8336,-1,-1,-1
798,61,437.20,369.33,64.10,130.49,0.8032,-1,-1,-1
798,60,704.45,330.99,86.47,164.04,0.7967,-1,-1,-1
798,16,383.14,238.01,55.22,131.82,0.7809,-1,-1,-1
798,55,10.25,209.74,63.80,176.20,0.7527,-1,-1,-1
798,13,320.02,224.42,69.05,155.30,0.6920,-1,-1,-1
798,56,669.76,311.75,72.45,142.63,0.6388,-1,-1,-1
798,-1,793.89,576.92,55.71,143.26,0.5294,-1,-1,-1
798,59,898.70,245.65,50.58,127.94,0.5174,-1,-1,-1
799,49,463.78,414.66,105.23,164.36,0.8533,-1,-1,-1
799,39,302.08,381.85,88.73,157.61,0.8440,-1,-1,-1
799,47,82.38,425.28,72.99,166.28,0.8423,-1,-1,-1
799,54,585.72,225.43,67.50,138.89,0.8309,-1,-1,-1
799,61,422.58,372.07,73.83,130.41,0.8210,-1,-1,-1
799,60,704.43,342.82,84.15,156.02,0.7819,-1,-1,-1
799,16,382.44,243.39,50.83,125.28,0.7406,-1,-1,-1
799,55,7.80,213.17,62.94,175.88,0.7253,-1,-1,-1
799,56,670.59,314.55,74.94,143.11,0.6263,-1,-1,-1
799,13,301.61,222.50,81.45,160.07,0.6111,-1,-1,-1
799,62,788.21,580.12,57.57,140.06,0.5454,-1,-1,-1
799,59,896.44,249.66,51.74,127.64,0.5233,-1,-1,-1
800,49,461.92,417.18,113.98,164.37,0.8813,-1,-1,-1
800,54,584.74,230.11,67.70,139.75,0.8510,-1,-1,-1
800,47,74.77,425.73,63.00,167.61,0.8330,-1,-1,-1
800,61,409.16,375.11,82.50,131.03,0.8157,-1,-1,-1
800,60,702.42,348.40,84.20,154.40,0.7840,-1,-1,-1
800,39,301.16,387.38,93.42,154.66,0.7713,-1,-1,-1
800,16,381.28,245.22,49.93,123.52,0.7252,-1,-1,-1
800,55,4.20,215.74,61.27,176.82,0.6936,-1,-1,-1
800,56,675.88,317.19,75.05,143.19,0.6612,-1,-1,-1
800,13,312.19,241.88,62.28,141.71,0.6516,-1,-1,-1
800,62,779.61,583.14,65.12,137.16,0.5268,-1,-1,-1
800,59,894.47,251.69,50.20,125.64,0.5171,-1,-1,-1
801,49,463.46,418.47,109.40,164.95,0.9013,-1,-1,-1
801,54,582.35,234.70,67.93,144.84,0.8195,-1,-1,-1
801,47,57.96,425.41,58.46,167.85,0.8073,-1,-1,-1
801,60,703.40,357.82,81.24,152.04,0.7867,-1,-1,-1
801,61,394.48,381.29,79.84,131.32,0.7805,-1,-1,-1
801,39,301.27,390.06,105.84,158.21,0.7523,-1,-1,-1
801,16,372.87,248.30,52.66,125.13,0.7137,-1,-1,-1
801,55,0.43,216.60,59.33,181.24,0.6655,-1,-1,-1
801,13,294.72,241.31,64.89,145.90,0.6350,-1,-1,-1
801,62,773.64,588.98,65.57,131.22,0.5521,-1,-1,-1
802,49,488.23,417.54,82.31,162.39,0.8537,-1,-1,-1
802,54,580.95,238.12,67.09,144.73,0.8396,-1,-1,-1
802,60,702.64,361.36,81.27,153.67,0.7986,-1,-1,-1
802,47,48.33,425.56,55.10,168.14,0.7936,-1,-1,-1
802,61,393.46,384.79,73.34,136.87,0.7863,-1,-1,-1
802,39,302.67,389.18,116.88,161.43,0.7307,-1,-1,-1
802,16,370.08,246.27,53.15,129.58,0.7296,-1,-1,-1
802,13,296.51,244.67,58.76,144.63,0.6976,-1,-1,-1
802,55,0.67,220.39,55.63,179.54,0.6277,-1,-1,-1
802,62,771.56,591.55,64.76,128.53,0.5857,-1,-1,-1
802,59,888.79,259.50,55.65,125.97,0.5139,-1,-1,-1
803,49,481.72,416.51,87.72,164.36,0.8251,-1,-1,-1
803,54,578.59,242.13,66.93,142.00,0.8166,-1,-1,-1
803,60,705.06,359.36,83.77,161.70,0.8051,-1,-1,-1
803,47,29.57,426.51,61.47,167.18,0.7705,-1,-1,-1
803,16,363.76,246.59,57.53,130.84,0.7363,-1,-1,-1
803,61,368.82,389.00,90.77,138.72,0.7047,-1,-1,-1
803,13,282.90,241.33,71.53,150.78,0.7020,-1,-1,-1
803,39,302.45,388.12,112.11,163.72,0.6482,-1,-1,-1
803,62,768.92,594.24,67.35,125.82,0.6375,-1,-1,-1
803,55,0.58,222.56,51.95,179.75,0.5270,-1,-1,-1
804,49,489.68,414.22,81.53,168.99,0.8453,-1,-1,-1
804,60,705.27,359.91,90.97,162.53,0.8144,-1,-1,-1
804,54,577.85,243.64,64.38,142.73,0.7874,-1,-1,-1
804,47,11.02,428.54,68.13,165.75,0.7658,-1,-1,-1
804,39,279.54,385.05,130.20,165.63,0.7606,-1,-1,-1
804,61,363.85,392.86,88.75,140.32,0.7445,-1,-1,-1
804,16,357.13,246.27,60.12,132.56,0.7063,-1,-1,-1
804,13,271.36,244.08,74.96,148.99,0.6857,-1,-1,-1
804,62,766.56,596.32,66.61,123.77,0.6220,-1,-1,-1
804,-1,219.38,240.12,63.71,121.11,0.5108,-1,-1,-1
805,49,492.87,411.65,82.11,173.52,0.9038,-1,-1,-1
805,60,697.03,364.94,100.10,159.54,0.8223,-1,-1,-1
805,39,274.93,383.40,143.63,163.12,0.7876,-1,-1,-1
805,61,358.09,396.34,88.49,142.62,0.7866,-1,-1,-1
805,54,577.39,245.55,61.81,142.05,0.7739,-1,-1,-1
805,13,266.91,244.42,76.32,151.23,0.7496,-1,-1,-1
805,16,349.94,246.00,64.48,134.73,0.7484,-1,-1,-1
805,47,0.36,431.79,70.21,162.66,0.7410,-1,-1,-1
805,62,764.28,598.83,67.66,121.20,0.6218,-1,-1,-1
805,-1,210.79,241.44,55.88,124.65,0.5107,-1,-1,-1
806,49,509.28,403.52,76.35,181.01,0.8864,-1,-1,-1
806,39,267.43,377.94,120.86,149.89,0.7915,-1,-1,-1
806,60,700.28,375.48,93.11,153.70,0.7770,-1,-1,-1
806,61,316.88,401.17,117.01,142.73,0.7735,-1,-1,-1
806,54,576.05,248.70,57.47,142.20,0.7487,-1,-1,-1
806,16,339.09,246.57,68.77,137.47,0.7189,-1,-1,-1
806,13,255.82,247.36,79.03,149.79,0.7069,-1,-1,-1
806,62,759.97,604.05,69.87,116.00,0.6486,-1,-1,-1
806,47,1.92,440.17,54.37,155.39,0.6042,-1,-1,-1
806,63,181.48,247.33,75.62,124.15,0.5350,-1,-1,-1
807,49,519.77,403.57,72.19,182.49,0.8976,-1,-1,-1
807,39,264.41,375.03,117.39,151.33,0.7906,-1,-1,-1
807,61,333.25,401.68,95.38,143.95,0.7831,-1,-1,-1
807,16,333.93,246.05,71.08,138.56,0.7531,-1,-1,-1
807,54,577.04,249.26,53.45,142.79,0.7444,-1,-1,-1
807,60,700.51,377.32,87.44,152.95,0.7391,-1,-1,-1
807,13,251.53,251.55,75.06,145.93,0.7138,-1,-1,-1
807,62,757.28,606.27,72.08,113.74,0.6323,-1,-1,-1
807,47,0.12,443.67,50.20,154.44,0.5916,-1,-1,-1
807,63,168.88,250.26,56.47,122.43,0.5620,-1,-1,-1
807,-1,721.99,351.59,69.69,157.98,0.5614,-1,-1,-1
808,49,527.13,400.11,72.28,184.57,0.8959,-1,-1,-1
808,39,262.74,372.52,116.59,156.70,0.8220,-1,-1,-1
808,54,577.31,250.16,51.20,143.19,0.7948,-1,-1,-1
808,60,700.56,380.04,90.81,152.53,0.7932,-1,-1,-1
808,61,335.81,401.83,87.46,145.54,0.7832,-1,-1,-1
808,16,327.85,245.73,67.45,139.50,0.7582,-1,-1,-1
808,13,245.42,252.35,68.00,145.68,0.7191,-1,-1,-1
808,62,755.49,608.97,74.73,111.11,0.6263,-1,-1,-1
808,63,155.74,254.64,59.57,119.40,0.5830,-1,-1,-1
809,49,529.49,400.89,78.33,185.33,0.8973,-1,-1,-1
809,60,700.10,380.47,93.66,153.93,0.8332,-1,-1,-1
809,54,578.34,249.91,50.18,144.95,0.8220,-1,-1,-1
809,39,262.70,369.91,112.76,156.58,0.8089,-1,-1,-1
809,61,338.34,401.41,80.34,147.27,0.7777,-1,-1,-1
809,16,321.26,244.99,62.24,138.63,0.7405,-1,-1,-1
809,13,239.65,252.17,58.23,146.40,0.6893,-1,-1,-1
809,62,754.21,611.09,74.94,108.90,0.6107,-1,-1,-1
809,63,143.07,254.94,67.89,120.24,0.5789,-1,-1,-1
809,-1,720.47,353.29,73.19,163.07,0.5629,-1,-1,-1
810,49,531.78,402.15,83.42,185.81,0.8840,-1,-1,-1
810,54,578.90,251.27,51.10,144.02,0.8461,-1,-1,-1
810,60,699.96,381.23,91.11,155.55,0.7963,-1,-1,-1
810,39,261.79,367.87,114.68,152.81,0.7883,-1,-1,-1
810,16,314.12,242.30,47.72,128.60,0.6889,-1,-1,-1
810,63,127.24,255.45,74.90,120.64,0.6430,-1,-1,-1
810,13,230.45,247.65,50.30,152.39,0.6382,-1,-1,-1
810,62,752.58,613.06,75.32,106.90,0.5503,-1,-1,-1
810,-1,721.32,353.83,67.23,163.61,0.5435,-1,-1,-1
810,61,350.74,400.39,62.65,149.95,0.5344,-1,-1,-1
810,59,874.46,268.13,52.58,130.04,0.5155,-1,-1,-1
811,49,533.87,402.02,93.83,190.25,0.8979,-1,-1,-1
811,54,579.11,252.98,51.30,145.37,0.8643,-1,-1,-1
811,60,699.46,379.59,90.11,160.24,0.7494,-1,-1,-1
811,61,316.68,395.04,87.29,160.44,0.7009,-1,-1,-1
811,16,300.57,234.48,47.46,147.62,0.6863,-1,-1,-1
811,63,100.14,256.66,81.24,136.15,0.6768,-1,-1,-1
811,13,212.17,243.76,42.23,157.31,0.6125,-1,-1,-1
811,62,749.29,659.90,76.76,60.22,0.5886,-1,-1,-1
811,39,269.22,364.31,108.45,133.90,0.5701,-1,-1,-1
811,59,873.12,268.67,54.57,130.66,0.5455,-1,-1,-1
812,49,534.34,415.87,97.94,177.61,0.9025,-1,-1,-1
812,54,579.09,254.13,55.95,147.24,0.8497,-1,-1,-1
812,60,701.71,377.63,89.64,163.70,0.8159,-1,-1,-1
812,13,201.42,242.88,41.72,157.13,0.7167,-1,-1,-1
812,63,82.92,258.37,87.09,139.86,0.7022,-1,-1,-1
812,16,295.36,233.09,46.69,148.65,0.6879,-1,-1,-1
812,61,340.78,394.85,58.81,161.35,0.6822,-1,-1,-1
812,62,748.04,659.85,78.65,60.33,0.5591,-1,-1,-1
812,-1,725.27,352.10,64.93,90.20,0.5519,-1,-1,-1
812,39,264.86,363.81,110.02,133.03,0.5407,-1,-1,-1
812,59,872.25,267.87,55.17,133.59,0.5293,-1,-1,-1
813,49,532.61,415.98,102.96,179.74,0.9069,-1,-1,-1
813,60,705.51,376.43,85.32,164.24,0.8456,-1,-1,-1
813,54,578.96,254.79,66.34,157.08,0.8015,-1,-1,-1
813,61,289.56,387.24,105.57,170.81,0.7665,-1,-1,-1
813,13,186.24,247.20,43.53,151.52,0.6564,-1,-1,-1
813,63,63.08,262.40,89.57,139.26,0.6554,-1,-1,-1
813,16,289.32,231.40,46.68,150.42,0.6281,-1,-1,-1
813,62,746.33,660.10,80.29,59.97,0.5818,-1,-1,-1
813,-1,726.15,351.31,67.03,86.38,0.5557,-1,-1,-1
813,59,871.78,267.68,55.74,134.15,0.5380,-1,-1,-1
814,49,534.67,417.84,102.66,179.12,0.9026,-1,-1,-1
814,60,706.68,376.87,84.44,164.32,0.8459,-1,-1,-1
814,54,578.25,256.04,64.96,155.13,0.8240,-1,-1,-1
814,61,284.53,384.94,106.07,175.01,0.8151,-1,-1,-1
814,13,168.37,251.81,54.00,150.27,0.6993,-1,-1,-1
814,16,282.60,232.60,47.09,149.81,0.6636,-1,-1,-1
814,63,48.36,264.27,66.15,143.27,0.6097,-1,-1,-1
814,62,746.18,660.29,79.55,59.78,0.5705,-1,-1,-1
814,64,727.75,351.21,70.37,80.96,0.5673,-1,-1,-1
814,59,871.36,267.75,55.88,135.62,0.5564,-1,-1,-1
814,39,282.31,363.62,96.70,137.12,0.5023,-1,-1,-1
815,49,541.74,417.89,96.73,179.68,0.8745,-1,-1,-1
815,54,577.57,255.60,61.90,158.48,0.8212,-1,-1,-1
815,60,708.21,377.60,85.00,162.18,0.8148,-1,-1,-1
815,13,154.79,252.19,63.99,148.72,0.7299,-1,-1,-1
815,16,272.51,233.66,52.54,148.39,0.7079,-1,-1,-1
815,63,33.66,267.76,70.55,145.16,0.6004,-1,-1,-1
815,59,871.17,266.98,56.54,135.11,0.5949,-1,-1,-1
815,62,745.99,660.00,80.44,60.02,0.5857,-1,-1,-1
815,64,729.69,351.41,75.58,75.18,0.5449,-1,-1,-1
815,39,280.96,364.34,99.55,137.24,0.5351,-1,-1,-1
816,54,575.92,254.93,64.70,160.17,0.8173,-1,-1,-1
816,49,562.91,412.27,76.84,175.20,0.8147,-1,-1,-1
816,13,127.28,256.57,82.54,146.17,0.7965,-1,-1,-1
816,16,253.15,234.35,65.32,146.93,0.7831,-1,-1,-1
816,60,712.07,379.39,90.04,163.64,0.7365,-1,-1,-1
816,61,278.64,384.41,106.27,160.43,0.5944,-1,-1,-1
816,62,751.24,660.05,74.21,59.97,0.5728,-1,-1,-1
816,59,872.35,265.36,56.91,136.91,0.5515,-1,-1,-1
816,63,2.66,276.32,61.32,138.17,0.5339,-1,-1,-1
817,16,246.08,234.53,69.34,146.37,0.8222,-1,-1,-1
817,49,572.96,410.70,67.45,174.72,0.8076,-1,-1,-1
817,54,576.18,252.96,67.35,162.88,0.8028,-1,-1,-1
817,13,114.51,261.82,91.23,142.01,0.7689,-1,-1,-1
817,60,714.88,380.97,95.81,156.76,0.7164,-1,-1,-1
817,61,306.18,382.90,82.13,163.75,0.6293,-1,-1,-1
817,59,873.32,265.72,56.69,137.06,0.5689,-1,-1,-1
817,62,751.64,660.65,71.93,59.45,0.5479,-1,-1,-1
817,63,0.05,273.62,48.85,141.40,0.5160,-1,-1,-1
818,54,576.39,253.49,62.16,160.60,0.8328,-1,-1,-1
818,49,577.22,407.86,70.97,184.11,0.8175,-1,-1,-1
818,13,103.60,257.78,97.13,148.41,0.8109,-1,-1,-1
818,16,241.20,233.32,70.13,146.91,0.8071,-1,-1,-1
818,61,294.46,382.27,85.00,171.22,0.7375,-1,-1,-1
818,60,717.87,381.28,101.68,159.55,0.6866,-1,-1,-1
818,39,338.34,356.23,77.34,114.28,0.6461,-1,-1,-1
818,62,752.22,660.67,71.32,59.39,0.5755,-1,-1,-1
818,59,873.81,264.56,58.39,138.71,0.5042,-1,-1,-1
819,49,581.00,411.77,72.19,177.89,0.8520,-1,-1,-1
819,61,299.50,380.51,86.54,169.04,0.8412,-1,-1,-1
819,54,577.60,251.59,62.21,165.53,0.8212,-1,-1,-1
819,16,237.15,232.95,69.86,147.20,0.8069,-1,-1,-1
819,13,95.28,256.01,100.21,150.22,0.7883,-1,-1,-1
819,39,343.30,353.87,79.38,120.09,0.7498,-1,-1,-1
819,60,719.11,382.48,105.13,164.07,0.7485,-1,-1,-1
819,62,752.49,661.21,71.25,58.82,0.5689,-1,-1,-1
819,59,874.79,263.55,58.48,142.83,0.5522,-1,-1,-1
820,61,300.19,379.40,75.69,170.16,0.8533,-1,-1,-1
820,49,584.76,412.94,73.90,174.95,0.8475,-1,-1,-1
820,54,574.62,253.59,64.57,163.37,0.8140,-1,-1,-1
820,16,232.48,230.65,70.89,150.32,0.8028,-1,-1,-1
820,13,88.37,251.80,99.35,154.81,0.7946,-1,-1,-1
820,60,727.08,384.44,98.10,164.58,0.6984,-1,-1,-1
820,39,354.42,352.54,75.94,122.93,0.6620,-1,-1,-1
820,62,752.98,660.87,71.73,59.15,0.5943,-1,-1,-1
820,59,875.52,262.56,60.43,144.37,0.5204,-1,-1,-1
821,49,590.04,417.79,103.08,169.23,0.8851,-1,-1,-1
821,61,294.35,376.73,71.48,169.70,0.8606,-1,-1,-1
821,54,576.03,254.73,63.98,166.73,0.8451,-1,-1,-1
821,13,74.31,250.95,85.30,156.09,0.8162,-1,-1,-1
821,39,356.01,348.56,81.75,137.33,0.8032,-1,-1,-1
821,16,222.01,228.54,74.85,152.95,0.7858,-1,-1,-1
821,60,731.56,385.26,97.30,167.10,0.6964,-1,-1,-1
821,62,754.96,659.96,72.49,60.01,0.6068,-1,-1,-1
821,59,878.57,261.05,57.13,144.29,0.5314,-1,-1,-1
822,61,293.02,376.35,67.88,170.01,0.8635,-1,-1,-1
822,54,576.45,255.84,63.64,168.74,0.8610,-1,-1,-1
822,39,367.36,346.82,67.95,135.33,0.8498,-1,-1,-1
822,49,593.87,419.98,109.67,169.81,0.8335,-1,-1,-1
822,13,64.98,250.78,77.99,156.11,0.7922,-1,-1,-1
822,16,207.70,227.06,82.95,154.64,0.7837,-1,-1,-1
822,60,732.89,382.99,98.73,171.22,0.6840,-1,-1,-1
822,62,754.49,659.83,73.63,60.18,0.6252,-1,-1,-1
822,59,879.72,260.55,57.37,145.16,0.5322,-1,-1,-1
823,39,364.30,344.73,92.06,133.83,0.8813,-1,-1,-1
823,54,575.16,256.00,66.15,173.46,0.8613,-1,-1,-1
823,61,292.61,376.81,63.85,166.34,0.8387,-1,-1,-1
823,49,603.35,423.73,107.80,173.08,0.8276,-1,-1,-1
823,13,52.80,250.08,70.02,157.57,0.8039,-1,-1,-1
823,16,202.60,225.10,80.86,157.13,0.7700,-1,-1,-1
823,60,735.19,395.86,97.82,160.31,0.6641,-1,-1,-1
823,62,755.13,660.54,73.78,59.44,0.6373,-1,-1,-1
823,59,881.37,260.25,58.13,146.49,0.5205,-1,-1,-1
824,39,365.50,342.68,105.01,145.75,0.8727,-1,-1,-1
824,49,613.64,425.57,97.16,172.98,0.8726,-1,-1,-1
824,54,573.47,256.91,69.01,175.27,0.8675,-1,-1,-1
824,61,290.72,377.61,61.93,167.10,0.8452,-1,-1,-1
824,16,193.59,224.69,83.44,157.77,0.7673,-1,-1,-1
824,13,39.95,250.34,60.24,157.57,0.7037,-1,-1,-1
824,60,733.89,393.60,100.62,164.03,0.6945,-1,-1,-1
824,62,755.95,660.88,73.75,59.10,0.6483,-1,-1,-1
824,59,881.56,259.22,61.31,148.13,0.5267,-1,-1,-1
825,49,620.00,425.77,90.98,174.55,0.8858,-1,-1,-1
825,54,571.96,257.02,71.82,175.63,0.8689,-1,-1,-1
825,39,372.93,341.63,106.94,148.21,0.8673,-1,-1,-1
825,61,287.91,379.12,59.79,165.47,0.8239,-1,-1,-1
825,16,185.12,221.52,84.41,161.26,0.7713,-1,-1,-1
825,60,736.23,385.57,98.75,173.19,0.7124,-1,-1,-1
825,13,25.33,249.36,56.31,158.91,0.6991,-1,-1,-1
825,59,882.94,258.12,60.22,150.28,0.5927,-1,-1,-1
825,62,758.91,660.68,71.80,59.31,0.5828,-1,-1,-1
826,39,395.69,341.24,128.83,149.67,0.9032,-1,-1,-1
826,49,625.38,422.23,85.27,181.95,0.8936,-1,-1,-1
826,54,569.07,256.83,73.89,176.35,0.8786,-1,-1,-1
826,61,278.98,381.32,62.72,165.31,0.8593,-1,-1,-1
826,16,168.64,215.99,80.68,165.82,0.7896,-1,-1,-1
826,60,740.87,387.16,95.23,178.59,0.7499,-1,-1,-1
826,62,760.71,661.18,70.71,58.83,0.6665,-1,-1,-1
826,13,0.37,249.19,54.41,164.61,0.6314,-1,-1,-1
826,59,886.98,255.46,60.36,150.58,0.5766,-1,-1,-1
827,49,626.00,416.87,84.61,188.81,0.9022,-1,-1,-1
827,39,413.17,342.11,131.75,150.78,0.8996,-1,-1,-1
827,54,567.06,256.17,74.78,177.50,0.8938,-1,-1,-1
827,61,275.81,381.40,63.57,166.94,0.8599,-1,-1,-1
827,60,742.09,385.27,95.11,181.77,0.7823,-1,-1,-1
827,16,160.57,214.96,76.56,166.90,0.7800,-1,-1,-1
827,62,761.27,660.93,70.20,59.01,0.6953,-1,-1,-1
827,59,887.32,252.90,61.01,155.22,0.5979,-1,-1,-1
827,-1,743.20,355.23,84.14,89.32,0.5619,-1,-1,-1
828,54,564.34,254.07,75.57,179.75,0.8828,-1,-1,-1
828,49,628.86,395.43,81.05,210.23,0.8768,-1,-1,-1
828,61,271.37,379.50,65.12,168.36,0.8656,-1,-1,-1
828,39,430.18,343.68,128.95,154.73,0.8569,-1,-1,-1
828,60,737.05,381.30,100.67,187.37,0.8037,-1,-1,-1
828,16,154.81,213.38,70.44,168.43,0.7113,-1,-1,-1
828,62,761.34,660.82,70.34,59.11,0.7020,-1,-1,-1
828,-1,740.20,351.88,85.85,97.04,0.6266,-1,-1,-1
828,59,888.36,252.73,60.30,154.72,0.6187,-1,-1,-1
829,54,562.27,252.79,76.88,180.60,0.8867,-1,-1,-1
829,49,626.33,363.00,82.72,241.79,0.8845,-1,-1,-1
829,39,451.02,345.37,118.54,157.83,0.8696,-1,-1,-1
829,61,267.38,376.92,65.78,171.31,0.8604,-1,-1,-1
829,60,729.91,376.64,107.01,192.06,0.8500,-1,-1,-1
829,62,761.65,660.84,69.65,59.08,0.7388,-1,-1,-1
829,16,149.39,213.39,64.75,168.70,0.7282,-1,-1,-1
829,65,736.74,346.30,88.76,106.82,0.6496,-1,-1,-1
829,59,888.86,251.81,59.82,155.54,0.6414,-1,-1,-1
830,49,626.97,341.01,80.57,261.38,0.8710,-1,-1,-1
830,54,560.88,250.08,79.58,182.53,0.8698,-1,-1,-1
830,61,264.66,373.43,66.34,174.67,0.8555,-1,-1,-1
830,39,463.79,344.18,105.96,158.20,0.8530,-1,-1,-1
830,60,736.92,380.63,98.68,186.67,0.7690,-1,-1,-1
830,16,145.66,213.95,59.62,168.45,0.7415,-1,-1,-1
830,62,761.16,660.87,69.59,59.03,0.7324,-1,-1,-1
830,65,727.71,341.78,93.38,122.00,0.6800,-1,-1,-1
830,59,889.05,249.38,60.16,155.30,0.6374,-1,-1,-1
831,60,743.18,374.32,90.63,190.94,0.8658,-1,-1,-1
831,54,560.77,248.55,71.83,180.80,0.8421,-1,-1,-1
831,61,266.32,367.93,60.61,181.00,0.8274,-1,-1,-1
831,39,478.82,348.95,91.33,150.31,0.8232,-1,-1,-1
831,49,622.30,320.41,62.83,257.48,0.8208,-1,-1,-1
831,16,137.31,213.25,59.95,165.81,0.7482,-1,-1,-1
831,62,760.92,660.97,70.51,59.02,0.6978,-1,-1,-1
831,65,724.01,335.15,69.02,133.69,0.6131,-1,-1,-1
831,59,888.40,245.20,61.04,155.33,0.5710,-1,-1,-1
832,60,745.13,374.88,88.26,188.33,0.8775,-1,-1,-1
832,39,489.28,348.75,106.40,148.39,0.8669,-1,-1,-1
832,61,267.41,367.44,59.85,182.36,0.8481,-1,-1,-1
832,49,601.94,319.19,83.03,242.92,0.8332,-1,-1,-1
832,54,560.86,250.06,71.01,177.16,0.8305,-1,-1,-1
832,16,128.55,215.10,67.99,162.75,0.7931,-1,-1,-1
832,65,722.09,333.04,70.61,159.67,0.6736,-1,-1,-1
832,62,760.73,660.93,70.95,59.11,0.6537,-1,-1,-1
832,59,888.42,243.74,61.15,155.89,0.5636,-1,-1,-1
833,60,742.95,364.97,91.26,199.91,0.8667,-1,-1,-1
833,39,495.96,347.59,117.84,147.61,0.8614,-1,-1,-1
833,49,617.02,316.19,66.24,238.15,0.8409,-1,-1,-1
833,61,269.26,367.59,59.68,182.34,0.8399,-1,-1,-1
833,54,563.51,247.88,71.16,177.82,0.8169,-1,-1,-1
833,16,116.13,213.86,81.10,161.97,0.7973,-1,-1,-1
833,65,719.18,331.83,65.35,184.89,0.7015,-1,-1,-1
833,59,888.58,242.55,60.93,155.17,0.5979,-1,-1,-1
833,62,760.67,660.66,71.96,59.35,0.5961,-1,-1,-1
834,60,741.03,366.22,92.99,202.90,0.8746,-1,-1,-1
834,49,616.48,292.88,65.93,248.92,0.8461,-1,-1,-1
834,39,500.03,346.61,117.05,147.03,0.8444,-1,-1,-1
834,61,269.29,369.10,62.82,182.17,0.8399,-1,-1,-1
834,16,106.68,211.74,90.28,162.75,0.8155,-1,-1,-1
834,54,565.02,249.86,65.36,172.08,0.7696,-1,-1,-1
834,65,715.25,330.83,67.75,192.65,0.6792,-1,-1,-1
834,62,760.49,660.74,73.18,59.25,0.6277,-1,-1,-1
834,59,888.65,239.97,61.11,155.82,0.5870,-1,-1,-1
835,39,510.35,345.58,108.21,145.80,0.8605,-1,-1,-1
835,49,614.47,297.35,67.16,233.74,0.8477,-1,-1,-1
835,61,267.27,371.18,67.29,181.18,0.8412,-1,-1,-1
835,60,736.10,371.05,97.30,203.77,0.8214,-1,-1,-1
835,16,103.49,208.83,93.53,162.63,0.8199,-1,-1,-1
835,65,703.41,329.65,93.47,186.19,0.7307,-1,-1,-1
835,62,760.12,660.87,72.88,59.10,0.6579,-1,-1,-1
835,54,563.81,253.96,84.28,163.60,0.6186,-1,-1,-1
835,59,888.19,237.05,61.74,161.51,0.5868,-1,-1,-1
836,60,720.47,373.79,117.77,196.69,0.8807,-1,-1,-1
836,16,104.14,203.39,94.10,162.29,0.8485,-1,-1,-1
836,39,507.38,337.30,112.45,147.51,0.8288,-1,-1,-1
836,61,259.97,376.05,89.15,174.95,0.8264,-1,-1,-1
836,65,701.10,324.73,92.68,188.51,0.8245,-1,-1,-1
836,49,607.77,294.18,88.87,217.91,0.7853,-1,-1,-1
836,54,561.21,258.75,63.47,146.49,0.7169,-1,-1,-1
836,62,759.02,660.40,73.73,59.44,0.6893,-1,-1,-1
836,59,887.55,233.11,59.83,154.49,0.6129,-1,-1,-1
837,39,497.81,330.81,122.45,150.14,0.8836,-1,-1,-1
837,60,718.13,375.76,118.95,190.32,0.8820,-1,-1,-1
837,49,606.11,262.51,100.29,240.96,0.8737,-1,-1,-1
837,16,101.96,201.21,93.49,160.45,0.8446,-1,-1,-1
837,65,701.11,320.20,88.85,191.00,0.8314,-1,-1,-1
837,61,261.16,378.41,89.53,171.10,0.8250,-1,-1,-1
837,54,561.39,260.47,64.69,140.29,0.7775,-1,-1,-1
837,62,758.48,660.45,73.83,59.40,0.6562,-1,-1,-1
837,59,886.83,228.96,60.07,164.87,0.5919,-1,-1,-1
838,39,491.87,323.30,128.13,153.39,0.8973,-1,-1,-1
838,60,715.94,373.78,120.26,187.14,0.8673,-1,-1,-1
838,65,699.94,313.92,72.96,185.02,0.8659,-1,-1,-1
838,49,602.02,272.65,108.93,221.53,0.8486,-1,-1,-1
838,16,98.70,195.78,88.41,161.81,0.8115,-1,-1,-1
838,61,265.52,380.74,86.25,166.69,0.7846,-1,-1,-1
838,54,562.53,260.29,60.61,136.51,0.6770,-1,-1,-1
838,62,756.30,660.64,75.71,59.18,0.6137,-1,-1,-1
838,59,885.47,225.82,60.21,154.37,0.6008,-1,-1,-1
839,39,483.43,316.44,136.33,154.66,0.8835,-1,-1,-1
839,49,600.75,279.27,115.66,206.60,0.8686,-1,-1,-1
839,60,715.27,371.83,120.54,184.15,0.8568,-1,-1,-1
839,65,698.76,306.48,74.29,186.98,0.8500,-1,-1,-1
839,16,91.57,192.54,87.46,159.73,0.8061,-1,-1,-1
839,61,267.59,380.45,87.93,159.35,0.7977,-1,-1,-1
839,54,560.78,255.83,57.53,133.30,0.6395,-1,-1,-1
839,59,883.97,221.82,60.86,160.07,0.6360,-1,-1,-1
839,62,754.52,659.43,77.42,60.49,0.5916,-1,-1,-1
840,39,483.59,309.31,128.61,155.73,0.9019,-1,-1,-1
840,65,695.96,299.12,74.32,188.13,0.8788,-1,-1,-1
840,49,592.12,274.01,120.15,203.98,0.8575,-1,-1,-1
840,60,715.50,367.78,119.55,181.27,0.8432,-1,-1,-1
840,61,260.91,379.86,97.02,151.76,0.8216,-1,-1,-1
840,16,84.98,186.75,88.09,161.51,0.7761,-1,-1,-1
840,59,883.61,216.69,59.23,156.26,0.6047,-1,-1,-1
840,54,561.00,251.79,54.86,133.31,0.5691,-1,-1,-1
840,62,752.15,659.57,79.54,60.36,0.5499,-1,-1,-1
841,39,486.69,294.49,124.00,158.88,0.8669,-1,-1,-1
841,61,252.32,375.67,109.50,143.82,0.8459,-1,-1,-1
841,60,713.37,356.69,120.68,179.66,0.8277,-1,-1,-1
841,49,589.01,268.24,116.36,194.97,0.8171,-1,-1,-1
841,65,694.13,286.62,75.59,190.01,0.8119,-1,-1,-1
841,16,93.23,180.84,71.50,158.39,0.7648,-1,-1,-1
841,62,745.48,600.96,84.49,119.06,0.7116,-1,-1,-1
841,59,881.94,207.34,59.46,156.45,0.5771,-1,-1,-1
842,39,488.48,289.22,123.27,158.82,0.8607,-1,-1,-1
842,61,251.19,374.62,112.87,138.64,0.8415,-1,-1,-1
842,60,710.27,350.53,123.77,179.06,0.8207,-1,-1,-1
842,65,692.74,282.41,76.79,186.25,0.8190,-1,-1,-1
842,16,93.48,176.67,68.56,160.09,0.7956,-1,-1,-1
842,49,573.55,267.28,119.01,188.91,0.7413,-1,-1,-1
842,62,745.88,593.93,82.54,125.93,0.7173,-1,-1,-1
842,59,881.47,201.49,56.60,155.52,0.6282,-1,-1,-1
842,54,544.70,228.95,68.85,130.85,0.5679,-1,-1,-1
843,39,491.76,286.99,116.82,158.70,0.8578,-1,-1,-1
843,60,714.95,346.41,118.37,176.30,0.8522,-1,-1,-1
843,61,252.16,373.46,106.51,133.68,0.8420,-1,-1,-1
843,49,601.26,266.53,82.20,182.97,0.8016,-1,-1,-1
843,16,93.44,174.83,65.90,159.70,0.7841,-1,-1,-1
843,65,693.37,279.47,73.52,184.67,0.7699,-1,-1,-1
843,62,746.26,586.93,81.90,133.08,0.6702,-1,-1,-1
843,59,880.65,198.92,56.14,153.26,0.6576,-1,-1,-1
843,54,535.98,222.37,76.07,125.85,0.6241,-1,-1,-1
844,39,494.37,284.40,107.79,161.77,0.8615,-1,-1,-1
844,61,254.75,373.16,93.56,128.11,0.8254,-1,-1,-1
844,60,715.49,340.72,116.73,175.42,0.8249,-1,-1,-1
844,49,603.71,266.93,74.86,184.51,0.7965,-1,-1,-1
844,16,93.17,173.26,70.94,158.73,0.7855,-1,-1,-1
844,65,694.66,277.79,68.68,201.43,0.7794,-1,-1,-1
844,54,526.55,215.53,85.50,125.88,0.6796,-1,-1,-1
844,62,746.21,579.88,81.47,139.99,0.6434,-1,-1,-1
844,59,879.81,194.99,56.25,152.64,0.6432,-1,-1,-1
845,39,498.24,283.89,105.21,163.25,0.8890,-1,-1,-1
845,61,257.15,372.18,85.09,121.74,0.8610,-1,-1,-1
845,60,704.86,332.69,126.81,177.58,0.8281,-1,-1,-1
845,49,601.62,266.88,83.64,180.60,0.8237,-1,-1,-1
845,16,95.57,179.35,75.15,147.60,0.8167,-1,-1,-1
845,54,520.35,211.19,89.84,130.51,0.7274,-1,-1,-1
845,65,693.33,277.64,67.08,188.73,0.7131,-1,-1,-1
845,62,746.69,573.18,78.71,146.88,0.6743,-1,-1,-1
845,59,879.10,191.01,56.58,154.19,0.5967,-1,-1,-1
846,39,504.14,285.06,97.26,163.87,0.8791,-1,-1,-1
846,60,697.31,322.09,126.65,177.30,0.8376,-1,-1,-1
846,16,92.70,180.09,89.71,138.98,0.8161,-1,-1,-1
846,54,522.81,202.27,87.45,141.74,0.7780,-1,-1,-1
846,49,589.33,264.89,88.15,173.38,0.7487,-1,-1,-1
846,61,260.92,370.04,81.96,114.13,0.7231,-1,-1,-1
846,62,758.51,560.80,67.98,159.12,0.7155,-1,-1,-1
846,65,691.01,282.15,60.43,171.62,0.6084,-1,-1,-1
846,59,879.05,185.90,54.62,148.97,0.5281,-1,-1,-1
847,39,507.71,286.17,85.17,164.61,0.8927,-1,-1,-1
847,16,89.55,180.38,99.59,135.27,0.8833,-1,-1,-1
847,49,603.13,261.67,86.92,170.07,0.8287,-1,-1,-1
847,54,523.38,198.67,88.49,140.68,0.8210,-1,-1,-1
847,61,263.20,364.89,80.55,121.39,0.8008,-1,-1,-1
847,60,699.38,314.19,119.20,175.92,0.7837,-1,-1,-1
847,62,759.87,554.87,67.80,165.05,0.7646,-1,-1,-1
847,65,690.89,284.95,62.75,168.30,0.6591,-1,-1,-1
847,59,879.45,181.48,54.23,148.33,0.5817,-1,-1,-1
848,39,510.51,287.10,83.67,161.54,0.9224,-1,-1,-1
848,16,88.36,177.02,107.46,133.78,0.8965,-1,-1,-1
848,49,595.30,256.53,85.74,171.53,0.8169,-1,-1,-1
848,61,264.59,362.44,81.14,133.64,0.8138,-1,-1,-1
848,60,695.56,308.71,115.99,167.73,0.8081,-1,-1,-1
848,62,759.77,549.49,69.30,170.36,0.8020,-1,-1,-1
848,54,520.87,193.64,90.44,131.82,0.7684,-1,-1,-1
848,65,688.10,286.65,66.85,163.53,0.6661,-1,-1,-1
848,59,880.84,178.36,52.78,150.18,0.5954,-1,-1,-1
849,16,89.16,172.30,113.19,135.57,0.8639,-1,-1,-1
849,39,509.88,288.90,112.01,155.46,0.8630,-1,-1,-1
849,49,603.75,250.06,73.71,172.99,0.8512,-1,-1,-1
849,60,689.19,311.13,113.54,156.52,0.8269,-1,-1,-1
849,54,518.93,189.46,95.31,123.67,0.8169,-1,-1,-1
849,62,759.38,544.45,71.71,175.57,0.8060,-1,-1,-1
849,61,265.09,363.48,83.84,133.57,0.7950,-1,-1,-1
849,59,882.43,177.69,51.57,144.75,0.5556,-1,-1,-1
849,65,687.12,286.95,88.28,153.19,0.5294,-1,-1,-1
850,39,506.44,289.91,97.52,150.16,0.9239,-1,-1,-1
850,16,85.42,168.78,121.27,135.80,0.8966,-1,-1,-1
850,54,517.27,186.39,99.30,128.21,0.8785,-1,-1,-1
850,49,608.78,242.50,64.33,176.82,0.8594,-1,-1,-1
850,62,757.08,540.32,74.41,180.00,0.8202,-1,-1,-1
850,60,681.65,313.64,107.71,145.99,0.7596,-1,-1,-1
850,65,659.51,284.17,122.08,139.88,0.7137,-1,-1,-1
850,59,884.77,174.94,50.03,138.37,0.5482,-1,-1,-1
851,39,497.86,286.21,114.96,148.78,0.9277,-1,-1,-1
851,16,85.60,161.63,117.66,134.40,0.8792,-1,-1,-1
851,54,513.44,178.10,94.36,127.72,0.8534,-1,-1,-1
851,49,601.85,227.79,75.70,181.40,0.8501,-1,-1,-1
851,62,752.71,537.39,84.87,182.79,0.8034,-1,-1,-1
851,65,664.54,279.74,110.05,170.54,0.6526,-1,-1,-1
851,59,890.82,168.84,53.89,143.00,0.5555,-1,-1,-1
852,39,494.14,282.78,123.98,152.01,0.9311,-1,-1,-1
852,54,512.24,177.83,80.06,124.79,0.8971,-1,-1,-1
852,49,601.23,220.11,83.88,185.82,0.8778,-1,-1,-1
852,16,78.30,159.60,115.16,131.55,0.8377,-1,-1,-1
852,62,754.39,537.80,88.20,182.27,0.8265,-1,-1,-1
852,65,672.95,277.75,109.21,167.02,0.8180,-1,-1,-1
852,61,258.50,371.31,80.35,127.30,0.6532,-1,-1,-1
852,59,891.46,167.60,56.75,142.63,0.5770,-1,-1,-1
853,39,487.09,279.91,134.68,153.85,0.9293,-1,-1,-1
853,54,509.33,176.78,84.42,124.36,0.8845,-1,-1,-1
853,49,592.65,213.42,99.48,180.34,0.8813,-1,-1,-1
853,16,77.60,157.32,105.64,132.42,0.8642,-1,-1,-1
853,65,675.30,277.36,111.08,183.33,0.8561,-1,-1,-1
853,62,757.71,538.75,89.92,181.14,0.8298,-1,-1,-1
853,59,891.12,166.05,64.59,142.26,0.5935,-1,-1,-1
854,39,485.78,277.18,137.26,154.54,0.9338,-1,-1,-1
854,54,505.34,175.33,93.09,124.25,0.8988,-1,-1,-1
854,49,588.03,206.89,109.64,177.58,0.8778,-1,-1,-1
854,65,677.34,277.84,113.33,184.86,0.8434,-1,-1,-1
854,16,72.98,167.82,97.61,120.49,0.8306,-1,-1,-1
854,62,762.07,540.63,90.66,179.28,0.7911,-1,-1,-1
854,60,678.90,277.62,111.69,160.16,0.5605,-1,-1,-1
854,59,891.17,164.58,73.41,144.82,0.5217,-1,-1,-1
855,39,488.12,275.77,128.67,155.22,0.9278,-1,-1,-1
855,54,500.77,165.54,104.62,133.60,0.8984,-1,-1,-1
855,49,594.81,201.42,106.86,175.27,0.8679,-1,-1,-1
855,60,677.12,277.74,114.53,158.46,0.7953,-1,-1,-1
855,16,69.66,154.62,95.68,132.59,0.7608,-1,-1,-1
855,62,766.64,542.02,93.33,177.87,0.7279,-1,-1,-1
855,65,674.98,281.60,112.69,183.90,0.6763,-1,-1,-1
855,61,259.25,375.13,98.29,126.58,0.6687,-1,-1,-1
855,59,896.57,164.14,74.35,142.61,0.5658,-1,-1,-1
856,39,492.92,276.71,108.18,153.25,0.9143,-1,-1,-1
856,54,492.51,169.04,118.11,128.23,0.8881,-1,-1,-1
856,16,56.74,146.42,118.61,140.32,0.8812,-1,-1,-1
856,61,256.32,383.59,106.22,140.72,0.7385,-1,-1,-1
856,49,618.07,194.25,69.13,160.65,0.7092,-1,-1,-1
856,62,779.82,544.82,95.74,175.01,0.7041,-1,-1,-1
856,65,668.31,278.57,74.82,186.80,0.5874,-1,-1,-1
857,39,491.49,277.97,98.95,152.03,0.9135,-1,-1,-1
857,16,51.43,146.25,126.92,141.09,0.8921,-1,-1,-1
857,54,489.61,166.95,117.02,123.63,0.8858,-1,-1,-1
857,61,254.15,387.69,88.58,146.58,0.7984,-1,-1,-1
857,62,782.91,545.55,101.16,174.28,0.7532,-1,-1,-1
857,65,652.80,280.72,128.89,184.74,0.7447,-1,-1,-1
857,49,595.32,195.85,93.70,129.45,0.7118,-1,-1,-1
857,60,653.10,279.24,130.24,160.86,0.6855,-1,-1,-1
857,-1,1184.89,294.67,94.71,143.89,0.5215,-1,-1,-1
858,39,485.83,280.00,93.91,150.41,0.9266,-1,-1,-1
858,16,50.02,146.35,130.67,141.60,0.8931,-1,-1,-1
858,54,488.43,167.28,107.73,118.43,0.8277,-1,-1,-1
858,61,253.88,390.85,98.20,146.41,0.8247,-1,-1,-1
858,62,787.13,546.00,105.19,173.81,0.8243,-1,-1,-1
858,65,649.79,287.61,124.05,177.93,0.7923,-1,-1,-1
858,60,677.65,279.27,110.16,153.96,0.7379,-1,-1,-1
858,49,643.08,195.35,52.93,123.00,0.7171,-1,-1,-1
858,-1,1194.73,292.75,84.70,146.34,0.5264,-1,-1,-1
859,39,482.45,281.79,106.27,148.65,0.9218,-1,-1,-1
859,61,256.90,393.95,98.42,142.29,0.9044,-1,-1,-1
859,54,489.36,167.84,96.16,117.99,0.8724,-1,-1,-1
859,16,54.39,147.81,128.04,140.40,0.8661,-1,-1,-1
859,65,646.88,282.72,119.23,182.58,0.8620,-1,-1,-1
859,62,790.20,546.73,110.87,172.74,0.8516,-1,-1,-1
859,60,676.16,281.35,118.49,144.54,0.7788,-1,-1,-1
859,49,648.58,191.71,56.86,125.43,0.6977,-1,-1,-1
860,39,483.15,281.65,116.74,150.71,0.9254,-1,-1,-1
860,61,260.14,397.09,98.77,138.07,0.8999,-1,-1,-1
860,62,794.09,548.30,113.93,171.14,0.8943,-1,-1,-1
860,65,647.58,283.75,128.60,180.95,0.8630,-1,-1,-1
860,54,491.39,167.79,84.96,118.80,0.8620,-1,-1,-1
860,16,53.15,149.03,121.05,139.52,0.7942,-1,-1,-1
860,60,677.17,281.98,124.02,143.95,0.6835,-1,-1,-1
860,49,626.27,195.74,86.69,128.46,0.5218,-1,-1,-1
860,59,932.91,177.05,81.88,126.00,0.5180,-1,-1,-1
861,39,492.69,281.61,123.53,154.90,0.9331,-1,-1,-1
861,61,270.23,400.13,106.49,132.23,0.9199,-1,-1,-1
861,54,496.53,166.54,99.47,122.53,0.8924,-1,-1,-1
861,62,800.82,551.22,106.66,165.80,0.8916,-1,-1,-1
861,65,666.47,315.07,130.43,149.28,0.8713,-1,-1,-1
861,16,69.03,155.84,85.72,132.33,0.8140,-1,-1,-1
861,49,667.13,204.01,69.40,100.04,0.7668,-1,-1,-1
861,60,688.40,282.63,123.17,136.08,0.7566,-1,-1,-1
862,39,499.39,281.41,120.53,156.43,0.9319,-1,-1,-1
862,61,276.73,400.52,111.42,146.04,0.9092,-1,-1,-1
862,54,499.75,169.76,101.00,119.86,0.8825,-1,-1,-1
862,65,670.60,306.21,133.46,156.78,0.8232,-1,-1,-1
862,16,73.70,156.03,96.69,131.24,0.8146,-1,-1,-1
862,62,803.51,552.29,97.62,161.93,0.7891,-1,-1,-1
862,60,687.32,282.60,126.02,158.13,0.5935,-1,-1,-1
862,49,673.73,209.38,75.66,101.42,0.5753,-1,-1,-1
863,39,505.81,281.98,116.12,159.20,0.9263,-1,-1,-1
863,61,284.88,402.77,114.20,152.96,0.9201,-1,-1,-1
863,54,496.73,172.82,110.52,115.61,0.8669,-1,-1,-1
863,65,677.85,299.67,131.63,166.22,0.8623,-1,-1,-1
863,16,81.50,156.42,109.72,130.78,0.8402,-1,-1,-1
863,62,806.92,552.98,101.06,159.30,0.8399,-1,-1,-1
863,49,678.69,213.37,112.16,137.29,0.7790,-1,-1,-1
864,39,513.41,282.36,107.09,157.03,0.9238,-1,-1,-1
864,61,293.17,405.28,118.17,159.41,0.9209,-1,-1,-1
864,16,88.13,156.39,120.29,130.15,0.8860,-1,-1,-1
864,49,686.12,215.70,116.62,133.18,0.8706,-1,-1,-1
864,54,509.41,167.23,96.89,117.94,0.8701,-1,-1,-1
864,62,805.16,552.85,117.26,157.22,0.7852,-1,-1,-1
864,60,699.09,287.03,112.62,160.86,0.7351,-1,-1,-1
864,65,682.17,315.56,92.98,152.79,0.6407,-1,-1,-1
865,61,301.91,407.91,113.29,163.61,0.9277,-1,-1,-1
865,65,684.99,317.58,126.91,149.86,0.8967,-1,-1,-1
865,16,93.93,155.10,127.11,131.99,0.8913,-1,-1,-1
865,49,692.82,216.70,121.34,131.70,0.8687,-1,-1,-1
865,54,515.97,174.21,85.45,113.61,0.8590,-1,-1,-1
865,62,806.64,551.86,128.49,155.36,0.8544,-1,-1,-1
865,39,520.26,283.71,83.38,154.01,0.8268,-1,-1,-1
865,60,703.70,289.19,96.92,111.96,0.7202,-1,-1,-1
866,49,709.92,216.77,122.21,120.41,0.9096,-1,-1,-1
866,60,701.19,291.11,122.63,143.65,0.8829,-1,-1,-1
866,39,514.80,284.96,99.86,145.96,0.8761,-1,-1,-1
866,65,695.33,318.90,102.82,146.55,0.8741,-1,-1,-1
866,54,531.42,181.83,66.52,105.68,0.8688,-1,-1,-1
866,61,321.19,415.44,87.77,154.10,0.8404,-1,-1,-1
866,16,121.39,155.67,114.19,123.43,0.7884,-1,-1,-1
866,62,827.29,549.26,75.79,152.83,0.6571,-1,-1,-1
867,61,331.11,417.40,80.83,149.79,0.9212,-1,-1,-1
867,60,700.83,289.27,139.35,144.44,0.9041,-1,-1,-1
867,39,517.30,283.78,114.04,149.73,0.9036,-1,-1,-1
867,65,699.35,318.72,91.01,145.62,0.8840,-1,-1,-1
867,49,719.87,214.17,115.02,115.61,0.8827,-1,-1,-1
867,54,527.97,181.56,90.20,106.89,0.8802,-1,-1,-1
867,62,834.64,548.83,68.46,153.06,0.8013,-1,-1,-1
867,16,142.71,160.93,93.69,117.97,0.7704,-1,-1,-1
867,59,996.83,181.00,70.42,119.39,0.5916,-1,-1,-1
868,61,334.92,417.51,97.35,147.24,0.9163,-1,-1,-1
868,60,708.45,288.77,146.46,144.87,0.9029,-1,-1,-1
868,39,536.74,282.69,110.62,150.64,0.8937,-1,-1,-1
868,65,699.24,316.95,107.14,146.45,0.8760,-1,-1,-1
868,54,526.48,184.16,110.36,105.04,0.8645,-1,-1,-1
868,49,730.99,213.82,99.48,115.90,0.8526,-1,-1,-1
868,16,137.73,159.78,83.14,118.99,0.7602,-1,-1,-1
868,59,1007.79,181.12,65.77,116.36,0.6678,-1,-1,-1
868,62,840.61,549.36,67.28,152.35,0.5772,-1,-1,-1
869,61,339.46,417.11,109.56,145.39,0.9249,-1,-1,-1
869,39,546.18,281.70,112.13,149.59,0.8984,-1,-1,-1
869,54,524.94,183.82,128.22,106.27,0.8887,-1,-1,-1
869,60,720.82,288.98,145.00,143.74,0.8449,-1,-1,-1
869,65,703.43,317.96,117.17,143.79,0.8435,-1,-1,-1
869,49,743.86,214.88,92.23,116.48,0.8349,-1,-1,-1
869,16,162.12,159.55,78.66,118.93,0.7880,-1,-1,-1
869,59,1015.51,182.39,78.04,113.94,0.6228,-1,-1,-1
870,39,548.87,281.50,120.48,147.38,0.9303,-1,-1,-1
870,61,346.87,417.01,116.66,154.07,0.9220,-1,-1,-1
870,65,708.05,318.44,123.40,144.61,0.8825,-1,-1,-1
870,54,528.32,178.30,134.27,111.80,0.8754,-1,-1,-1
870,49,751.39,212.62,98.65,119.79,0.8534,-1,-1,-1
870,60,744.31,290.39,131.10,135.89,0.8324,-1,-1,-1
870,16,167.53,158.51,93.94,118.87,0.8293,-1,-1,-1
870,59,1018.11,180.38,96.17,116.58,0.7137,-1,-1,-1
870,62,854.32,551.19,86.56,146.57,0.5643,-1,-1,-1
871,39,571.20,283.86,107.41,149.66,0.9271,-1,-1,-1
871,61,368.56,418.94,114.40,164.85,0.9237,-1,-1,-1
871,60,764.51,296.13,119.13,147.25,0.8885,-1,-1,-1
871,49,769.06,205.49,109.77,127.74,0.8814,-1,-1,-1
871,16,190.52,160.33,104.40,119.65,0.8468,-1,-1,-1
871,54,562.75,179.36,102.83,105.54,0.8292,-1,-1,-1
871,-1,0.13,233.33,63.03,144.58,0.8123,-1,-1,-1
871,59,1042.03,180.27,96.15,118.19,0.7634,-1,-1,-1
871,65,725.24,319.39,86.02,146.22,0.7326,-1,-1,-1
871,62,859.55,552.46,113.14,143.07,0.6369,-1,-1,-1
872,39,583.74,285.10,93.55,148.08,0.9197,-1,-1,-1
872,61,379.93,421.80,108.18,165.57,0.9188,-1,-1,-1
872,60,772.74,298.31,109.95,137.86,0.8973,-1,-1,-1
872,-1,0.34,233.70,84.44,143.58,0.8963,-1,-1,-1
872,65,733.65,320.31,85.48,147.31,0.8521,-1,-1,-1
872,49,780.90,189.40,116.12,138.91,0.8332,-1,-1,-1
872,54,574.31,181.69,86.01,103.21,0.8169,-1,-1,-1
872,16,197.63,157.57,111.82,119.15,0.8002,-1,-1,-1
872,59,1054.67,180.70,83.67,119.98,0.7389,-1,-1,-1
872,62,866.37,553.05,79.57,145.31,0.5733,-1,-1,-1
873,66,1.45,231.95,98.92,144.45,0.9198,-1,-1,-1
873,61,388.85,425.79,99.95,167.20,0.9076,-1,-1,-1
873,39,596.59,285.89,74.66,145.79,0.9072,-1,-1,-1
873,60,782.40,300.10,96.78,137.08,0.8852,-1,-1,-1
873,49,793.77,189.95,111.70,135.51,0.8622,-1,-1,-1
873,65,741.11,321.41,77.11,146.45,0.8418,-1,-1,-1
873,54,579.12,183.30,74.39,98.89,0.7949,-1,-1,-1
873,59,1065.84,183.44,75.73,117.56,0.7030,-1,-1,-1
873,62,876.58,553.47,74.12,66.47,0.6942,-1,-1,-1
873,16,208.90,157.52,63.66,118.94,0.6534,-1,-1,-1
874,66,5.80,231.54,115.17,146.87,0.9135,-1,-1,-1
874,60,790.39,301.30,83.71,136.58,0.8954,-1,-1,-1
874,39,602.72,286.13,66.42,144.46,0.8841,-1,-1,-1
874,61,398.29,429.72,88.67,161.25,0.8744,-1,-1,-1
874,49,806.56,191.11,105.97,120.13,0.8563,-1,-1,-1
874,54,586.68,183.31,87.27,103.03,0.8510,-1,-1,-1
874,65,748.29,322.79,77.36,144.16,0.8307,-1,-1,-1
874,59,1076.93,179.26,82.07,122.78,0.7066,-1,-1,-1
874,62,882.35,553.99,72.72,65.90,0.7014,-1,-1,-1
874,16,222.49,159.36,86.34,116.22,0.6308,-1,-1,-1
875,66,18.15,233.11,116.20,146.25,0.9086,-1,-1,-1
875,61,403.67,432.89,82.83,155.39,0.9008,-1,-1,-1
875,60,798.95,302.02,85.72,134.47,0.8820,-1,-1,-1
875,39,606.30,285.52,81.17,143.52,0.8775,-1,-1,-1
875,65,753.20,323.93,76.29,142.42,0.8638,-1,-1,-1
875,49,820.70,194.64,98.04,114.59,0.8333,-1,-1,-1
875,54,548.53,188.49,142.01,101.32,0.7944,-1,-1,-1
875,59,1084.82,183.08,91.55,119.38,0.7836,-1,-1,-1
875,16,235.97,159.74,48.05,115.79,0.6767,-1,-1,-1
875,62,888.07,554.50,71.30,65.28,0.6734,-1,-1,-1
876,39,618.68,283.04,102.16,146.40,0.9260,-1,-1,-1
876,66,51.15,238.87,101.14,138.40,0.9155,-1,-1,-1
876,60,815.70,303.40,104.93,132.62,0.9039,-1,-1,-1
876,61,417.69,435.50,93.48,148.16,0.9002,-1,-1,-1
876,54,597.99,187.94,112.68,104.74,0.8517,-1,-1,-1
876,59,1104.27,178.47,97.27,122.11,0.8485,-1,-1,-1
876,49,840.90,191.08,82.31,120.62,0.8117,-1,-1,-1
876,65,760.50,322.25,105.49,135.19,0.7992,-1,-1,-1
876,16,259.86,158.29,66.90,116.53,0.7568,-1,-1,-1
876,62,903.54,555.08,68.05,64.45,0.7146,-1,-1,-1
877,39,624.97,281.91,107.78,147.59,0.9284,-1,-1,-1
877,61,423.83,436.09,105.34,145.27,0.9239,-1,-1,-1
877,66,68.67,237.47,89.35,139.86,0.9067,-1,-1,-1
877,60,824.97,304.51,106.70,130.21,0.9042,-1,-1,-1
877,65,764.21,321.27,111.84,132.99,0.8528,-1,-1,-1
877,59,1115.96,185.36,93.10,112.14,0.8355,-1,-1,-1
877,54,618.70,188.29,94.87,101.72,0.8342,-1,-1,-1
877,49,852.37,195.65,71.28,116.37,0.8003,-1,-1,-1
877,16,268.53,155.20,79.90,119.86,0.7346,-1,-1,-1
877,62,911.33,555.14,68.94,64.92,0.6985,-1,-1,-1
878,39,628.49,282.36,114.58,148.06,0.9330,-1,-1,-1
878,61,432.61,437.19,110.35,150.93,0.9110,-1,-1,-1
878,65,776.98,319.93,112.14,137.95,0.9068,-1,-1,-1
878,60,832.90,306.14,113.07,123.82,0.8853,-1,-1,-1
878,66,86.18,234.73,78.86,144.19,0.8747,-1,-1,-1
878,59,1125.11,188.46,88.27,110.05,0.8599,-1,-1,-1
878,16,281.89,153.47,88.14,121.63,0.8505,-1,-1,-1
878,49,863.29,198.91,75.44,112.72,0.8332,-1,-1,-1
878,62,919.46,554.10,68.52,65.08,0.7970,-1,-1,-1
878,54,628.19,191.85,82.23,94.41,0.7901,-1,-1,-1
879,39,641.58,285.42,107.65,148.42,0.9224,-1,-1,-1
879,65,781.85,319.87,115.60,137.06,0.8964,-1,-1,-1
879,61,442.30,438.26,113.44,157.31,0.8893,-1,-1,-1
879,66,105.40,233.98,81.50,145.25,0.8743,-1,-1,-1
879,59,1136.50,190.57,76.26,109.57,0.8614,-1,-1,-1
879,49,870.78,193.25,85.25,119.09,0.8584,-1,-1,-1
879,16,291.23,157.18,95.75,115.49,0.8498,-1,-1,-1
879,60,839.86,308.98,114.09,124.21,0.8065,-1,-1,-1
879,54,634.36,194.02,66.92,99.39,0.7635,-1,-1,-1
879,62,926.75,551.78,68.73,68.26,0.7162,-1,-1,-1
880,39,658.51,286.72,93.32,147.81,0.9150,-1,-1,-1
880,66,124.14,236.94,81.21,141.90,0.8812,-1,-1,-1
880,61,450.20,444.35,114.05,155.47,0.8680,-1,-1,-1
880,49,882.49,192.83,88.06,118.80,0.8613,-1,-1,-1
880,59,1145.14,191.72,66.43,109.87,0.8508,-1,-1,-1
880,54,645.85,193.72,65.26,101.28,0.8323,-1,-1,-1
880,65,789.88,320.80,91.11,141.20,0.7830,-1,-1,-1
880,16,299.13,158.49,98.40,112.85,0.7542,-1,-1,-1
880,60,850.13,310.58,107.81,122.88,0.6866,-1,-1,-1
880,-1,931.64,549.58,111.73,143.49,0.5623,-1,-1,-1
881,39,666.81,289.69,81.80,144.26,0.9080,-1,-1,-1
881,66,157.62,241.66,80.65,138.64,0.8800,-1,-1,-1
881,60,864.06,315.47,95.19,129.97,0.8758,-1,-1,-1
881,49,896.34,197.48,101.82,107.43,0.8654,-1,-1,-1
881,65,809.27,323.79,57.11,138.91,0.8562,-1,-1,-1
881,61,473.12,449.79,93.81,156.79,0.8467,-1,-1,-1
881,54,656.85,193.08,91.50,102.51,0.8423,-1,-1,-1
881,59,1163.03,190.78,84.57,114.64,0.8399,-1,-1,-1
881,62,944.72,547.44,67.09,72.41,0.8197,-1,-1,-1
881,16,327.88,169.15,61.60,107.01,0.6463,-1,-1,-1
882,39,671.78,288.34,78.16,145.33,0.8810,-1,-1,-1
882,60,873.75,317.02,82.75,128.85,0.8675,-1,-1,-1
882,66,173.31,238.01,81.65,141.05,0.8609,-1,-1,-1
882,49,905.18,201.09,106.96,103.57,0.8563,-1,-1,-1
882,54,667.20,194.75,93.51,98.56,0.8527,-1,-1,-1
882,61,474.28,452.13,88.15,152.52,0.8506,-1,-1,-1
882,59,1173.86,192.95,89.31,112.13,0.8492,-1,-1,-1
882,65,811.47,324.21,75.63,138.70,0.8236,-1,-1,-1
882,62,950.98,547.71,65.51,71.83,0.8095,-1,-1,-1
882,16,344.33,175.83,46.35,99.65,0.7116,-1,-1,-1
882,-1,0.36,341.73,43.32,139.74,0.6266,-1,-1,-1
883,39,682.76,286.87,85.31,145.96,0.8955,-1,-1,-1
883,61,474.10,455.75,83.57,146.90,0.8626,-1,-1,-1
883,60,879.68,317.58,76.78,128.90,0.8560,-1,-1,-1
883,59,1180.44,197.18,92.74,107.80,0.8433,-1,-1,-1
883,-1,-0.13,344.27,52.73,140.50,0.8315,-1,-1,-1
883,65,812.12,325.40,81.53,135.20,0.8217,-1,-1,-1
883,49,919.37,202.53,95.84,103.99,0.8217,-1,-1,-1
883,66,188.42,241.87,84.97,138.79,0.7998,-1,-1,-1
883,62,958.18,548.70,62.49,71.28,0.7552,-1,-1,-1
883,54,670.94,192.65,95.32,105.29,0.7350,-1,-1,-1
883,16,337.30,159.74,65.81,115.69,0.7052,-1,-1,-1
884,39,691.80,284.85,91.07,146.57,0.9209,-1,-1,-1
884,65,817.60,325.62,94.22,134.95,0.8759,-1,-1,-1
884,60,886.21,316.76,87.85,142.18,0.8240,-1,-1,-1
884,61,477.70,454.81,92.70,146.11,0.8179,-1,-1,-1
884,59,1186.29,199.43,93.95,112.87,0.8117,-1,-1,-1
884,67,12.08,345.13,58.34,138.59,0.8023,-1,-1,-1
884,49,937.52,199.36,80.99,107.96,0.7944,-1,-1,-1
884,66,204.45,241.14,70.77,139.68,0.7804,-1,-1,-1
884,54,672.77,196.80,94.35,107.91,0.7235,-1,-1,-1
884,16,363.99,168.15,63.54,106.89,0.6476,-1,-1,-1
884,62,963.93,549.17,60.79,70.93,0.5527,-1,-1,-1
885,39,702.42,283.76,94.17,143.95,0.9197,-1,-1,-1
885,65,825.25,326.01,99.76,135.01,0.9060,-1,-1,-1
885,61,485.38,454.85,104.35,144.15,0.9000,-1,-1,-1
885,66,220.01,248.77,83.84,132.14,0.8659,-1,-1,-1
885,49,945.32,201.99,73.96,105.83,0.7947,-1,-1,-1
885,67,35.66,345.12,50.06,138.78,0.7930,-1,-1,-1
885,60,892.58,315.77,84.32,118.06,0.7827,-1,-1,-1
885,59,1199.40,199.77,80.51,107.62,0.7676,-1,-1,-1
885,16,358.19,158.86,88.93,114.76,0.7382,-1,-1,-1
885,54,683.03,199.04,83.40,105.31,0.6830,-1,-1,-1
885,62,966.91,550.49,84.98,139.83,0.6511,-1,-1,-1
886,39,710.43,283.72,109.68,138.16,0.9248,-1,-1,-1
886,61,507.87,455.70,108.41,147.71,0.9066,-1,-1,-1
886,66,245.01,249.48,82.63,130.02,0.9005,-1,-1,-1
886,60,907.26,315.66,101.96,129.85,0.8794,-1,-1,-1
886,65,834.64,327.64,95.67,132.88,0.8726,-1,-1,-1
886,62,975.48,550.41,100.11,138.43,0.8628,-1,-1,-1
886,67,59.71,343.50,65.16,140.48,0.8589,-1,-1,-1
886,-1,21.64,237.84,71.63,131.04,0.7955,-1,-1,-1
886,49,963.31,199.14,60.01,110.42,0.7578,-1,-1,-1
886,16,395.42,160.34,83.50,115.13,0.7503,-1,-1,-1
886,59,1219.59,200.86,58.79,108.81,0.7133,-1,-1,-1
886,54,692.06,200.87,66.61,86.73,0.5445,-1,-1,-1
887,39,721.50,284.14,104.61,139.05,0.9118,-1,-1,-1
887,66,260.44,253.73,89.89,124.27,0.9061,-1,-1,-1
887,61,506.75,457.22,119.58,150.34,0.9046,-1,-1,-1
887,67,69.90,341.54,79.57,141.63,0.8938,-1,-1,-1
887,60,913.36,316.54,106.10,130.76,0.8925,-1,-1,-1
887,65,840.11,328.79,80.82,133.92,0.8674,-1,-1,-1
887,62,984.30,550.01,106.33,138.49,0.8533,-1,-1,-1
887,-1,40.74,235.97,69.96,126.11,0.8261,-1,-1,-1
887,49,974.58,202.17,68.50,108.32,0.7918,-1,-1,-1
887,54,707.15,197.38,77.05,105.80,0.7461,-1,-1,-1
887,16,400.61,173.41,89.71,101.27,0.7398,-1,-1,-1
887,59,1236.49,201.31,43.62,109.90,0.5037,-1,-1,-1
888,66,277.38,252.22,92.08,122.53,0.9090,-1,-1,-1
888,39,737.33,285.82,91.53,140.03,0.9087,-1,-1,-1
888,67,82.61,340.84,89.81,142.52,0.8979,-1,-1,-1
888,60,921.21,318.44,117.25,133.53,0.8923,-1,-1,-1
888,65,853.95,330.30,93.09,132.54,0.8921,-1,-1,-1
888,61,507.66,460.94,125.16,153.61,0.8873,-1,-1,-1
888,54,714.36,200.79,82.92,104.79,0.8625,-1,-1,-1
888,49,981.33,202.37,76.80,108.39,0.8430,-1,-1,-1
888,68,61.38,236.31,65.80,121.64,0.8332,-1,-1,-1
888,62,987.77,549.96,112.85,136.06,0.8084,-1,-1,-1
888,16,405.47,173.81,68.94,100.56,0.6148,-1,-1,-1
889,60,930.82,320.38,114.75,136.64,0.9183,-1,-1,-1
889,66,299.35,254.48,80.91,119.99,0.9109,-1,-1,-1
889,39,746.55,286.06,82.22,139.43,0.9060,-1,-1,-1
889,67,97.23,339.35,94.55,143.09,0.8947,-1,-1,-1
889,65,862.58,332.11,76.53,130.60,0.8752,-1,-1,-1
889,49,988.48,201.10,83.42,106.78,0.8566,-1,-1,-1
889,61,517.91,464.41,115.30,151.71,0.8566,-1,-1,-1
889,54,719.25,201.74,89.57,102.25,0.8497,-1,-1,-1
889,62,995.39,550.34,113.08,126.24,0.8471,-1,-1,-1
889,68,81.31,240.93,60.39,115.41,0.8147,-1,-1,-1
889,16,429.68,161.66,47.95,101.09,0.5991,-1,-1,-1
890,60,946.38,323.01,101.65,135.79,0.9042,-1,-1,-1
890,39,758.03,286.01,67.25,139.32,0.9003,-1,-1,-1
890,49,987.75,194.29,96.57,109.25,0.8962,-1,-1,-1
890,66,313.89,252.98,71.04,121.30,0.8939,-1,-1,-1
890,67,114.69,339.25,91.16,141.06,0.8914,-1,-1,-1
890,54,721.35,201.37,94.07,104.25,0.8868,-1,-1,-1
890,65,865.69,333.04,64.29,130.37,0.8819,-1,-1,-1
890,61,536.65,465.92,92.40,151.69,0.8555,-1,-1,-1
890,68,102.83,236.41,52.87,118.35,0.8056,-1,-1,-1
890,62,1000.36,550.75,109.63,115.36,0.8038,-1,-1,-1
890,16,439.20,167.43,43.05,105.99,0.6238,-1,-1,-1
890,-1,221.32,288.44,76.26,38.85,0.5715,-1,-1,-1
891,60,964.67,327.36,79.24,131.24,0.9002,-1,-1,-1
891,65,869.25,331.04,87.44,132.45,0.8995,-1,-1,-1
891,39,776.79,280.70,61.36,141.48,0.8820,-1,-1,-1
891,49,1004.52,200.30,95.85,108.60,0.8343,-1,-1,-1
891,61,554.15,464.98,63.32,148.89,0.8209,-1,-1,-1
891,67,160.42,340.82,54.75,134.17,0.8171,-1,-1,-1
891,54,731.32,206.74,79.85,102.87,0.7975,-1,-1,-1
891,66,335.90,252.84,62.80,119.64,0.7821,-1,-1,-1
891,16,461.65,163.49,45.44,109.27,0.6972,-1,-1,-1
891,-1,267.08,287.10,75.55,37.51,0.5523,-1,-1,-1
891,62,1011.19,551.17,89.18,103.09,0.5253,-1,-1,-1
892,65,874.52,329.19,94.70,132.98,0.9222,-1,-1,-1
892,39,783.10,278.85,72.08,141.44,0.9119,-1,-1,-1
892,60,967.19,327.83,72.99,131.07,0.9047,-1,-1,-1
892,61,556.32,464.20,66.65,147.01,0.9020,-1,-1,-1
892,67,178.73,339.57,44.64,132.75,0.8297,-1,-1,-1
892,62,996.69,549.69,76.31,139.79,0.8132,-1,-1,-1
892,66,352.39,252.45,56.38,116.84,0.8112,-1,-1,-1
892,49,1022.35,206.54,83.80,102.28,0.7678,-1,-1,-1
892,54,738.91,209.25,60.09,100.03,0.7574,-1,-1,-1
892,68,160.00,235.57,38.77,108.50,0.6793,-1,-1,-1
892,16,471.40,171.27,54.74,100.77,0.6700,-1,-1,-1
892,-1,289.75,286.10,71.16,36.78,0.5372,-1,-1,-1
893,65,877.20,327.78,100.48,131.59,0.9208,-1,-1,-1
893,61,555.73,462.99,82.97,146.42,0.9133,-1,-1,-1
893,39,785.07,276.21,84.39,138.37,0.9064,-1,-1,-1
893,60,972.87,327.56,79.63,131.35,0.8866,-1,-1,-1
893,66,364.39,251.31,62.39,113.70,0.8701,-1,-1,-1
893,62,1016.85,548.25,72.45,141.08,0.8567,-1,-1,-1
893,67,192.08,337.66,44.18,132.81,0.8430,-1,-1,-1
893,68,172.09,235.83,43.10,98.42,0.7301,-1,-1,-1
893,54,737.74,208.71,70.66,99.87,0.6486,-1,-1,-1
893,49,1040.64,198.91,34.43,110.05,0.6234,-1,-1,-1
893,16,480.13,176.99,64.72,94.01,0.5545,-1,-1,-1
894,39,791.31,275.14,92.12,132.93,0.9302,-1,-1,-1
894,65,873.65,327.17,113.68,125.15,0.9279,-1,-1,-1
894,61,557.95,461.39,93.89,143.56,0.9183,-1,-1,-1
894,60,983.16,327.68,87.13,131.76,0.9096,-1,-1,-1
894,62,1025.02,545.58,83.21,144.46,0.8998,-1,-1,-1
894,67,203.21,335.27,52.29,133.37,0.8481,-1,-1,-1
894,66,375.04,249.53,68.93,112.29,0.8204,-1,-1,-1
894,68,183.24,227.80,50.02,104.37,0.7860,-1,-1,-1
894,49,1053.17,198.01,53.16,111.73,0.7559,-1,-1,-1
894,54,752.79,209.26,58.93,88.10,0.7273,-1,-1,-1
894,16,484.09,172.89,74.35,97.34,0.6889,-1,-1,-1
895,61,561.51,460.27,99.75,148.00,0.9265,-1,-1,-1
895,65,876.83,327.54,115.12,129.29,0.9242,-1,-1,-1
895,60,991.89,328.50,91.54,130.96,0.9146,-1,-1,-1
895,39,795.28,275.44,99.79,127.36,0.9073,-1,-1,-1
895,62,1030.33,543.58,93.21,148.20,0.9017,-1,-1,-1
895,67,212.30,332.91,64.33,134.16,0.8354,-1,-1,-1
895,54,756.21,209.25,64.86,91.25,0.8228,-1,-1,-1
895,66,383.79,250.13,70.79,110.63,0.8101,-1,-1,-1
895,68,196.44,223.95,55.80,108.85,0.7545,-1,-1,-1
895,16,479.79,172.64,87.48,90.44,0.7451,-1,-1,-1
895,49,1059.00,201.61,48.58,109.09,0.7414,-1,-1,-1
896,60,1000.95,332.02,109.23,135.38,0.9178,-1,-1,-1
896,39,821.91,276.91,88.27,120.77,0.8955,-1,-1,-1
896,61,551.14,467.05,123.97,150.58,0.8912,-1,-1,-1
896,65,908.15,330.94,81.33,128.38,0.8851,-1,-1,-1
896,62,1021.66,543.31,125.58,140.44,0.8662,-1,-1,-1
896,67,229.97,328.25,78.45,139.47,0.8216,-1,-1,-1
896,49,1077.30,197.41,64.09,116.21,0.8117,-1,-1,-1
896,66,408.31,251.87,62.55,111.62,0.8115,-1,-1,-1
896,54,759.87,210.32,64.07,97.99,0.7883,-1,-1,-1
896,68,223.17,222.54,52.02,105.15,0.7637,-1,-1,-1
896,16,494.81,172.95,64.43,93.09,0.5412,-1,-1,-1
897,60,1003.16,334.93,116.77,134.51,0.9115,-1,-1,-1
897,61,555.19,467.42,122.54,151.87,0.8968,-1,-1,-1
897,49,1083.34,198.89,75.88,116.21,0.8810,-1,-1,-1
897,62,1025.23,544.29,127.44,142.11,0.8783,-1,-1,-1
897,65,910.62,331.38,72.30,129.40,0.8539,-1,-1,-1
897,39,814.38,276.28,98.51,113.50,0.8418,-1,-1,-1
897,67,239.27,326.10,74.26,141.97,0.8087,-1,-1,-1
897,66,421.60,254.26,61.28,108.43,0.8013,-1,-1,-1
897,54,773.75,214.01,48.03,96.92,0.7709,-1,-1,-1
897,68,240.39,219.70,45.61,113.10,0.7596,-1,-1,-1
897,16,504.68,162.77,62.50,103.21,0.6036,-1,-1,-1
898,60,1013.64,338.58,113.29,135.65,0.9100,-1,-1,-1
898,39,829.16,279.08,82.24,110.23,0.8989,-1,-1,-1
898,61,564.47,470.32,110.98,149.46,0.8787,-1,-1,-1
898,49,1081.38,200.95,91.17,114.91,0.8670,-1,-1,-1
898,62,1036.23,546.52,115.96,144.23,0.8647,-1,-1,-1
898,65,917.54,331.44,58.55,129.79,0.8387,-1,-1,-1
898,66,434.27,255.78,69.34,107.66,0.8088,-1,-1,-1
898,54,780.57,219.39,46.40,91.55,0.7752,-1,-1,-1
898,68,256.81,219.38,41.94,109.72,0.7332,-1,-1,-1
898,67,254.97,351.07,62.36,117.40,0.7289,-1,-1,-1
898,16,521.75,162.42,56.96,104.57,0.6553,-1,-1,-1
899,61,577.04,474.13,93.53,145.69,0.8956,-1,-1,-1
899,60,1028.33,342.02,100.64,136.91,0.8760,-1,-1,-1
899,49,1085.80,200.73,100.27,117.09,0.8684,-1,-1,-1
899,39,834.81,278.64,74.28,114.42,0.8661,-1,-1,-1
899,62,1053.95,548.39,92.65,143.92,0.8390,-1,-1,-1
899,65,909.51,330.91,84.45,130.54,0.8252,-1,-1,-1
899,67,272.10,334.47,50.81,134.17,0.8095,-1,-1,-1
899,54,779.41,222.53,57.54,88.70,0.7845,-1,-1,-1
899,66,436.10,256.92,82.53,105.88,0.7711,-1,-1,-1
899,68,273.52,219.08,38.42,107.41,0.6487,-1,-1,-1
899,16,534.47,160.20,41.84,106.30,0.5423,-1,-1,-1
900,61,576.28,475.33,87.04,144.93,0.8857,-1,-1,-1
900,60,1047.08,344.98,80.82,134.97,0.8854,-1,-1,-1
900,65,913.71,330.09,92.75,131.92,0.8842,-1,-1,-1
900,62,1053.35,549.77,84.86,144.39,0.8751,-1,-1,-1
900,49,1095.30,201.94,100.98,117.07,0.8620,-1,-1,-1
900,66,440.76,256.26,74.12,106.61,0.8459,-1,-1,-1
900,54,778.59,224.69,73.30,88.55,0.8284,-1,-1,-1
900,39,845.65,277.34,64.45,118.61,0.8180,-1,-1,-1
900,67,291.11,335.13,48.16,133.43,0.7722,-1,-1,-1
900,68,288.27,214.86,38.43,113.64,0.7097,-1,-1,-1
900,16,547.63,159.01,35.87,107.06,0.5497,-1,-1,-1
901,66,457.35,256.83,88.46,104.09,0.9149,-1,-1,-1
901,60,1056.31,348.77,63.12,134.81,0.8873,-1,-1,-1
901,61,583.11,476.84,79.36,139.95,0.8700,-1,-1,-1
901,65,916.34,331.34,112.31,132.78,0.8693,-1,-1,-1
901,62,1057.02,550.73,86.91,147.09,0.8679,-1,-1,-1
901,54,771.18,227.65,108.44,92.21,0.8564,-1,-1,-1
901,67,304.57,333.96,54.00,130.32,0.8501,-1,-1,-1
901,39,859.43,274.12,89.97,122.83,0.8369,-1,-1,-1
901,68,310.95,209.63,48.67,112.05,0.8359,-1,-1,-1
901,49,1132.21,207.45,76.49,114.90,0.8270,-1,-1,-1
901,16,565.07,170.93,52.01,96.50,0.5206,-1,-1,-1
902,61,589.30,476.58,89.16,142.59,0.9111,-1,-1,-1
902,66,473.75,257.57,82.06,103.53,0.9022,-1,-1,-1
902,62,1065.73,550.70,97.08,148.20,0.8977,-1,-1,-1
902,60,1059.40,348.98,77.75,136.88,0.8944,-1,-1,-1
902,67,309.23,333.18,66.64,130.69,0.8823,-1,-1,-1
902,39,871.87,273.98,78.83,118.13,0.8636,-1,-1,-1
902,68,322.26,209.58,49.52,109.41,0.8365,-1,-1,-1
902,65,913.39,332.89,98.97,132.06,0.8120,-1,-1,-1
902,54,785.18,233.42,96.48,88.90,0.7651,-1,-1,-1
902,49,1151.71,209.00,38.45,115.18,0.7238,-1,-1,-1
902,16,572.08,159.56,58.85,108.04,0.6684,-1,-1,-1
903,61,597.01,477.44,93.98,142.57,0.9191,-1,-1,-1
903,60,1064.80,348.53,90.75,138.97,0.9040,-1,-1,-1
903,62,1068.08,551.43,106.85,148.26,0.8978,-1,-1,-1
903,66,491.84,258.07,70.99,104.16,0.8963,-1,-1,-1
903,67,316.08,332.75,77.36,132.23,0.8686,-1,-1,-1
903,39,884.50,273.80,65.66,116.53,0.8606,-1,-1,-1
903,65,922.00,334.77,73.68,131.90,0.8188,-1,-1,-1
903,68,332.74,207.16,50.33,111.49,0.8119,-1,-1,-1
903,54,787.89,239.57,99.91,85.38,0.7141,-1,-1,-1
903,49,1161.01,210.21,44.29,115.92,0.7104,-1,-1,-1
903,16,575.84,164.10,72.06,103.07,0.6175,-1,-1,-1
904,61,593.94,478.74,107.37,141.93,0.9102,-1,-1,-1
904,60,1068.77,348.47,105.59,140.85,0.9080,-1,-1,-1
904,67,322.38,333.27,86.77,133.28,0.8832,-1,-1,-1
904,66,511.35,259.06,55.74,104.18,0.8694,-1,-1,-1
904,62,1059.86,552.71,126.22,145.27,0.8660,-1,-1,-1
904,39,890.58,275.39,66.55,115.87,0.8361,-1,-1,-1
904,68,342.93,206.71,58.55,110.97,0.7875,-1,-1,-1
904,54,799.14,234.97,82.37,89.77,0.7575,-1,-1,-1
904,49,1169.74,210.79,49.54,116.39,0.7123,-1,-1,-1
904,65,934.96,336.42,68.76,95.01,0.6365,-1,-1,-1
904,16,574.83,162.86,59.39,102.59,0.5636,-1,-1,-1
905,61,586.77,480.29,120.95,140.59,0.9192,-1,-1,-1
905,60,1074.49,348.86,114.46,136.40,0.9064,-1,-1,-1
905,67,334.84,334.68,87.51,129.37,0.8964,-1,-1,-1
905,66,525.59,259.86,53.67,103.11,0.8716,-1,-1,-1
905,62,1061.75,554.81,128.32,142.51,0.8645,-1,-1,-1
905,68,353.73,207.45,52.68,108.89,0.8496,-1,-1,-1
905,39,898.60,276.39,58.95,114.05,0.8238,-1,-1,-1
905,65,931.30,338.10,95.42,130.93,0.8079,-1,-1,-1
905,54,807.68,238.97,64.73,87.72,0.7452,-1,-1,-1
905,49,1178.47,214.67,61.20,115.51,0.7049,-1,-1,-1
906,61,617.45,487.75,93.22,131.36,0.9157,-1,-1,-1
906,67,369.81,338.18,72.23,124.12,0.8819,-1,-1,-1
906,60,1090.35,352.49,120.68,133.92,0.8617,-1,-1,-1
906,68,373.07,212.72,59.51,103.29,0.8544,-1,-1,-1
906,66,543.08,260.28,60.29,104.09,0.8379,-1,-1,-1
906,39,921.67,280.24,57.50,112.94,0.8171,-1,-1,-1
906,62,1091.16,560.59,97.94,144.33,0.8108,-1,-1,-1
906,54,827.95,236.56,68.56,91.45,0.8014,-1,-1,-1
906,65,962.11,338.27,66.72,134.11,0.7900,-1,-1,-1
906,49,1197.64,211.67,78.87,119.42,0.7109,-1,-1,-1
906,16,604.70,164.41,54.64,100.05,0.5489,-1,-1,-1
907,61,625.12,489.99,81.27,128.43,0.8837,-1,-1,-1
907,66,548.42,261.15,65.10,105.73,0.8746,-1,-1,-1
907,54,820.73,241.89,93.61,84.03,0.8550,-1,-1,-1
907,67,389.28,336.83,62.64,126.16,0.8333,-1,-1,-1
907,68,382.65,213.95,63.56,101.35,0.8278,-1,-1,-1
907,39,929.60,280.63,50.68,108.92,0.8197,-1,-1,-1
907,62,1109.91,563.64,73.75,145.09,0.8032,-1,-1,-1
907,65,966.06,335.89,76.41,134.92,0.7652,-1,-1,-1
907,49,1200.81,223.48,77.76,108.10,0.7379,-1,-1,-1
907,60,1102.57,355.57,73.22,129.55,0.7093,-1,-1,-1
907,16,623.22,172.02,42.09,93.80,0.5594,-1,-1,-1
908,66,553.49,262.97,71.11,106.00,0.8930,-1,-1,-1
908,54,827.14,235.72,98.90,97.62,0.8864,-1,-1,-1
908,61,626.49,492.20,71.82,125.89,0.8539,-1,-1,-1
908,67,407.10,333.92,52.60,128.08,0.8496,-1,-1,-1
908,65,965.39,334.94,90.91,131.92,0.8316,-1,-1,-1
908,62,1113.56,565.68,66.93,147.07,0.8209,-1,-1,-1
908,39,934.06,280.20,53.84,113.28,0.8178,-1,-1,-1
908,60,1122.32,359.49,99.64,126.16,0.8090,-1,-1,-1
908,49,1210.04,224.34,69.67,111.48,0.6505,-1,-1,-1
908,68,414.99,216.15,43.72,91.30,0.5887,-1,-1,-1
908,16,634.54,170.44,42.04,94.88,0.5397,-1,-1,-1
909,65,972.91,334.01,102.41,136.54,0.8992,-1,-1,-1
909,66,559.83,265.23,75.66,107.82,0.8947,-1,-1,-1
909,61,631.29,493.29,61.05,126.36,0.8751,-1,-1,-1
909,39,940.80,280.38,51.80,114.56,0.8369,-1,-1,-1
909,54,828.97,236.51,103.96,104.17,0.8329,-1,-1,-1
909,67,422.89,330.80,43.80,131.14,0.8313,-1,-1,-1
909,62,1116.69,565.79,71.04,151.76,0.8150,-1,-1,-1
909,68,404.86,216.86,68.35,103.32,0.7880,-1,-1,-1
909,60,1133.33,362.90,81.89,131.11,0.7856,-1,-1,-1
909,16,649.54,170.18,38.06,96.00,0.5695,-1,-1,-1
909,49,1224.15,215.13,55.70,127.82,0.5575,-1,-1,-1
910,65,963.39,334.31,121.97,134.87,0.8989,-1,-1,-1
910,66,567.42,267.33,80.45,109.43,0.8840,-1,-1,-1
910,61,635.26,494.33,59.14,125.23,0.8803,-1,-1,-1
910,62,1119.50,566.47,90.24,153.20,0.8788,-1,-1,-1
910,39,941.49,280.88,55.17,114.78,0.8549,-1,-1,-1
910,67,436.23,328.36,42.23,138.63,0.8316,-1,-1,-1
910,54,835.87,238.28,97.06,110.29,0.8005,-1,-1,-1
910,60,1142.19,365.90,44.89,113.86,0.7974,-1,-1,-1
910,68,416.32,216.07,73.29,103.89,0.7940,-1,-1,-1
911,65,976.35,336.59,118.71,140.03,0.8853,-1,-1,-1
911,61,638.81,481.79,70.97,138.13,0.8837,-1,-1,-1
911,68,447.26,214.30,76.80,105.14,0.8770,-1,-1,-1
911,62,1108.34,568.70,130.00,150.97,0.8768,-1,-1,-1
911,39,956.15,282.59,54.61,116.22,0.8330,-1,-1,-1
911,54,852.03,240.57,75.06,113.78,0.8276,-1,-1,-1
911,67,454.91,325.62,45.76,139.85,0.8043,-1,-1,-1
911,66,595.67,270.81,72.63,102.42,0.7720,-1,-1,-1
911,60,1156.99,369.07,54.95,109.21,0.7040,-1,-1,-1
911,16,660.75,165.40,52.29,90.76,0.6213,-1,-1,-1
912,61,639.93,474.96,74.42,145.28,0.8921,-1,-1,-1
912,65,989.48,337.90,101.32,140.52,0.8886,-1,-1,-1
912,66,607.29,272.00,73.18,109.92,0.8759,-1,-1,-1
912,68,462.79,212.74,68.47,106.37,0.8578,-1,-1,-1
912,62,1106.85,572.01,137.78,147.62,0.8555,-1,-1,-1
912,54,851.98,243.59,71.09,111.34,0.8496,-1,-1,-1
912,39,974.81,283.83,42.36,117.64,0.8110,-1,-1,-1
912,60,1157.89,369.40,88.22,138.37,0.8023,-1,-1,-1
912,67,461.88,325.61,50.11,138.72,0.7147,-1,-1,-1
912,16,660.25,167.53,63.80,88.78,0.5938,-1,-1,-1
913,61,638.32,470.83,77.58,149.14,0.9132,-1,-1,-1
913,54,857.20,245.23,72.91,111.71,0.8992,-1,-1,-1
913,66,623.09,273.21,64.72,109.51,0.8910,-1,-1,-1
913,60,1162.71,370.51,99.42,146.71,0.8755,-1,-1,-1
913,68,478.61,209.90,55.60,109.27,0.8714,-1,-1,-1
913,62,1116.51,575.07,127.69,144.00,0.8592,-1,-1,-1
913,67,468.69,326.58,53.24,131.14,0.7502,-1,-1,-1
913,39,981.60,284.92,41.98,83.85,0.6928,-1,-1,-1
913,65,997.31,339.25,60.69,110.22,0.6534,-1,-1,-1
913,16,661.04,165.68,76.75,94.43,0.6299,-1,-1,-1
913,-1,786.02,287.17,67.29,45.28,0.5150,-1,-1,-1
914,61,634.27,471.11,84.49,148.66,0.9221,-1,-1,-1
914,66,637.49,274.80,58.02,108.61,0.9002,-1,-1,-1
914,54,861.05,247.19,78.72,113.08,0.8913,-1,-1,-1
914,60,1157.70,372.46,118.73,147.25,0.8742,-1,-1,-1
914,68,491.13,208.05,47.52,111.31,0.8676,-1,-1,-1
914,62,1141.18,578.65,97.06,140.81,0.8204,-1,-1,-1
914,67,475.23,328.36,55.70,113.07,0.7870,-1,-1,-1
914,39,986.31,284.35,42.83,108.04,0.7718,-1,-1,-1
914,65,1002.84,337.56,52.29,129.90,0.7191,-1,-1,-1
914,16,665.00,152.50,76.69,109.08,0.6221,-1,-1,-1
915,61,630.84,472.41,90.49,147.92,0.9222,-1,-1,-1
915,67,477.44,330.87,62.11,143.52,0.9027,-1,-1,-1
915,66,643.10,276.65,59.57,107.30,0.9014,-1,-1,-1
915,54,855.87,249.73,90.37,113.72,0.8921,-1,-1,-1
915,68,496.87,205.95,50.35,113.08,0.8626,-1,-1,-1
915,62,1151.30,582.02,77.32,138.19,0.8369,-1,-1,-1
915,39,988.02,282.82,47.19,87.63,0.7524,-1,-1,-1
915,65,1002.19,336.07,60.97,129.38,0.7242,-1,-1,-1
915,16,670.46,159.16,68.45,103.11,0.7145,-1,-1,-1
915,60,1167.35,374.60,110.85,147.99,0.6698,-1,-1,-1
916,61,637.26,480.29,89.67,140.11,0.9221,-1,-1,-1
916,66,655.06,278.74,58.19,109.73,0.9071,-1,-1,-1
916,67,488.48,339.13,67.01,138.74,0.8869,-1,-1,-1
916,68,510.45,202.83,51.86,116.65,0.8849,-1,-1,-1
916,62,1146.08,585.78,65.44,134.15,0.8252,-1,-1,-1
916,65,996.16,335.38,96.09,146.95,0.8151,-1,-1,-1
916,60,1182.82,382.28,58.80,109.16,0.7745,-1,-1,-1
916,39,987.35,280.79,55.40,115.68,0.7554,-1,-1,-1
916,54,846.97,257.87,83.07,115.24,0.6676,-1,-1,-1
916,16,699.71,163.16,50.40,102.37,0.5096,-1,-1,-1
917,61,643.97,485.30,86.91,134.87,0.9205,-1,-1,-1
917,67,498.00,342.45,63.76,137.04,0.9040,-1,-1,-1
917,65,989.38,335.69,112.21,146.83,0.8981,-1,-1,-1
917,62,1142.85,587.18,78.59,132.84,0.8872,-1,-1,-1
917,66,653.45,279.63,63.39,111.50,0.8840,-1,-1,-1
917,68,514.79,203.11,53.99,119.73,0.8807,-1,-1,-1
917,54,843.39,263.65,81.11,111.49,0.8197,-1,-1,-1
917,39,982.24,280.46,61.14,122.76,0.6314,-1,-1,-1
917,60,1184.01,385.79,51.60,155.25,0.5619,-1,-1,-1
918,61,649.72,492.22,83.47,127.45,0.9144,-1,-1,-1
918,66,648.50,280.27,71.76,108.82,0.9018,-1,-1,-1
918,67,509.68,343.88,58.04,136.80,0.8871,-1,-1,-1
918,68,518.00,204.50,55.97,122.37,0.8785,-1,-1,-1
918,62,1142.81,589.65,84.32,130.50,0.8720,-1,-1,-1
918,65,973.43,340.66,133.04,142.80,0.8537,-1,-1,-1
918,54,847.21,267.46,77.80,109.42,0.7558,-1,-1,-1
918,60,1186.96,388.74,45.78,147.97,0.6675,-1,-1,-1
918,16,695.91,160.88,65.50,106.17,0.6445,-1,-1,-1
918,39,973.53,281.29,70.25,127.11,0.6227,-1,-1,-1
919,66,644.69,281.57,78.05,107.85,0.9180,-1,-1,-1
919,68,516.48,205.56,62.74,126.36,0.9018,-1,-1,-1
919,61,649.48,500.29,83.82,119.97,0.8984,-1,-1,-1
919,62,1139.05,592.62,96.81,127.53,0.8630,-1,-1,-1
919,67,519.81,344.74,54.71,138.41,0.8606,-1,-1,-1
919,65,967.61,350.05,137.31,136.11,0.8363,-1,-1,-1
919,54,848.57,270.42,71.33,107.03,0.8008,-1,-1,-1
919,39,975.03,282.24,68.91,133.96,0.7605,-1,-1,-1
919,60,1174.69,389.64,64.89,117.78,0.7556,-1,-1,-1
919,16,695.86,159.30,72.99,107.76,0.7051,-1,-1,-1
920,66,643.93,281.44,80.41,108.17,0.9124,-1,-1,-1
920,68,515.34,207.71,67.74,125.75,0.8698,-1,-1,-1
920,54,852.21,272.43,66.56,107.55,0.8657,-1,-1,-1
920,67,526.76,345.15,53.13,140.10,0.8645,-1,-1,-1
920,61,648.64,508.53,82.28,112.01,0.8615,-1,-1,-1
920,62,1137.56,596.44,97.30,123.66,0.8282,-1,-1,-1
920,65,969.13,352.99,128.79,135.75,0.7493,-1,-1,-1
920,60,1171.86,388.53,71.44,140.24,0.6614,-1,-1,-1
920,16,699.28,159.27,76.15,107.60,0.6441,-1,-1,-1
920,-1,986.04,283.86,95.95,116.20,0.5541,-1,-1,-1
920,39,985.55,283.94,56.39,112.57,0.5209,-1,-1,-1
921,54,822.39,276.39,112.21,114.53,0.9140,-1,-1,-1
921,68,507.95,213.62,81.88,126.34,0.9004,-1,-1,-1
921,66,655.95,281.12,83.56,109.24,0.8950,-1,-1,-1
921,67,529.98,346.48,61.68,140.89,0.8583,-1,-1,-1
921,60,1159.21,385.08,116.10,157.25,0.8356,-1,-1,-1
921,62,1136.74,602.68,79.01,117.16,0.7682,-1,-1,-1
921,65,985.18,346.99,85.29,145.71,0.7537,-1,-1,-1
921,16,717.63,158.51,70.91,107.34,0.6588,-1,-1,-1
921,39,981.41,284.66,53.75,107.45,0.5772,-1,-1,-1
921,61,617.56,519.08,105.69,171.68,0.5131,-1,-1,-1
922,54,817.43,279.16,116.01,119.44,0.9218,-1,-1,-1
922,68,505.24,216.14,86.41,125.61,0.9147,-1,-1,-1
922,60,1155.38,383.73,124.05,162.35,0.8992,-1,-1,-1
922,66,666.66,282.32,73.13,108.56,0.8953,-1,-1,-1
922,67,533.19,348.32,62.47,138.58,0.8921,-1,-1,-1
922,65,977.99,337.29,75.65,156.14,0.8313,-1,-1,-1
922,62,1134.18,603.65,64.55,116.25,0.8044,-1,-1,-1
922,16,727.88,155.77,62.89,109.63,0.6684,-1,-1,-1
922,39,964.03,283.64,85.31,138.28,0.6445,-1,-1,-1
922,61,618.04,521.01,99.74,169.84,0.6173,-1,-1,-1
923,54,818.29,282.25,111.06,121.46,0.9298,-1,-1,-1
923,68,503.26,218.35,93.05,124.70,0.9195,-1,-1,-1
923,67,536.88,349.83,62.24,136.19,0.9074,-1,-1,-1
923,66,665.97,283.84,67.32,107.71,0.9058,-1,-1,-1
923,62,1131.29,603.71,57.61,116.26,0.8755,-1,-1,-1
923,60,1143.95,382.65,132.78,163.66,0.8448,-1,-1,-1
923,65,974.14,334.42,78.84,159.85,0.8407,-1,-1,-1
923,39,954.72,282.36,104.46,140.83,0.7464,-1,-1,-1
923,61,609.39,521.65,103.18,170.09,0.7023,-1,-1,-1
923,16,739.43,151.44,61.73,113.01,0.6228,-1,-1,-1
924,54,827.62,284.43,89.60,118.80,0.9135,-1,-1,-1
924,68,501.88,220.94,96.70,122.63,0.9079,-1,-1,-1
924,66,661.26,285.13,72.09,107.43,0.8960,-1,-1,-1
924,65,968.19,331.03,86.95,163.63,0.8882,-1,-1,-1
924,67,537.78,350.43,64.40,134.17,0.8689,-1,-1,-1
924,62,1127.57,602.90,64.49,117.05,0.8484,-1,-1,-1
924,60,1133.91,381.79,109.35,171.08,0.8339,-1,-1,-1
924,39,966.42,281.89,98.21,139.12,0.7678,-1,-1,-1
924,61,597.79,521.95,108.85,170.99,0.6861,-1,-1,-1
924,16,742.00,149.45,71.10,113.80,0.6677,-1,-1,-1
924,-1,513.91,113.61,55.07,122.47,0.5995,-1,-1,-1
925,54,841.64,285.87,65.47,117.48,0.9167,-1,-1,-1
925,68,503.12,218.81,99.87,124.40,0.9107,-1,-1,-1
925,65,960.35,328.54,100.81,164.60,0.8816,-1,-1,-1
925,62,1123.52,601.80,70.75,118.26,0.8785,-1,-1,-1
925,66,658.20,287.12,83.99,115.34,0.8763,-1,-1,-1
925,67,530.55,352.17,75.09,128.55,0.8651,-1,-1,-1
925,60,1131.90,382.38,105.29,174.51,0.8647,-1,-1,-1
925,39,966.93,280.71,101.36,130.97,0.8282,-1,-1,-1
925,16,739.44,147.06,86.49,115.48,0.6621,-1,-1,-1
925,-1,636.96,522.90,65.43,96.22,0.5075,-1,-1,-1
925,61,635.12,522.63,66.99,156.85,0.5012,-1,-1,-1
926,68,514.57,219.75,103.89,121.89,0.9229,-1,-1,-1
926,65,932.73,326.35,135.68,155.67,0.9137,-1,-1,-1
926,54,844.13,287.57,66.14,124.18,0.8906,-1,-1,-1
926,62,1118.60,601.48,73.38,118.46,0.8728,-1,-1,-1
926,60,1145.96,384.65,93.26,180.33,0.8641,-1,-1,-1
926,67,523.28,355.49,99.80,119.46,0.8636,-1,-1,-1
926,66,659.05,289.56,109.77,106.75,0.8607,-1,-1,-1
926,39,967.02,281.85,98.48,117.72,0.7728,-1,-1,-1
926,16,747.79,142.86,99.11,118.90,0.7240,-1,-1,-1
926,-1,637.04,525.13,60.95,94.60,0.5991,-1,-1,-1
926,-1,498.64,111.75,65.87,120.19,0.5455,-1,-1,-1
927,68,524.41,216.75,103.21,122.47,0.9033,-1,-1,-1
927,54,830.02,287.36,81.44,136.44,0.8886,-1,-1,-1
927,66,660.05,290.27,114.08,121.14,0.8880,-1,-1,-1
927,67,520.97,354.97,105.19,118.15,0.8778,-1,-1,-1
927,62,1116.33,601.70,72.07,118.03,0.8707,-1,-1,-1
927,60,1159.45,383.40,62.82,182.27,0.8600,-1,-1,-1
927,65,923.00,329.81,144.13,142.93,0.8470,-1,-1,-1
927,16,756.80,139.55,80.41,124.58,0.6900,-1,-1,-1
927,39,965.25,281.41,93.21,115.00,0.6555,-1,-1,-1
927,-1,506.39,108.47,64.14,119.96,0.6155,-1,-1,-1
927,69,636.54,524.66,59.37,95.21,0.5612,-1,-1,-1
928,68,532.55,210.83,101.71,125.41,0.9126,-1,-1,-1
928,66,659.46,288.98,117.84,122.03,0.9123,-1,-1,-1
928,65,920.39,324.71,142.78,145.04,0.8887,-1,-1,-1
928,54,822.49,287.25,88.66,138.35,0.8823,-1,-1,-1
928,67,520.75,352.10,109.09,120.88,0.8727,-1,-1,-1
928,62,1113.34,601.16,68.54,118.56,0.8705,-1,-1,-1
928,60,1165.63,380.14,59.21,184.65,0.8472,-1,-1,-1
928,16,766.23,134.54,73.20,131.33,0.7619,-1,-1,-1
928,69,637.14,522.74,58.38,97.23,0.7587,-1,-1,-1
928,39,965.81,279.57,81.13,115.66,0.6494,-1,-1,-1
928,70,513.45,103.64,55.09,120.88,0.5333,-1,-1,-1
929,66,656.14,286.50,122.94,124.58,0.9091,-1,-1,-1
929,68,542.67,203.64,94.24,128.98,0.9001,-1,-1,-1
929,54,820.37,287.66,90.23,139.26,0.8970,-1,-1,-1
929,65,923.70,321.36,128.38,146.18,0.8927,-1,-1,-1
929,67,521.03,348.61,114.96,125.10,0.8892,-1,-1,-1
929,60,1155.54,375.09,70.57,187.46,0.8801,-1,-1,-1
929,62,1110.86,600.62,62.97,119.19,0.8732,-1,-1,-1
929,16,776.63,130.42,69.29,132.18,0.7691,-1,-1,-1
929,69,638.81,518.36,56.93,101.28,0.6356,-1,-1,-1
929,39,983.62,275.35,50.75,118.11,0.5438,-1,-1,-1
930,66,652.03,283.62,128.63,127.66,0.9163,-1,-1,-1
930,68,552.57,197.32,87.73,131.73,0.9108,-1,-1,-1
930,54,816.89,288.39,93.72,142.95,0.9060,-1,-1,-1
930,67,526.50,345.26,116.39,132.36,0.8965,-1,-1,-1
930,65,935.69,318.26,103.19,145.85,0.8846,-1,-1,-1
930,62,1109.35,598.89,56.64,121.09,0.8747,-1,-1,-1
930,60,1147.58,368.57,93.87,191.17,0.8736,-1,-1,-1
930,16,787.66,128.19,66.54,130.40,0.7536,-1,-1,-1
930,69,638.66,512.61,57.30,108.12,0.6254,-1,-1,-1
930,70,515.24,91.81,47.12,124.30,0.5022,-1,-1,-1
931,60,1132.28,358.97,124.57,194.43,0.9379,-1,-1,-1
931,66,663.57,283.68,124.58,121.95,0.9282,-1,-1,-1
931,67,549.10,341.89,111.39,142.25,0.9024,-1,-1,-1
931,54,819.19,290.96,91.39,136.72,0.8934,-1,-1,-1
931,68,576.49,185.38,72.96,137.19,0.8846,-1,-1,-1
931,62,1093.13,593.48,63.58,126.39,0.8727,-1,-1,-1
931,65,936.86,311.00,75.89,148.53,0.8319,-1,-1,-1
931,69,638.68,503.55,61.35,117.79,0.7713,-1,-1,-1
931,16,810.87,120.51,66.79,131.85,0.7157,-1,-1,-1
931,39,982.20,259.54,37.72,156.52,0.6043,-1,-1,-1
931,70,496.15,84.77,71.27,123.45,0.5849,-1,-1,-1
932,60,1110.48,356.03,151.29,185.52,0.9460,-1,-1,-1
932,66,675.29,283.74,117.04,119.55,0.9330,-1,-1,-1
932,67,559.88,341.02,114.27,139.79,0.9081,-1,-1,-1
932,68,588.32,181.47,67.64,138.25,0.8983,-1,-1,-1
932,54,811.12,291.88,100.83,134.29,0.8910,-1,-1,-1
932,62,1088.05,589.61,68.56,130.65,0.8753,-1,-1,-1
932,65,923.32,308.54,82.03,149.49,0.8412,-1,-1,-1
932,69,639.25,500.03,62.98,121.56,0.8142,-1,-1,-1
932,16,823.71,117.41,65.71,132.73,0.7713,-1,-1,-1
932,39,981.45,256.08,40.01,155.44,0.6591,-1,-1,-1
932,70,493.97,84.12,75.40,121.65,0.5217,-1,-1,-1
933,60,1097.88,353.81,165.99,175.45,0.9459,-1,-1,-1
933,66,687.01,283.62,107.71,118.39,0.9217,-1,-1,-1
933,68,600.63,179.72,65.82,137.91,0.9024,-1,-1,-1
933,54,809.69,292.23,104.19,132.14,0.8905,-1,-1,-1
933,69,639.91,497.83,64.29,122.08,0.8766,-1,-1,-1
933,65,919.36,303.40,96.12,156.63,0.8663,-1,-1,-1
933,67,570.68,346.19,107.57,132.22,0.8636,-1,-1,-1
933,62,1084.88,585.91,76.79,134.02,0.8589,-1,-1,-1
933,16,836.76,115.15,67.09,133.94,0.7243,-1,-1,-1
933,70,495.24,82.73,79.15,122.65,0.6154,-1,-1,-1
934,60,1096.21,352.48,167.01,169.68,0.9375,-1,-1,-1
934,54,812.70,292.87,104.60,132.24,0.9032,-1,-1,-1
934,66,699.45,281.64,100.57,118.55,0.8980,-1,-1,-1
934,68,612.74,177.22,66.94,138.54,0.8940,-1,-1,-1
934,67,578.93,349.70,116.20,127.99,0.8883,-1,-1,-1
934,65,918.06,299.43,103.36,158.14,0.8676,-1,-1,-1
934,69,641.61,497.05,65.63,123.07,0.8571,-1,-1,-1
934,62,1078.25,583.56,88.17,136.30,0.8469,-1,-1,-1
934,16,851.15,112.40,66.70,136.90,0.6831,-1,-1,-1
934,70,506.19,84.17,72.15,120.34,0.6001,-1,-1,-1
934,39,974.57,252.27,39.69,96.90,0.5421,-1,-1,-1
935,60,1096.55,351.58,162.25,169.60,0.9339,-1,-1,-1
935,65,907.43,297.99,124.28,153.98,0.8881,-1,-1,-1
935,68,625.18,174.14,69.21,139.73,0.8833,-1,-1,-1
935,66,709.16,278.80,97.61,118.06,0.8827,-1,-1,-1
935,62,1072.56,581.74,103.24,138.21,0.8593,-1,-1,-1
935,54,818.13,293.73,102.99,134.76,0.8550,-1,-1,-1
935,67,590.44,350.33,112.44,136.07,0.8426,-1,-1,-1
935,69,643.45,496.79,67.49,123.54,0.8181,-1,-1,-1
935,16,864.08,105.93,67.85,145.07,0.6662,-1,-1,-1
935,39,968.94,252.03,48.04,93.01,0.5871,-1,-1,-1
935,70,518.35,82.93,63.71,120.15,0.5628,-1,-1,-1
936,60,1116.19,349.22,120.62,167.99,0.9222,-1,-1,-1
936,67,601.17,338.97,107.05,165.93,0.9051,-1,-1,-1
936,66,728.42,273.71,92.93,129.87,0.8998,-1,-1,-1
936,68,647.27,170.72,77.15,143.58,0.8991,-1,-1,-1
936,62,1069.80,579.68,109.91,140.33,0.8589,-1,-1,-1
936,69,648.30,472.45,74.23,147.50,0.8558,-1,-1,-1
936,54,831.82,297.95,99.69,145.57,0.8411,-1,-1,-1
936,65,900.40,294.18,114.54,153.43,0.7516,-1,-1,-1
936,16,891.35,105.41,68.03,147.24,0.6822,-1,-1,-1
936,70,523.27,77.98,69.41,126.48,0.6049,-1,-1,-1
936,-1,956.06,248.47,81.09,183.27,0.5526,-1,-1,-1
937,67,602.28,326.46,103.92,184.84,0.9218,-1,-1,-1
937,66,734.96,272.23,93.23,136.48,0.9159,-1,-1,-1
937,60,1130.91,346.33,91.24,169.15,0.9153,-1,-1,-1
937,68,658.21,170.90,79.25,144.67,0.9014,-1,-1,-1
937,62,1071.37,577.64,104.96,142.54,0.8746,-1,-1,-1
937,54,840.83,301.33,95.18,142.25,0.8582,-1,-1,-1
937,69,648.41,493.15,78.95,126.89,0.8554,-1,-1,-1
937,65,913.70,292.27,111.30,153.49,0.7231,-1,-1,-1
937,-1,955.61,246.18,75.13,116.04,0.6673,-1,-1,-1
937,16,904.57,104.91,67.88,148.04,0.6529,-1,-1,-1
937,70,522.88,76.57,78.38,126.43,0.5592,-1,-1,-1
938,66,736.07,272.41,98.48,141.59,0.9175,-1,-1,-1
938,68,668.98,170.66,82.80,145.31,0.9025,-1,-1,-1
938,60,1124.45,343.07,80.19,171.44,0.8936,-1,-1,-1
938,54,852.70,304.46,92.19,138.37,0.8763,-1,-1,-1
938,67,608.03,322.05,96.04,183.41,0.8717,-1,-1,-1
938,62,1073.36,575.50,90.37,144.63,0.8700,-1,-1,-1
938,69,649.91,495.29,81.33,124.94,0.8309,-1,-1,-1
938,71,943.85,243.46,93.25,162.13,0.7393,-1,-1,-1
938,65,929.49,290.24,98.49,154.53,0.6887,-1,-1,-1
938,16,918.64,106.53,66.18,144.86,0.6670,-1,-1,-1
938,-1,1.71,619.12,68.24,83.31,0.5016,-1,-1,-1
939,66,734.17,273.26,106.87,143.71,0.9144,-1,-1,-1
939,60,1114.22,338.89,79.76,175.06,0.9104,-1,-1,-1
939,69,651.84,493.98,83.09,126.45,0.9078,-1,-1,-1
939,68,678.94,169.65,87.52,147.78,0.8888,-1,-1,-1
939,62,1074.83,572.14,69.10,147.98,0.8640,-1,-1,-1
939,67,616.16,323.59,85.83,189.93,0.8449,-1,-1,-1
939,54,866.87,307.24,86.02,137.62,0.8392,-1,-1,-1
939,71,949.97,241.90,92.04,163.34,0.8014,-1,-1,-1
939,16,931.15,106.76,64.30,143.80,0.6860,-1,-1,-1
939,65,940.97,285.27,82.81,158.47,0.5854,-1,-1,-1
940,66,733.82,275.32,113.82,143.80,0.9228,-1,-1,-1
940,60,1108.37,334.36,97.93,179.08,0.9136,-1,-1,-1
940,68,690.49,170.20,88.46,145.16,0.9070,-1,-1,-1
940,69,654.05,493.44,83.59,127.09,0.8974,-1,-1,-1
940,62,1073.43,568.19,67.37,151.56,0.8914,-1,-1,-1
940,54,875.99,308.70,77.19,146.02,0.8660,-1,-1,-1
940,67,626.80,317.96,78.63,203.45,0.8099,-1,-1,-1
940,71,951.55,241.22,95.14,159.99,0.7862,-1,-1,-1
940,16,942.04,107.15,66.49,142.30,0.7455,-1,-1,-1
940,70,554.67,75.85,59.48,116.26,0.5523,-1,-1,-1
940,-1,633.71,46.38,51.46,97.28,0.5086,-1,-1,-1
940,-1,28.91,613.40,68.04,83.29,0.5026,-1,-1,-1
941,60,1094.38,327.09,125.27,183.75,0.9393,-1,-1,-1
941,66,741.27,281.94,120.64,140.93,0.9208,-1,-1,-1
941,69,662.21,490.89,92.07,129.10,0.9129,-1,-1,-1
941,68,713.65,169.26,84.60,144.42,0.9121,-1,-1,-1
941,67,630.52,321.42,95.04,199.47,0.8737,-1,-1,-1
941,62,1046.69,561.52,96.31,158.69,0.8245,-1,-1,-1
941,54,894.96,310.90,76.23,133.40,0.7805,-1,-1,-1
941,16,959.79,105.90,66.50,141.79,0.7546,-1,-1,-1
941,65,951.40,273.66,80.10,167.26,0.5826,-1,-1,-1
941,-1,56.15,608.68,66.70,84.17,0.5025,-1,-1,-1
942,60,1073.76,324.90,147.99,178.30,0.9398,-1,-1,-1
942,68,724.77,168.98,80.41,143.44,0.9076,-1,-1,-1
942,66,750.71,283.45,115.17,138.30,0.9068,-1,-1,-1
942,69,665.98,489.03,100.26,130.93,0.8833,-1,-1,-1
942,67,614.14,332.73,125.30,182.85,0.8745,-1,-1,-1
942,62,1031.43,559.65,109.73,160.56,0.8743,-1,-1,-1
942,16,966.63,106.52,67.94,141.87,0.8066,-1,-1,-1
942,54,883.92,312.78,115.43,154.66,0.6850,-1,-1,-1
942,72,67.94,606.53,67.41,85.74,0.5250,-1,-1,-1
943,60,1061.96,323.69,159.41,175.16,0.9441,-1,-1,-1
943,69,667.34,488.03,110.90,132.27,0.9145,-1,-1,-1
943,66,743.52,283.21,128.55,136.96,0.9132,-1,-1,-1
943,68,735.33,167.91,75.45,142.80,0.9105,-1,-1,-1
943,67,624.20,355.43,131.06,166.97,0.9029,-1,-1,-1
943,62,1024.29,558.68,111.98,161.45,0.8765,-1,-1,-1
943,16,973.58,107.53,69.55,141.97,0.7686,-1,-1,-1
943,65,952.63,269.55,76.81,165.29,0.6933,-1,-1,-1
943,54,892.59,314.49,103.51,158.64,0.5917,-1,-1,-1
943,-1,989.07,241.28,63.04,85.86,0.5596,-1,-1,-1
943,72,78.99,603.36,66.85,82.48,0.5561,-1,-1,-1
943,-1,681.30,42.73,48.67,95.49,0.5031,-1,-1,-1
944,60,1054.73,323.44,161.29,170.90,0.9336,-1,-1,-1
944,68,745.31,166.26,70.35,143.81,0.9048,-1,-1,-1
944,66,747.64,283.04,121.88,136.06,0.8845,-1,-1,-1
944,67,628.12,372.02,140.56,157.90,0.8831,-1,-1,-1
944,62,1020.73,558.20,109.57,161.94,0.8799,-1,-1,-1
944,16,980.67,108.03,70.50,141.32,0.7941,-1,-1,-1
944,54,899.46,310.98,96.91,161.34,0.7905,-1,-1,-1
944,69,666.39,488.48,122.13,131.91,0.7893,-1,-1,-1
944,65,958.27,270.63,74.08,166.20,0.6215,-1,-1,-1
944,-1,992.62,239.02,58.10,93.27,0.6205,-1,-1,-1
944,72,90.84,601.53,65.66,83.01,0.5589,-1,-1,-1
944,-1,690.73,41.97,48.89,94.57,0.5098,-1,-1,-1
945,60,1053.22,323.90,154.65,171.49,0.9218,-1,-1,-1
945,68,754.46,164.74,66.69,143.63,0.9009,-1,-1,-1
945,69,661.55,478.81,133.68,141.63,0.8881,-1,-1,-1
945,67,633.50,377.92,100.35,163.13,0.8856,-1,-1,-1
945,66,764.95,281.79,100.62,141.61,0.8850,-1,-1,-1
945,62,1022.79,558.90,100.34,161.19,0.8499,-1,-1,-1
945,54,900.93,314.48,115.26,158.64,0.8438,-1,-1,-1
945,16,988.80,108.87,70.81,143.17,0.7605,-1,-1,-1
945,72,100.69,599.32,65.30,84.97,0.5634,-1,-1,-1
946,60,1060.55,324.89,118.52,169.71,0.8969,-1,-1,-1
946,69,648.23,478.98,160.72,141.39,0.8876,-1,-1,-1
946,68,767.44,161.39,62.92,144.98,0.8794,-1,-1,-1
946,66,765.20,281.80,103.89,153.90,0.8552,-1,-1,-1
946,67,645.59,391.10,134.14,156.19,0.8520,-1,-1,-1
946,62,1029.18,557.16,75.64,162.90,0.8445,-1,-1,-1
946,54,903.37,320.74,110.39,152.14,0.8210,-1,-1,-1
946,16,1000.00,109.32,75.23,142.56,0.7865,-1,-1,-1
946,72,116.48,595.41,64.57,85.10,0.5658,-1,-1,-1
946,65,978.11,231.88,74.17,145.93,0.5623,-1,-1,-1
947,66,774.58,284.43,93.92,157.77,0.8846,-1,-1,-1
947,69,645.04,484.69,161.31,135.64,0.8810,-1,-1,-1
947,68,772.80,160.61,60.66,145.24,0.8798,-1,-1,-1
947,54,911.65,320.97,103.06,161.83,0.8490,-1,-1,-1
947,60,1065.32,323.32,93.48,170.96,0.8371,-1,-1,-1
947,67,649.17,399.55,128.95,119.22,0.8223,-1,-1,-1
947,62,1015.96,555.75,79.86,164.05,0.7952,-1,-1,-1
947,16,1011.56,110.72,68.08,135.16,0.7216,-1,-1,-1
947,65,987.76,229.97,64.08,147.04,0.6891,-1,-1,-1
947,-1,923.69,271.89,74.06,146.11,0.6061,-1,-1,-1
947,72,123.70,593.79,63.54,84.16,0.5936,-1,-1,-1
948,66,781.29,288.06,88.71,155.89,0.9001,-1,-1,-1
948,68,777.04,160.60,60.18,145.05,0.8602,-1,-1,-1
948,69,638.25,488.00,156.53,132.36,0.8574,-1,-1,-1
948,60,1058.31,321.77,78.82,171.02,0.8273,-1,-1,-1
948,67,646.56,409.17,128.80,133.76,0.8021,-1,-1,-1
948,54,921.55,324.70,90.91,161.89,0.7943,-1,-1,-1
948,62,981.84,553.68,106.86,166.19,0.7595,-1,-1,-1
948,16,1016.28,113.35,67.58,131.43,0.7558,-1,-1,-1
948,65,981.26,229.26,67.38,148.13,0.7322,-1,-1,-1
948,-1,927.81,271.00,66.39,147.41,0.6497,-1,-1,-1
948,72,128.37,593.49,64.16,84.78,0.5681,-1,-1,-1
949,66,788.77,291.65,84.05,152.29,0.8854,-1,-1,-1
949,54,931.90,321.76,84.36,166.93,0.8321,-1,-1,-1
949,69,630.82,489.53,147.49,129.89,0.8162,-1,-1,-1
949,68,780.53,161.08,58.72,144.33,0.8118,-1,-1,-1
949,60,1051.92,319.29,73.42,173.75,0.7485,-1,-1,-1
949,65,981.66,229.27,62.99,146.70,0.7150,-1,-1,-1
949,62,969.05,553.19,118.96,166.55,0.7142,-1,-1,-1
949,16,1019.45,113.24,66.19,131.49,0.6985,-1,-1,-1
949,73,923.49,267.97,63.14,149.45,0.6565,-1,-1,-1
949,72,132.52,593.56,63.10,83.47,0.5836,-1,-1,-1
949,67,658.06,418.92,110.28,135.02,0.5017,-1,-1,-1
950,66,794.28,296.66,82.47,150.39,0.9005,-1,-1,-1
950,68,781.23,163.15,60.51,143.17,0.8730,-1,-1,-1
950,54,938.49,322.67,78.43,171.61,0.8458,-1,-1,-1
950,60,1043.11,317.24,64.23,177.44,0.8081,-1,-1,-1
950,69,621.20,482.28,135.37,136.82,0.7948,-1,-1,-1
950,73,906.65,265.79,80.21,151.77,0.7295,-1,-1,-1
950,16,1020.64,113.10,65.10,132.25,0.7194,-1,-1,-1
950,65,978.16,227.40,64.44,133.76,0.7061,-1,-1,-1
950,67,666.57,427.51,90.04,133.01,0.6566,-1,-1,-1
950,62,968.12,552.39,119.50,167.52,0.6387,-1,-1,-1
950,72,136.28,592.91,62.54,84.31,0.6119,-1,-1,-1
951,66,802.48,303.18,78.41,156.28,0.9065,-1,-1,-1
951,68,778.37,168.18,69.56,141.60,0.9047,-1,-1,-1
951,60,1004.85,314.87,96.45,176.06,0.8491,-1,-1,-1
951,73,894.03,259.75,93.04,158.58,0.8421,-1,-1,-1
951,54,952.45,327.69,80.04,176.64,0.8416,-1,-1,-1
951,16,1025.45,111.40,62.15,139.66,0.7836,-1,-1,-1
951,69,607.37,471.58,150.54,148.71,0.7728,-1,-1,-1
951,65,970.99,221.62,69.61,131.87,0.7516,-1,-1,-1
951,67,668.60,435.22,93.32,125.64,0.6229,-1,-1,-1
951,72,143.04,591.50,63.26,84.35,0.5776,-1,-1,-1
951,-1,740.36,36.42,48.36,96.16,0.5068,-1,-1,-1
952,66,806.17,304.61,74.92,158.20,0.9128,-1,-1,-1
952,68,777.52,171.05,73.37,141.02,0.8997,-1,-1,-1
952,73,888.66,257.25,93.49,159.97,0.8857,-1,-1,-1
952,60,995.01,314.80,94.92,170.78,0.8216,-1,-1,-1
952,69,596.95,469.58,134.17,150.37,0.7959,-1,-1,-1
952,54,953.49,329.85,82.85,176.32,0.7958,-1,-1,-1
952,16,1028.47,111.79,59.43,142.27,0.7628,-1,-1,-1
952,65,972.81,217.93,68.91,130.65,0.7434,-1,-1,-1
952,67,670.65,435.76,94.69,124.97,0.7390,-1,-1,-1
952,72,146.96,591.40,64.91,84.86,0.5619,-1,-1,-1
953,66,810.84,306.43,73.36,160.35,0.9096,-1,-1,-1
953,68,778.02,173.77,77.24,142.93,0.8927,-1,-1,-1
953,73,884.22,256.39,98.05,161.67,0.8909,-1,-1,-1
953,69,602.70,463.75,133.72,156.09,0.7896,-1,-1,-1
953,60,991.34,315.34,94.05,169.21,0.7579,-1,-1,-1
953,16,1031.75,110.95,57.05,144.24,0.7503,-1,-1,-1
953,54,958.37,331.64,72.23,175.85,0.7305,-1,-1,-1
953,65,962.62,214.23,80.72,144.27,0.7254,-1,-1,-1
953,67,670.38,435.75,99.46,125.18,0.6739,-1,-1,-1
953,62,993.06,550.15,62.17,160.59,0.5726,-1,-1,-1
953,72,151.35,590.68,63.02,85.08,0.5661,-1,-1,-1
954,68,778.74,176.00,80.44,144.25,0.9087,-1,-1,-1
954,66,814.02,308.46,75.62,164.45,0.9068,-1,-1,-1
954,73,881.61,256.55,101.98,164.90,0.8920,-1,-1,-1
954,69,603.80,460.68,129.91,159.33,0.8783,-1,-1,-1
954,67,657.25,433.72,117.05,127.87,0.7957,-1,-1,-1
954,65,961.48,211.76,83.69,147.28,0.7467,-1,-1,-1
954,16,1037.61,112.10,53.51,145.91,0.7168,-1,-1,-1
954,54,961.94,336.61,69.84,171.21,0.6948,-1,-1,-1
954,60,1009.37,315.48,62.81,160.40,0.6248,-1,-1,-1
954,72,156.54,590.24,62.67,84.77,0.5691,-1,-1,-1
955,68,782.21,178.45,81.36,146.04,0.9064,-1,-1,-1
955,73,880.50,259.37,97.89,166.60,0.8952,-1,-1,-1
955,66,817.69,311.58,77.23,165.90,0.8931,-1,-1,-1
955,69,591.77,457.51,139.55,161.75,0.8807,-1,-1,-1
955,67,650.91,430.67,127.78,131.26,0.7799,-1,-1,-1
955,65,957.50,211.02,89.27,148.55,0.7766,-1,-1,-1
955,16,1043.36,113.29,52.41,145.70,0.7242,-1,-1,-1
955,54,967.89,342.29,70.92,166.70,0.7005,-1,-1,-1
955,62,988.27,546.88,47.59,72.40,0.6304,-1,-1,-1
955,60,1014.09,315.38,59.67,150.69,0.5677,-1,-1,-1
956,66,821.40,313.64,78.53,165.73,0.8926,-1,-1,-1
956,69,588.83,456.40,137.28,162.79,0.8926,-1,-1,-1
956,73,880.49,263.17,96.86,168.85,0.8908,-1,-1,-1
956,68,787.21,180.73,81.45,146.41,0.8841,-1,-1,-1
956,67,644.70,426.98,133.20,135.13,0.8428,-1,-1,-1
956,54,973.26,344.89,105.62,165.74,0.8036,-1,-1,-1
956,65,963.43,210.98,85.19,149.23,0.7876,-1,-1,-1
956,16,1047.86,114.77,53.96,145.53,0.6678,-1,-1,-1
956,62,985.13,545.81,48.33,73.77,0.6394,-1,-1,-1
957,69,580.64,455.73,127.67,141.71,0.8795,-1,-1,-1
957,66,832.80,317.02,83.31,165.12,0.8608,-1,-1,-1
957,68,800.17,182.79,78.30,147.36,0.8472,-1,-1,-1
957,54,987.14,346.98,101.60,182.39,0.8356,-1,-1,-1
957,67,665.29,417.73,93.64,147.13,0.8061,-1,-1,-1
957,73,880.44,273.34,101.12,161.87,0.8004,-1,-1,-1
957,65,970.32,213.21,84.93,147.53,0.7544,-1,-1,-1
957,16,1061.22,120.13,54.00,142.34,0.7023,-1,-1,-1
957,62,975.76,545.63,56.21,74.24,0.5016,-1,-1,-1
958,69,582.73,454.39,110.15,139.42,0.8776,-1,-1,-1
958,68,804.28,183.84,78.25,146.61,0.8707,-1,-1,-1
958,66,840.33,318.98,83.24,163.47,0.8609,-1,-1,-1
958,54,995.97,352.33,97.98,183.37,0.8485,-1,-1,-1
958,67,642.03,413.04,135.23,152.34,0.8386,-1,-1,-1
958,73,886.08,278.55,95.40,146.59,0.8237,-1,-1,-1
958,65,969.93,215.07,88.58,149.40,0.8034,-1,-1,-1
958,16,1068.87,122.41,53.24,141.11,0.7528,-1,-1,-1
958,62,956.50,544.68,75.62,75.71,0.6901,-1,-1,-1
958,60,958.52,325.60,73.64,152.91,0.5903,-1,-1,-1
959,69,586.54,453.09,90.58,140.99,0.9089,-1,-1,-1
959,67,644.81,408.34,119.93,156.98,0.9019,-1,-1,-1
959,54,1004.76,354.98,91.67,186.48,0.8845,-1,-1,-1
959,68,810.95,183.95,76.55,147.66,0.8754,-1,-1,-1
959,66,846.89,320.20,80.39,163.45,0.8455,-1,-1,-1
959,60,943.30,309.89,88.33,170.64,0.8345,-1,-1,-1
959,73,888.81,283.89,89.61,142.19,0.7875,-1,-1,-1
959,16,1075.94,123.89,54.37,141.61,0.7722,-1,-1,-1
959,65,996.90,218.02,64.16,105.61,0.7377,-1,-1,-1
959,62,954.71,545.03,77.60,75.13,0.7129,-1,-1,-1
959,72,196.30,592.91,58.46,91.33,0.5351,-1,-1,-1
960,54,1013.43,359.54,82.59,188.02,0.8891,-1,-1,-1
960,69,594.38,452.25,97.25,144.82,0.8828,-1,-1,-1
960,68,817.67,184.42,75.32,147.34,0.8788,-1,-1,-1
960,67,649.36,403.85,110.20,157.68,0.8761,-1,-1,-1
960,60,934.22,310.69,94.37,170.48,0.8506,-1,-1,-1
960,66,853.74,322.56,80.58,161.88,0.8499,-1,-1,-1
960,16,1084.21,125.23,52.98,140.73,0.7931,-1,-1,-1
960,65,997.75,222.76,67.45,118.20,0.7843,-1,-1,-1
960,73,891.23,288.00,80.00,136.54,0.7528,-1,-1,-1
960,62,954.93,546.30,76.50,73.84,0.6823,-1,-1,-1
961,68,823.48,185.51,75.21,147.76,0.9104,-1,-1,-1
961,67,651.30,401.27,112.30,160.24,0.8909,-1,-1,-1
961,66,861.12,322.26,70.09,166.26,0.8813,-1,-1,-1
961,54,1020.51,363.93,79.34,187.30,0.8610,-1,-1,-1
961,60,930.93,312.17,98.44,170.10,0.8388,-1,-1,-1
961,69,598.99,450.63,87.74,147.99,0.8387,-1,-1,-1
961,65,999.46,226.80,71.26,120.32,0.8100,-1,-1,-1
961,16,1089.32,124.91,56.02,142.04,0.7880,-1,-1,-1
961,73,895.94,291.31,74.16,150.30,0.7700,-1,-1,-1
961,62,955.39,547.36,76.01,73.02,0.7049,-1,-1,-1
962,69,596.34,440.02,88.52,158.26,0.8988,-1,-1,-1
962,68,833.89,188.05,76.82,146.46,0.8879,-1,-1,-1
962,66,868.76,334.25,74.82,167.92,0.8855,-1,-1,-1
962,60,937.48,316.29,107.62,170.95,0.8681,-1,-1,-1
962,54,1030.49,372.79,79.94,183.10,0.8527,-1,-1,-1
962,16,1093.35,127.35,67.73,142.21,0.8379,-1,-1,-1
962,65,1011.72,230.39,69.50,115.59,0.8370,-1,-1,-1
962,67,651.80,400.95,120.29,153.44,0.7741,-1,-1,-1
962,62,974.49,547.53,52.22,72.49,0.6409,-1,-1,-1
962,73,909.31,292.66,51.17,111.95,0.5634,-1,-1,-1
963,66,871.46,339.08,77.35,171.15,0.9072,-1,-1,-1
963,68,836.19,191.14,78.26,145.98,0.8995,-1,-1,-1
963,60,943.93,317.87,91.49,169.90,0.8837,-1,-1,-1
963,69,591.12,444.80,96.90,154.57,0.8674,-1,-1,-1
963,16,1096.91,129.68,71.33,141.44,0.8355,-1,-1,-1
963,54,1037.23,377.71,79.96,179.52,0.8333,-1,-1,-1
963,65,1017.02,229.07,71.45,121.57,0.7995,-1,-1,-1
963,67,633.48,403.49,136.35,152.55,0.7831,-1,-1,-1
963,73,893.67,293.21,64.61,155.71,0.6429,-1,-1,-1
963,62,975.21,547.26,47.89,73.08,0.5906,-1,-1,-1
964,66,874.68,348.74,82.33,169.52,0.9152,-1,-1,-1
964,69,592.43,440.13,93.61,159.05,0.8980,-1,-1,-1
964,68,831.84,194.34,86.35,146.70,0.8645,-1,-1,-1
964,60,947.97,318.52,77.97,171.87,0.8575,-1,-1,-1
964,54,1045.53,381.34,79.41,177.39,0.8463,-1,-1,-1
964,16,1102.02,130.01,73.77,142.00,0.8277,-1,-1,-1
964,65,1025.76,227.45,70.81,123.60,0.8042,-1,-1,-1
964,67,654.17,406.38,112.62,150.85,0.6532,-1,-1,-1
964,62,975.06,546.43,45.13,73.45,0.6519,-1,-1,-1
965,66,881.25,356.21,85.03,163.83,0.8886,-1,-1,-1
965,68,834.02,197.98,87.33,147.34,0.8767,-1,-1,-1
965,69,595.93,438.59,90.85,162.46,0.8703,-1,-1,-1
965,60,952.89,318.22,61.35,170.49,0.8400,-1,-1,-1
965,16,1109.10,131.91,73.97,142.16,0.8392,-1,-1,-1
965,54,1067.01,386.25,68.41,175.76,0.8198,-1,-1,-1
965,65,1027.63,225.55,75.48,142.51,0.8164,-1,-1,-1
965,73,870.34,293.52,85.56,131.19,0.7931,-1,-1,-1
965,67,655.32,408.84,111.17,149.03,0.6262,-1,-1,-1
965,62,975.50,545.77,42.13,74.08,0.6189,-1,-1,-1
966,66,887.56,363.54,89.43,159.76,0.8900,-1,-1,-1
966,68,833.00,201.97,89.97,143.83,0.8707,-1,-1,-1
966,65,1034.06,224.05,80.46,145.13,0.8579,-1,-1,-1
966,69,598.77,439.09,102.71,163.26,0.8457,-1,-1,-1
966,16,1116.53,132.99,73.72,142.22,0.8363,-1,-1,-1
966,54,1077.25,390.37,65.56,175.89,0.8341,-1,-1,-1
966,73,874.83,293.42,81.31,131.39,0.8341,-1,-1,-1
966,60,958.65,316.86,48.98,172.29,0.7974,-1,-1,-1
966,62,975.57,545.52,40.96,74.03,0.6467,-1,-1,-1
966,-1,596.25,412.03,155.81,145.03,0.5452,-1,-1,-1
966,67,650.06,411.84,101.55,146.76,0.5271,-1,-1,-1
967,69,602.04,414.58,122.73,189.63,0.9162,-1,-1,-1
967,68,842.39,208.12,83.36,138.71,0.9083,-1,-1,-1
967,65,1045.61,222.95,81.14,147.83,0.9061,-1,-1,-1
967,54,1090.24,400.91,71.69,174.04,0.8770,-1,-1,-1
967,73,884.47,291.54,73.31,135.35,0.8664,-1,-1,-1
967,16,1129.13,132.00,73.58,143.26,0.8572,-1,-1,-1
967,66,897.22,376.81,92.57,155.55,0.8459,-1,-1,-1
967,60,957.06,313.49,50.18,176.38,0.7014,-1,-1,-1
967,62,973.14,545.80,40.81,73.89,0.6469,-1,-1,-1
968,69,611.55,416.78,113.55,188.00,0.9218,-1,-1,-1
968,54,1090.39,406.31,81.49,181.17,0.9116,-1,-1,-1
968,65,1050.10,222.41,84.89,148.98,0.9106,-1,-1,-1
968,73,889.13,289.13,68.03,138.87,0.8834,-1,-1,-1
968,68,846.19,208.74,80.99,138.74,0.8768,-1,-1,-1
968,16,1134.15,130.48,74.50,145.10,0.8645,-1,-1,-1
968,66,900.71,381.47,91.74,157.06,0.7823,-1,-1,-1
968,60,946.17,313.30,66.05,158.37,0.7379,-1,-1,-1
968,62,970.48,547.25,41.44,72.72,0.6132,-1,-1,-1
968,-1,404.97,251.92,77.59,106.17,0.5238,-1,-1,-1
969,65,1053.23,223.17,89.61,148.82,0.9284,-1,-1,-1
969,54,1093.80,409.95,85.15,188.42,0.9180,-1,-1,-1
969,69,611.89,418.63,117.13,185.69,0.8988,-1,-1,-1
969,73,891.02,285.44,66.92,144.26,0.8812,-1,-1,-1
969,68,848.72,207.11,79.95,140.85,0.8704,-1,-1,-1
969,16,1138.56,128.52,73.89,148.11,0.8604,-1,-1,-1
969,66,903.65,388.12,98.93,160.48,0.8523,-1,-1,-1
969,60,935.35,313.62,89.72,143.65,0.7374,-1,-1,-1
969,62,961.43,548.84,47.18,71.39,0.5911,-1,-1,-1
970,65,1055.08,224.04,93.65,148.44,0.9223,-1,-1,-1
970,54,1094.86,414.28,87.69,193.59,0.8939,-1,-1,-1
970,69,617.08,414.56,113.52,190.51,0.8800,-1,-1,-1
970,68,850.38,204.34,78.93,144.54,0.8789,-1,-1,-1
970,16,1141.07,128.12,74.43,147.75,0.8699,-1,-1,-1
970,73,892.03,282.16,64.71,146.69,0.8477,-1,-1,-1
970,66,907.56,390.89,127.66,166.81,0.8047,-1,-1,-1
970,60,892.23,315.59,105.96,177.38,0.7885,-1,-1,-1
970,62,952.17,552.15,51.50,67.70,0.5396,-1,-1,-1
970,-1,406.55,246.61,76.52,112.21,0.5033,-1,-1,-1
971,65,1056.43,226.08,99.02,147.83,0.9235,-1,-1,-1
971,54,1096.14,417.54,90.34,196.15,0.8942,-1,-1,-1
971,60,884.59,317.53,113.59,174.95,0.8775,-1,-1,-1
971,66,908.66,391.97,131.92,166.03,0.8759,-1,-1,-1
971,68,852.63,200.40,77.40,148.52,0.8687,-1,-1,-1
971,69,615.47,411.03,115.02,194.50,0.8632,-1,-1,-1
971,16,1141.55,127.82,75.02,148.14,0.8498,-1,-1,-1
971,73,891.11,279.93,62.87,150.60,0.8427,-1,-1,-1
971,62,940.47,554.35,57.03,66.01,0.5548,-1,-1,-1
971,-1,404.79,254.27,77.61,105.02,0.5142,-1,-1,-1
972,65,1056.41,228.29,110.46,149.58,0.9110,-1,-1,-1
972,60,883.43,317.86,108.31,176.52,0.9039,-1,-1,-1
972,54,1092.67,424.69,99.66,192.55,0.8915,-1,-1,-1
972,66,919.36,396.79,118.25,163.69,0.8674,-1,-1,-1
972,69,617.07,425.15,108.14,182.37,0.8657,-1,-1,-1
972,16,1143.10,126.20,74.41,150.57,0.8047,-1,-1,-1
972,68,856.44,197.47,75.34,152.28,0.7973,-1,-1,-1
972,73,872.50,276.85,68.14,154.66,0.7362,-1,-1,-1
972,-1,600.23,401.83,101.10,143.20,0.6345,-1,-1,-1
972,62,932.57,555.21,51.33,64.29,0.5398,-1,-1,-1
973,65,1055.58,229.52,116.11,149.21,0.9114,-1,-1,-1
973,60,881.28,317.83,104.52,177.67,0.8895,-1,-1,-1
973,54,1095.37,426.97,93.49,191.82,0.8883,-1,-1,-1
973,66,924.92,400.03,104.44,161.13,0.8650,-1,-1,-1
973,69,614.57,425.56,88.21,184.00,0.8338,-1,-1,-1
973,16,1144.55,125.81,72.77,151.04,0.8115,-1,-1,-1
973,73,868.05,277.11,66.47,155.62,0.6871,-1,-1,-1
973,68,860.29,196.11,73.87,151.99,0.5453,-1,-1,-1
973,62,926.49,554.75,50.58,64.71,0.5233,-1,-1,-1
974,54,1101.69,430.45,85.38,188.13,0.8663,-1,-1,-1
974,60,871.35,311.06,86.85,183.99,0.8616,-1,-1,-1
974,69,610.41,429.96,90.51,183.72,0.8258,-1,-1,-1
974,16,1144.91,124.83,71.42,154.33,0.7355,-1,-1,-1
974,66,932.19,405.71,94.34,156.60,0.6690,-1,-1,-1
974,65,1070.06,231.26,103.36,127.67,0.5515,-1,-1,-1
974,62,926.15,556.03,42.99,63.19,0.5038,-1,-1,-1
975,65,1053.68,230.04,126.74,148.46,0.9250,-1,-1,-1
975,54,1100.32,431.71,88.11,188.26,0.8893,-1,-1,-1
975,60,860.37,312.90,89.91,183.89,0.8786,-1,-1,-1
975,69,606.15,432.47,90.27,181.33,0.8615,-1,-1,-1
975,66,935.18,407.95,88.88,159.41,0.8586,-1,-1,-1
975,16,1147.50,125.15,69.15,153.40,0.8451,-1,-1,-1
975,68,877.10,196.90,57.87,114.67,0.6380,-1,-1,-1
976,65,1053.06,230.30,128.97,151.39,0.9249,-1,-1,-1
976,60,853.64,312.59,85.21,184.27,0.9056,-1,-1,-1
976,54,1100.45,432.50,88.76,188.16,0.8988,-1,-1,-1
976,66,933.58,412.10,94.49,155.35,0.8869,-1,-1,-1
976,68,874.99,199.08,74.36,136.85,0.8470,-1,-1,-1
976,16,1145.68,125.99,69.27,152.61,0.8384,-1,-1,-1
976,69,602.52,435.37,90.58,178.77,0.8221,-1,-1,-1
977,60,811.75,314.87,106.79,183.73,0.9175,-1,-1,-1
977,66,928.16,418.24,125.64,148.43,0.9150,-1,-1,-1
977,65,1056.40,230.65,125.25,149.91,0.9148,-1,-1,-1
977,54,1102.16,433.78,86.68,187.08,0.8872,-1,-1,-1
977,68,870.36,202.44,77.43,133.75,0.8488,-1,-1,-1
977,16,1139.81,126.83,67.54,151.88,0.8400,-1,-1,-1
977,69,592.74,463.06,81.96,149.97,0.8298,-1,-1,-1
977,67,616.53,400.16,97.44,169.01,0.6324,-1,-1,-1
977,62,897.73,549.76,45.99,69.68,0.5050,-1,-1,-1
978,66,923.10,420.19,135.05,146.05,0.9274,-1,-1,-1
978,65,1059.87,231.22,120.08,152.40,0.9217,-1,-1,-1
978,54,1101.99,434.18,86.15,186.27,0.9068,-1,-1,-1
978,60,794.75,315.52,115.01,184.58,0.9065,-1,-1,-1
978,68,870.64,202.78,73.41,135.35,0.8728,-1,-1,-1
978,16,1137.34,126.24,65.70,153.60,0.8474,-1,-1,-1
978,69,588.71,442.30,89.51,170.23,0.8051,-1,-1,-1
978,67,607.38,402.61,115.13,167.09,0.7498,-1,-1,-1
978,62,887.50,548.11,49.41,71.08,0.5994,-1,-1,-1
979,65,1062.62,231.27,115.20,155.50,0.9222,-1,-1,-1
979,66,921.83,422.77,134.17,143.27,0.9221,-1,-1,-1
979,54,1100.80,435.30,86.39,187.08,0.9170,-1,-1,-1
979,60,778.73,317.95,120.59,181.95,0.8972,-1,-1,-1
979,68,866.26,202.98,73.37,134.64,0.8607,-1,-1,-1
979,16,1134.30,126.22,65.44,152.98,0.8578,-1,-1,-1
979,67,597.63,405.08,127.98,165.08,0.8419,-1,-1,-1
979,69,585.58,441.15,85.53,171.14,0.8304,-1,-1,-1
979,62,877.85,547.60,51.06,71.73,0.5565,-1,-1,-1
980,65,1065.67,231.54,109.08,160.39,0.9261,-1,-1,-1
980,54,1101.12,437.77,84.98,192.14,0.9159,-1,-1,-1
980,60,772.00,298.11,119.71,201.63,0.9005,-1,-1,-1
980,66,924.77,426.15,127.96,141.12,0.8976,-1,-1,-1
980,67,588.58,407.44,137.11,164.33,0.8906,-1,-1,-1
980,68,863.95,201.54,72.39,136.61,0.8707,-1,-1,-1
980,16,1132.06,127.26,63.53,151.67,0.8396,-1,-1,-1
980,69,580.28,448.40,78.54,163.74,0.7775,-1,-1,-1
980,62,867.84,546.88,54.08,72.69,0.5607,-1,-1,-1
981,65,1068.46,233.33,102.90,163.01,0.9159,-1,-1,-1
981,54,1099.53,441.55,86.38,197.00,0.9120,-1,-1,-1
981,66,934.45,430.03,113.49,140.58,0.8753,-1,-1,-1
981,67,581.44,410.04,141.67,161.73,0.8752,-1,-1,-1
981,68,861.22,198.84,73.11,136.83,0.8616,-1,-1,-1
981,60,766.84,312.68,117.84,186.74,0.8465,-1,-1,-1
981,16,1129.96,127.45,60.74,150.55,0.8137,-1,-1,-1
981,69,575.03,439.65,82.17,173.91,0.7444,-1,-1,-1
981,-1,594.77,127.47,57.95,141.60,0.5059,-1,-1,-1
982,54,1095.78,448.42,96.94,204.47,0.9101,-1,-1,-1
982,66,951.78,437.53,113.86,147.46,0.9059,-1,-1,-1
982,65,1067.70,236.92,97.79,167.59,0.9001,-1,-1,-1
982,67,577.85,413.13,136.95,157.17,0.8927,-1,-1,-1
982,60,755.69,301.51,114.05,196.17,0.8695,-1,-1,-1
982,68,847.21,192.12,81.52,142.36,0.8655,-1,-1,-1
982,69,567.03,437.88,85.70,177.23,0.8263,-1,-1,-1
982,16,1121.51,126.08,63.86,150.47,0.7846,-1,-1,-1
982,62,817.51,545.11,82.12,74.67,0.5411,-1,-1,-1
982,-1,355.87,247.12,77.54,115.44,0.5045,-1,-1,-1
983,54,1091.32,451.45,104.21,206.67,0.9058,-1,-1,-1
983,66,959.78,439.75,113.08,152.42,0.8959,-1,-1,-1
983,68,847.31,188.39,78.97,142.72,0.8869,-1,-1,-1
983,60,751.94,304.01,110.34,191.54,0.8805,-1,-1,-1
983,65,1064.28,238.39,98.23,162.74,0.8715,-1,-1,-1
983,69,560.08,437.99,86.60,175.69,0.8658,-1,-1,-1
983,67,577.32,413.64,132.84,155.86,0.8438,-1,-1,-1
983,16,1117.85,123.69,64.92,151.58,0.7574,-1,-1,-1
983,62,812.39,544.32,78.93,75.39,0.5460,-1,-1,-1
983,-1,573.66,124.38,59.71,139.85,0.5014,-1,-1,-1
984,66,966.48,441.15,110.44,157.59,0.8950,-1,-1,-1
984,54,1092.17,453.21,103.63,210.54,0.8899,-1,-1,-1
984,69,555.73,438.11,91.78,175.30,0.8869,-1,-1,-1
984,68,846.46,184.77,75.52,148.81,0.8766,-1,-1,-1
984,60,746.53,306.00,110.40,188.75,0.8697,-1,-1,-1
984,65,1058.72,239.53,100.24,161.47,0.8443,-1,-1,-1
984,67,581.67,414.67,124.19,154.11,0.7970,-1,-1,-1
984,16,1114.07,121.67,67.02,151.19,0.7384,-1,-1,-1
984,-1,570.21,123.59,56.73,140.14,0.5373,-1,-1,-1
984,62,804.68,542.70,77.07,175.91,0.5186,-1,-1,-1
985,54,1104.71,457.07,91.58,206.76,0.9024,-1,-1,-1
985,66,967.11,442.40,109.24,161.32,0.8971,-1,-1,-1
985,69,550.51,437.29,96.12,174.47,0.8944,-1,-1,-1
985,68,838.15,182.30,78.25,151.37,0.8898,-1,-1,-1
985,65,1054.76,240.22,100.38,145.47,0.8836,-1,-1,-1
985,60,741.63,315.89,101.69,177.86,0.8742,-1,-1,-1
985,67,580.07,416.10,120.67,151.77,0.8579,-1,-1,-1
985,16,1112.31,119.89,66.11,152.41,0.8058,-1,-1,-1
985,62,799.31,541.44,73.33,78.02,0.6846,-1,-1,-1
985,74,565.58,134.81,52.77,131.13,0.5310,-1,-1,-1
985,-1,191.53,610.52,64.47,88.49,0.5259,-1,-1,-1
986,68,834.58,180.30,75.92,153.16,0.8979,-1,-1,-1
986,66,966.28,443.36,105.82,163.85,0.8719,-1,-1,-1
986,65,1051.11,242.68,101.27,137.76,0.8715,-1,-1,-1
986,54,1074.71,440.73,120.45,223.28,0.8596,-1,-1,-1
986,60,737.09,315.06,99.85,177.59,0.8543,-1,-1,-1
986,67,584.97,416.24,110.02,151.51,0.8399,-1,-1,-1
986,69,544.16,436.03,96.07,174.73,0.8315,-1,-1,-1
986,16,1110.46,119.16,64.28,153.02,0.7789,-1,-1,-1
986,62,790.08,539.94,72.41,79.75,0.6298,-1,-1,-1
987,54,1092.99,459.86,91.91,201.21,0.8937,-1,-1,-1
987,68,829.56,178.94,68.51,150.07,0.8865,-1,-1,-1
987,65,1044.99,245.03,100.36,112.45,0.8489,-1,-1,-1
987,67,602.70,411.71,82.50,154.87,0.8414,-1,-1,-1
987,66,964.91,447.56,93.33,164.67,0.8381,-1,-1,-1
987,69,533.75,433.27,91.67,177.38,0.8346,-1,-1,-1
987,60,720.94,307.66,148.23,183.75,0.7846,-1,-1,-1
987,16,1102.36,116.23,67.36,154.91,0.7240,-1,-1,-1
987,62,770.82,536.93,73.66,82.96,0.6460,-1,-1,-1
987,-1,177.02,610.00,65.72,87.37,0.5457,-1,-1,-1
988,68,826.55,179.57,66.26,149.15,0.8807,-1,-1,-1
988,60,714.98,305.03,150.96,186.26,0.8787,-1,-1,-1
988,54,1089.17,459.04,89.51,200.08,0.8766,-1,-1,-1
988,69,529.86,431.50,109.38,177.99,0.8648,-1,-1,-1
988,67,594.37,407.89,85.44,157.64,0.8329,-1,-1,-1
988,65,1043.42,244.56,95.94,128.93,0.8210,-1,-1,-1
988,66,963.67,447.91,86.54,163.91,0.7718,-1,-1,-1
988,16,1097.75,112.67,69.59,158.46,0.6972,-1,-1,-1
988,62,762.49,534.55,74.12,85.31,0.6277,-1,-1,-1
988,-1,172.97,608.69,63.63,87.45,0.5363,-1,-1,-1
989,68,822.09,180.21,68.61,147.12,0.8874,-1,-1,-1
989,54,1087.29,457.51,83.46,200.09,0.8822,-1,-1,-1
989,65,1042.29,243.90,93.15,138.13,0.8617,-1,-1,-1
989,66,962.53,447.87,86.27,162.25,0.8269,-1,-1,-1
989,67,589.79,405.80,84.99,158.27,0.7906,-1,-1,-1
989,69,527.27,430.13,112.99,178.27,0.7904,-1,-1,-1
989,16,1093.65,113.07,74.53,157.09,0.7470,-1,-1,-1
989,60,700.81,305.99,125.30,183.81,0.6033,-1,-1,-1
989,75,168.77,608.31,63.93,86.69,0.5320,-1,-1,-1
989,62,748.64,532.39,78.85,87.51,0.5201,-1,-1,-1
990,68,815.34,180.97,75.76,146.04,0.9032,-1,-1,-1
990,54,1086.15,455.54,79.90,200.03,0.8950,-1,-1,-1
990,69,524.64,428.94,124.45,177.91,0.8699,-1,-1,-1
990,65,1042.21,243.13,88.71,146.18,0.8563,-1,-1,-1
990,66,960.02,446.41,87.22,161.65,0.8346,-1,-1,-1
990,16,1087.24,112.40,83.14,155.70,0.8043,-1,-1,-1
990,67,586.03,404.17,80.46,158.13,0.7914,-1,-1,-1
990,60,690.40,319.42,116.82,169.56,0.6319,-1,-1,-1
990,62,728.93,529.28,91.38,175.35,0.5112,-1,-1,-1
991,68,809.03,181.20,82.44,145.39,0.9127,-1,-1,-1
991,54,1085.24,452.94,75.24,201.47,0.8673,-1,-1,-1
991,69,520.89,427.90,125.72,177.29,0.8416,-1,-1,-1
991,67,581.01,402.95,79.34,160.15,0.8147,-1,-1,-1
991,65,1044.51,241.10,82.08,134.99,0.7907,-1,-1,-1
991,66,953.68,445.45,88.06,161.42,0.7779,-1,-1,-1
991,16,1081.97,110.50,90.30,156.29,0.7645,-1,-1,-1
991,60,679.82,313.23,124.78,174.97,0.7504,-1,-1,-1
991,62,707.15,526.84,104.17,93.37,0.6090,-1,-1,-1
991,75,160.11,606.77,64.33,87.21,0.5554,-1,-1,-1
992,68,797.59,181.50,86.75,143.87,0.8941,-1,-1,-1
992,60,668.54,322.87,119.67,167.41,0.8836,-1,-1,-1
992,66,941.58,449.07,86.48,164.10,0.8739,-1,-1,-1
992,67,567.84,404.48,79.42,172.19,0.8510,-1,-1,-1
992,65,1041.71,246.33,78.45,147.25,0.8144,-1,-1,-1
992,69,512.94,427.12,77.17,175.99,0.8030,-1,-1,-1
992,54,1055.68,422.28,97.30,236.91,0.7957,-1,-1,-1
992,16,1067.58,108.98,104.93,148.28,0.7038,-1,-1,-1
992,62,679.51,523.66,115.89,96.49,0.6323,-1,-1,-1
993,66,930.76,450.91,93.00,163.20,0.9167,-1,-1,-1
993,68,791.12,181.83,87.24,144.13,0.9166,-1,-1,-1
993,60,664.99,326.13,115.51,169.74,0.8936,-1,-1,-1
993,67,562.63,407.70,76.59,176.56,0.8596,-1,-1,-1
993,54,1075.55,457.27,77.13,205.74,0.8582,-1,-1,-1
993,69,510.31,427.80,78.05,174.65,0.8096,-1,-1,-1
993,65,1029.46,246.80,91.29,151.53,0.8087,-1,-1,-1
993,62,670.93,522.53,116.35,98.02,0.7409,-1,-1,-1
993,16,1060.34,108.97,107.25,141.51,0.6810,-1,-1,-1
993,75,147.18,603.67,64.61,86.32,0.5212,-1,-1,-1
994,68,785.54,182.05,85.62,143.89,0.9101,-1,-1,-1
994,66,920.46,453.55,104.18,159.69,0.8980,-1,-1,-1
994,60,657.34,328.03,116.71,171.89,0.8746,-1,-1,-1
994,54,1069.21,460.12,80.88,207.33,0.8567,-1,-1,-1
994,65,1019.57,249.29,107.40,156.70,0.8446,-1,-1,-1
994,67,561.07,413.06,68.58,177.20,0.8140,-1,-1,-1
994,69,506.46,428.36,84.26,173.18,0.7653,-1,-1,-1
994,16,1053.86,109.67,111.10,142.05,0.7104,-1,-1,-1
994,62,663.52,520.59,114.31,99.59,0.6429,-1,-1,-1
994,-1,1228.34,110.33,51.49,150.43,0.5553,-1,-1,-1
994,-1,287.61,254.55,78.20,103.08,0.5097,-1,-1,-1
994,75,142.81,603.51,65.75,84.45,0.5076,-1,-1,-1
995,66,912.95,455.25,108.79,157.30,0.9208,-1,-1,-1
995,68,779.61,181.74,85.24,144.24,0.9151,-1,-1,-1
995,60,650.97,329.96,116.29,169.94,0.9031,-1,-1,-1
995,65,1006.05,253.19,120.91,158.75,0.8938,-1,-1,-1
995,54,1064.90,462.90,84.49,208.76,0.8772,-1,-1,-1
995,69,503.35,429.32,77.38,171.84,0.8271,-1,-1,-1
995,67,556.05,418.85,64.12,178.92,0.8225,-1,-1,-1
995,62,655.03,520.35,115.36,100.01,0.7372,-1,-1,-1
995,16,1044.69,109.62,108.21,146.35,0.6927,-1,-1,-1
995,-1,1219.97,113.26,59.34,148.28,0.6146,-1,-1,-1
996,66,907.94,458.53,108.09,152.67,0.9110,-1,-1,-1
996,68,774.38,181.52,86.00,145.13,0.9095,-1,-1,-1
996,54,1058.48,466.75,87.72,208.09,0.8629,-1,-1,-1
996,65,1001.41,255.09,120.39,154.63,0.8617,-1,-1,-1
996,69,502.31,430.10,68.57,169.97,0.8448,-1,-1,-1
996,67,549.01,424.19,66.76,174.88,0.8153,-1,-1,-1
996,62,646.07,519.99,115.02,100.32,0.7417,-1,-1,-1
996,60,645.76,328.80,114.51,170.03,0.6820,-1,-1,-1
996,76,1209.82,112.85,64.01,147.79,0.6465,-1,-1,-1
996,16,1038.40,109.80,102.20,147.38,0.5973,-1,-1,-1
996,75,134.38,602.43,64.74,85.82,0.5315,-1,-1,-1
996,-1,693.97,311.01,65.32,168.94,0.5283,-1,-1,-1
997,68,769.56,179.54,83.29,145.93,0.9104,-1,-1,-1
997,66,905.13,459.65,95.86,148.90,0.8996,-1,-1,-1
997,54,1038.97,463.51,101.03,214.26,0.8836,-1,-1,-1
997,65,991.05,256.11,116.33,153.69,0.8742,-1,-1,-1
997,69,496.79,432.44,75.45,169.66,0.8200,-1,-1,-1
997,67,538.04,433.77,68.14,164.07,0.8028,-1,-1,-1
997,62,626.15,519.47,117.39,101.06,0.7377,-1,-1,-1
997,60,628.22,329.08,119.19,168.86,0.7374,-1,-1,-1
997,16,1024.16,109.06,59.90,150.95,0.6886,-1,-1,-1
997,76,1191.33,113.47,60.49,143.98,0.6832,-1,-1,-1
997,-1,682.04,311.55,63.78,165.09,0.6605,-1,-1,-1
997,75,127.18,601.35,64.26,85.46,0.5609,-1,-1,-1
998,68,767.60,177.82,81.07,145.14,0.9222,-1,-1,-1
998,66,904.81,461.05,93.31,147.22,0.9078,-1,-1,-1
998,54,1029.89,471.11,105.58,207.08,0.9038,-1,-1,-1
998,65,990.84,256.61,113.34,151.99,0.8931,-1,-1,-1
998,60,620.82,329.02,117.49,168.97,0.8810,-1,-1,-1
998,69,493.55,433.29,67.75,174.83,0.8335,-1,-1,-1
998,67,532.49,435.41,71.80,161.28,0.7865,-1,-1,-1
998,62,617.35,519.58,117.62,101.48,0.7319,-1,-1,-1
998,77,678.43,312.96,56.70,148.54,0.7014,-1,-1,-1
998,76,1183.46,115.59,60.02,139.03,0.6578,-1,-1,-1
998,16,1016.63,107.92,80.97,154.02,0.6114,-1,-1,-1
998,75,123.32,600.93,62.87,83.94,0.5388,-1,-1,-1
999,68,766.53,176.60,77.86,143.53,0.9072,-1,-1,-1
999,65,991.15,257.34,110.37,152.70,0.8949,-1,-1,-1
999,60,610.88,327.34,113.66,171.02,0.8826,-1,-1,-1
999,66,911.01,462.48,86.94,144.31,0.8781,-1,-1,-1
999,54,1024.46,478.73,106.72,202.64,0.8664,-1,-1,-1
999,69,483.87,434.50,68.38,174.94,0.8621,-1,-1,-1
999,67,529.50,435.05,63.86,161.44,0.8039,-1,-1,-1
999,62,607.88,519.04,117.92,102.11,0.7466,-1,-1,-1
999,77,668.89,316.72,57.33,143.77,0.7019,-1,-1,-1
999,76,1174.42,116.28,60.87,136.49,0.6872,-1,-1,-1
999,16,1008.23,107.60,87.97,151.24,0.6412,-1,-1,-1
1000,68,764.97,175.67,73.94,142.29,0.9031,-1,-1,-1
1000,65,993.24,257.67,107.92,152.29,0.8954,-1,-1,-1
1000,66,916.68,464.32,82.92,144.08,0.8930,-1,-1,-1
1000,69,476.13,435.78,70.41,176.04,0.8838,-1,-1,-1
1000,54,1028.43,482.78,97.63,202.57,0.8777,-1,-1,-1
1000,60,607.30,326.40,102.54,171.52,0.8658,-1,-1,-1
1000,67,523.09,434.27,66.52,161.66,0.8010,-1,-1,-1
1000,62,598.75,519.82,117.30,100.91,0.7405,-1,-1,-1
1000,77,664.47,317.23,57.49,144.16,0.6676,-1,-1,-1
1000,76,1166.60,116.07,60.30,135.89,0.6398,-1,-1,-1
1000,16,1002.80,106.32,78.21,149.94,0.6372,-1,-1,-1
1001,68,762.02,174.75,70.33,141.62,0.9064,-1,-1,-1
1001,60,603.25,324.70,92.69,172.18,0.8859,-1,-1,-1
1001,65,995.88,257.88,103.68,152.61,0.8504,-1,-1,-1
1001,66,923.29,464.40,80.81,150.60,0.8363,-1,-1,-1
1001,54,1016.92,485.67,102.15,204.52,0.8262,-1,-1,-1
1001,69,470.13,436.65,66.33,177.49,0.8210,-1,-1,-1
1001,67,504.26,432.62,84.38,163.09,0.8039,-1,-1,-1
1001,62,587.84,519.22,119.55,101.98,0.7707,-1,-1,-1
1001,77,657.98,318.45,60.25,147.96,0.6903,-1,-1,-1
1001,16,997.05,106.59,82.85,147.38,0.6666,-1,-1,-1
1001,76,1158.77,116.34,62.29,135.85,0.6351,-1,-1,-1
1002,68,755.40,176.52,65.60,139.13,0.8952,-1,-1,-1
1002,54,1029.42,493.20,82.14,198.67,0.8702,-1,-1,-1
1002,66,932.42,466.31,76.69,153.67,0.8681,-1,-1,-1
1002,60,594.98,321.78,73.17,176.50,0.8587,-1,-1,-1
1002,65,1002.93,258.37,86.02,157.23,0.8526,-1,-1,-1
1002,67,491.59,428.38,88.66,166.54,0.8377,-1,-1,-1
1002,69,459.38,437.17,63.18,180.14,0.8120,-1,-1,-1
1002,77,647.12,319.44,64.81,157.99,0.7541,-1,-1,-1
1002,62,579.34,517.80,110.74,103.61,0.7460,-1,-1,-1
1002,76,1144.97,116.57,60.74,135.65,0.6887,-1,-1,-1
1002,16,986.68,107.16,72.66,145.17,0.6822,-1,-1,-1
1002,-1,1228.26,274.23,51.55,137.88,0.6499,-1,-1,-1
1002,75,98.02,600.80,63.15,83.28,0.5034,-1,-1,-1
1003,54,1032.11,497.46,76.69,193.70,0.8931,-1,-1,-1
1003,68,750.86,177.40,64.69,138.09,0.8838,-1,-1,-1
1003,66,930.04,469.02,83.32,151.38,0.8651,-1,-1,-1
1003,77,640.60,320.57,68.13,162.84,0.8376,-1,-1,-1
1003,65,1008.13,258.95,77.43,159.48,0.8361,-1,-1,-1
1003,60,591.28,321.53,67.41,176.21,0.8262,-1,-1,-1
1003,67,484.93,427.17,90.66,167.22,0.8229,-1,-1,-1
1003,69,453.87,437.32,59.48,179.88,0.7886,-1,-1,-1
1003,62,578.23,517.00,102.84,106.29,0.7098,-1,-1,-1
1003,16,980.02,108.10,72.17,143.60,0.7027,-1,-1,-1
1003,-1,1220.68,274.39,59.55,141.56,0.6673,-1,-1,-1
1003,76,1139.06,117.40,60.90,134.45,0.6428,-1,-1,-1
1004,68,743.16,178.71,72.85,136.96,0.8893,-1,-1,-1
1004,54,1029.03,500.56,71.12,189.57,0.8641,-1,-1,-1
1004,66,929.12,471.57,89.81,147.95,0.8573,-1,-1,-1
1004,65,1010.34,259.32,70.75,164.05,0.8494,-1,-1,-1
1004,77,634.21,321.07,69.31,166.71,0.8441,-1,-1,-1
1004,69,447.12,436.92,62.95,179.92,0.8427,-1,-1,-1
1004,67,478.00,425.46,92.87,168.13,0.8298,-1,-1,-1
1004,60,584.35,320.34,62.49,183.41,0.8155,-1,-1,-1
1004,62,571.17,515.69,102.77,106.41,0.7944,-1,-1,-1
1004,16,973.99,106.19,70.10,145.80,0.6928,-1,-1,-1
1004,78,1214.73,274.46,65.26,140.41,0.6426,-1,-1,-1
1004,76,1131.40,117.04,58.30,134.53,0.6238,-1,-1,-1
1005,68,737.04,181.02,83.01,134.11,0.8865,-1,-1,-1
1005,66,928.35,474.54,96.09,145.23,0.8760,-1,-1,-1
1005,65,1007.88,260.55,66.98,164.56,0.8574,-1,-1,-1
1005,54,1023.66,502.14,70.24,187.16,0.8510,-1,-1,-1
1005,67,469.68,424.45,98.43,167.76,0.8465,-1,-1,-1
1005,69,440.24,436.92,59.87,179.74,0.8413,-1,-1,-1
1005,77,627.95,321.28,67.43,170.99,0.8234,-1,-1,-1
1005,62,566.56,514.37,99.12,107.24,0.8071,-1,-1,-1
1005,60,578.33,320.03,64.55,184.87,0.8009,-1,-1,-1
1005,16,967.57,105.90,70.38,146.02,0.7095,-1,-1,-1
1005,78,1207.50,274.29,71.84,139.45,0.7039,-1,-1,-1
1005,76,1122.68,117.10,58.88,133.95,0.5754,-1,-1,-1
1006,68,730.89,181.97,92.07,133.13,0.9068,-1,-1,-1
1006,66,921.64,475.98,105.37,144.07,0.8904,-1,-1,-1
1006,54,1018.83,503.14,68.90,184.42,0.8662,-1,-1,-1
1006,77,620.80,321.67,66.70,169.90,0.8659,-1,-1,-1
1006,67,464.19,423.27,100.10,166.76,0.8653,-1,-1,-1
1006,65,1004.28,261.50,66.98,162.95,0.8600,-1,-1,-1
1006,69,433.39,437.01,61.46,179.12,0.8485,-1,-1,-1
1006,60,573.87,319.52,60.60,184.94,0.8229,-1,-1,-1
1006,62,565.38,513.54,93.01,108.06,0.8130,-1,-1,-1
1006,16,962.46,106.13,69.48,145.42,0.7230,-1,-1,-1
1006,78,1199.89,266.80,77.44,146.88,0.6760,-1,-1,-1
1006,76,1114.90,116.90,59.20,133.48,0.6265,-1,-1,-1
1006,-1,392.76,183.38,52.60,146.01,0.5025,-1,-1,-1
1007,68,719.75,181.84,99.78,131.86,0.9136,-1,-1,-1
1007,66,916.68,479.72,108.38,139.52,0.8802,-1,-1,-1
1007,77,609.51,322.51,66.08,167.58,0.8783,-1,-1,-1
1007,67,455.13,420.25,96.49,164.01,0.8769,-1,-1,-1
1007,69,418.81,438.19,60.53,177.60,0.8355,-1,-1,-1
1007,65,995.58,263.19,66.73,164.71,0.8192,-1,-1,-1
1007,62,554.57,512.48,89.48,108.68,0.8135,-1,-1,-1
1007,60,553.73,319.19,69.02,186.17,0.8079,-1,-1,-1
1007,54,1009.27,501.53,66.42,183.00,0.8064,-1,-1,-1
1007,16,951.62,104.23,68.02,145.24,0.7866,-1,-1,-1
1007,78,1185.58,274.18,83.48,136.45,0.7661,-1,-1,-1
1007,76,1097.72,115.52,60.69,134.01,0.6298,-1,-1,-1
1008,68,715.72,180.92,98.56,132.26,0.9206,-1,-1,-1
1008,77,602.83,322.42,68.33,167.48,0.8893,-1,-1,-1
1008,67,453.24,419.04,94.16,163.50,0.8827,-1,-1,-1
1008,66,921.87,482.01,92.09,137.80,0.8774,-1,-1,-1
1008,69,412.56,438.41,57.14,177.26,0.8381,-1,-1,-1
1008,65,990.26,263.40,67.39,166.69,0.8351,-1,-1,-1
1008,62,553.35,510.12,84.34,110.34,0.8257,-1,-1,-1
1008,60,547.28,318.40,69.60,185.27,0.8214,-1,-1,-1
1008,78,1178.70,273.53,79.37,136.17,0.7962,-1,-1,-1
1008,54,1005.26,499.54,64.44,183.28,0.7919,-1,-1,-1
1008,16,948.02,104.89,65.10,143.53,0.7745,-1,-1,-1
1008,76,1088.94,114.09,61.57,134.39,0.5543,-1,-1,-1
1009,68,711.37,179.44,97.29,132.98,0.9120,-1,-1,-1
1009,77,598.97,322.05,66.82,167.11,0.8734,-1,-1,-1
1009,67,454.12,417.96,86.90,163.20,0.8690,-1,-1,-1
1009,60,540.12,316.97,72.81,187.56,0.8322,-1,-1,-1
1009,69,406.50,439.14,56.71,178.09,0.8200,-1,-1,-1
1009,65,984.27,263.64,68.52,165.72,0.8191,-1,-1,-1
1009,62,552.54,509.36,78.95,111.56,0.8183,-1,-1,-1
1009,66,930.46,484.79,85.13,134.10,0.8109,-1,-1,-1
1009,78,1172.64,273.35,80.98,135.01,0.7649,-1,-1,-1
1009,16,943.62,103.04,65.40,144.62,0.7590,-1,-1,-1
1009,54,1001.16,498.04,63.42,182.88,0.7051,-1,-1,-1
1009,76,1080.45,112.23,63.87,135.18,0.6043,-1,-1,-1
1010,68,709.49,177.18,94.25,134.53,0.9024,-1,-1,-1
1010,67,451.58,416.52,83.99,161.85,0.8818,-1,-1,-1
1010,77,594.60,321.04,65.66,165.86,0.8493,-1,-1,-1
1010,62,551.02,508.41,75.27,112.60,0.8307,-1,-1,-1
1010,60,535.28,315.58,71.28,187.77,0.8214,-1,-1,-1
1010,78,1166.10,272.40,78.82,134.54,0.8073,-1,-1,-1
1010,69,400.63,439.01,52.76,176.13,0.8000,-1,-1,-1
1010,65,981.58,263.51,66.68,164.19,0.7719,-1,-1,-1
1010,66,933.53,488.58,75.93,130.37,0.7687,-1,-1,-1
1010,16,940.39,96.99,63.18,150.04,0.7473,-1,-1,-1
1010,54,996.15,495.95,63.46,183.21,0.7341,-1,-1,-1
1010,76,1072.12,110.05,65.70,136.23,0.6438,-1,-1,-1
1011,68,709.09,176.10,89.15,133.59,0.8696,-1,-1,-1
1011,67,450.02,414.90,82.76,160.39,0.8654,-1,-1,-1
1011,77,590.11,320.26,65.56,165.23,0.8434,-1,-1,-1
1011,60,529.56,312.83,72.62,189.54,0.8410,-1,-1,-1
1011,78,1159.43,270.21,78.75,135.15,0.8021,-1,-1,-1
1011,65,973.95,263.74,68.67,162.75,0.7912,-1,-1,-1
1011,69,395.74,439.59,48.02,178.91,0.7796,-1,-1,-1
1011,62,549.92,507.14,71.63,113.87,0.7631,-1,-1,-1
1011,66,934.67,490.94,73.37,128.30,0.7236,-1,-1,-1
1011,16,936.66,100.92,61.99,145.09,0.6664,-1,-1,-1
1011,54,992.98,494.61,62.75,182.11,0.6607,-1,-1,-1
1011,76,1065.70,106.61,65.48,139.16,0.6231,-1,-1,-1
1012,67,441.79,413.51,83.99,155.98,0.9014,-1,-1,-1
1012,60,516.63,310.31,73.87,191.67,0.8698,-1,-1,-1
1012,77,579.19,318.18,66.49,166.34,0.8692,-1,-1,-1
1012,78,1148.06,268.74,79.60,134.38,0.8523,-1,-1,-1
1012,68,713.55,171.47,74.24,133.78,0.8486,-1,-1,-1
1012,62,546.48,504.46,65.84,116.24,0.7770,-1,-1,-1
1012,69,383.28,441.12,46.06,178.73,0.7744,-1,-1,-1
1012,65,972.31,261.93,59.82,162.93,0.7660,-1,-1,-1
1012,66,936.43,498.20,71.70,121.32,0.6819,-1,-1,-1
1012,16,930.58,94.54,56.95,149.39,0.6563,-1,-1,-1
1012,76,1055.36,104.17,63.04,139.94,0.6135,-1,-1,-1
1012,54,988.14,491.49,58.27,127.27,0.5832,-1,-1,-1
1013,67,438.34,412.68,83.07,155.94,0.9059,-1,-1,-1
1013,77,573.88,318.32,67.25,165.27,0.8776,-1,-1,-1
1013,60,511.75,308.64,73.72,193.60,0.8629,-1,-1,-1
1013,68,717.39,170.46,65.69,134.26,0.8431,-1,-1,-1
1013,69,376.62,441.53,48.38,178.10,0.8027,-1,-1,-1
1013,62,545.91,503.99,63.49,116.77,0.7958,-1,-1,-1
1013,78,1141.96,266.27,83.70,135.70,0.7951,-1,-1,-1
1013,65,969.92,261.16,57.66,161.61,0.7387,-1,-1,-1
1013,54,991.75,490.26,50.00,129.35,0.7329,-1,-1,-1
1013,66,938.86,499.69,60.94,112.51,0.6763,-1,-1,-1
1013,16,925.72,96.15,55.61,147.64,0.6379,-1,-1,-1
1013,76,1048.95,96.18,63.29,146.25,0.5806,-1,-1,-1
1014,67,434.05,411.79,83.30,155.49,0.9046,-1,-1,-1
1014,77,567.50,317.55,69.73,164.85,0.8577,-1,-1,-1
1014,60,504.74,307.77,77.89,195.56,0.8418,-1,-1,-1
1014,68,721.82,169.78,57.75,136.03,0.8211,-1,-1,-1
1014,78,1136.48,266.55,81.33,133.86,0.8173,-1,-1,-1
1014,69,371.51,442.15,48.83,177.60,0.7792,-1,-1,-1
1014,65,969.72,259.52,54.55,162.25,0.7511,-1,-1,-1
1014,62,545.47,503.02,61.87,117.29,0.7487,-1,-1,-1
1014,66,940.47,498.26,58.52,120.72,0.7481,-1,-1,-1
1014,54,987.93,485.14,48.79,134.28,0.7067,-1,-1,-1
1014,16,920.56,95.15,57.48,147.55,0.6425,-1,-1,-1
1014,76,1042.98,99.21,62.50,142.65,0.5433,-1,-1,-1
1015,67,430.64,411.25,83.76,154.89,0.9017,-1,-1,-1
1015,77,553.58,317.13,79.80,164.42,0.8681,-1,-1,-1
1015,60,505.52,308.26,71.73,190.96,0.8520,-1,-1,-1
1015,78,1131.02,265.24,80.82,133.39,0.8458,-1,-1,-1
1015,68,726.95,168.97,51.39,138.55,0.8035,-1,-1,-1
1015,69,365.89,442.55,51.26,177.14,0.7935,-1,-1,-1
1015,65,964.92,258.48,56.44,162.05,0.7783,-1,-1,-1
1015,62,544.98,501.26,62.16,118.69,0.7415,-1,-1,-1
1015,66,942.09,494.69,55.72,123.83,0.7207,-1,-1,-1
1015,54,983.31,476.21,52.35,144.05,0.7203,-1,-1,-1
1015,16,915.55,94.53,57.25,147.22,0.6142,-1,-1,-1
1015,76,1038.21,97.06,59.74,142.57,0.5259,-1,-1,-1
1016,67,427.69,410.04,83.71,154.62,0.8989,-1,-1,-1
1016,60,501.47,308.11,70.79,189.57,0.8482,-1,-1,-1
1016,77,546.39,317.44,83.77,161.37,0.8401,-1,-1,-1
1016,78,1126.73,262.61,81.50,135.43,0.8173,-1,-1,-1
1016,68,732.64,167.89,44.84,139.53,0.7880,-1,-1,-1
1016,65,964.42,257.38,55.11,161.32,0.7810,-1,-1,-1
1016,69,361.44,442.36,53.27,177.42,0.7789,-1,-1,-1
1016,62,543.65,500.46,64.79,119.70,0.7695,-1,-1,-1
1016,54,966.68,468.16,68.81,152.36,0.6908,-1,-1,-1
1016,66,942.37,490.70,53.71,117.87,0.6464,-1,-1,-1
1016,16,910.75,91.76,58.60,148.39,0.5433,-1,-1,-1
1016,-1,315.28,202.80,54.80,138.11,0.5348,-1,-1,-1
1016,76,1033.15,92.04,55.31,145.63,0.5272,-1,-1,-1
1017,67,425.69,404.66,81.21,157.03,0.9002,-1,-1,-1
1017,60,489.09,307.07,78.89,188.40,0.8682,-1,-1,-1
1017,77,535.20,316.79,89.06,160.44,0.8498,-1,-1,-1
1017,65,960.80,254.91,53.25,161.48,0.8358,-1,-1,-1
1017,78,1118.54,261.56,79.64,132.61,0.8181,-1,-1,-1
1017,68,735.42,166.38,42.23,145.30,0.8053,-1,-1,-1
1017,69,354.65,441.72,60.82,178.02,0.8022,-1,-1,-1
1017,62,539.85,499.19,72.38,121.22,0.7781,-1,-1,-1
1017,54,961.93,454.92,73.78,164.47,0.7272,-1,-1,-1
1017,66,942.97,480.77,47.41,119.40,0.5515,-1,-1,-1
1017,16,901.14,93.01,57.18,125.64,0.5294,-1,-1,-1
1018,67,426.19,402.37,80.75,156.98,0.8871,-1,-1,-1
1018,77,533.79,315.67,87.17,160.19,0.8643,-1,-1,-1
1018,60,484.22,304.57,80.71,188.80,0.8624,-1,-1,-1
1018,78,1114.48,259.83,79.09,133.15,0.8581,-1,-1,-1
1018,69,351.34,441.26,66.19,178.64,0.8365,-1,-1,-1
1018,65,958.11,253.89,54.42,160.91,0.8222,-1,-1,-1
1018,68,733.92,166.53,47.18,144.34,0.8166,-1,-1,-1
1018,54,947.98,453.40,89.52,167.16,0.8166,-1,-1,-1
1018,62,538.50,497.81,78.01,122.53,0.8115,-1,-1,-1
1018,66,943.40,476.54,43.94,115.88,0.5647,-1,-1,-1
1018,-1,300.61,201.25,60.84,155.50,0.5386,-1,-1,-1
1019,67,426.77,400.72,77.91,156.87,0.8696,-1,-1,-1
1019,77,529.82,315.08,88.39,159.76,0.8650,-1,-1,-1
1019,69,347.45,439.70,70.06,178.42,0.8528,-1,-1,-1
1019,60,480.86,303.01,83.07,189.10,0.8424,-1,-1,-1
1019,68,731.36,166.41,56.40,143.19,0.8171,-1,-1,-1
1019,78,1110.85,258.26,78.87,133.02,0.8170,-1,-1,-1
1019,65,956.40,253.25,55.17,159.53,0.7764,-1,-1,-1
1019,62,537.21,496.40,81.96,123.96,0.7709,-1,-1,-1
1019,54,940.52,477.95,86.51,142.06,0.7335,-1,-1,-1
1019,66,938.79,472.75,46.55,146.18,0.5938,-1,-1,-1
1019,16,892.97,87.95,56.37,146.49,0.5537,-1,-1,-1
1019,-1,297.72,202.12,62.23,135.25,0.5055,-1,-1,-1
1020,69,345.20,438.62,71.83,178.47,0.8754,-1,-1,-1
1020,68,729.16,165.41,61.40,142.84,0.8522,-1,-1,-1
1020,67,425.78,399.35,77.12,156.77,0.8472,-1,-1,-1
1020,77,529.97,313.58,86.31,160.36,0.8467,-1,-1,-1
1020,60,479.48,300.28,88.73,186.18,0.8290,-1,-1,-1
1020,78,1107.24,257.16,79.89,132.29,0.8255,-1,-1,-1
1020,65,956.07,252.80,54.53,157.92,0.7978,-1,-1,-1
1020,62,536.71,495.43,84.87,124.99,0.7532,-1,-1,-1
1020,54,959.87,458.40,79.98,160.88,0.6948,-1,-1,-1
1020,66,930.53,469.76,55.78,150.46,0.6806,-1,-1,-1
1020,16,888.14,86.13,56.64,146.42,0.5861,-1,-1,-1
1020,79,296.66,206.13,61.21,129.72,0.5041,-1,-1,-1
1021,69,343.13,437.21,72.60,178.23,0.8724,-1,-1,-1
1021,68,726.46,164.71,62.41,142.31,0.8627,-1,-1,-1
1021,77,530.94,312.32,82.53,159.48,0.8357,-1,-1,-1
1021,67,424.07,398.19,79.15,155.95,0.8314,-1,-1,-1
1021,78,1103.30,255.65,79.16,132.32,0.8301,-1,-1,-1
1021,65,950.93,252.10,59.98,155.55,0.8268,-1,-1,-1
1021,60,477.59,298.59,87.07,174.12,0.8202,-1,-1,-1
1021,54,958.99,461.42,83.50,159.13,0.8012,-1,-1,-1
1021,66,918.76,468.13,63.75,151.60,0.7721,-1,-1,-1
1021,62,538.30,493.88,86.95,126.40,0.7655,-1,-1,-1
1021,16,883.68,85.05,54.59,145.59,0.5729,-1,-1,-1
1021,79,291.65,210.07,63.86,120.92,0.5034,-1,-1,-1
1022,65,943.46,250.69,67.64,156.54,0.8858,-1,-1,-1
1022,68,723.42,162.63,61.26,142.46,0.8638,-1,-1,-1
1022,54,955.32,469.79,86.42,151.18,0.8591,-1,-1,-1
1022,69,337.06,434.53,73.56,178.06,0.8456,-1,-1,-1
1022,78,1097.07,251.90,79.08,132.40,0.8245,-1,-1,-1
1022,67,420.11,396.06,76.20,154.95,0.8138,-1,-1,-1
1022,66,906.92,466.37,70.17,153.24,0.7971,-1,-1,-1
1022,77,527.30,310.03,81.31,158.23,0.7833,-1,-1,-1
1022,62,541.49,491.21,89.58,129.60,0.7798,-1,-1,-1
1022,60,474.81,295.17,73.03,184.15,0.7733,-1,-1,-1
1022,16,875.80,82.73,49.13,143.84,0.5501,-1,-1,-1
1023,65,941.07,250.40,69.71,156.34,0.8920,-1,-1,-1
1023,68,723.16,162.29,58.89,141.67,0.8801,-1,-1,-1
1023,69,331.46,433.28,75.65,176.35,0.8610,-1,-1,-1
1023,67,419.65,394.61,77.44,155.10,0.8557,-1,-1,-1
1023,78,1093.34,251.59,79.15,131.49,0.8439,-1,-1,-1
1023,54,950.65,468.51,92.73,152.43,0.8264,-1,-1,-1
1023,77,523.21,308.64,81.16,156.45,0.8156,-1,-1,-1
1023,62,544.44,489.57,89.56,131.09,0.8119,-1,-1,-1
1023,60,474.13,294.12,70.45,177.99,0.7564,-1,-1,-1
1023,66,904.53,466.34,72.86,153.30,0.7525,-1,-1,-1
1023,16,871.90,81.79,48.03,142.42,0.5377,-1,-1,-1
1024,69,326.79,432.17,76.68,175.43,0.8894,-1,-1,-1
1024,65,938.08,250.31,75.74,156.07,0.8802,-1,-1,-1
1024,67,420.10,393.59,76.83,154.55,0.8658,-1,-1,-1
1024,68,723.90,161.41,55.54,141.34,0.8614,-1,-1,-1
1024,54,946.51,467.91,98.18,153.26,0.8373,-1,-1,-1
1024,78,1090.02,250.81,80.80,131.05,0.8289,-1,-1,-1
1024,77,521.91,307.20,79.19,154.80,0.8058,-1,-1,-1
1024,62,550.19,487.93,85.41,133.13,0.7852,-1,-1,-1
1024,66,901.54,465.32,75.25,154.75,0.7515,-1,-1,-1
1024,60,473.02,293.35,70.83,169.03,0.7254,-1,-1,-1
1025,69,324.29,430.60,74.45,175.40,0.8909,-1,-1,-1
1025,65,935.32,250.98,88.66,155.37,0.8839,-1,-1,-1
1025,67,419.28,392.00,74.52,154.26,0.8494,-1,-1,-1
1025,78,1086.77,250.46,78.63,129.98,0.8411,-1,-1,-1
1025,68,724.94,160.82,51.70,140.88,0.8355,-1,-1,-1
1025,54,942.62,466.02,101.56,154.70,0.8327,-1,-1,-1
1025,77,522.41,305.21,75.02,152.80,0.8193,-1,-1,-1
1025,62,555.38,487.10,82.55,134.33,0.7952,-1,-1,-1
1025,66,900.06,462.79,75.47,156.11,0.7648,-1,-1,-1
1025,60,472.74,292.65,69.86,166.98,0.7429,-1,-1,-1
1025,79,275.97,211.30,66.09,142.75,0.5078,-1,-1,-1
1026,69,322.26,429.31,72.74,175.36,0.8957,-1,-1,-1
1026,65,933.41,251.78,96.15,156.55,0.8842,-1,-1,-1
1026,54,937.63,469.28,105.94,151.16,0.8524,-1,-1,-1
1026,67,417.44,390.49,74.23,154.47,0.8486,-1,-1,-1
1026,78,1083.49,249.25,78.77,129.53,0.8418,-1,-1,-1
1026,77,522.94,303.88,71.26,151.89,0.8294,-1,-1,-1
1026,68,727.06,159.77,47.30,141.14,0.8216,-1,-1,-1
1026,62,555.30,486.36,84.81,134.76,0.7996,-1,-1,-1
1026,66,899.53,460.28,78.64,159.23,0.7669,-1,-1,-1
1026,60,471.42,291.97,71.78,182.16,0.7661,-1,-1,-1
1026,16,861.75,82.95,48.93,132.41,0.5000,-1,-1,-1
1027,65,928.60,253.26,99.51,153.72,0.8882,-1,-1,-1
1027,69,319.15,426.24,63.93,174.81,0.8836,-1,-1,-1
1027,54,930.55,471.00,113.71,150.17,0.8760,-1,-1,-1
1027,67,413.14,387.46,72.13,154.73,0.8687,-1,-1,-1
1027,78,1076.78,247.28,78.76,128.71,0.8538,-1,-1,-1
1027,77,518.99,300.69,67.25,150.19,0.8456,-1,-1,-1
1027,62,553.39,484.16,91.43,136.83,0.8210,-1,-1,-1
1027,68,734.57,158.18,39.27,140.47,0.8018,-1,-1,-1
1027,66,906.71,457.38,70.71,152.86,0.7521,-1,-1,-1
1027,60,470.20,289.76,63.60,155.14,0.6750,-1,-1,-1
1027,16,852.05,83.85,53.77,127.03,0.5305,-1,-1,-1
1027,79,267.07,217.03,62.11,133.58,0.5019,-1,-1,-1
1028,69,317.70,425.23,60.78,174.63,0.8686,-1,-1,-1
1028,67,411.84,386.73,72.97,154.23,0.8612,-1,-1,-1
1028,65,930.07,253.44,95.53,152.49,0.8543,-1,-1,-1
1028,78,1074.12,247.12,76.46,128.27,0.8376,-1,-1,-1
1028,77,517.62,299.27,65.28,150.37,0.8272,-1,-1,-1
1028,54,927.43,470.18,116.98,151.16,0.8147,-1,-1,-1
1028,62,552.05,483.81,94.02,137.20,0.7962,-1,-1,-1
1028,68,735.35,157.40,40.08,140.92,0.7794,-1,-1,-1
1028,66,915.87,457.83,64.10,140.75,0.7772,-1,-1,-1
1028,60,469.57,289.54,58.15,151.36,0.6803,-1,-1,-1
1028,79,262.17,211.36,61.74,147.86,0.5284,-1,-1,-1
1028,16,843.71,88.00,59.42,120.19,0.5160,-1,-1,-1
1029,69,315.34,423.61,59.20,175.01,0.8828,-1,-1,-1
1029,67,410.86,385.58,73.58,153.94,0.8759,-1,-1,-1
1029,65,931.08,253.00,91.93,151.71,0.8454,-1,-1,-1
1029,77,514.85,298.48,64.18,150.72,0.8405,-1,-1,-1
1029,62,548.12,483.20,102.78,138.21,0.8384,-1,-1,-1
1029,78,1070.43,246.15,76.85,128.17,0.8223,-1,-1,-1
1029,68,734.59,157.81,44.17,139.75,0.8174,-1,-1,-1
1029,54,921.28,471.72,129.31,149.17,0.7808,-1,-1,-1
1029,60,467.38,288.51,57.07,149.64,0.7358,-1,-1,-1
1029,66,924.58,459.00,54.87,133.04,0.7104,-1,-1,-1
1029,16,835.40,84.31,65.43,122.27,0.5878,-1,-1,-1
1029,79,261.15,213.11,58.75,145.19,0.5407,-1,-1,-1
1030,67,409.84,384.65,72.23,153.92,0.8687,-1,-1,-1
1030,69,313.10,422.12,59.10,174.65,0.8637,-1,-1,-1
1030,54,918.78,467.70,135.63,152.88,0.8575,-1,-1,-1
1030,78,1067.71,244.01,78.87,128.97,0.8236,-1,-1,-1
1030,77,513.87,297.17,63.33,151.81,0.8184,-1,-1,-1
1030,68,733.68,156.59,46.78,139.79,0.8176,-1,-1,-1
1030,65,938.88,252.26,81.43,151.45,0.8153,-1,-1,-1
1030,62,546.50,482.84,105.24,138.24,0.7917,-1,-1,-1
1030,60,463.81,287.47,62.77,148.13,0.7169,-1,-1,-1
1030,66,925.45,459.95,55.73,110.81,0.6730,-1,-1,-1
1030,16,828.51,84.87,69.55,120.40,0.5562,-1,-1,-1
1030,79,259.64,212.80,57.36,148.70,0.5333,-1,-1,-1
1031,69,311.47,420.86,59.11,174.56,0.8815,-1,-1,-1
1031,67,408.89,382.82,69.87,154.22,0.8778,-1,-1,-1
1031,68,732.84,156.97,49.80,138.70,0.8473,-1,-1,-1
1031,78,1064.91,243.60,76.15,128.18,0.8356,-1,-1,-1
1031,54,919.27,466.18,136.29,154.60,0.8338,-1,-1,-1
1031,65,932.57,251.33,84.93,151.16,0.8329,-1,-1,-1
1031,77,511.56,295.82,64.50,151.17,0.8156,-1,-1,-1
1031,62,545.19,482.37,106.21,138.90,0.8129,-1,-1,-1
1031,60,460.87,286.05,66.91,148.61,0.7288,-1,-1,-1
1031,66,925.23,460.45,56.05,109.73,0.7222,-1,-1,-1
1031,16,823.34,83.72,72.28,119.93,0.6020,-1,-1,-1
1031,79,257.28,214.88,56.62,154.56,0.5353,-1,-1,-1
1032,65,936.02,249.43,83.85,150.32,0.8813,-1,-1,-1
1032,67,405.77,379.74,69.84,154.15,0.8738,-1,-1,-1
1032,69,306.00,418.40,62.13,173.89,0.8695,-1,-1,-1
1032,68,731.63,158.68,55.12,135.43,0.8379,-1,-1,-1
1032,77,513.45,294.06,58.38,150.54,0.8297,-1,-1,-1
1032,78,1057.73,242.23,77.34,128.13,0.8260,-1,-1,-1
1032,54,930.54,463.35,139.72,154.10,0.8209,-1,-1,-1
1032,62,541.65,479.92,110.98,141.82,0.7816,-1,-1,-1
1032,60,455.50,282.40,74.07,149.63,0.7717,-1,-1,-1
1032,66,924.82,458.26,54.88,121.18,0.7474,-1,-1,-1
1032,16,814.58,83.58,74.75,118.30,0.6457,-1,-1,-1
1032,79,246.10,221.40,63.14,151.80,0.5536,-1,-1,-1
1033,65,939.69,247.54,80.09,151.54,0.8914,-1,-1,-1
1033,69,303.68,416.96,63.22,174.17,0.8727,-1,-1,-1
1033,67,404.94,378.08,68.87,154.19,0.8658,-1,-1,-1
1033,68,730.01,159.17,56.28,134.53,0.8447,-1,-1,-1
1033,78,1054.06,241.40,75.01,127.68,0.8434,-1,-1,-1
1033,77,513.49,293.03,57.43,149.90,0.8347,-1,-1,-1
1033,66,924.17,453.70,54.11,149.39,0.8117,-1,-1,-1
1033,62,542.64,478.25,109.85,142.58,0.7910,-1,-1,-1
1033,54,959.11,461.59,113.25,154.71,0.7803,-1,-1,-1
1033,60,454.54,281.76,74.33,149.05,0.7522,-1,-1,-1
1033,16,811.67,81.72,72.07,119.90,0.6431,-1,-1,-1
1033,79,248.63,224.24,58.54,146.45,0.5513,-1,-1,-1
1034,65,942.74,246.46,75.61,151.06,0.8785,-1,-1,-1
1034,69,301.38,415.67,65.00,174.11,0.8778,-1,-1,-1
1034,67,400.48,377.61,72.80,153.44,0.8658,-1,-1,-1
1034,54,956.16,459.56,124.42,154.46,0.8582,-1,-1,-1
1034,77,513.00,292.20,56.05,148.75,0.8432,-1,-1,-1
1034,78,1050.48,240.12,73.94,127.70,0.8425,-1,-1,-1
1034,66,924.00,448.27,52.04,147.64,0.8245,-1,-1,-1
1034,68,728.17,159.16,57.48,134.20,0.8215,-1,-1,-1
1034,62,540.56,476.54,111.96,145.33,0.7959,-1,-1,-1
1034,60,455.18,280.82,70.21,149.27,0.7354,-1,-1,-1
1034,16,807.35,84.28,70.59,117.27,0.6051,-1,-1,-1
1034,79,248.63,225.05,57.03,147.35,0.5450,-1,-1,-1
1035,65,945.77,245.63,69.57,150.85,0.8878,-1,-1,-1
1035,69,299.13,414.50,66.20,173.31,0.8802,-1,-1,-1
1035,54,959.70,456.51,125.49,155.85,0.8723,-1,-1,-1
1035,67,398.75,376.60,73.80,152.27,0.8679,-1,-1,-1
1035,77,509.67,290.62,57.41,148.42,0.8543,-1,-1,-1
1035,66,920.80,441.34,52.74,153.49,0.8541,-1,-1,-1
1035,78,1047.37,239.13,73.47,127.54,0.8533,-1,-1,-1
1035,68,727.80,158.91,56.42,133.59,0.8155,-1,-1,-1
1035,62,541.37,474.48,107.64,147.51,0.7978,-1,-1,-1
1035,60,457.30,279.79,67.73,148.63,0.7016,-1,-1,-1
1035,16,801.54,84.40,69.15,116.14,0.6040,-1,-1,-1
1035,79,244.76,225.42,57.01,147.30,0.5436,-1,-1,-1
1036,67,397.25,375.72,76.43,150.75,0.8763,-1,-1,-1
1036,65,941.38,245.27,69.90,149.42,0.8723,-1,-1,-1
1036,69,297.65,413.79,66.13,172.71,0.8565,-1,-1,-1
1036,77,507.61,289.61,57.55,147.28,0.8418,-1,-1,-1
1036,78,1043.37,238.27,74.92,127.86,0.8379,-1,-1,-1
1036,66,920.54,434.52,51.15,157.67,0.8305,-1,-1,-1
1036,54,958.39,452.28,121.47,158.77,0.8227,-1,-1,-1
1036,68,726.96,158.16,54.76,133.52,0.7696,-1,-1,-1
1036,62,550.11,472.28,94.27,149.25,0.7646,-1,-1,-1
1036,60,457.03,278.16,65.30,149.04,0.7133,-1,-1,-1
1036,16,796.03,83.80,66.44,115.91,0.5822,-1,-1,-1
1036,79,241.78,225.46,56.96,145.55,0.5416,-1,-1,-1
1037,54,958.88,445.26,116.05,162.83,0.9031,-1,-1,-1
1037,67,394.39,374.76,80.85,147.62,0.8954,-1,-1,-1
1037,65,934.61,245.62,68.40,146.63,0.8763,-1,-1,-1
1037,77,505.04,287.60,57.12,145.42,0.8439,-1,-1,-1
1037,78,1035.78,236.18,72.52,129.08,0.8433,-1,-1,-1
1037,66,915.04,424.14,51.22,157.68,0.8214,-1,-1,-1
1037,69,295.09,412.54,65.60,172.03,0.8144,-1,-1,-1
1037,62,566.69,469.79,67.20,151.21,0.7844,-1,-1,-1
1037,68,723.31,158.82,49.79,130.43,0.7586,-1,-1,-1
1037,60,457.00,276.94,70.86,149.83,0.7060,-1,-1,-1
1037,16,783.78,73.86,60.41,125.99,0.5829,-1,-1,-1
1037,79,236.53,227.85,55.31,144.11,0.5425,-1,-1,-1
1038,54,961.61,443.10,113.54,162.64,0.9050,-1,-1,-1
1038,67,392.78,374.62,84.80,145.98,0.9029,-1,-1,-1
1038,65,931.57,245.80,67.89,146.01,0.8748,-1,-1,-1
1038,77,504.35,286.23,55.76,145.77,0.8475,-1,-1,-1
1038,78,1033.13,235.12,71.55,130.31,0.8397,-1,-1,-1
1038,69,292.74,412.45,66.15,170.53,0.8316,-1,-1,-1
1038,66,911.37,419.33,52.32,154.85,0.8134,-1,-1,-1
1038,68,720.95,159.62,49.36,128.70,0.7913,-1,-1,-1
1038,62,574.74,469.37,59.33,151.55,0.7409,-1,-1,-1
1038,60,454.38,276.74,68.85,150.00,0.6723,-1,-1,-1
1038,79,233.88,227.34,56.13,146.45,0.5568,-1,-1,-1
1038,16,781.67,73.39,51.09,126.70,0.5270,-1,-1,-1
1039,67,391.81,374.76,87.43,144.60,0.8970,-1,-1,-1
1039,54,964.24,442.02,111.15,159.09,0.8911,-1,-1,-1
1039,65,928.15,246.48,71.68,144.19,0.8669,-1,-1,-1
1039,78,1028.68,234.92,73.20,130.39,0.8185,-1,-1,-1
1039,77,502.50,285.95,56.20,145.73,0.8097,-1,-1,-1
1039,66,907.71,414.84,52.35,152.76,0.8093,-1,-1,-1
1039,69,291.33,412.72,66.07,169.82,0.7990,-1,-1,-1
1039,68,718.12,158.95,48.40,128.72,0.7732,-1,-1,-1
1039,62,587.43,469.42,49.30,151.91,0.7179,-1,-1,-1
1039,60,452.84,276.81,71.82,150.25,0.6971,-1,-1,-1
1039,79,232.20,231.13,54.21,140.70,0.5741,-1,-1,-1
1039,16,778.62,74.59,45.05,126.81,0.5079,-1,-1,-1
1040,67,390.21,375.17,88.52,143.55,0.8932,-1,-1,-1
1040,54,968.78,441.93,109.54,158.02,0.8930,-1,-1,-1
1040,65,924.12,247.51,81.77,143.52,0.8857,-1,-1,-1
1040,78,1025.12,234.35,70.72,131.51,0.8538,-1,-1,-1
1040,66,902.27,410.68,54.45,150.30,0.8289,-1,-1,-1
1040,69,289.58,413.20,66.09,169.07,0.8130,-1,-1,-1
1040,68,714.69,160.01,48.32,128.29,0.7868,-1,-1,-1
1040,77,499.97,285.17,57.13,146.85,0.7868,-1,-1,-1
1040,62,589.88,469.97,48.67,151.84,0.7061,-1,-1,-1
1040,60,450.71,276.73,70.45,151.04,0.6801,-1,-1,-1
1040,79,228.89,236.23,55.21,135.75,0.5782,-1,-1,-1
1040,16,772.62,75.37,43.59,126.78,0.5382,-1,-1,-1
1041,67,387.72,375.51,90.38,143.57,0.8904,-1,-1,-1
1041,65,919.53,248.84,90.87,144.47,0.8817,-1,-1,-1
1041,54,971.25,441.29,112.95,156.79,0.8708,-1,-1,-1
1041,78,1022.25,233.51,69.41,132.83,0.8543,-1,-1,-1
1041,69,287.64,413.51,66.97,168.27,0.8253,-1,-1,-1
1041,66,898.97,406.92,54.77,147.01,0.8193,-1,-1,-1
1041,77,498.54,284.07,58.30,148.29,0.8055,-1,-1,-1
1041,68,711.20,160.43,49.83,128.91,0.7776,-1,-1,-1
1041,62,587.45,470.86,51.75,150.48,0.7300,-1,-1,-1
1041,60,448.22,277.07,65.48,149.83,0.6939,-1,-1,-1
1041,79,226.27,238.71,57.19,134.44,0.5724,-1,-1,-1
1041,16,766.81,77.82,44.38,124.38,0.5283,-1,-1,-1
1042,67,385.56,375.87,87.15,143.57,0.8938,-1,-1,-1
1042,65,915.43,250.61,96.48,144.49,0.8675,-1,-1,-1
1042,69,283.56,413.74,69.90,167.57,0.8319,-1,-1,-1
1042,54,985.64,438.82,102.06,150.19,0.8313,-1,-1,-1
1042,78,1017.77,230.81,66.75,135.62,0.8259,-1,-1,-1
1042,68,703.69,160.75,51.76,129.88,0.8046,-1,-1,-1
1042,77,495.37,283.54,57.54,148.54,0.7904,-1,-1,-1
1042,66,892.24,401.04,56.74,138.73,0.7754,-1,-1,-1
1042,62,582.43,473.29,68.20,147.18,0.7268,-1,-1,-1
1042,60,442.63,277.07,68.26,166.05,0.7008,-1,-1,-1
1042,16,748.82,78.71,53.86,124.40,0.5683,-1,-1,-1
1042,79,218.37,235.93,60.86,139.27,0.5499,-1,-1,-1
1043,67,382.83,375.69,86.75,143.71,0.8947,-1,-1,-1
1043,65,912.97,251.26,95.95,143.85,0.8685,-1,-1,-1
1043,54,995.64,436.66,93.41,151.56,0.8579,-1,-1,-1
1043,78,1015.59,228.80,64.58,137.34,0.8465,-1,-1,-1
1043,69,281.70,414.07,71.11,166.98,0.8342,-1,-1,-1
1043,68,699.23,160.42,52.80,130.85,0.8264,-1,-1,-1
1043,66,887.05,397.85,58.30,136.09,0.8145,-1,-1,-1
1043,77,493.67,283.49,57.18,148.86,0.8103,-1,-1,-1
1043,62,580.29,475.07,80.06,145.40,0.7749,-1,-1,-1
1043,60,439.87,277.12,52.33,162.42,0.6919,-1,-1,-1
1043,79,216.34,244.79,61.27,129.44,0.5682,-1,-1,-1
1043,16,738.53,76.76,61.22,126.10,0.5621,-1,-1,-1
1044,67,380.25,374.60,87.34,144.64,0.8896,-1,-1,-1
1044,65,911.09,251.75,94.90,143.39,0.8706,-1,-1,-1
1044,78,1012.99,226.98,63.43,139.33,0.8555,-1,-1,-1
1044,54,1005.74,434.72,85.64,164.01,0.8422,-1,-1,-1
1044,69,280.11,414.27,72.04,166.88,0.8208,-1,-1,-1
1044,66,884.10,396.25,57.67,137.02,0.8034,-1,-1,-1
1044,68,695.93,160.35,53.06,131.23,0.8030,-1,-1,-1
1044,77,492.18,283.86,56.17,148.77,0.8012,-1,-1,-1
1044,62,577.63,477.25,85.87,143.35,0.7673,-1,-1,-1
1044,60,437.50,277.18,62.22,166.87,0.7171,-1,-1,-1
1044,16,732.37,76.98,65.08,126.30,0.5525,-1,-1,-1
1044,79,211.05,247.31,65.33,135.28,0.5290,-1,-1,-1
1045,67,380.12,374.10,85.01,144.77,0.8793,-1,-1,-1
1045,65,908.31,252.17,95.10,142.92,0.8736,-1,-1,-1
1045,69,277.77,414.42,69.97,166.92,0.8652,-1,-1,-1
1045,78,1010.54,225.95,61.29,140.53,0.8367,-1,-1,-1
1045,54,1015.98,433.91,94.47,168.42,0.8346,-1,-1,-1
1045,77,488.44,284.34,56.08,148.07,0.8148,-1,-1,-1
1045,66,881.51,394.97,56.37,138.61,0.8095,-1,-1,-1
1045,62,572.55,478.92,92.58,142.37,0.7862,-1,-1,-1
1045,68,692.56,161.24,52.73,130.72,0.7669,-1,-1,-1
1045,60,434.64,277.81,63.19,165.57,0.7123,-1,-1,-1
1045,16,724.70,77.72,69.38,125.74,0.5592,-1,-1,-1
1045,79,206.42,249.76,67.26,147.12,0.5402,-1,-1,-1
1046,67,382.86,372.88,80.98,145.21,0.8814,-1,-1,-1
1046,65,906.78,252.19,94.97,143.32,0.8739,-1,-1,-1
1046,69,276.13,415.19,68.30,166.30,0.8633,-1,-1,-1
1046,54,1013.90,432.71,97.02,168.63,0.8560,-1,-1,-1
1046,66,879.57,393.28,53.36,141.04,0.8092,-1,-1,-1
1046,62,571.31,480.33,93.52,140.66,0.8047,-1,-1,-1
1046,78,1008.00,225.12,60.08,141.43,0.8040,-1,-1,-1
1046,77,483.82,284.65,57.83,149.65,0.7903,-1,-1,-1
1046,68,688.05,160.00,52.26,132.57,0.7638,-1,-1,-1
1046,60,431.82,278.49,50.12,165.07,0.6710,-1,-1,-1
1046,16,722.34,77.55,67.63,126.15,0.5944,-1,-1,-1
1046,79,204.53,251.13,66.73,132.14,0.5156,-1,-1,-1
1047,67,393.71,372.36,67.35,146.33,0.8746,-1,-1,-1
1047,69,273.72,416.57,66.92,165.88,0.8699,-1,-1,-1
1047,65,900.77,252.04,96.41,143.96,0.8632,-1,-1,-1
1047,54,1011.89,432.86,117.02,167.55,0.8568,-1,-1,-1
1047,78,1001.13,223.32,58.58,144.03,0.8373,-1,-1,-1
1047,66,874.60,389.15,52.96,145.32,0.8054,-1,-1,-1
1047,77,479.77,285.61,54.93,148.12,0.8019,-1,-1,-1
1047,62,572.84,481.82,92.58,138.53,0.7852,-1,-1,-1
1047,68,681.31,160.40,50.40,132.44,0.7819,-1,-1,-1
1047,60,426.38,279.82,52.55,163.71,0.6688,-1,-1,-1
1047,16,716.94,77.29,66.95,127.38,0.5978,-1,-1,-1
1048,54,1013.23,433.28,120.87,167.04,0.9039,-1,-1,-1
1048,69,271.85,416.76,67.60,165.90,0.8819,-1,-1,-1
1048,65,897.66,251.63,98.27,144.39,0.8803,-1,-1,-1
1048,78,997.76,221.71,57.66,145.37,0.8736,-1,-1,-1
1048,67,396.72,371.49,62.38,147.36,0.8513,-1,-1,-1
1048,77,478.03,285.62,53.79,147.15,0.8470,-1,-1,-1
1048,68,678.93,160.06,48.19,132.87,0.7944,-1,-1,-1
1048,66,869.43,387.43,55.10,147.01,0.7915,-1,-1,-1
1048,62,579.05,481.53,92.73,139.31,0.7743,-1,-1,-1
1048,60,424.27,280.02,49.42,168.60,0.7274,-1,-1,-1
1048,16,714.54,79.81,64.42,124.75,0.5682,-1,-1,-1
1049,54,1017.15,433.30,122.52,166.83,0.9217,-1,-1,-1
1049,69,269.96,416.83,68.30,165.85,0.8903,-1,-1,-1
1049,65,896.83,250.88,97.49,145.02,0.8796,-1,-1,-1
1049,77,476.24,284.87,54.86,146.87,0.8616,-1,-1,-1
1049,67,395.87,369.96,61.16,148.72,0.8517,-1,-1,-1
1049,78,993.65,219.53,58.04,147.74,0.8515,-1,-1,-1
1049,62,586.65,480.53,82.63,139.57,0.8230,-1,-1,-1
1049,68,676.20,160.19,46.46,132.86,0.8097,-1,-1,-1
1049,66,865.40,385.75,56.22,148.08,0.7667,-1,-1,-1
1049,60,422.03,280.62,50.95,171.88,0.7250,-1,-1,-1
1049,16,712.02,79.13,60.62,125.08,0.5626,-1,-1,-1
1050,54,1020.51,430.54,122.75,169.85,0.9168,-1,-1,-1
1050,69,267.94,416.98,68.18,165.56,0.8729,-1,-1,-1
1050,65,895.61,249.74,95.85,145.95,0.8445,-1,-1,-1
1050,67,394.18,369.02,61.54,149.62,0.8415,-1,-1,-1
1050,77,472.93,284.31,57.53,145.55,0.8292,-1,-1,-1
1050,62,594.13,479.40,74.64,140.70,0.8023,-1,-1,-1
1050,78,989.02,218.10,57.16,149.53,0.7891,-1,-1,-1
1050,68,672.86,158.78,47.02,133.70,0.7719,-1,-1,-1
1050,66,862.66,383.56,55.75,147.88,0.7645,-1,-1,-1
1050,60,419.51,280.48,53.10,174.53,0.7084,-1,-1,-1
1050,16,707.29,76.03,58.45,126.49,0.5242,-1,-1,-1
1051,54,1026.58,424.54,119.42,175.79,0.9226,-1,-1,-1
1051,69,266.10,416.90,68.03,165.61,0.8802,-1,-1,-1
1051,65,896.36,249.58,91.77,145.74,0.8308,-1,-1,-1
1051,77,468.47,283.52,60.59,144.81,0.8241,-1,-1,-1
1051,67,392.82,367.91,65.96,150.85,0.8150,-1,-1,-1
1051,66,859.33,380.10,56.34,146.88,0.7813,-1,-1,-1
1051,78,984.65,216.25,58.40,149.93,0.7806,-1,-1,-1
1051,62,603.52,478.55,69.17,141.90,0.7720,-1,-1,-1
1051,68,669.79,158.21,46.21,134.39,0.7382,-1,-1,-1
1051,60,417.05,280.60,55.86,176.50,0.6958,-1,-1,-1
1051,16,703.25,75.08,53.49,125.29,0.5754,-1,-1,-1
1052,54,1042.69,409.71,106.05,190.71,0.9071,-1,-1,-1
1052,69,262.96,417.03,65.38,165.53,0.8751,-1,-1,-1
1052,65,892.30,247.63,89.58,147.56,0.8687,-1,-1,-1
1052,67,387.81,365.75,68.45,152.82,0.8232,-1,-1,-1
1052,77,466.82,281.82,59.84,142.42,0.8031,-1,-1,-1
1052,78,974.70,212.16,60.10,149.74,0.8000,-1,-1,-1
1052,68,662.30,155.43,41.46,136.31,0.7335,-1,-1,-1
1052,60,413.95,281.22,61.51,174.00,0.7099,-1,-1,-1
1052,62,623.98,476.93,50.57,139.53,0.7072,-1,-1,-1
1052,66,853.58,372.36,58.24,148.26,0.6494,-1,-1,-1
1053,54,1044.98,406.32,105.83,193.27,0.9103,-1,-1,-1
1053,65,890.61,246.71,88.49,148.37,0.8802,-1,-1,-1
1053,69,261.16,417.22,64.55,165.61,0.8554,-1,-1,-1
1053,67,385.48,365.53,70.75,153.39,0.8463,-1,-1,-1
1053,78,970.67,209.60,60.00,149.15,0.8135,-1,-1,-1
1053,62,628.75,476.98,55.20,138.89,0.8110,-1,-1,-1
1053,77,462.60,281.27,63.59,140.27,0.8051,-1,-1,-1
1053,68,658.48,153.50,42.73,138.52,0.7331,-1,-1,-1
1053,60,413.40,281.25,59.75,171.93,0.6783,-1,-1,-1
1053,66,852.26,364.29,58.21,151.88,0.6314,-1,-1,-1
1053,79,175.56,256.02,64.98,130.13,0.5077,-1,-1,-1
1054,54,1041.78,405.19,110.66,193.27,0.9109,-1,-1,-1
1054,65,890.66,245.80,85.75,148.56,0.8871,-1,-1,-1
1054,69,259.18,417.30,63.83,165.56,0.8524,-1,-1,-1
1054,67,382.58,364.83,71.64,153.52,0.8484,-1,-1,-1
1054,77,458.23,280.40,66.93,138.77,0.8163,-1,-1,-1
1054,78,964.48,207.26,62.15,150.30,0.7984,-1,-1,-1
1054,62,628.45,477.02,63.80,132.33,0.7966,-1,-1,-1
1054,66,851.51,362.57,58.64,148.19,0.7354,-1,-1,-1
1054,68,653.65,155.81,44.20,135.60,0.7157,-1,-1,-1
1054,60,412.13,281.43,56.29,174.01,0.6313,-1,-1,-1
1055,54,1038.28,404.79,116.15,192.94,0.9049,-1,-1,-1
1055,65,887.80,244.82,86.19,149.24,0.8913,-1,-1,-1
1055,69,257.10,417.53,63.52,165.68,0.8575,-1,-1,-1
1055,78,961.59,204.97,61.74,152.12,0.8279,-1,-1,-1
1055,67,379.83,364.75,70.15,153.51,0.8258,-1,-1,-1
1055,77,458.59,279.90,64.59,138.50,0.8096,-1,-1,-1
1055,62,629.10,477.92,70.98,120.19,0.8087,-1,-1,-1
1055,66,851.65,360.47,56.58,145.42,0.7820,-1,-1,-1
1055,68,648.51,159.25,45.25,131.68,0.7241,-1,-1,-1
1055,60,409.81,281.21,58.67,173.71,0.6490,-1,-1,-1
1056,65,886.29,243.64,84.82,148.57,0.8979,-1,-1,-1
1056,54,1044.05,403.60,111.31,193.88,0.8868,-1,-1,-1
1056,69,254.79,418.03,63.17,165.28,0.8592,-1,-1,-1
1056,67,376.46,366.45,69.52,152.08,0.8044,-1,-1,-1
1056,77,449.48,279.39,70.71,139.03,0.8003,-1,-1,-1
1056,78,959.30,204.39,61.78,153.25,0.8002,-1,-1,-1
1056,68,644.08,159.30,45.63,131.64,0.7790,-1,-1,-1
1056,62,631.86,478.82,75.36,113.89,0.7785,-1,-1,-1
1056,66,852.98,358.00,55.28,142.95,0.7560,-1,-1,-1
1056,60,407.54,281.27,54.67,173.89,0.6901,-1,-1,-1
1057,65,881.10,241.33,83.33,147.67,0.8844,-1,-1,-1
1057,69,249.53,418.54,63.46,164.85,0.8733,-1,-1,-1
1057,54,1053.28,407.44,98.80,188.70,0.8606,-1,-1,-1
1057,67,371.29,366.16,68.79,152.42,0.8377,-1,-1,-1
1057,77,444.35,278.29,71.29,139.39,0.8291,-1,-1,-1
1057,66,849.56,356.77,60.71,136.13,0.8201,-1,-1,-1
1057,68,635.20,152.57,49.53,137.06,0.7866,-1,-1,-1
1057,78,954.68,192.42,59.75,164.55,0.7633,-1,-1,-1
1057,62,635.04,481.34,81.42,105.76,0.7614,-1,-1,-1
1057,60,402.29,280.98,58.99,165.04,0.6553,-1,-1,-1
1057,16,655.51,72.81,50.25,123.61,0.5082,-1,-1,-1
1058,54,1054.87,411.26,96.04,184.93,0.8919,-1,-1,-1
1058,65,879.53,240.13,80.78,147.50,0.8909,-1,-1,-1
1058,69,246.95,418.98,63.28,164.35,0.8715,-1,-1,-1
1058,67,368.58,366.21,69.80,151.92,0.8519,-1,-1,-1
1058,66,846.09,356.91,66.06,134.70,0.8263,-1,-1,-1
1058,78,950.50,199.73,61.39,157.01,0.8198,-1,-1,-1
1058,77,445.52,278.18,67.35,139.42,0.8138,-1,-1,-1
1058,68,631.67,148.78,49.62,140.07,0.7989,-1,-1,-1
1058,62,639.38,481.86,80.33,103.68,0.7861,-1,-1,-1
1058,60,398.46,281.09,65.75,166.41,0.6518,-1,-1,-1
1058,16,634.57,83.29,66.82,113.72,0.5470,-1,-1,-1
1059,54,1056.08,414.40,89.43,181.70,0.9190,-1,-1,-1
1059,65,874.55,238.97,80.38,146.00,0.9052,-1,-1,-1
1059,69,244.88,419.37,62.79,163.79,0.8799,-1,-1,-1
1059,67,366.35,365.88,71.40,152.46,0.8637,-1,-1,-1
1059,66,844.09,357.57,68.81,133.51,0.8490,-1,-1,-1
1059,78,948.86,187.76,59.79,168.95,0.8349,-1,-1,-1
1059,77,443.90,278.07,66.25,140.03,0.8200,-1,-1,-1
1059,62,644.85,481.94,76.26,102.50,0.8195,-1,-1,-1
1059,68,626.19,149.46,50.46,135.98,0.8093,-1,-1,-1
1059,60,397.71,279.92,64.26,168.11,0.6740,-1,-1,-1
1060,54,1057.19,414.92,88.32,179.91,0.9222,-1,-1,-1
1060,65,868.46,238.23,82.26,145.89,0.9138,-1,-1,-1
1060,69,242.53,419.81,63.30,163.89,0.8842,-1,-1,-1
1060,66,840.73,358.77,74.72,131.85,0.8736,-1,-1,-1
1060,67,363.65,365.56,69.73,152.62,0.8717,-1,-1,-1
1060,78,946.97,196.21,58.58,159.92,0.8607,-1,-1,-1
1060,62,649.00,481.04,73.99,103.43,0.8229,-1,-1,-1
1060,77,443.03,277.90,64.88,139.80,0.7962,-1,-1,-1
1060,68,621.23,149.63,50.75,131.65,0.7943,-1,-1,-1
1060,60,398.22,279.76,59.41,165.33,0.6512,-1,-1,-1
1060,16,628.29,72.47,67.38,123.92,0.5411,-1,-1,-1
1061,54,1058.83,412.81,86.57,180.25,0.9122,-1,-1,-1
1061,65,866.31,237.69,81.52,143.73,0.8900,-1,-1,-1
1061,66,837.54,359.38,80.44,131.26,0.8691,-1,-1,-1
1061,67,361.67,365.22,69.72,153.39,0.8480,-1,-1,-1
1061,69,240.31,419.87,61.83,163.76,0.8478,-1,-1,-1
1061,78,944.49,194.49,58.46,161.60,0.8430,-1,-1,-1
1061,62,655.17,480.39,66.79,103.79,0.8201,-1,-1,-1
1061,68,618.42,148.97,49.00,129.36,0.7732,-1,-1,-1
1061,77,445.49,277.50,60.17,140.66,0.7660,-1,-1,-1
1061,60,395.64,279.08,62.58,164.90,0.6354,-1,-1,-1
1062,54,1054.52,410.28,92.93,173.74,0.9104,-1,-1,-1
1062,65,860.40,236.55,79.06,142.60,0.9000,-1,-1,-1
1062,69,234.67,420.04,62.60,163.63,0.8692,-1,-1,-1
1062,66,833.53,358.77,85.83,131.93,0.8613,-1,-1,-1
1062,62,660.91,478.90,57.81,105.21,0.8493,-1,-1,-1
1062,67,359.13,364.59,71.89,154.35,0.8389,-1,-1,-1
1062,78,940.16,189.30,54.46,166.54,0.8145,-1,-1,-1
1062,68,609.17,144.85,68.94,128.28,0.8119,-1,-1,-1
1062,77,431.41,276.96,69.76,141.06,0.7776,-1,-1,-1
1062,60,384.66,278.57,61.93,165.27,0.5274,-1,-1,-1
1063,54,1044.78,412.82,105.01,169.85,0.9015,-1,-1,-1
1063,65,859.20,236.71,74.25,141.76,0.8968,-1,-1,-1
1063,69,232.73,420.01,62.45,164.06,0.8822,-1,-1,-1
1063,66,831.58,357.15,86.45,133.44,0.8523,-1,-1,-1
1063,67,357.07,364.05,71.20,154.83,0.8390,-1,-1,-1
1063,62,663.36,478.06,51.98,105.86,0.8358,-1,-1,-1
1063,77,431.45,276.89,68.32,141.22,0.8014,-1,-1,-1
1063,78,935.57,191.05,54.75,163.21,0.7883,-1,-1,-1
1063,68,604.98,141.47,66.34,131.10,0.7839,-1,-1,-1
1063,60,380.98,277.76,59.52,176.57,0.5795,-1,-1,-1
1063,-1,737.01,67.25,47.38,123.92,0.5273,-1,-1,-1
1064,54,1042.31,414.55,111.69,168.47,0.8883,-1,-1,-1
1064,65,855.74,236.82,75.51,141.76,0.8852,-1,-1,-1
1064,69,230.19,419.89,62.94,164.46,0.8818,-1,-1,-1
1064,66,832.43,354.06,84.76,136.39,0.8640,-1,-1,-1
1064,67,356.70,363.18,68.06,155.98,0.8337,-1,-1,-1
1064,77,428.55,276.69,69.64,142.01,0.8303,-1,-1,-1
1064,78,933.21,189.07,52.82,163.58,0.8212,-1,-1,-1
1064,68,601.91,140.88,59.71,131.26,0.8037,-1,-1,-1
1064,62,665.83,477.28,43.33,107.02,0.7974,-1,-1,-1
1064,60,382.24,277.12,67.10,182.02,0.6383,-1,-1,-1
1064,-1,732.75,67.74,50.02,123.23,0.5357,-1,-1,-1
1065,54,1040.96,413.11,119.75,168.73,0.8852,-1,-1,-1
1065,65,853.04,236.46,75.82,141.70,0.8662,-1,-1,-1
1065,69,228.36,419.80,63.26,164.72,0.8624,-1,-1,-1
1065,66,835.24,351.54,82.58,138.86,0.8509,-1,-1,-1
1065,67,356.13,363.27,68.17,155.82,0.8312,-1,-1,-1
1065,77,429.62,276.08,66.65,143.07,0.8186,-1,-1,-1
1065,62,668.72,477.10,44.06,106.77,0.7963,-1,-1,-1
1065,78,931.30,188.89,49.31,162.59,0.7860,-1,-1,-1
1065,68,598.02,143.27,56.77,128.74,0.7564,-1,-1,-1
1065,60,386.40,276.93,63.14,183.95,0.5943,-1,-1,-1
1065,80,730.89,68.38,48.54,122.63,0.5132,-1,-1,-1
1066,54,1044.69,411.82,116.74,169.23,0.8461,-1,-1,-1
1066,69,227.48,420.02,61.75,164.99,0.8399,-1,-1,-1
1066,67,356.17,363.34,67.09,155.81,0.8384,-1,-1,-1
1066,65,851.58,236.57,74.66,141.73,0.8234,-1,-1,-1
1066,77,430.62,275.92,63.96,143.16,0.8210,-1,-1,-1
1066,66,838.34,349.88,79.85,138.28,0.8203,-1,-1,-1
1066,78,926.78,190.57,48.20,158.66,0.7653,-1,-1,-1
1066,68,593.78,140.85,55.72,130.80,0.7472,-1,-1,-1
1066,62,671.18,477.36,44.97,106.93,0.7265,-1,-1,-1
1066,60,383.96,276.73,64.79,187.88,0.5865,-1,-1,-1
1066,80,727.55,69.27,48.56,121.78,0.5054,-1,-1,-1
1067,69,226.01,419.84,57.77,165.01,0.8650,-1,-1,-1
1067,54,1062.27,410.48,102.64,169.90,0.8518,-1,-1,-1
1067,67,355.47,363.23,62.27,155.93,0.8310,-1,-1,-1
1067,66,849.17,346.47,73.50,140.61,0.8189,-1,-1,-1
1067,65,845.01,236.06,75.43,136.10,0.8095,-1,-1,-1
1067,77,424.38,275.73,67.04,143.43,0.8079,-1,-1,-1
1067,68,585.61,137.62,55.89,134.02,0.7780,-1,-1,-1
1067,78,919.65,187.58,48.34,153.96,0.7758,-1,-1,-1
1067,62,673.15,479.09,50.55,104.94,0.7625,-1,-1,-1
1067,60,377.83,275.87,66.91,187.79,0.5699,-1,-1,-1
1067,80,723.26,69.06,44.83,121.90,0.5257,-1,-1,-1
1068,54,1072.36,410.32,97.07,168.98,0.8675,-1,-1,-1
1068,69,222.88,419.79,58.37,165.28,0.8534,-1,-1,-1
1068,67,354.75,362.71,61.72,156.39,0.8410,-1,-1,-1
1068,66,855.43,345.30,69.39,142.10,0.8236,-1,-1,-1
1068,65,841.48,235.45,78.09,134.68,0.8146,-1,-1,-1
1068,77,422.76,275.09,67.26,143.69,0.7896,-1,-1,-1
1068,68,580.29,136.86,55.87,134.02,0.7602,-1,-1,-1
1068,62,670.71,480.20,57.99,103.70,0.7531,-1,-1,-1
1068,78,915.47,185.71,48.64,152.35,0.7519,-1,-1,-1
1068,60,375.34,275.64,67.32,186.55,0.5870,-1,-1,-1
1068,80,719.72,67.71,45.84,123.17,0.5015,-1,-1,-1
1069,54,1080.57,409.78,94.24,169.48,0.8746,-1,-1,-1
1069,67,353.21,362.67,62.21,156.27,0.8555,-1,-1,-1
1069,69,220.36,419.24,58.84,165.84,0.8406,-1,-1,-1
1069,65,838.04,234.48,80.31,134.04,0.8200,-1,-1,-1
1069,78,911.25,184.78,49.20,151.78,0.7995,-1,-1,-1
1069,68,575.99,139.37,56.36,131.66,0.7877,-1,-1,-1
1069,66,857.04,347.17,69.31,140.91,0.7794,-1,-1,-1
1069,77,416.17,274.54,71.52,144.30,0.7687,-1,-1,-1
1069,62,663.67,481.48,69.15,102.32,0.7512,-1,-1,-1
1069,60,375.28,275.66,66.68,186.31,0.6002,-1,-1,-1
1069,80,716.47,67.58,43.87,123.37,0.5441,-1,-1,-1
1070,54,1085.63,409.22,90.75,169.03,0.8876,-1,-1,-1
1070,69,218.20,419.16,58.49,166.04,0.8696,-1,-1,-1
1070,67,352.46,362.76,62.85,156.54,0.8682,-1,-1,-1
1070,77,409.63,274.32,75.93,144.70,0.8426,-1,-1,-1
1070,68,570.46,137.45,57.29,132.91,0.8252,-1,-1,-1
1070,65,836.15,233.95,81.45,135.07,0.8238,-1,-1,-1
1070,66,858.18,346.14,70.33,143.07,0.8049,-1,-1,-1
1070,62,661.98,483.61,73.98,100.48,0.7970,-1,-1,-1
1070,78,908.55,185.66,48.09,150.16,0.7921,-1,-1,-1
1070,60,373.10,275.53,65.83,184.87,0.5690,-1,-1,-1
1070,80,712.79,69.67,44.65,121.26,0.5519,-1,-1,-1
1071,54,1085.56,408.23,91.18,168.36,0.8869,-1,-1,-1
1071,69,215.41,419.15,59.52,165.52,0.8681,-1,-1,-1
1071,66,859.08,345.52,71.75,144.34,0.8466,-1,-1,-1
1071,67,351.16,362.50,60.78,156.70,0.8429,-1,-1,-1
1071,77,409.48,273.70,73.58,144.91,0.8361,-1,-1,-1
1071,65,834.31,233.37,81.97,133.45,0.8046,-1,-1,-1
1071,68,562.47,136.60,60.56,133.52,0.7715,-1,-1,-1
1071,62,664.32,485.02,74.92,99.15,0.7699,-1,-1,-1
1071,78,903.85,184.66,49.91,151.80,0.7625,-1,-1,-1
1071,80,708.45,69.11,45.95,121.91,0.5401,-1,-1,-1
1072,54,1084.42,405.05,92.73,169.35,0.8919,-1,-1,-1
1072,66,861.13,343.15,73.09,146.51,0.8826,-1,-1,-1
1072,69,211.69,418.66,58.97,166.67,0.8805,-1,-1,-1
1072,67,347.26,361.41,62.34,157.86,0.8570,-1,-1,-1
1072,65,828.81,232.57,74.28,135.46,0.8369,-1,-1,-1
1072,77,415.51,273.38,62.83,144.27,0.8353,-1,-1,-1
1072,78,896.49,184.44,53.41,151.81,0.7753,-1,-1,-1
1072,62,670.56,486.00,70.86,97.92,0.7542,-1,-1,-1
1072,68,558.34,137.49,56.88,130.14,0.7197,-1,-1,-1
1072,80,702.68,68.13,47.15,122.61,0.5246,-1,-1,-1
1073,54,1086.55,403.07,87.97,168.84,0.8852,-1,-1,-1
1073,69,209.13,418.48,59.13,167.16,0.8756,-1,-1,-1
1073,67,345.56,360.75,62.26,158.79,0.8674,-1,-1,-1
1073,65,825.45,231.45,74.30,137.79,0.8646,-1,-1,-1
1073,66,860.85,343.58,74.33,143.96,0.8607,-1,-1,-1
1073,77,407.35,273.62,68.15,144.77,0.8281,-1,-1,-1
1073,78,891.13,184.27,53.44,152.03,0.8094,-1,-1,-1
1073,62,677.04,485.69,70.79,98.51,0.8034,-1,-1,-1
1073,68,546.34,136.64,67.52,129.28,0.7974,-1,-1,-1
1073,80,699.62,67.18,48.28,123.66,0.5318,-1,-1,-1
1073,60,365.88,274.98,63.67,122.81,0.5254,-1,-1,-1
1074,69,206.92,418.49,59.73,167.49,0.8944,-1,-1,-1
1074,54,1089.34,402.01,82.32,165.83,0.8884,-1,-1,-1
1074,65,824.14,230.84,73.09,141.33,0.8751,-1,-1,-1
1074,66,859.66,344.56,78.17,142.05,0.8681,-1,-1,-1
1074,67,342.84,360.34,63.39,158.97,0.8624,-1,-1,-1
1074,77,400.56,273.41,72.17,145.20,0.8244,-1,-1,-1
1074,62,685.69,485.41,64.48,99.17,0.7955,-1,-1,-1
1074,78,884.96,184.32,55.19,152.20,0.7853,-1,-1,-1
1074,68,549.31,135.88,61.92,127.55,0.7646,-1,-1,-1
1074,80,699.24,66.32,45.28,124.39,0.5513,-1,-1,-1
1075,54,1093.42,399.78,78.30,161.90,0.8889,-1,-1,-1
1075,69,204.55,418.23,59.68,167.91,0.8734,-1,-1,-1
1075,65,820.70,229.93,75.84,146.13,0.8731,-1,-1,-1
1075,66,858.39,345.66,79.92,141.56,0.8589,-1,-1,-1
1075,67,340.57,360.35,63.63,159.23,0.8477,-1,-1,-1
1075,77,400.29,272.91,70.21,145.40,0.8181,-1,-1,-1
1075,78,883.30,183.72,53.50,151.98,0.7731,-1,-1,-1
1075,62,704.21,484.59,45.87,100.07,0.7420,-1,-1,-1
1075,68,545.36,135.82,60.05,124.19,0.6546,-1,-1,-1
1075,60,361.29,274.19,61.20,163.13,0.6163,-1,-1,-1
1075,80,697.23,67.59,45.15,123.06,0.5228,-1,-1,-1
1076,54,1099.18,397.36,73.21,161.84,0.8918,-1,-1,-1
1076,65,817.13,228.39,80.75,145.72,0.8863,-1,-1,-1
1076,69,202.21,417.78,60.09,168.24,0.8773,-1,-1,-1
1076,67,338.28,359.75,63.93,159.86,0.8680,-1,-1,-1
1076,66,859.03,346.17,77.80,141.06,0.8622,-1,-1,-1
1076,77,398.71,272.98,68.79,145.71,0.8434,-1,-1,-1
1076,62,709.20,483.14,42.86,100.81,0.8027,-1,-1,-1
1076,78,880.83,183.52,53.41,151.41,0.7870,-1,-1,-1
1076,68,541.29,133.41,62.28,125.07,0.7607,-1,-1,-1
1076,60,359.57,274.07,60.26,167.33,0.7589,-1,-1,-1
1076,80,694.86,66.51,46.32,123.79,0.5226,-1,-1,-1
1077,65,808.36,226.20,89.85,144.51,0.9045,-1,-1,-1
1077,69,197.77,417.08,61.29,168.72,0.8855,-1,-1,-1
1077,54,1105.72,393.49,68.57,164.53,0.8851,-1,-1,-1
1077,67,333.39,358.25,65.62,159.96,0.8717,-1,-1,-1
1077,66,865.24,347.33,68.06,139.49,0.8602,-1,-1,-1
1077,77,397.42,273.47,65.13,145.59,0.8574,-1,-1,-1
1077,78,873.63,181.35,56.34,150.25,0.8170,-1,-1,-1
1077,62,715.50,481.69,40.18,102.77,0.7865,-1,-1,-1
1077,68,536.31,133.91,52.37,124.49,0.7785,-1,-1,-1
1077,60,356.49,273.72,58.63,168.26,0.6684,-1,-1,-1
1077,80,690.25,64.03,50.40,125.49,0.5041,-1,-1,-1
1078,69,195.11,417.12,62.60,168.82,0.8969,-1,-1,-1
1078,65,804.49,224.73,88.85,143.75,0.8962,-1,-1,-1
1078,67,332.02,357.47,65.98,159.23,0.8673,-1,-1,-1
1078,54,1106.97,392.65,67.77,165.45,0.8489,-1,-1,-1
1078,77,398.65,273.99,62.21,144.98,0.8455,-1,-1,-1
1078,66,868.15,347.26,63.68,139.51,0.8421,-1,-1,-1
1078,78,870.49,179.76,55.32,149.84,0.8166,-1,-1,-1
1078,68,531.09,133.00,51.32,125.04,0.8112,-1,-1,-1
1078,62,718.12,481.58,41.02,102.60,0.8057,-1,-1,-1
1078,60,354.21,273.74,59.64,167.23,0.6575,-1,-1,-1
1078,80,688.17,65.75,51.19,123.46,0.5366,-1,-1,-1
1079,65,801.39,222.97,86.23,143.45,0.9171,-1,-1,-1
1079,69,192.98,416.85,63.23,169.00,0.9032,-1,-1,-1
1079,67,330.10,357.26,68.17,158.34,0.8638,-1,-1,-1
1079,77,392.01,274.28,67.22,145.10,0.8596,-1,-1,-1
1079,68,525.79,132.87,49.71,124.60,0.8522,-1,-1,-1
1079,66,874.30,346.44,56.63,140.19,0.8229,-1,-1,-1
1079,78,868.26,176.82,52.76,152.37,0.8019,-1,-1,-1
1079,62,720.65,481.51,45.37,103.03,0.7989,-1,-1,-1
1079,54,1108.57,391.54,68.07,166.21,0.7629,-1,-1,-1
1079,60,351.26,274.01,58.26,165.69,0.7053,-1,-1,-1
1079,80,687.89,65.56,50.00,123.60,0.5722,-1,-1,-1
1080,69,190.15,416.76,64.78,169.49,0.9037,-1,-1,-1
1080,65,797.86,221.63,83.89,145.33,0.8976,-1,-1,-1
1080,67,328.63,356.51,68.68,158.39,0.8663,-1,-1,-1
1080,77,388.13,274.54,69.35,144.56,0.8651,-1,-1,-1
1080,68,517.06,133.10,54.85,123.86,0.8369,-1,-1,-1
1080,66,880.00,345.32,51.35,141.14,0.8158,-1,-1,-1
1080,62,723.21,482.41,56.14,101.74,0.7707,-1,-1,-1
1080,54,1109.23,390.78,64.59,167.41,0.7604,-1,-1,-1
1080,78,865.45,162.01,50.00,165.63,0.7265,-1,-1,-1
1080,60,350.27,273.88,55.67,163.15,0.7114,-1,-1,-1
1080,80,688.18,65.51,49.27,123.29,0.6015,-1,-1,-1
1081,65,796.14,220.24,76.99,146.53,0.9068,-1,-1,-1
1081,69,187.92,416.97,64.78,169.31,0.9030,-1,-1,-1
1081,68,508.91,133.57,60.87,123.14,0.8752,-1,-1,-1
1081,67,326.33,356.05,69.30,157.39,0.8632,-1,-1,-1
1081,77,390.30,274.68,65.68,144.61,0.8549,-1,-1,-1
1081,66,885.30,344.33,46.64,142.15,0.8197,-1,-1,-1
1081,62,725.61,483.28,64.45,101.01,0.8025,-1,-1,-1
1081,78,862.19,166.70,46.40,156.41,0.7537,-1,-1,-1
1081,54,1110.85,390.10,61.43,168.09,0.6972,-1,-1,-1
1081,60,348.29,274.16,57.55,161.66,0.6450,-1,-1,-1
1081,80,687.36,65.68,50.36,123.06,0.6134,-1,-1,-1
1082,69,183.96,416.60,66.34,170.48,0.9189,-1,-1,-1
1082,65,790.53,217.59,67.28,147.90,0.9068,-1,-1,-1
1082,68,495.18,133.49,71.27,123.33,0.8822,-1,-1,-1
1082,77,381.31,275.01,74.69,143.15,0.8504,-1,-1,-1
1082,67,324.47,352.70,69.83,158.51,0.8492,-1,-1,-1
1082,62,732.56,485.15,76.21,99.15,0.8251,-1,-1,-1
1082,66,891.81,342.35,43.05,144.30,0.8083,-1,-1,-1
1082,78,855.21,166.36,40.47,149.19,0.7953,-1,-1,-1
1082,54,1111.27,387.07,65.06,169.59,0.7520,-1,-1,-1
1082,80,685.49,65.70,53.93,122.47,0.6084,-1,-1,-1
1082,60,337.85,274.42,67.16,157.31,0.5898,-1,-1,-1
1083,65,789.11,216.52,60.47,148.93,0.8988,-1,-1,-1
1083,69,181.90,417.12,66.51,170.11,0.8845,-1,-1,-1
1083,68,491.83,135.65,73.20,121.18,0.8829,-1,-1,-1
1083,77,379.24,275.05,77.79,141.69,0.8566,-1,-1,-1
1083,67,324.24,351.21,71.05,157.63,0.8290,-1,-1,-1
1083,62,736.10,485.93,78.15,98.55,0.8074,-1,-1,-1
1083,66,893.00,341.84,43.52,144.93,0.7859,-1,-1,-1
1083,78,851.42,165.59,40.06,147.35,0.7729,-1,-1,-1
1083,54,1111.63,386.55,63.28,169.20,0.7069,-1,-1,-1
1083,80,684.30,66.84,56.18,121.76,0.6125,-1,-1,-1
1083,60,327.55,275.12,73.99,157.37,0.5591,-1,-1,-1
1084,65,786.40,215.46,57.19,150.51,0.9021,-1,-1,-1
1084,68,490.11,135.39,73.11,121.63,0.8920,-1,-1,-1
1084,69,180.23,417.26,66.50,169.90,0.8737,-1,-1,-1
1084,77,378.52,275.14,77.40,141.38,0.8585,-1,-1,-1
1084,67,324.30,351.36,71.53,154.77,0.8429,-1,-1,-1
1084,66,893.29,341.29,45.69,145.49,0.8239,-1,-1,-1
1084,78,846.97,165.65,40.34,146.04,0.7942,-1,-1,-1
1084,62,741.00,485.90,77.40,98.57,0.7845,-1,-1,-1
1084,54,1112.62,385.51,71.01,169.79,0.7285,-1,-1,-1
1084,80,684.22,66.79,54.52,121.99,0.6083,-1,-1,-1
1084,60,325.63,276.00,73.96,160.52,0.5154,-1,-1,-1
1085,65,784.05,215.45,55.60,150.44,0.8879,-1,-1,-1
1085,68,489.04,137.44,72.18,119.18,0.8870,-1,-1,-1
1085,67,325.10,351.29,71.70,151.82,0.8338,-1,-1,-1
1085,69,178.29,417.45,67.17,169.89,0.8268,-1,-1,-1
1085,77,380.09,275.21,74.54,141.12,0.8264,-1,-1,-1
1085,66,892.85,340.96,47.39,146.02,0.8263,-1,-1,-1
1085,62,744.66,485.55,75.79,98.90,0.8102,-1,-1,-1
1085,54,1113.35,384.60,85.31,169.36,0.7961,-1,-1,-1
1085,78,841.76,165.57,42.79,143.97,0.7880,-1,-1,-1
1085,80,684.05,67.61,53.11,121.68,0.6164,-1,-1,-1
1085,60,323.37,276.72,70.81,161.20,0.6072,-1,-1,-1
1086,65,781.16,214.93,55.99,150.85,0.8649,-1,-1,-1
1086,67,325.46,351.20,71.61,149.28,0.8546,-1,-1,-1
1086,69,177.09,417.98,67.27,169.36,0.8480,-1,-1,-1
1086,54,1114.28,383.79,87.70,168.63,0.8439,-1,-1,-1
1086,66,892.50,340.38,48.14,146.61,0.8354,-1,-1,-1
1086,68,484.88,135.92,73.69,121.20,0.8251,-1,-1,-1
1086,62,749.93,484.88,71.73,99.45,0.8200,-1,-1,-1
1086,77,378.49,275.00,73.57,141.07,0.8062,-1,-1,-1
1086,78,837.19,166.22,44.85,143.28,0.7432,-1,-1,-1
1086,80,683.92,67.09,51.85,122.46,0.6144,-1,-1,-1
1086,60,323.56,277.12,68.37,160.76,0.5348,-1,-1,-1
1087,69,173.91,418.51,68.73,169.78,0.9045,-1,-1,-1
1087,65,775.50,214.69,58.27,151.92,0.8817,-1,-1,-1
1087,67,325.95,349.35,75.71,151.02,0.8757,-1,-1,-1
1087,66,891.51,338.40,50.20,148.99,0.8278,-1,-1,-1
1087,62,757.67,483.25,62.98,101.20,0.8174,-1,-1,-1
1087,77,376.19,274.77,69.65,141.21,0.8151,-1,-1,-1
1087,68,480.85,133.64,62.39,124.54,0.8070,-1,-1,-1
1087,78,824.15,169.09,55.57,140.57,0.7388,-1,-1,-1
1087,54,1116.74,380.37,60.50,164.15,0.6162,-1,-1,-1
1087,80,682.11,67.68,52.49,122.15,0.5971,-1,-1,-1
1087,60,324.64,278.15,57.55,159.40,0.5695,-1,-1,-1
1088,65,772.76,214.18,59.20,152.22,0.8786,-1,-1,-1
1088,67,326.62,348.91,76.37,151.48,0.8769,-1,-1,-1
1088,69,172.70,418.51,69.09,169.99,0.8749,-1,-1,-1
1088,66,891.26,337.05,50.96,150.17,0.8513,-1,-1,-1
1088,62,761.51,481.87,56.70,102.39,0.8380,-1,-1,-1
1088,68,478.02,132.24,55.59,126.74,0.7963,-1,-1,-1
1088,77,375.52,274.62,69.29,141.38,0.7912,-1,-1,-1
1088,78,815.59,169.41,63.82,140.35,0.7387,-1,-1,-1
1088,54,1115.86,377.71,69.13,162.81,0.6664,-1,-1,-1
1088,60,325.34,278.57,55.17,157.85,0.6033,-1,-1,-1
1088,80,680.72,67.98,53.07,121.86,0.5949,-1,-1,-1
1089,69,171.16,418.56,69.79,170.28,0.8812,-1,-1,-1
1089,65,769.90,214.37,57.49,151.52,0.8704,-1,-1,-1
1089,67,327.27,348.79,76.11,151.81,0.8691,-1,-1,-1
1089,66,892.07,335.40,50.89,151.10,0.8371,-1,-1,-1
1089,62,766.31,481.28,48.59,102.89,0.7979,-1,-1,-1
1089,78,811.40,170.52,66.42,139.27,0.7936,-1,-1,-1
1089,77,373.57,274.53,70.35,141.42,0.7905,-1,-1,-1
1089,68,474.66,132.20,57.87,126.74,0.7882,-1,-1,-1
1089,54,1114.61,374.73,66.99,159.61,0.7584,-1,-1,-1
1089,80,679.58,66.82,54.92,123.24,0.6138,-1,-1,-1
1089,60,326.19,279.57,50.60,156.60,0.6012,-1,-1,-1
1090,65,766.66,214.24,57.45,150.53,0.8617,-1,-1,-1
1090,67,330.86,348.46,73.08,152.48,0.8612,-1,-1,-1
1090,54,1113.23,372.89,101.38,159.93,0.8422,-1,-1,-1
1090,66,894.13,333.34,49.85,151.24,0.8339,-1,-1,-1
1090,69,169.44,419.13,70.55,170.09,0.8264,-1,-1,-1
1090,68,471.67,132.30,56.57,127.18,0.7917,-1,-1,-1
1090,62,770.36,481.36,41.20,102.45,0.7883,-1,-1,-1
1090,78,807.98,170.34,68.69,139.86,0.7831,-1,-1,-1
1090,77,373.11,274.59,69.13,140.22,0.7693,-1,-1,-1
1090,80,677.97,66.48,58.03,123.77,0.6136,-1,-1,-1
1090,60,326.76,280.77,49.03,153.85,0.6106,-1,-1,-1
1091,67,331.13,348.11,72.29,153.18,0.8722,-1,-1,-1
1091,65,763.38,213.40,59.34,149.79,0.8631,-1,-1,-1
1091,69,168.67,419.23,70.60,170.21,0.8516,-1,-1,-1
1091,66,896.31,331.14,48.57,149.47,0.8176,-1,-1,-1
1091,54,1114.09,371.80,101.83,161.21,0.7999,-1,-1,-1
1091,77,371.60,274.42,68.42,139.82,0.7922,-1,-1,-1
1091,62,774.79,481.45,41.19,102.56,0.7458,-1,-1,-1
1091,68,468.42,133.63,53.62,126.40,0.7205,-1,-1,-1
1091,78,810.40,170.28,64.54,140.25,0.6881,-1,-1,-1
1091,80,676.96,67.09,58.83,123.23,0.6095,-1,-1,-1
1091,60,327.31,281.49,47.63,152.40,0.5727,-1,-1,-1
1092,67,331.79,348.52,68.88,153.62,0.8824,-1,-1,-1
1092,69,165.74,420.32,71.39,169.92,0.8780,-1,-1,-1
1092,65,755.95,212.60,56.46,145.67,0.8480,-1,-1,-1
1092,66,900.29,328.48,45.77,146.92,0.8368,-1,-1,-1
1092,78,794.45,167.68,75.74,144.26,0.8152,-1,-1,-1
1092,77,370.02,274.83,67.09,143.33,0.7935,-1,-1,-1
1092,62,781.31,483.50,41.69,100.98,0.7403,-1,-1,-1
1092,68,456.86,136.20,48.35,126.42,0.6921,-1,-1,-1
1092,54,1112.91,369.34,76.00,164.23,0.6890,-1,-1,-1
1092,80,675.28,72.14,59.39,118.90,0.6063,-1,-1,-1
1092,60,325.60,283.93,47.48,149.35,0.5818,-1,-1,-1
1093,67,333.97,348.33,65.79,154.64,0.8666,-1,-1,-1
1093,69,164.79,421.11,70.80,169.40,0.8448,-1,-1,-1
1093,65,751.05,211.81,57.28,147.56,0.8223,-1,-1,-1
1093,66,901.74,327.52,44.91,144.76,0.8077,-1,-1,-1
1093,62,782.11,485.05,45.38,99.03,0.7726,-1,-1,-1
1093,54,1119.36,369.78,66.72,164.21,0.7507,-1,-1,-1
1093,77,369.68,275.29,66.30,144.96,0.7280,-1,-1,-1
1093,78,792.46,168.86,73.19,143.98,0.7149,-1,-1,-1
1093,68,449.15,138.28,49.69,125.77,0.6889,-1,-1,-1
1093,80,675.38,72.99,58.99,118.60,0.5828,-1,-1,-1
1093,60,322.86,285.38,48.97,149.44,0.5645,-1,-1,-1
1094,67,335.69,348.14,63.27,155.35,0.8848,-1,-1,-1
1094,69,163.40,421.95,70.41,169.27,0.8512,-1,-1,-1
1094,65,746.77,211.14,58.57,145.58,0.8377,-1,-1,-1
1094,66,902.72,326.85,44.67,143.37,0.8105,-1,-1,-1
1094,54,1121.78,369.99,63.25,164.14,0.7634,-1,-1,-1
1094,77,368.99,275.54,66.04,140.99,0.7542,-1,-1,-1
1094,62,782.00,486.78,48.78,97.28,0.7457,-1,-1,-1
1094,78,789.54,166.43,70.19,146.58,0.7429,-1,-1,-1
1094,68,440.75,139.28,54.02,126.06,0.6942,-1,-1,-1
1094,80,677.22,72.04,56.96,120.47,0.5902,-1,-1,-1
1094,60,320.03,286.95,50.84,152.55,0.5767,-1,-1,-1
1095,67,336.55,347.98,62.21,156.26,0.8794,-1,-1,-1
1095,65,741.66,210.28,63.36,144.16,0.8699,-1,-1,-1
1095,66,903.47,326.59,45.37,142.00,0.8443,-1,-1,-1
1095,69,162.55,422.64,70.44,169.99,0.8368,-1,-1,-1
1095,77,367.61,275.64,67.29,139.60,0.8065,-1,-1,-1
1095,54,1122.85,370.46,69.38,163.88,0.7882,-1,-1,-1
1095,78,787.55,180.14,64.78,128.87,0.7557,-1,-1,-1
1095,62,784.29,488.62,50.43,95.57,0.7389,-1,-1,-1
1095,68,431.65,139.95,61.81,126.96,0.7386,-1,-1,-1
1095,80,680.07,71.11,54.61,122.68,0.5907,-1,-1,-1
1095,60,317.90,288.47,52.11,153.37,0.5882,-1,-1,-1
1096,67,335.35,347.79,62.14,156.55,0.9008,-1,-1,-1
1096,65,737.80,209.72,62.16,144.12,0.8814,-1,-1,-1
1096,66,903.66,326.60,47.16,139.88,0.8507,-1,-1,-1
1096,69,161.75,423.01,70.57,170.42,0.8487,-1,-1,-1
1096,77,367.81,275.38,67.50,139.80,0.8219,-1,-1,-1
1096,78,786.77,184.03,56.40,122.28,0.7972,-1,-1,-1
1096,68,427.16,141.24,65.04,125.32,0.7901,-1,-1,-1
1096,54,1122.74,369.81,75.84,164.10,0.7717,-1,-1,-1
1096,62,790.89,490.25,48.64,93.98,0.7278,-1,-1,-1
1096,60,315.42,289.32,53.95,152.57,0.6221,-1,-1,-1
1096,80,683.06,72.36,51.52,122.73,0.5875,-1,-1,-1
1097,67,334.45,347.57,62.47,156.51,0.9033,-1,-1,-1
1097,66,903.03,326.65,61.65,138.11,0.8973,-1,-1,-1
1097,69,161.27,423.43,69.12,170.42,0.8669,-1,-1,-1
1097,65,732.73,207.94,58.76,142.45,0.8568,-1,-1,-1
1097,77,367.06,274.61,67.16,140.26,0.8285,-1,-1,-1
1097,68,419.82,142.67,70.76,125.20,0.8221,-1,-1,-1
1097,54,1125.73,365.32,71.59,164.97,0.8090,-1,-1,-1
1097,62,802.47,490.76,45.09,93.05,0.7704,-1,-1,-1
1097,78,781.46,182.10,42.34,122.93,0.6802,-1,-1,-1
1097,60,313.65,290.79,54.69,156.31,0.6484,-1,-1,-1
1097,80,687.81,70.78,48.29,126.36,0.5193,-1,-1,-1
1098,66,902.96,326.51,69.01,138.36,0.9023,-1,-1,-1
1098,67,333.98,347.44,63.01,155.83,0.8986,-1,-1,-1
1098,69,161.12,423.58,68.65,170.07,0.8792,-1,-1,-1
1098,65,730.19,207.48,60.83,142.17,0.8600,-1,-1,-1
1098,77,367.30,274.21,66.39,141.25,0.8272,-1,-1,-1
1098,68,417.55,140.69,72.50,126.96,0.8031,-1,-1,-1
1098,54,1126.05,362.65,74.35,165.67,0.7985,-1,-1,-1
1098,62,808.89,490.26,42.70,93.76,0.7829,-1,-1,-1
1098,78,778.66,180.55,37.29,122.05,0.6737,-1,-1,-1
1098,60,314.89,292.26,53.34,152.47,0.6094,-1,-1,-1
1098,80,688.96,71.69,48.39,126.67,0.5218,-1,-1,-1
1099,66,903.01,326.97,73.85,138.08,0.9022,-1,-1,-1
1099,67,334.19,347.17,62.48,155.69,0.8948,-1,-1,-1
1099,65,725.28,206.86,64.28,142.84,0.8736,-1,-1,-1
1099,69,161.04,423.80,68.51,170.38,0.8505,-1,-1,-1
1099,54,1126.64,361.26,78.19,165.00,0.8270,-1,-1,-1
1099,62,815.52,490.06,39.83,93.55,0.7855,-1,-1,-1
1099,77,368.09,273.66,65.72,143.57,0.7727,-1,-1,-1
1099,68,417.02,140.53,69.20,126.98,0.7326,-1,-1,-1
1099,60,312.84,292.91,55.75,155.13,0.6691,-1,-1,-1
1099,78,773.44,180.85,37.06,124.36,0.6324,-1,-1,-1
1099,80,688.92,71.26,48.28,127.88,0.5263,-1,-1,-1
1100,66,902.66,328.02,76.24,136.82,0.9053,-1,-1,-1
1100,65,716.88,207.23,71.29,142.65,0.9048,-1,-1,-1
1100,67,334.42,347.22,62.10,155.45,0.8900,-1,-1,-1
1100,69,160.95,424.40,68.07,169.93,0.8699,-1,-1,-1
1100,54,1127.45,359.64,79.65,163.81,0.8424,-1,-1,-1
1100,77,369.67,273.44,63.68,142.61,0.7878,-1,-1,-1
1100,62,819.01,489.48,40.19,94.13,0.7607,-1,-1,-1
1100,68,416.07,141.74,63.40,126.60,0.7407,-1,-1,-1
1100,60,316.03,293.25,52.74,155.18,0.6766,-1,-1,-1
1100,78,768.75,181.42,39.77,121.06,0.6298,-1,-1,-1
1100,80,689.49,71.01,48.38,129.77,0.5510,-1,-1,-1
1101,65,711.89,207.59,75.65,142.88,0.9191,-1,-1,-1
1101,66,902.85,329.96,75.33,133.45,0.9171,-1,-1,-1
1101,54,1129.92,358.43,80.43,159.48,0.8861,-1,-1,-1
1101,67,336.95,347.05,58.30,155.34,0.8795,-1,-1,-1
1101,69,161.21,425.25,67.08,169.97,0.8758,-1,-1,-1
1101,62,822.44,488.56,40.06,95.04,0.7825,-1,-1,-1
1101,77,370.72,273.71,63.01,142.25,0.7645,-1,-1,-1
1101,68,413.99,142.20,57.29,126.80,0.7560,-1,-1,-1
1101,60,314.39,293.55,57.42,157.78,0.6636,-1,-1,-1
1101,78,767.07,166.31,40.01,135.67,0.6185,-1,-1,-1
1101,80,689.24,74.01,47.14,127.61,0.5406,-1,-1,-1
1102,66,905.03,332.53,73.68,129.01,0.9164,-1,-1,-1
1102,65,706.09,207.63,80.95,143.78,0.9106,-1,-1,-1
1102,67,342.04,347.59,56.06,154.35,0.8667,-1,-1,-1
1102,54,1133.61,355.26,75.71,157.32,0.8637,-1,-1,-1
1102,69,161.64,426.02,66.36,169.55,0.8444,-1,-1,-1
1102,62,828.85,487.96,40.82,95.55,0.7719,-1,-1,-1
1102,77,374.60,273.80,58.86,142.65,0.7489,-1,-1,-1
1102,60,325.83,295.20,46.14,156.70,0.6928,-1,-1,-1
1102,78,760.46,166.78,43.96,136.24,0.6544,-1,-1,-1
1102,68,410.11,140.62,56.42,129.28,0.6485,-1,-1,-1
1102,80,690.38,76.67,47.22,126.82,0.5264,-1,-1,-1
1103,66,907.23,333.56,71.31,126.58,0.9064,-1,-1,-1
1103,65,705.79,207.72,80.97,142.74,0.8920,-1,-1,-1
1103,67,343.36,348.12,55.61,153.50,0.8591,-1,-1,-1
1103,54,1133.32,354.05,71.09,158.74,0.8508,-1,-1,-1
1103,69,162.49,426.69,65.35,169.66,0.8241,-1,-1,-1
1103,62,832.88,487.75,45.96,95.66,0.7632,-1,-1,-1
1103,77,376.67,273.70,57.76,143.13,0.7111,-1,-1,-1
1103,60,327.59,295.49,46.33,158.86,0.6892,-1,-1,-1
1103,68,407.48,143.47,51.91,126.81,0.6370,-1,-1,-1
1103,78,756.28,167.56,47.45,135.23,0.6114,-1,-1,-1
1103,80,691.28,77.53,46.04,127.44,0.5207,-1,-1,-1
1104,65,704.40,208.70,80.76,141.60,0.8986,-1,-1,-1
1104,66,908.89,334.61,69.79,123.04,0.8974,-1,-1,-1
1104,54,1133.87,353.28,66.51,159.27,0.8656,-1,-1,-1
1104,67,343.87,349.99,55.98,152.13,0.8477,-1,-1,-1
1104,69,163.35,427.52,63.95,169.28,0.8310,-1,-1,-1
1104,77,374.75,274.07,60.38,142.93,0.7199,-1,-1,-1
1104,62,836.43,488.03,53.93,95.65,0.7178,-1,-1,-1
1104,60,328.92,296.70,44.34,158.74,0.7010,-1,-1,-1
1104,78,752.11,166.46,51.20,137.02,0.6370,-1,-1,-1
1104,68,403.64,146.06,43.69,124.31,0.5816,-1,-1,-1
1105,66,911.89,335.23,67.15,122.36,0.8961,-1,-1,-1
1105,65,702.84,208.82,80.58,141.57,0.8762,-1,-1,-1
1105,54,1134.61,352.44,65.53,160.97,0.8638,-1,-1,-1
1105,67,344.18,350.06,57.27,152.55,0.8544,-1,-1,-1
1105,69,163.75,427.92,63.60,169.24,0.8370,-1,-1,-1
1105,62,839.59,488.56,62.98,95.26,0.7900,-1,-1,-1
1105,77,377.22,274.31,58.72,143.11,0.7232,-1,-1,-1
1105,60,329.56,296.83,46.32,157.82,0.6838,-1,-1,-1
1105,68,393.57,144.84,46.98,126.27,0.6531,-1,-1,-1
1105,78,747.03,167.69,55.58,135.63,0.6129,-1,-1,-1
1106,66,913.97,335.25,66.82,123.07,0.8806,-1,-1,-1
1106,65,700.14,208.94,77.58,140.65,0.8755,-1,-1,-1
1106,54,1135.26,351.67,65.60,161.77,0.8564,-1,-1,-1
1106,67,345.74,344.25,57.58,158.67,0.8538,-1,-1,-1
1106,69,164.35,428.65,62.16,168.81,0.8394,-1,-1,-1
1106,62,843.76,489.34,69.55,94.33,0.7675,-1,-1,-1
1106,77,374.98,274.76,62.41,143.29,0.7398,-1,-1,-1
1106,60,329.12,297.54,52.98,158.66,0.6744,-1,-1,-1
1106,68,381.99,145.80,57.59,126.20,0.6664,-1,-1,-1
1106,78,743.77,167.64,56.43,135.17,0.6638,-1,-1,-1
1107,65,691.77,208.55,71.58,141.52,0.8637,-1,-1,-1
1107,66,919.55,335.76,66.67,123.70,0.8440,-1,-1,-1
1107,67,348.15,348.28,52.38,153.71,0.8300,-1,-1,-1
1107,69,165.27,430.06,62.10,168.88,0.8287,-1,-1,-1
1107,54,1141.21,350.73,66.17,163.36,0.8023,-1,-1,-1
1107,62,852.58,492.03,78.36,91.68,0.7953,-1,-1,-1
1107,77,377.95,275.94,62.73,143.82,0.7630,-1,-1,-1
1107,68,364.23,147.58,73.76,126.20,0.7041,-1,-1,-1
1107,60,331.86,297.82,60.14,158.97,0.6944,-1,-1,-1
1107,78,736.29,174.51,53.24,128.06,0.6509,-1,-1,-1
1107,80,693.51,85.52,46.77,123.72,0.5231,-1,-1,-1
1108,65,687.04,207.78,68.45,143.28,0.8821,-1,-1,-1
1108,69,165.32,430.39,61.68,168.78,0.8404,-1,-1,-1
1108,66,925.16,336.04,62.71,124.19,0.8231,-1,-1,-1
1108,67,348.12,339.50,52.39,162.23,0.8026,-1,-1,-1
1108,54,1141.54,350.55,68.39,163.57,0.8025,-1,-1,-1
1108,62,856.01,492.58,83.38,91.01,0.7865,-1,-1,-1
1108,77,379.82,275.78,61.91,144.75,0.7624,-1,-1,-1
1108,68,355.56,147.43,82.08,127.88,0.7256,-1,-1,-1
1108,60,332.46,297.68,60.53,159.18,0.6944,-1,-1,-1
1108,78,733.07,170.95,49.41,128.62,0.6198,-1,-1,-1
1108,80,694.00,86.74,46.84,122.85,0.5187,-1,-1,-1
1109,65,682.35,207.37,66.28,143.94,0.8718,-1,-1,-1
1109,69,165.29,431.56,61.68,168.31,0.8261,-1,-1,-1
1109,54,1142.40,350.34,67.21,163.64,0.8254,-1,-1,-1
1109,66,927.64,336.09,61.81,124.56,0.8194,-1,-1,-1
1109,67,348.25,337.74,53.68,163.78,0.8060,-1,-1,-1
1109,77,379.16,276.24,64.07,144.49,0.8032,-1,-1,-1
1109,62,860.24,492.81,84.16,90.95,0.7623,-1,-1,-1
1109,68,352.62,153.27,84.82,123.74,0.7059,-1,-1,-1
1109,60,332.89,297.66,56.26,159.83,0.6621,-1,-1,-1
1109,78,729.20,169.33,44.71,129.67,0.5970,-1,-1,-1
1110,66,928.97,336.10,61.95,125.06,0.8523,-1,-1,-1
1110,65,678.42,207.35,65.24,143.92,0.8311,-1,-1,-1
1110,54,1146.04,349.46,63.80,163.56,0.8275,-1,-1,-1
1110,69,165.32,432.39,61.44,167.93,0.8177,-1,-1,-1
1110,67,347.96,349.01,55.06,152.64,0.8009,-1,-1,-1
1110,77,382.41,276.97,62.31,145.32,0.7811,-1,-1,-1
1110,62,864.84,492.20,84.59,91.27,0.7770,-1,-1,-1
1110,68,352.16,155.96,84.15,121.66,0.7355,-1,-1,-1
1110,60,333.65,297.59,53.43,160.72,0.6529,-1,-1,-1
1110,78,725.70,167.82,39.44,130.58,0.5404,-1,-1,-1
1110,80,696.33,87.47,45.75,117.04,0.5094,-1,-1,-1
1111,66,929.80,336.14,62.20,125.40,0.8538,-1,-1,-1
1111,65,675.55,207.39,60.43,144.40,0.8480,-1,-1,-1
1111,69,165.27,433.05,61.47,167.49,0.8379,-1,-1,-1
1111,54,1146.49,348.66,65.93,163.46,0.8000,-1,-1,-1
1111,77,383.99,277.46,62.06,144.86,0.7911,-1,-1,-1
1111,67,346.69,350.69,56.88,151.39,0.7805,-1,-1,-1
1111,62,869.95,491.25,81.85,92.51,0.7666,-1,-1,-1
1111,68,352.28,157.00,82.86,121.56,0.7113,-1,-1,-1
1111,60,335.15,298.09,55.82,162.16,0.6088,-1,-1,-1
1111,78,722.25,170.21,31.39,135.38,0.5229,-1,-1,-1
1112,65,668.18,207.17,65.65,145.85,0.8529,-1,-1,-1
1112,66,930.69,335.24,61.92,127.04,0.8438,-1,-1,-1
1112,69,165.71,434.59,61.31,167.08,0.8353,-1,-1,-1
1112,67,346.82,353.25,58.55,149.33,0.7963,-1,-1,-1
1112,77,387.50,279.12,60.97,150.73,0.7595,-1,-1,-1
1112,62,879.22,489.07,73.17,94.31,0.7191,-1,-1,-1
1112,54,1145.37,345.79,67.05,163.23,0.6872,-1,-1,-1
1112,68,351.75,158.39,77.37,121.65,0.6646,-1,-1,-1
1112,60,338.54,297.78,62.26,163.79,0.5921,-1,-1,-1
1112,-1,382.92,113.74,48.86,121.36,0.5476,-1,-1,-1
1113,69,165.59,434.92,61.23,167.29,0.8532,-1,-1,-1
1113,65,666.02,207.28,65.13,145.86,0.8485,-1,-1,-1
1113,66,931.54,333.74,61.69,129.16,0.8478,-1,-1,-1
1113,54,1147.10,344.61,66.47,159.18,0.8138,-1,-1,-1
1113,67,347.27,354.57,56.04,148.34,0.8004,-1,-1,-1
1113,77,388.85,279.64,61.65,151.71,0.7762,-1,-1,-1
1113,62,884.50,488.35,66.88,95.02,0.7495,-1,-1,-1
1113,68,350.95,157.23,70.79,123.00,0.6621,-1,-1,-1
1113,60,340.18,298.04,59.46,163.29,0.5964,-1,-1,-1
1113,-1,383.11,116.35,46.99,118.60,0.5563,-1,-1,-1
1113,78,707.56,171.38,34.33,136.74,0.5351,-1,-1,-1
1114,66,933.53,332.55,59.63,130.26,0.8446,-1,-1,-1
1114,65,663.51,207.21,66.22,146.10,0.8408,-1,-1,-1
1114,69,165.52,435.66,61.32,166.96,0.8303,-1,-1,-1
1114,67,346.24,355.64,56.63,148.16,0.8009,-1,-1,-1
1114,77,388.92,281.00,63.73,151.80,0.7840,-1,-1,-1
1114,54,1146.23,343.27,47.79,155.22,0.7724,-1,-1,-1
1114,62,888.09,488.02,60.81,95.27,0.7473,-1,-1,-1
1114,68,351.01,155.89,62.55,126.31,0.6533,-1,-1,-1
1114,78,711.64,187.11,30.92,121.92,0.6328,-1,-1,-1
1114,81,382.90,117.92,44.94,118.54,0.6063,-1,-1,-1
1114,60,341.10,298.16,61.64,163.55,0.6059,-1,-1,-1
1115,66,934.01,331.09,59.42,132.02,0.8533,-1,-1,-1
1115,67,343.46,357.16,59.79,146.80,0.8188,-1,-1,-1
1115,69,165.85,436.53,61.09,166.69,0.8085,-1,-1,-1
1115,77,389.52,281.78,64.34,152.69,0.7751,-1,-1,-1
1115,65,660.39,207.72,68.72,144.36,0.7595,-1,-1,-1
1115,54,1145.08,341.88,59.10,152.53,0.7450,-1,-1,-1
1115,62,893.17,487.43,50.43,95.99,0.7104,-1,-1,-1
1115,68,350.47,157.77,54.75,125.70,0.6428,-1,-1,-1
1115,78,705.99,186.78,35.70,122.52,0.5817,-1,-1,-1
1115,81,380.69,120.38,42.29,120.18,0.5732,-1,-1,-1
1115,60,341.41,298.44,59.04,162.52,0.5109,-1,-1,-1
1115,-1,561.07,661.59,66.95,57.80,0.5058,-1,-1,-1
1116,66,934.51,329.71,59.35,133.10,0.8312,-1,-1,-1
1116,67,344.83,357.18,57.54,147.02,0.8248,-1,-1,-1
1116,69,165.88,436.87,61.73,166.58,0.7943,-1,-1,-1
1116,77,390.36,283.61,64.91,151.61,0.7674,-1,-1,-1
1116,54,1144.30,340.69,53.82,152.98,0.7376,-1,-1,-1
1116,65,658.33,207.76,63.34,141.46,0.7306,-1,-1,-1
1116,62,897.41,487.06,43.77,96.51,0.6460,-1,-1,-1
1116,68,350.45,163.39,45.10,122.25,0.6179,-1,-1,-1
1116,78,702.54,185.09,38.94,124.96,0.5828,-1,-1,-1
1116,-1,560.96,661.79,67.69,57.82,0.5106,-1,-1,-1
1117,69,166.39,438.40,66.85,165.50,0.8604,-1,-1,-1
1117,66,935.61,326.60,58.91,132.76,0.8436,-1,-1,-1
1117,77,391.52,285.52,64.90,151.47,0.8082,-1,-1,-1
1117,67,345.03,357.48,56.94,147.20,0.7995,-1,-1,-1
1117,65,652.91,207.29,66.90,143.99,0.7531,-1,-1,-1
1117,54,1142.06,338.56,66.08,155.69,0.7270,-1,-1,-1
1117,62,904.88,487.27,43.91,96.64,0.6364,-1,-1,-1
1117,60,340.90,299.67,63.76,140.00,0.6179,-1,-1,-1
1117,81,373.17,122.36,42.25,132.89,0.5444,-1,-1,-1
1117,82,559.77,661.53,68.14,57.93,0.5358,-1,-1,-1
1117,68,347.95,155.58,36.59,133.50,0.5358,-1,-1,-1
1117,80,701.68,93.16,47.03,120.06,0.5168,-1,-1,-1
1118,66,935.90,325.49,59.02,130.69,0.8507,-1,-1,-1
1118,69,167.45,439.04,68.63,165.39,0.8426,-1,-1,-1
1118,77,392.03,286.48,64.86,149.61,0.8168,-1,-1,-1
1118,67,346.72,358.13,52.95,146.67,0.8017,-1,-1,-1
1118,65,651.60,207.52,64.09,138.94,0.7563,-1,-1,-1
1118,54,1140.21,337.53,59.06,156.92,0.7557,-1,-1,-1
1118,62,909.21,487.71,42.08,96.17,0.6622,-1,-1,-1
1118,81,370.79,123.02,40.96,132.84,0.5357,-1,-1,-1
1118,82,558.76,661.56,68.96,57.90,0.5323,-1,-1,-1
1118,60,341.06,300.46,63.97,140.28,0.5290,-1,-1,-1
1118,80,702.49,94.98,47.17,120.68,0.5014,-1,-1,-1
1119,66,935.83,324.55,59.43,128.83,0.8678,-1,-1,-1
1119,69,168.77,439.51,69.84,165.24,0.8655,-1,-1,-1
1119,77,391.56,287.53,65.88,149.02,0.8294,-1,-1,-1
1119,67,345.54,358.83,52.08,146.33,0.8074,-1,-1,-1
1119,65,650.57,207.36,61.64,138.43,0.7824,-1,-1,-1
1119,54,1139.30,337.23,58.47,156.49,0.7604,-1,-1,-1
1119,62,912.57,488.47,42.27,95.47,0.6649,-1,-1,-1
1119,82,557.82,661.62,69.94,57.81,0.5218,-1,-1,-1
1119,60,340.94,300.78,65.48,140.94,0.5212,-1,-1,-1
1119,80,703.32,96.42,47.79,121.33,0.5179,-1,-1,-1
1120,66,936.51,323.61,59.44,126.63,0.8524,-1,-1,-1
1120,69,171.85,440.25,69.11,164.89,0.8428,-1,-1,-1
1120,77,391.26,289.19,66.15,148.60,0.8088,-1,-1,-1
1120,67,345.48,359.71,51.80,146.37,0.7838,-1,-1,-1
1120,65,650.12,206.25,61.81,135.91,0.7734,-1,-1,-1
1120,54,1138.22,336.85,57.85,156.63,0.7369,-1,-1,-1
1120,62,916.52,489.31,41.38,94.98,0.6585,-1,-1,-1
1120,80,703.36,97.54,49.70,122.01,0.5420,-1,-1,-1
1120,82,557.13,661.56,69.45,58.03,0.5179,-1,-1,-1
1120,81,361.63,125.20,45.05,132.00,0.5010,-1,-1,-1
1121,66,936.62,323.21,60.02,124.44,0.8471,-1,-1,-1
1121,69,174.32,440.91,69.11,164.06,0.8088,-1,-1,-1
1121,77,391.63,290.23,65.84,148.39,0.7981,-1,-1,-1
1121,65,649.46,206.56,61.46,137.27,0.7953,-1,-1,-1
1121,67,343.58,359.96,53.60,146.76,0.7875,-1,-1,-1
1121,54,1138.88,336.41,55.08,142.51,0.6944,-1,-1,-1
1121,62,919.04,490.46,42.78,94.19,0.6612,-1,-1,-1
1121,81,358.59,125.38,46.70,133.65,0.5942,-1,-1,-1
1121,80,702.45,98.60,51.94,122.22,0.5353,-1,-1,-1
1121,82,556.70,661.50,69.43,58.25,0.5288,-1,-1,-1
1121,60,343.24,302.20,61.97,144.51,0.5139,-1,-1,-1
1122,66,938.38,323.55,60.44,118.87,0.8531,-1,-1,-1
1122,65,647.61,205.20,49.61,140.95,0.8457,-1,-1,-1
1122,67,337.90,360.60,58.70,147.04,0.8042,-1,-1,-1
1122,69,187.31,441.65,59.91,164.93,0.7874,-1,-1,-1
1122,77,393.87,292.74,63.11,147.51,0.7822,-1,-1,-1
1122,54,1133.96,335.35,69.42,144.42,0.7300,-1,-1,-1
1122,62,927.32,491.71,42.34,91.99,0.6442,-1,-1,-1
1122,80,702.46,99.15,53.69,123.58,0.5589,-1,-1,-1
1122,81,353.57,130.70,46.32,129.57,0.5247,-1,-1,-1
1122,82,555.53,661.73,69.13,58.17,0.5010,-1,-1,-1
1123,66,938.82,324.30,61.15,116.26,0.8458,-1,-1,-1
1123,65,647.75,203.87,48.55,144.53,0.8188,-1,-1,-1
1123,67,336.86,360.92,58.43,147.09,0.8093,-1,-1,-1
1123,69,190.12,441.87,58.53,164.72,0.7996,-1,-1,-1
1123,54,1133.60,335.11,70.85,157.17,0.7900,-1,-1,-1
1123,77,393.90,293.51,62.82,147.81,0.7608,-1,-1,-1
1123,62,932.24,490.93,43.20,94.04,0.6578,-1,-1,-1
1123,80,702.76,98.84,53.29,124.57,0.5630,-1,-1,-1
1123,81,353.06,133.51,45.63,128.04,0.5221,-1,-1,-1
1123,82,555.47,661.75,69.11,58.15,0.5183,-1,-1,-1
1123,60,345.06,304.55,68.25,158.71,0.5123,-1,-1,-1
1124,66,938.62,325.19,62.12,115.06,0.8678,-1,-1,-1
1124,69,191.64,441.88,58.64,164.16,0.8288,-1,-1,-1
1124,65,645.85,206.10,48.25,141.46,0.8252,-1,-1,-1
1124,54,1132.57,334.02,69.47,150.91,0.8143,-1,-1,-1
1124,67,335.95,361.00,59.44,147.84,0.8094,-1,-1,-1
1124,77,393.06,294.37,63.89,146.01,0.8023,-1,-1,-1
1124,62,936.14,490.50,42.21,93.90,0.6791,-1,-1,-1
1124,60,345.18,304.55,68.09,159.71,0.5615,-1,-1,-1
1124,80,703.57,99.28,52.63,124.84,0.5601,-1,-1,-1
1124,81,352.94,136.27,44.76,125.79,0.5017,-1,-1,-1
1124,82,554.92,661.87,68.73,58.04,0.5015,-1,-1,-1
1125,54,1131.96,332.58,67.75,146.30,0.8481,-1,-1,-1
1125,66,937.96,326.37,63.70,113.87,0.8428,-1,-1,-1
1125,69,192.76,442.10,58.93,165.32,0.8365,-1,-1,-1
1125,65,638.32,204.76,55.08,141.37,0.8177,-1,-1,-1
1125,67,335.94,362.21,59.59,147.10,0.8082,-1,-1,-1
1125,77,395.19,295.17,61.73,144.33,0.8024,-1,-1,-1
1125,62,939.83,489.95,44.45,105.58,0.7059,-1,-1,-1
1125,80,702.85,98.90,53.11,125.83,0.6150,-1,-1,-1
1125,60,346.27,304.78,65.77,150.22,0.5951,-1,-1,-1
1125,81,351.11,138.61,45.13,125.53,0.5450,-1,-1,-1
1125,-1,316.60,168.09,55.02,135.54,0.5316,-1,-1,-1
1126,65,625.40,208.90,66.25,135.58,0.8516,-1,-1,-1
1126,66,937.35,326.72,65.07,113.87,0.8460,-1,-1,-1
1126,69,194.01,442.19,58.86,165.75,0.8359,-1,-1,-1
1126,67,335.49,362.99,59.20,146.71,0.8125,-1,-1,-1
1126,77,396.65,295.66,60.30,144.21,0.8072,-1,-1,-1
1126,54,1132.33,328.71,65.62,149.77,0.7898,-1,-1,-1
1126,62,943.35,489.26,41.83,107.86,0.7189,-1,-1,-1
1126,60,347.79,304.58,64.20,148.40,0.6539,-1,-1,-1
1126,80,703.76,99.32,52.43,126.33,0.6134,-1,-1,-1
1126,81,350.50,140.92,44.37,122.83,0.5119,-1,-1,-1
1127,66,937.49,327.77,65.39,113.62,0.8538,-1,-1,-1
1127,65,618.82,209.17,72.66,137.06,0.8481,-1,-1,-1
1127,67,334.26,362.63,60.87,147.49,0.8070,-1,-1,-1
1127,69,194.53,442.05,59.30,165.80,0.8003,-1,-1,-1
1127,54,1127.34,324.75,69.34,153.94,0.7980,-1,-1,-1
1127,77,397.45,296.05,59.88,144.15,0.7889,-1,-1,-1
1127,62,945.97,488.15,41.53,107.81,0.6809,-1,-1,-1
1127,60,347.65,305.17,64.30,147.88,0.6363,-1,-1,-1
1127,80,702.25,100.31,54.06,125.93,0.5985,-1,-1,-1
1127,-1,315.61,171.33,50.79,133.71,0.5319,-1,-1,-1
1127,81,348.26,141.46,45.66,124.37,0.5210,-1,-1,-1
1128,54,1121.96,325.13,70.60,153.07,0.8687,-1,-1,-1
1128,66,939.50,329.31,64.23,112.55,0.8610,-1,-1,-1
1128,65,616.62,211.22,74.00,136.11,0.8376,-1,-1,-1
1128,77,391.49,297.13,67.20,144.21,0.8319,-1,-1,-1
1128,67,334.32,363.68,59.94,147.13,0.8021,-1,-1,-1
1128,69,194.24,442.43,60.23,166.60,0.7313,-1,-1,-1
1128,62,950.37,486.70,46.50,128.83,0.6837,-1,-1,-1
1128,60,350.02,306.20,60.91,145.24,0.6830,-1,-1,-1
1128,80,704.42,102.53,51.95,124.55,0.5841,-1,-1,-1
1128,81,342.99,143.66,47.77,141.28,0.5295,-1,-1,-1
1129,66,940.91,329.87,63.33,112.27,0.8545,-1,-1,-1
1129,65,610.75,212.29,79.17,135.88,0.8534,-1,-1,-1
1129,54,1125.91,321.37,66.08,157.21,0.8533,-1,-1,-1
1129,77,390.01,297.67,70.27,144.09,0.8095,-1,-1,-1
1129,67,334.46,364.70,60.37,146.55,0.7957,-1,-1,-1
1129,62,951.74,485.94,60.59,131.65,0.7289,-1,-1,-1
1129,69,194.21,442.56,60.62,166.72,0.7242,-1,-1,-1
1129,60,350.11,306.64,60.75,148.40,0.6839,-1,-1,-1
1129,80,706.75,103.61,49.68,123.82,0.6112,-1,-1,-1
1129,81,344.56,146.63,44.21,135.98,0.5830,-1,-1,-1
1130,65,606.57,213.15,81.33,136.37,0.8489,-1,-1,-1
1130,66,941.73,330.32,62.65,112.19,0.8483,-1,-1,-1
1130,54,1133.08,324.73,57.22,153.27,0.8105,-1,-1,-1
1130,77,387.96,297.92,73.36,144.40,0.7819,-1,-1,-1
1130,67,334.76,366.26,59.52,145.19,0.7571,-1,-1,-1
1130,69,194.04,442.32,65.12,167.24,0.7412,-1,-1,-1
1130,62,953.07,485.42,69.62,133.21,0.7179,-1,-1,-1
1130,60,351.03,306.99,59.24,145.18,0.6626,-1,-1,-1
1130,80,706.84,105.40,49.85,123.13,0.6101,-1,-1,-1
1130,81,342.37,148.69,45.17,133.79,0.5622,-1,-1,-1
1131,65,606.16,213.09,78.18,136.99,0.8242,-1,-1,-1
1131,66,941.84,330.35,63.15,112.44,0.8156,-1,-1,-1
1131,77,388.20,298.27,73.97,144.40,0.7924,-1,-1,-1
1131,54,1137.65,327.03,51.34,151.42,0.7723,-1,-1,-1
1131,67,333.98,366.53,60.70,145.36,0.7640,-1,-1,-1
1131,62,955.09,485.90,76.39,134.22,0.7331,-1,-1,-1
1131,69,193.82,441.99,71.93,167.47,0.7318,-1,-1,-1
1131,60,350.67,307.82,59.82,140.95,0.6419,-1,-1,-1
1131,80,707.59,107.48,49.77,121.68,0.6205,-1,-1,-1
1131,81,340.81,149.92,45.46,132.77,0.6049,-1,-1,-1
1132,66,942.04,330.15,63.09,113.22,0.8366,-1,-1,-1
1132,65,606.76,214.19,73.23,136.24,0.8348,-1,-1,-1
1132,54,1135.86,325.17,52.02,153.35,0.8195,-1,-1,-1
1132,77,387.25,298.96,75.12,143.91,0.7901,-1,-1,-1
1132,62,957.50,485.83,81.82,134.30,0.7789,-1,-1,-1
1132,67,333.30,368.86,60.82,143.46,0.7762,-1,-1,-1
1132,69,193.59,441.51,74.31,168.34,0.7620,-1,-1,-1
1132,60,351.30,308.24,58.82,142.95,0.6533,-1,-1,-1
1132,81,340.15,151.29,43.96,132.25,0.6392,-1,-1,-1
1132,80,708.09,108.78,49.28,121.38,0.6189,-1,-1,-1
1132,-1,619.92,183.90,60.93,127.16,0.5257,-1,-1,-1
1132,-1,309.12,178.85,40.63,129.23,0.5227,-1,-1,-1
1133,66,942.74,329.13,62.60,115.32,0.8544,-1,-1,-1
1133,65,603.27,214.02,64.18,137.37,0.8475,-1,-1,-1
1133,54,1136.72,312.49,49.10,163.56,0.8416,-1,-1,-1
1133,77,386.05,299.75,78.01,144.13,0.8290,-1,-1,-1
1133,67,332.61,369.18,63.65,143.95,0.7988,-1,-1,-1
1133,69,194.59,439.33,79.21,169.48,0.7928,-1,-1,-1
1133,62,963.08,486.74,70.38,132.83,0.7224,-1,-1,-1
1133,60,352.27,309.46,56.53,137.28,0.6934,-1,-1,-1
1133,80,708.48,109.94,49.20,120.89,0.6448,-1,-1,-1
1133,81,337.67,151.75,43.33,135.72,0.6240,-1,-1,-1
1133,-1,613.04,183.69,60.97,128.76,0.5641,-1,-1,-1
1134,66,942.81,328.71,62.40,116.11,0.8649,-1,-1,-1
1134,54,1133.20,314.41,52.62,160.44,0.8601,-1,-1,-1
1134,65,597.41,213.45,62.54,138.29,0.8516,-1,-1,-1
1134,77,385.13,300.06,79.55,144.42,0.8433,-1,-1,-1
1134,67,333.28,368.72,64.54,144.85,0.8239,-1,-1,-1
1134,69,196.18,437.37,82.52,170.17,0.7802,-1,-1,-1
1134,62,966.77,486.74,68.60,133.68,0.7154,-1,-1,-1
1134,60,352.17,310.40,55.98,136.57,0.7021,-1,-1,-1
1134,80,708.11,108.94,49.78,122.36,0.6346,-1,-1,-1
1134,81,336.70,151.78,43.24,139.87,0.6229,-1,-1,-1
1134,83,609.99,184.89,58.16,126.10,0.5622,-1,-1,-1
1134,-1,293.23,194.22,47.22,115.08,0.5590,-1,-1,-1
1135,54,1129.42,320.27,56.62,153.43,0.8674,-1,-1,-1
1135,66,943.57,328.30,61.41,117.31,0.8544,-1,-1,-1
1135,77,384.41,300.35,81.18,144.64,0.8369,-1,-1,-1
1135,65,590.52,213.67,62.10,139.28,0.8358,-1,-1,-1
1135,67,334.35,370.09,67.07,144.13,0.8156,-1,-1,-1
1135,69,199.87,435.72,109.86,171.45,0.7209,-1,-1,-1
1135,62,970.32,486.57,65.34,133.30,0.6537,-1,-1,-1
1135,80,708.00,108.97,49.83,122.75,0.6380,-1,-1,-1
1135,60,352.16,311.05,55.21,135.82,0.6321,-1,-1,-1
1135,81,336.82,154.55,41.96,140.54,0.6134,-1,-1,-1
1135,83,607.71,185.07,53.82,124.29,0.5538,-1,-1,-1
1135,-1,292.81,185.91,48.09,123.86,0.5430,-1,-1,-1
1136,54,1126.27,323.41,60.53,148.66,0.8787,-1,-1,-1
1136,66,944.39,327.74,60.23,117.94,0.8742,-1,-1,-1
1136,77,384.18,300.57,82.14,145.15,0.8612,-1,-1,-1
1136,65,584.34,213.46,59.59,139.91,0.8324,-1,-1,-1
1136,67,334.27,373.83,70.69,141.06,0.7727,-1,-1,-1
1136,69,205.17,434.27,106.52,172.14,0.7302,-1,-1,-1
1136,62,973.99,485.48,63.29,135.05,0.6630,-1,-1,-1
1136,80,707.80,110.94,50.13,121.19,0.6380,-1,-1,-1
1136,60,352.42,311.73,55.41,134.80,0.6331,-1,-1,-1
1136,84,292.96,184.32,48.13,126.40,0.5951,-1,-1,-1
1136,81,336.67,157.97,41.65,140.28,0.5703,-1,-1,-1
1136,83,606.03,185.04,49.29,123.17,0.5368,-1,-1,-1
1137,54,1121.86,323.69,65.99,145.40,0.8864,-1,-1,-1
1137,66,944.60,326.78,60.20,119.37,0.8706,-1,-1,-1
1137,77,384.31,300.74,82.41,145.47,0.8549,-1,-1,-1
1137,65,578.79,213.48,60.43,139.77,0.8129,-1,-1,-1
1137,67,334.75,372.29,74.73,143.30,0.7969,-1,-1,-1
1137,69,214.33,432.58,82.91,166.88,0.6918,-1,-1,-1
1137,62,977.73,484.11,61.50,137.08,0.6566,-1,-1,-1
1137,80,707.88,110.83,49.96,121.86,0.6408,-1,-1,-1
1137,60,352.65,312.90,54.32,133.77,0.5837,-1,-1,-1
1137,81,321.52,160.37,57.10,140.90,0.5425,-1,-1,-1
1137,84,292.80,200.51,47.15,110.84,0.5146,-1,-1,-1
1137,82,553.16,665.03,66.66,55.05,0.5140,-1,-1,-1
1138,54,1110.78,320.85,79.95,141.41,0.8796,-1,-1,-1
1138,66,944.99,325.05,60.45,121.43,0.8546,-1,-1,-1
1138,77,384.65,300.79,84.32,146.21,0.8513,-1,-1,-1
1138,65,570.65,213.98,64.40,140.16,0.8221,-1,-1,-1
1138,67,342.26,375.46,67.91,141.10,0.8136,-1,-1,-1
1138,69,229.16,430.04,65.84,163.44,0.7572,-1,-1,-1
1138,62,985.16,482.11,74.29,139.13,0.7071,-1,-1,-1
1138,80,707.61,113.07,50.82,120.83,0.6285,-1,-1,-1
1138,60,351.60,314.28,55.25,133.45,0.5832,-1,-1,-1
1138,84,291.82,186.17,48.16,126.56,0.5633,-1,-1,-1
1138,81,331.19,166.68,49.24,138.09,0.5604,-1,-1,-1
1139,66,945.02,323.61,60.55,122.73,0.8541,-1,-1,-1
1139,54,1107.43,320.00,84.13,141.70,0.8539,-1,-1,-1
1139,77,385.65,300.89,84.06,146.78,0.8445,-1,-1,-1
1139,67,347.42,375.30,63.08,141.92,0.8362,-1,-1,-1
1139,65,567.17,213.87,66.13,140.27,0.8272,-1,-1,-1
1139,69,231.09,429.95,69.52,163.87,0.7920,-1,-1,-1
1139,62,989.53,480.73,57.15,140.13,0.6867,-1,-1,-1
1139,80,707.72,113.40,50.77,120.74,0.6121,-1,-1,-1
1139,81,328.65,170.76,52.13,136.31,0.5745,-1,-1,-1
1139,60,345.53,315.54,60.70,144.05,0.5564,-1,-1,-1
1139,84,291.85,188.23,48.33,126.26,0.5517,-1,-1,-1
1139,82,553.05,666.92,66.36,53.18,0.5044,-1,-1,-1
1140,66,945.34,322.47,60.29,123.03,0.8634,-1,-1,-1
1140,54,1104.77,319.07,87.64,143.04,0.8564,-1,-1,-1
1140,77,384.47,301.01,86.00,147.49,0.8544,-1,-1,-1
1140,67,347.24,375.75,63.29,142.01,0.8468,-1,-1,-1
1140,65,564.32,213.98,65.73,140.81,0.8303,-1,-1,-1
1140,69,230.94,430.23,69.82,164.01,0.7983,-1,-1,-1
1140,62,993.46,479.64,65.67,141.25,0.7790,-1,-1,-1
1140,60,351.44,316.68,56.40,132.98,0.6593,-1,-1,-1
1140,80,707.67,113.67,51.02,120.98,0.6311,-1,-1,-1
1140,81,331.29,174.42,49.35,135.23,0.6033,-1,-1,-1
1140,84,291.67,188.92,47.31,127.94,0.5599,-1,-1,-1
1140,82,553.02,667.55,66.81,52.56,0.5054,-1,-1,-1
1141,67,347.02,377.21,63.31,141.26,0.8489,-1,-1,-1
1141,66,946.57,321.78,59.32,122.35,0.8445,-1,-1,-1
1141,77,384.54,300.98,87.04,148.11,0.8420,-1,-1,-1
1141,54,1103.85,318.22,88.57,144.37,0.8331,-1,-1,-1
1141,65,562.12,215.23,68.25,138.96,0.7969,-1,-1,-1
1141,62,997.97,478.89,59.65,142.14,0.7868,-1,-1,-1
1141,69,231.30,431.16,71.59,163.24,0.7817,-1,-1,-1
1141,81,335.37,175.19,44.51,135.49,0.6444,-1,-1,-1
1141,80,707.68,113.41,51.29,121.57,0.6298,-1,-1,-1
1141,60,348.78,317.97,58.66,126.53,0.5628,-1,-1,-1
1141,84,291.44,188.08,46.89,132.32,0.5611,-1,-1,-1
1141,82,553.23,667.72,65.96,52.40,0.5206,-1,-1,-1
1142,77,383.78,300.93,88.48,148.80,0.8428,-1,-1,-1
1142,66,946.88,320.75,59.49,122.19,0.8372,-1,-1,-1
1142,67,347.49,377.17,63.24,141.47,0.8295,-1,-1,-1
1142,54,1108.74,317.94,84.05,145.29,0.8038,-1,-1,-1
1142,69,231.40,432.26,73.62,162.34,0.7886,-1,-1,-1
1142,62,1000.77,478.26,55.04,142.09,0.7837,-1,-1,-1
1142,65,560.18,215.38,70.44,137.35,0.7812,-1,-1,-1
1142,81,334.22,177.30,45.42,134.49,0.6994,-1,-1,-1
1142,80,707.79,113.80,51.43,121.47,0.6097,-1,-1,-1
1142,84,291.69,188.84,47.70,134.14,0.5546,-1,-1,-1
1142,60,348.25,319.18,51.54,111.81,0.5019,-1,-1,-1
1143,66,947.83,319.53,59.73,120.11,0.8467,-1,-1,-1
1143,77,382.20,301.29,91.90,148.93,0.8258,-1,-1,-1
1143,67,347.65,376.97,64.70,142.56,0.8257,-1,-1,-1
1143,54,1131.33,317.38,61.36,147.25,0.8010,-1,-1,-1
1143,69,231.36,433.72,85.18,160.28,0.7822,-1,-1,-1
1143,65,557.16,215.10,78.34,112.05,0.7748,-1,-1,-1
1143,62,1006.65,478.01,55.59,158.06,0.7724,-1,-1,-1
1143,80,707.57,118.33,51.75,117.46,0.6548,-1,-1,-1
1143,81,334.84,167.75,43.33,144.36,0.6201,-1,-1,-1
1143,84,292.81,192.69,49.07,137.86,0.5453,-1,-1,-1
1143,82,552.77,668.40,66.89,51.67,0.5238,-1,-1,-1
1144,66,948.19,319.32,59.50,118.46,0.8438,-1,-1,-1
1144,77,382.22,301.49,93.32,149.27,0.8332,-1,-1,-1
1144,54,1134.04,317.27,59.00,148.01,0.8058,-1,-1,-1
1144,67,347.12,377.79,65.72,142.15,0.8026,-1,-1,-1
1144,65,556.08,214.84,67.03,134.94,0.7945,-1,-1,-1
1144,69,231.24,433.58,88.59,158.41,0.7439,-1,-1,-1
1144,62,1009.28,478.29,65.05,156.07,0.7332,-1,-1,-1
1144,81,334.65,173.66,43.63,138.50,0.6665,-1,-1,-1
1144,80,707.36,117.93,51.99,118.09,0.6403,-1,-1,-1
1144,60,344.06,322.81,54.24,137.71,0.5880,-1,-1,-1
1144,84,293.28,195.08,51.07,137.29,0.5308,-1,-1,-1
1144,82,552.29,668.88,67.87,51.19,0.5087,-1,-1,-1
1145,66,948.71,319.57,59.13,117.25,0.8472,-1,-1,-1
1145,77,382.94,301.62,93.54,149.72,0.8228,-1,-1,-1
1145,54,1133.83,316.99,59.62,148.56,0.8047,-1,-1,-1
1145,65,555.33,215.50,63.47,133.56,0.7787,-1,-1,-1
1145,67,346.08,377.13,67.22,143.30,0.7729,-1,-1,-1
1145,62,1011.78,478.71,72.92,152.48,0.7338,-1,-1,-1
1145,69,233.05,432.30,92.64,158.76,0.6874,-1,-1,-1
1145,81,334.36,171.73,43.92,140.87,0.6591,-1,-1,-1
1145,80,707.37,117.34,51.94,119.95,0.6398,-1,-1,-1
1145,60,343.89,323.59,54.14,137.81,0.5438,-1,-1,-1
1145,84,293.52,192.67,47.60,141.02,0.5344,-1,-1,-1
1146,66,948.67,319.97,59.52,117.32,0.8637,-1,-1,-1
1146,54,1133.72,316.64,58.95,148.79,0.8483,-1,-1,-1
1146,77,383.02,301.91,94.44,149.93,0.8348,-1,-1,-1
1146,69,236.97,431.80,113.45,157.21,0.8275,-1,-1,-1
1146,65,554.44,214.96,65.25,134.25,0.7976,-1,-1,-1
1146,67,346.86,377.25,66.13,143.73,0.7943,-1,-1,-1
1146,62,1013.32,478.86,77.89,149.99,0.7819,-1,-1,-1
1146,80,707.23,119.04,51.64,118.76,0.6552,-1,-1,-1
1146,81,333.70,171.58,43.87,141.50,0.5975,-1,-1,-1
1146,60,342.18,324.28,53.18,142.01,0.5864,-1,-1,-1
1146,82,551.37,669.91,67.94,50.13,0.5030,-1,-1,-1
1147,66,949.10,320.49,59.17,116.96,0.8401,-1,-1,-1
1147,54,1133.66,316.53,58.16,147.87,0.8316,-1,-1,-1
1147,65,553.25,215.42,58.50,134.69,0.8121,-1,-1,-1
1147,77,383.29,302.09,94.66,150.23,0.8108,-1,-1,-1
1147,67,347.79,377.88,65.33,143.57,0.7810,-1,-1,-1
1147,62,1014.62,478.96,79.68,149.66,0.7291,-1,-1,-1
1147,69,241.48,428.43,115.03,159.38,0.7206,-1,-1,-1
1147,80,707.06,118.92,51.89,119.19,0.6619,-1,-1,-1
1147,60,341.83,324.80,46.83,140.90,0.5771,-1,-1,-1
1147,81,333.23,175.10,43.71,138.17,0.5191,-1,-1,-1
1148,67,348.43,374.18,65.13,147.66,0.8479,-1,-1,-1
1148,77,384.21,302.30,94.50,150.28,0.8360,-1,-1,-1
1148,65,550.04,214.70,53.57,137.34,0.8350,-1,-1,-1
1148,66,948.31,322.01,60.17,116.04,0.8341,-1,-1,-1
1148,54,1133.30,315.59,51.61,147.83,0.7951,-1,-1,-1
1148,62,1015.90,478.86,78.11,149.77,0.7353,-1,-1,-1
1148,80,707.33,120.52,51.86,118.54,0.6626,-1,-1,-1
1148,69,258.31,423.94,90.84,156.38,0.6459,-1,-1,-1
1148,60,341.20,325.55,43.30,151.32,0.6439,-1,-1,-1
1148,-1,570.66,196.29,55.35,129.82,0.5862,-1,-1,-1
1148,81,331.36,188.55,43.53,130.22,0.5604,-1,-1,-1
1149,67,347.80,376.81,70.48,145.12,0.8586,-1,-1,-1
1149,77,384.42,302.54,94.73,150.08,0.8470,-1,-1,-1
1149,66,948.38,322.61,60.22,115.96,0.8421,-1,-1,-1
1149,65,539.10,215.07,62.47,136.44,0.8361,-1,-1,-1
1149,54,1131.93,315.12,52.11,147.65,0.8191,-1,-1,-1
1149,62,1018.86,478.87,75.26,150.08,0.7727,-1,-1,-1
1149,69,243.68,423.91,108.33,155.72,0.6906,-1,-1,-1
1149,80,707.28,120.69,51.97,118.47,0.6667,-1,-1,-1
1149,-1,567.88,192.51,52.92,131.98,0.5777,-1,-1,-1
1149,60,340.27,326.12,43.26,155.23,0.5714,-1,-1,-1
1149,81,330.79,192.94,43.17,130.18,0.5282,-1,-1,-1
1150,65,532.00,216.74,68.80,134.81,0.8679,-1,-1,-1
1150,67,347.31,380.14,76.86,142.20,0.8501,-1,-1,-1
1150,66,948.96,323.80,59.96,115.07,0.8444,-1,-1,-1
1150,54,1132.49,314.96,51.41,147.27,0.8338,-1,-1,-1
1150,77,384.79,302.84,94.34,149.41,0.8239,-1,-1,-1
1150,62,1019.37,478.52,74.37,151.05,0.7671,-1,-1,-1
1150,69,281.11,420.46,78.58,158.56,0.7456,-1,-1,-1
1150,80,707.31,122.13,52.34,117.48,0.6691,-1,-1,-1
1150,60,341.59,326.53,41.86,126.04,0.5946,-1,-1,-1
1151,65,524.88,217.19,74.47,134.71,0.8683,-1,-1,-1
1151,66,949.82,324.65,59.50,114.90,0.8541,-1,-1,-1
1151,67,345.60,381.48,82.84,141.30,0.8332,-1,-1,-1
1151,54,1131.86,314.71,52.98,146.69,0.8303,-1,-1,-1
1151,77,383.06,303.57,96.23,145.08,0.8056,-1,-1,-1
1151,62,1020.89,477.56,72.96,152.04,0.7706,-1,-1,-1
1151,69,287.28,416.88,75.58,160.32,0.7323,-1,-1,-1
1151,80,706.91,122.55,52.73,117.29,0.6660,-1,-1,-1
1151,60,341.05,326.85,43.71,150.90,0.6168,-1,-1,-1
1152,65,520.21,218.42,78.75,134.24,0.8770,-1,-1,-1
1152,67,346.14,382.35,84.86,140.98,0.8689,-1,-1,-1
1152,66,950.65,325.43,59.25,114.71,0.8449,-1,-1,-1
1152,77,383.37,304.27,95.79,156.71,0.8357,-1,-1,-1
1152,54,1129.49,314.37,55.01,146.96,0.8060,-1,-1,-1
1152,62,1027.06,477.17,67.25,153.00,0.7886,-1,-1,-1
1152,69,290.15,412.24,75.76,165.26,0.7867,-1,-1,-1
1152,80,706.86,122.19,52.60,118.09,0.6837,-1,-1,-1
1152,60,342.05,327.29,42.47,110.64,0.6059,-1,-1,-1
1152,81,329.21,205.63,43.40,126.12,0.5416,-1,-1,-1
1153,65,516.61,219.74,79.15,137.29,0.8950,-1,-1,-1
1153,77,382.31,305.23,96.11,138.77,0.8646,-1,-1,-1
1153,66,950.99,326.08,59.57,114.82,0.8532,-1,-1,-1
1153,67,359.56,383.23,72.58,139.33,0.8480,-1,-1,-1
1153,62,1039.12,475.47,60.18,155.48,0.8451,-1,-1,-1
1153,54,1132.52,313.96,53.96,149.39,0.8300,-1,-1,-1
1153,69,300.40,409.88,78.68,163.18,0.7669,-1,-1,-1
1153,80,706.70,121.39,53.48,119.79,0.7037,-1,-1,-1
1153,60,317.63,328.54,65.44,142.20,0.7021,-1,-1,-1
1153,81,317.84,213.12,55.49,117.43,0.6411,-1,-1,-1
1153,-1,560.43,197.37,35.34,129.79,0.5098,-1,-1,-1
1154,65,516.69,220.90,79.35,137.83,0.8992,-1,-1,-1
1154,77,381.74,306.11,95.12,137.09,0.8635,-1,-1,-1
1154,62,1044.81,474.44,60.47,156.65,0.8605,-1,-1,-1
1154,66,951.84,326.03,59.00,115.05,0.8564,-1,-1,-1
1154,67,366.61,382.74,66.20,139.85,0.8279,-1,-1,-1
1154,54,1131.17,313.79,55.15,149.33,0.8231,-1,-1,-1
1154,69,306.50,408.76,86.08,161.37,0.7890,-1,-1,-1
1154,60,323.24,327.93,59.52,135.98,0.7052,-1,-1,-1
1154,80,706.78,121.70,53.51,119.68,0.7011,-1,-1,-1
1154,81,325.77,215.66,47.03,114.95,0.5411,-1,-1,-1
1154,-1,559.31,193.50,35.07,134.69,0.5206,-1,-1,-1
1154,84,305.70,224.71,38.68,117.12,0.5190,-1,-1,-1
1155,65,516.52,221.15,78.84,137.96,0.9005,-1,-1,-1
1155,66,952.29,325.86,58.76,115.21,0.8647,-1,-1,-1
1155,62,1047.31,473.98,67.96,157.05,0.8628,-1,-1,-1
1155,77,381.47,306.49,93.55,137.02,0.8616,-1,-1,-1
1155,54,1131.69,313.14,55.09,149.79,0.8320,-1,-1,-1
1155,67,371.63,381.75,66.31,140.84,0.7814,-1,-1,-1
1155,69,315.63,408.70,86.93,158.06,0.7421,-1,-1,-1
1155,60,328.31,326.29,56.26,128.05,0.7257,-1,-1,-1
1155,80,706.94,121.47,53.22,119.73,0.7101,-1,-1,-1
1155,84,305.39,220.63,38.77,121.23,0.6036,-1,-1,-1
1155,81,330.95,217.92,41.96,111.45,0.5669,-1,-1,-1
1155,85,558.30,192.78,34.26,133.64,0.5326,-1,-1,-1
1156,62,1049.65,472.76,72.73,158.35,0.8723,-1,-1,-1
1156,65,518.06,221.11,76.05,138.09,0.8483,-1,-1,-1
1156,66,952.56,325.10,59.13,115.96,0.8456,-1,-1,-1
1156,77,383.25,306.60,90.24,140.59,0.8214,-1,-1,-1
1156,54,1132.92,312.69,53.62,149.31,0.8105,-1,-1,-1
1156,69,325.40,406.80,80.16,156.11,0.7913,-1,-1,-1
1156,67,378.30,379.98,81.99,142.49,0.7870,-1,-1,-1
1156,80,707.23,122.02,52.99,119.02,0.6832,-1,-1,-1
1156,60,334.48,325.13,49.56,127.02,0.6774,-1,-1,-1
1156,84,305.46,224.11,39.21,117.83,0.5827,-1,-1,-1
1156,81,327.64,220.60,46.68,110.69,0.5739,-1,-1,-1
1156,85,553.08,192.64,39.57,134.47,0.5049,-1,-1,-1
1157,62,1052.74,472.71,77.12,158.38,0.8750,-1,-1,-1
1157,66,953.36,324.52,58.85,116.64,0.8695,-1,-1,-1
1157,65,516.57,221.54,74.77,137.60,0.8581,-1,-1,-1
1157,69,338.36,406.57,68.45,153.14,0.8203,-1,-1,-1
1157,77,382.63,307.16,88.93,136.18,0.8065,-1,-1,-1
1157,54,1133.23,312.25,53.30,146.71,0.7957,-1,-1,-1
1157,67,385.30,378.41,69.71,143.87,0.7649,-1,-1,-1
1157,80,707.71,121.55,53.03,119.44,0.6740,-1,-1,-1
1157,85,555.62,193.98,37.46,130.78,0.6373,-1,-1,-1
1157,81,327.85,221.60,48.33,124.57,0.6228,-1,-1,-1
1157,84,305.47,226.83,38.68,115.93,0.5933,-1,-1,-1
1157,60,337.09,325.56,46.49,152.75,0.5680,-1,-1,-1
1158,65,511.67,220.88,70.31,138.56,0.8512,-1,-1,-1
1158,66,955.14,322.60,58.45,118.29,0.8446,-1,-1,-1
1158,62,1057.84,472.21,82.75,158.92,0.8341,-1,-1,-1
1158,54,1134.57,311.51,49.28,143.69,0.8164,-1,-1,-1
1158,77,380.80,308.11,86.43,134.30,0.8029,-1,-1,-1
1158,67,398.61,374.82,59.46,148.05,0.7457,-1,-1,-1
1158,60,335.07,322.75,49.81,157.03,0.7305,-1,-1,-1
1158,69,360.64,404.04,48.99,154.37,0.6809,-1,-1,-1
1158,85,554.56,193.03,37.71,131.42,0.6777,-1,-1,-1
1158,80,708.62,122.06,52.93,119.07,0.6610,-1,-1,-1
1158,84,306.20,219.96,41.05,125.37,0.6060,-1,-1,-1
1158,81,336.63,222.35,44.14,107.40,0.5760,-1,-1,-1
1159,65,509.64,219.89,66.32,139.33,0.8737,-1,-1,-1
1159,66,955.23,321.71,58.76,118.39,0.8515,-1,-1,-1
1159,54,1134.25,310.93,50.05,142.30,0.8316,-1,-1,-1
1159,62,1060.45,472.04,83.85,159.10,0.8124,-1,-1,-1
1159,60,333.93,330.15,51.12,151.11,0.7152,-1,-1,-1
1159,67,399.97,372.11,62.60,150.02,0.7117,-1,-1,-1
1159,77,378.83,308.84,87.41,116.52,0.6936,-1,-1,-1
1159,85,553.34,195.64,38.49,128.65,0.6887,-1,-1,-1
1159,80,708.88,121.18,52.63,120.15,0.6695,-1,-1,-1
1159,81,333.18,222.17,48.71,120.47,0.5950,-1,-1,-1
1159,84,306.94,219.75,42.30,125.44,0.5875,-1,-1,-1
1159,69,366.73,401.11,48.40,155.86,0.5795,-1,-1,-1
1160,54,1134.19,310.58,50.60,140.57,0.8437,-1,-1,-1
1160,66,955.67,320.62,58.04,117.69,0.8416,-1,-1,-1
1160,65,508.10,219.22,61.44,139.30,0.8312,-1,-1,-1
1160,62,1063.04,470.69,84.17,160.08,0.7853,-1,-1,-1
1160,85,552.13,195.67,39.55,128.68,0.6943,-1,-1,-1
1160,60,333.47,327.74,50.15,156.00,0.6932,-1,-1,-1
1160,67,405.57,370.78,56.52,149.55,0.6670,-1,-1,-1
1160,80,709.28,121.53,52.26,119.46,0.6558,-1,-1,-1
1160,69,370.46,397.03,51.84,157.42,0.6335,-1,-1,-1
1160,77,376.78,308.79,88.65,108.85,0.6212,-1,-1,-1
1160,81,332.17,222.38,50.27,123.19,0.5901,-1,-1,-1
1160,84,307.83,221.50,39.35,123.29,0.5352,-1,-1,-1
1161,54,1134.00,310.39,50.82,139.95,0.8577,-1,-1,-1
1161,66,955.64,319.73,58.58,116.92,0.8417,-1,-1,-1
1161,65,507.08,218.26,57.62,140.24,0.8407,-1,-1,-1
1161,62,1065.71,469.86,83.65,160.69,0.7673,-1,-1,-1
1161,69,370.20,393.42,62.29,159.37,0.6976,-1,-1,-1
1161,60,333.13,321.63,51.21,163.68,0.6858,-1,-1,-1
1161,85,550.13,195.20,41.40,128.81,0.6831,-1,-1,-1
1161,77,374.99,308.81,86.18,89.08,0.6695,-1,-1,-1
1161,81,338.13,223.08,44.78,126.46,0.6576,-1,-1,-1
1161,80,709.41,120.78,52.30,120.07,0.6498,-1,-1,-1
1161,67,412.88,370.51,72.50,144.12,0.6474,-1,-1,-1
1161,84,308.59,222.42,37.79,122.62,0.5911,-1,-1,-1
1162,65,506.34,218.05,57.05,140.71,0.8507,-1,-1,-1
1162,66,955.11,319.26,59.18,115.94,0.8445,-1,-1,-1
1162,54,1132.52,310.12,52.09,140.14,0.8431,-1,-1,-1
1162,62,1068.17,468.60,82.07,161.41,0.7756,-1,-1,-1
1162,67,417.26,371.09,69.86,141.07,0.7457,-1,-1,-1
1162,60,332.44,321.07,54.57,164.43,0.7313,-1,-1,-1
1162,77,372.77,308.88,85.74,88.17,0.7036,-1,-1,-1
1162,81,336.57,224.74,46.36,127.71,0.6993,-1,-1,-1
1162,69,379.15,390.73,63.50,160.29,0.6703,-1,-1,-1
1162,85,547.68,195.69,43.93,128.52,0.6505,-1,-1,-1
1162,80,709.71,120.57,52.03,120.34,0.6410,-1,-1,-1
1162,84,309.52,222.99,38.46,123.05,0.5967,-1,-1,-1